{"type":"FeatureCollection","origine":"https://github.com/guglielmo/geojson-italy","licenza":"CC-BY 4.0. Fonte dei dati: ISTAT","versione":"2026-05-14","features":[
{"type":"Feature","properties":{"comune":"ASIAGO","cantiere":"ASIAGO","nome_istat":"Asiago","codice_istat":"024009","codice_catastale":"A465","provincia":"VI"},"geometry":{"type":"Polygon","coordinates":[[[11.544522,46.011758],[11.552327,46.011669],[11.556868,46.010326],[11.560018,46.008704],[11.561393,46.00801],[11.566188,46.006058],[11.575576,46.006139],[11.57723,46.00652],[11.579827,46.000765],[11.581796,45.9933],[11.582351,45.991059],[11.583883,45.984658],[11.584398,45.982503],[11.585391,45.9783],[11.586182,45.974954],[11.586496,45.973626],[11.586857,45.972099],[11.587393,45.969836],[11.587592,45.968997],[11.591745,45.969479],[11.593226,45.97057],[11.59386,45.971038],[11.600318,45.971347],[11.605741,45.970024],[11.61099,45.967508],[11.614577,45.967392],[11.62104,45.971466],[11.630679,45.969379],[11.627608,45.960641],[11.62701,45.960761],[11.621455,45.961884],[11.615002,45.963247],[11.608589,45.964663],[11.604175,45.965171],[11.603711,45.965175],[11.602521,45.965161],[11.577026,45.964097],[11.576153,45.963788],[11.573619,45.961739],[11.57314,45.960877],[11.572963,45.959836],[11.565179,45.953936],[11.559164,45.952775],[11.555879,45.952542],[11.554257,45.952399],[11.553932,45.95237],[11.551167,45.952],[11.549625,45.951575],[11.545902,45.950299],[11.544721,45.949875],[11.534568,45.953035],[11.534418,45.953975],[11.534134,45.954548],[11.533377,45.954925],[11.532222,45.955068],[11.524828,45.955645],[11.524757,45.954927],[11.52573,45.947102],[11.528236,45.93864],[11.527924,45.937457],[11.527601,45.934892],[11.527497,45.93061],[11.527527,45.929871],[11.527637,45.928878],[11.527814,45.92738],[11.527957,45.92693],[11.528107,45.926456],[11.529291,45.922991],[11.528596,45.915577],[11.525999,45.902741],[11.528297,45.894868],[11.533365,45.881738],[11.537169,45.873436],[11.538444,45.872006],[11.542024,45.869433],[11.553668,45.865427],[11.558758,45.864865],[11.567071,45.86214],[11.573302,45.858716],[11.579282,45.863765],[11.585166,45.867261],[11.590485,45.86892],[11.598249,45.867151],[11.606775,45.869013],[11.616882,45.871225],[11.624002,45.873943],[11.634767,45.868348],[11.631616,45.865721],[11.627061,45.862576],[11.60816,45.860533],[11.600031,45.860912],[11.591425,45.861428],[11.591013,45.861457],[11.590664,45.861481],[11.590051,45.861523],[11.588697,45.861279],[11.588583,45.861259],[11.587288,45.860829],[11.586658,45.860591],[11.585958,45.86022],[11.586319,45.8569],[11.587244,45.854565],[11.592399,45.851073],[11.59757,45.847891],[11.599877,45.844328],[11.598629,45.844064],[11.596988,45.843669],[11.595735,45.843329],[11.594765,45.842964],[11.59258,45.841654],[11.59237,45.841261],[11.592241,45.841018],[11.59217,45.840883],[11.592128,45.840801],[11.592073,45.84065],[11.588853,45.837671],[11.58536,45.835365],[11.580702,45.834327],[11.576441,45.833658],[11.576323,45.833649],[11.575879,45.833617],[11.575703,45.833634],[11.575493,45.833657],[11.575136,45.833696],[11.573744,45.834097],[11.573423,45.834191],[11.573217,45.834253],[11.572713,45.834498],[11.572215,45.834851],[11.572138,45.834927],[11.571801,45.83527],[11.565282,45.835626],[11.553579,45.835054],[11.552442,45.83498],[11.544506,45.834109],[11.526809,45.829943],[11.526989,45.829285],[11.52703,45.829137],[11.52725,45.82861],[11.527941,45.828495],[11.52881,45.828447],[11.529007,45.828434],[11.529078,45.828372],[11.529361,45.828124],[11.529626,45.827891],[11.531216,45.826056],[11.531579,45.825533],[11.531615,45.82548],[11.531684,45.82474],[11.531521,45.82397],[11.528025,45.817279],[11.527744,45.816754],[11.526378,45.815654],[11.525839,45.815347],[11.510466,45.813247],[11.494393,45.812167],[11.489922,45.820684],[11.489809,45.823393],[11.489611,45.826179],[11.489319,45.830298],[11.48921,45.830967],[11.488804,45.833477],[11.485154,45.84866],[11.485423,45.853839],[11.487532,45.86407],[11.488435,45.866491],[11.489159,45.869698],[11.489312,45.871407],[11.489299,45.87199],[11.488951,45.873717],[11.487578,45.879615],[11.486366,45.883359],[11.484794,45.885119],[11.482063,45.886864],[11.480478,45.888608],[11.477476,45.892382],[11.474323,45.896572],[11.471955,45.899837],[11.471616,45.900338],[11.471265,45.901436],[11.471486,45.908452],[11.475233,45.912403],[11.478083,45.920505],[11.474409,45.922564],[11.46754,45.928496],[11.464859,45.930872],[11.464175,45.931741],[11.463939,45.932521],[11.462567,45.937356],[11.460556,45.942763],[11.458524,45.946291],[11.45356,45.953373],[11.452918,45.954035],[11.452017,45.954241],[11.451337,45.954168],[11.450226,45.953859],[11.449492,45.953579],[11.448953,45.953373],[11.446526,45.951886],[11.444986,45.950902],[11.443734,45.950002],[11.434238,45.947385],[11.431406,45.949748],[11.427409,45.950165],[11.42048,45.950551],[11.414373,45.950455],[11.413407,45.949612],[11.412313,45.948789],[11.409226,45.946631],[11.406289,45.945243],[11.404348,45.944519],[11.403523,45.94424],[11.402408,45.944101],[11.400926,45.94415],[11.399835,45.944578],[11.398393,45.94549],[11.398287,45.9456],[11.397687,45.946234],[11.395735,45.947941],[11.392898,45.950079],[11.390126,45.951316],[11.389038,45.951519],[11.387928,45.951666],[11.387054,45.951588],[11.383308,45.95103],[11.377914,45.95717],[11.376129,45.961121],[11.372415,45.973232],[11.372552,45.974845],[11.37325,45.982373],[11.37329,45.982743],[11.373376,45.983214],[11.37374,45.983503],[11.374013,45.983595],[11.374357,45.983668],[11.376763,45.984134],[11.378493,45.98405],[11.380975,45.983495],[11.395731,45.980478],[11.40015,45.980102],[11.400873,45.980114],[11.413276,45.980995],[11.428258,45.980646],[11.446664,45.980923],[11.448396,45.981738],[11.449147,45.982127],[11.452201,45.983834],[11.455946,45.986688],[11.46211,45.991955],[11.465333,45.99454],[11.472748,45.99779],[11.48398,46.001382],[11.485981,46.003826],[11.488479,46.006757],[11.489859,46.007749],[11.491201,46.00855],[11.491781,46.008858],[11.49348,46.009451],[11.494119,46.009635],[11.494186,46.009652],[11.501012,46.010894],[11.503598,46.010966],[11.510704,46.011999],[11.511456,46.011361],[11.51344,46.010255],[11.516889,46.009299],[11.519351,46.010697],[11.522046,46.011406],[11.525718,46.011718],[11.533723,46.012139],[11.539396,46.011873],[11.539611,46.011868],[11.544522,46.011758]]]}},
{"type":"Feature","properties":{"comune":"ENEGO","cantiere":"ASIAGO","nome_istat":"Enego","codice_istat":"024039","codice_catastale":"D407","provincia":"VI"},"geometry":{"type":"Polygon","coordinates":[[[11.714031,45.955842],[11.720338,45.953406],[11.72133,45.952833],[11.722594,45.952029],[11.723357,45.951543],[11.723764,45.950885],[11.725428,45.948139],[11.726059,45.946904],[11.726357,45.945891],[11.726628,45.944619],[11.726442,45.94387],[11.724369,45.937432],[11.720727,45.926547],[11.71934,45.91902],[11.712615,45.91161],[11.704048,45.908465],[11.69777,45.908488],[11.694994,45.908949],[11.691681,45.909187],[11.685613,45.909053],[11.685215,45.908828],[11.685055,45.908621],[11.684376,45.907741],[11.683853,45.906781],[11.680357,45.898718],[11.680269,45.898416],[11.680172,45.898083],[11.680244,45.897312],[11.680291,45.896863],[11.680328,45.896504],[11.680762,45.894271],[11.681305,45.893511],[11.682024,45.892918],[11.682586,45.892545],[11.68286,45.892061],[11.6827,45.891667],[11.682582,45.891375],[11.682147,45.890644],[11.681965,45.890336],[11.681545,45.889914],[11.681008,45.889477],[11.67894,45.889094],[11.677936,45.889378],[11.671573,45.892434],[11.671421,45.892514],[11.670655,45.892915],[11.669557,45.89366],[11.668981,45.894295],[11.668582,45.895114],[11.667225,45.897999],[11.66804,45.900743],[11.668338,45.901134],[11.668618,45.901504],[11.668491,45.902362],[11.668069,45.905108],[11.667648,45.906279],[11.66346,45.911984],[11.659048,45.915174],[11.657907,45.915327],[11.656828,45.915682],[11.65632,45.91585],[11.655422,45.916211],[11.654777,45.916471],[11.653677,45.916937],[11.651777,45.918728],[11.651597,45.91929],[11.650182,45.923967],[11.642155,45.931453],[11.633515,45.935054],[11.629191,45.939636],[11.62078,45.943289],[11.617125,45.942569],[11.603982,45.939603],[11.594588,45.935693],[11.590091,45.933311],[11.578388,45.939314],[11.57534,45.940674],[11.573985,45.941227],[11.570333,45.942893],[11.561425,45.946964],[11.560707,45.947619],[11.559498,45.949374],[11.559134,45.950165],[11.559062,45.950833],[11.559013,45.951734],[11.559164,45.952775],[11.565179,45.953936],[11.572963,45.959836],[11.57314,45.960877],[11.573619,45.961739],[11.576153,45.963788],[11.577026,45.964097],[11.602521,45.965161],[11.603711,45.965175],[11.604175,45.965171],[11.608589,45.964663],[11.615002,45.963247],[11.621455,45.961884],[11.62701,45.960761],[11.627608,45.960641],[11.632016,45.961015],[11.632143,45.961028],[11.635297,45.961354],[11.636686,45.961583],[11.637262,45.961677],[11.638829,45.962073],[11.639537,45.962341],[11.639957,45.962499],[11.640446,45.962684],[11.641928,45.963175],[11.642124,45.963239],[11.642578,45.963352],[11.644109,45.963733],[11.649964,45.964792],[11.654605,45.964876],[11.660729,45.96472],[11.666545,45.964103],[11.676236,45.965831],[11.677688,45.966685],[11.677719,45.966703],[11.679523,45.967705],[11.681242,45.968376],[11.681746,45.968571],[11.682666,45.968918],[11.683305,45.969049],[11.68353,45.969077],[11.683844,45.969115],[11.684525,45.969199],[11.685804,45.969286],[11.685334,45.968437],[11.685154,45.968057],[11.685047,45.967832],[11.684887,45.967206],[11.685128,45.966048],[11.686064,45.965417],[11.686278,45.965274],[11.690042,45.962782],[11.69149,45.962028],[11.693101,45.961441],[11.693956,45.961458],[11.694522,45.96147],[11.698285,45.961624],[11.70951,45.957587],[11.714031,45.955842]]]}},
{"type":"Feature","properties":{"comune":"FOZA","cantiere":"ASIAGO","nome_istat":"Foza","codice_istat":"024041","codice_catastale":"D750","provincia":"VI"},"geometry":{"type":"Polygon","coordinates":[[[11.67894,45.889094],[11.67867,45.888046],[11.678069,45.887602],[11.676968,45.887204],[11.674137,45.886245],[11.673092,45.886205],[11.664415,45.884248],[11.654748,45.88018],[11.654013,45.879369],[11.653516,45.8784],[11.653393,45.874469],[11.654591,45.86905],[11.654605,45.868258],[11.654378,45.868083],[11.654352,45.868063],[11.65399,45.867786],[11.649066,45.866388],[11.648757,45.866369],[11.648407,45.866349],[11.638432,45.86774],[11.634767,45.868348],[11.624002,45.873943],[11.622827,45.875545],[11.622476,45.876012],[11.620629,45.878115],[11.620003,45.878787],[11.618257,45.880285],[11.615206,45.88283],[11.613848,45.883664],[11.61253,45.884313],[11.604628,45.891703],[11.599618,45.896759],[11.595638,45.902646],[11.591087,45.910121],[11.589346,45.913716],[11.585945,45.922064],[11.587531,45.927366],[11.589011,45.927854],[11.589694,45.928388],[11.590039,45.929424],[11.590052,45.929677],[11.590096,45.930656],[11.590127,45.932437],[11.590091,45.933311],[11.594588,45.935693],[11.603982,45.939603],[11.617125,45.942569],[11.62078,45.943289],[11.629191,45.939636],[11.633515,45.935054],[11.642155,45.931453],[11.650182,45.923967],[11.651597,45.91929],[11.651777,45.918728],[11.653677,45.916937],[11.654777,45.916471],[11.655422,45.916211],[11.65632,45.91585],[11.656828,45.915682],[11.657907,45.915327],[11.659048,45.915174],[11.66346,45.911984],[11.667648,45.906279],[11.668069,45.905108],[11.668491,45.902362],[11.668618,45.901504],[11.668338,45.901134],[11.66804,45.900743],[11.667225,45.897999],[11.668582,45.895114],[11.668981,45.894295],[11.669557,45.89366],[11.670655,45.892915],[11.671421,45.892514],[11.671573,45.892434],[11.677936,45.889378],[11.67894,45.889094]]]}},
{"type":"Feature","properties":{"comune":"GALLIO","cantiere":"ASIAGO","nome_istat":"Gallio","codice_istat":"024042","codice_catastale":"D882","provincia":"VI"},"geometry":{"type":"Polygon","coordinates":[[[11.559164,45.952775],[11.559013,45.951734],[11.559062,45.950833],[11.559134,45.950165],[11.559498,45.949374],[11.560707,45.947619],[11.561425,45.946964],[11.570333,45.942893],[11.573985,45.941227],[11.57534,45.940674],[11.578388,45.939314],[11.590091,45.933311],[11.590127,45.932437],[11.590096,45.930656],[11.590052,45.929677],[11.590039,45.929424],[11.589694,45.928388],[11.589011,45.927854],[11.587531,45.927366],[11.585945,45.922064],[11.589346,45.913716],[11.591087,45.910121],[11.595638,45.902646],[11.599618,45.896759],[11.604628,45.891703],[11.61253,45.884313],[11.613848,45.883664],[11.615206,45.88283],[11.618257,45.880285],[11.620003,45.878787],[11.620629,45.878115],[11.622476,45.876012],[11.622827,45.875545],[11.624002,45.873943],[11.616882,45.871225],[11.606775,45.869013],[11.598249,45.867151],[11.590485,45.86892],[11.585166,45.867261],[11.579282,45.863765],[11.573302,45.858716],[11.567071,45.86214],[11.558758,45.864865],[11.553668,45.865427],[11.542024,45.869433],[11.538444,45.872006],[11.537169,45.873436],[11.533365,45.881738],[11.528297,45.894868],[11.525999,45.902741],[11.528596,45.915577],[11.529291,45.922991],[11.528107,45.926456],[11.527957,45.92693],[11.527814,45.92738],[11.527637,45.928878],[11.527527,45.929871],[11.527497,45.93061],[11.527601,45.934892],[11.527924,45.937457],[11.528236,45.93864],[11.52573,45.947102],[11.524757,45.954927],[11.524828,45.955645],[11.532222,45.955068],[11.533377,45.954925],[11.534134,45.954548],[11.534418,45.953975],[11.534568,45.953035],[11.544721,45.949875],[11.545902,45.950299],[11.549625,45.951575],[11.551167,45.952],[11.553932,45.95237],[11.554257,45.952399],[11.555879,45.952542],[11.559164,45.952775]]]}},
{"type":"Feature","properties":{"comune":"LUSIANA CONCO","cantiere":"ASIAGO","nome_istat":"Lusiana Conco","codice_istat":"024127","codice_catastale":"M427","provincia":"VI"},"geometry":{"type":"Polygon","coordinates":[[[11.64506,45.821882],[11.654801,45.814752],[11.655837,45.813792],[11.657017,45.809642],[11.657779,45.805569],[11.658834,45.803477],[11.662809,45.795598],[11.665127,45.791065],[11.664328,45.790768],[11.663616,45.790677],[11.662957,45.790611],[11.659948,45.791203],[11.659869,45.791225],[11.659085,45.79144],[11.658885,45.7919],[11.658853,45.791976],[11.65869,45.79396],[11.658977,45.794862],[11.650985,45.792663],[11.642094,45.787757],[11.63381,45.7837],[11.62736,45.781409],[11.619677,45.779974],[11.611872,45.779757],[11.600576,45.778629],[11.598576,45.770172],[11.593506,45.765414],[11.589077,45.767252],[11.588354,45.767484],[11.587083,45.767797],[11.58418,45.768453],[11.583492,45.768601],[11.5832,45.768663],[11.582828,45.768741],[11.582151,45.768883],[11.582092,45.768895],[11.581935,45.768899],[11.58154,45.768908],[11.581377,45.768912],[11.58128,45.768913],[11.571371,45.768462],[11.553756,45.767435],[11.549336,45.766121],[11.539875,45.767628],[11.53732,45.768567],[11.536817,45.768821],[11.536897,45.768935],[11.537133,45.769264],[11.542329,45.772505],[11.546505,45.782041],[11.549525,45.78725],[11.544715,45.796818],[11.545479,45.797773],[11.545667,45.798516],[11.545691,45.800172],[11.54509,45.800545],[11.539464,45.803701],[11.532119,45.806475],[11.527757,45.808248],[11.527726,45.808303],[11.527263,45.809125],[11.527162,45.809305],[11.526882,45.809873],[11.526596,45.81046],[11.525997,45.812013],[11.525844,45.815239],[11.525839,45.815347],[11.526378,45.815654],[11.527744,45.816754],[11.528025,45.817279],[11.531521,45.82397],[11.531684,45.82474],[11.531615,45.82548],[11.531579,45.825533],[11.531216,45.826056],[11.529626,45.827891],[11.529361,45.828124],[11.529078,45.828372],[11.529007,45.828434],[11.52881,45.828447],[11.527941,45.828495],[11.52725,45.82861],[11.52703,45.829137],[11.526989,45.829285],[11.526809,45.829943],[11.544506,45.834109],[11.552442,45.83498],[11.553579,45.835054],[11.565282,45.835626],[11.571801,45.83527],[11.572138,45.834927],[11.572215,45.834851],[11.572713,45.834498],[11.573217,45.834253],[11.573423,45.834191],[11.573744,45.834097],[11.575136,45.833696],[11.575493,45.833657],[11.575703,45.833634],[11.575879,45.833617],[11.576323,45.833649],[11.576441,45.833658],[11.580702,45.834327],[11.58536,45.835365],[11.588853,45.837671],[11.592073,45.84065],[11.592128,45.840801],[11.59217,45.840883],[11.592241,45.841018],[11.59237,45.841261],[11.59258,45.841654],[11.594765,45.842964],[11.595735,45.843329],[11.596988,45.843669],[11.598629,45.844064],[11.599877,45.844328],[11.602058,45.844148],[11.603508,45.844025],[11.605213,45.84386],[11.611468,45.843231],[11.61281,45.843002],[11.613352,45.842814],[11.614026,45.842579],[11.61688,45.840812],[11.617929,45.840131],[11.62584,45.834189],[11.634829,45.831768],[11.639165,45.831424],[11.640007,45.831252],[11.640861,45.8308],[11.641755,45.830104],[11.645057,45.827238],[11.645529,45.826606],[11.645728,45.825917],[11.64506,45.821882]]]}},
{"type":"Feature","properties":{"comune":"ROANA","cantiere":"ASIAGO","nome_istat":"Roana","codice_istat":"024085","codice_catastale":"H361","provincia":"VI"},"geometry":{"type":"Polygon","coordinates":[[[11.489922,45.820684],[11.488582,45.820513],[11.485577,45.820698],[11.483244,45.82109],[11.479503,45.82172],[11.474835,45.821965],[11.470156,45.821787],[11.46716,45.820326],[11.467638,45.817662],[11.467843,45.813394],[11.46785,45.813139],[11.467848,45.812652],[11.467832,45.812624],[11.467793,45.812559],[11.467753,45.812516],[11.467653,45.812407],[11.467397,45.812152],[11.467349,45.812105],[11.467295,45.812058],[11.466563,45.811901],[11.46241,45.811109],[11.462233,45.811105],[11.461991,45.811099],[11.461903,45.811096],[11.461801,45.811135],[11.461621,45.811203],[11.460664,45.811579],[11.459692,45.812148],[11.459515,45.812257],[11.457847,45.815588],[11.452017,45.818769],[11.450688,45.827331],[11.450737,45.827496],[11.450474,45.828564],[11.448708,45.833192],[11.448171,45.833916],[11.448039,45.834093],[11.447718,45.834404],[11.447557,45.834558],[11.446327,45.834098],[11.439301,45.829784],[11.43819,45.828818],[11.435983,45.826624],[11.435784,45.825917],[11.435985,45.825524],[11.436259,45.824989],[11.436404,45.824854],[11.435417,45.81957],[11.428022,45.823571],[11.423347,45.828596],[11.423911,45.829113],[11.424274,45.829753],[11.423846,45.830284],[11.423301,45.830774],[11.422657,45.831354],[11.42248,45.831476],[11.422107,45.831734],[11.421569,45.832106],[11.41541,45.835261],[11.414496,45.835586],[11.411727,45.836166],[11.410867,45.836285],[11.410814,45.836293],[11.410559,45.836328],[11.410427,45.836346],[11.410345,45.836357],[11.40716,45.836551],[11.406894,45.836358],[11.40641,45.835892],[11.405837,45.835148],[11.39948,45.832842],[11.38785,45.830071],[11.385916,45.833307],[11.383091,45.840467],[11.396384,45.844392],[11.397946,45.844179],[11.399634,45.845098],[11.403491,45.848005],[11.404739,45.849707],[11.404952,45.850764],[11.404927,45.851368],[11.404686,45.851789],[11.404604,45.851933],[11.40426,45.852327],[11.404212,45.852373],[11.403956,45.852617],[11.403641,45.852916],[11.402751,45.853741],[11.407585,45.854165],[11.411839,45.854595],[11.418459,45.857482],[11.426131,45.861199],[11.42664,45.861647],[11.426785,45.862031],[11.426954,45.862648],[11.426859,45.863621],[11.426847,45.863748],[11.42668,45.864346],[11.426286,45.865065],[11.421189,45.871285],[11.413359,45.880713],[11.412106,45.881846],[11.41098,45.88322],[11.408997,45.885647],[11.40808,45.8868],[11.40791,45.887038],[11.407193,45.888034],[11.406703,45.889233],[11.406518,45.890151],[11.406449,45.890498],[11.40624,45.891772],[11.406154,45.892322],[11.406021,45.893423],[11.405851,45.894858],[11.405928,45.896648],[11.405741,45.900063],[11.404846,45.903951],[11.403308,45.9106],[11.398661,45.917448],[11.405556,45.929202],[11.405981,45.929778],[11.406345,45.930445],[11.406576,45.931016],[11.406816,45.936844],[11.406835,45.938788],[11.406742,45.939618],[11.406469,45.940451],[11.406034,45.941442],[11.40552,45.942388],[11.404348,45.944519],[11.406289,45.945243],[11.409226,45.946631],[11.412313,45.948789],[11.413407,45.949612],[11.414373,45.950455],[11.42048,45.950551],[11.427409,45.950165],[11.431406,45.949748],[11.434238,45.947385],[11.443734,45.950002],[11.444986,45.950902],[11.446526,45.951886],[11.448953,45.953373],[11.449492,45.953579],[11.450226,45.953859],[11.451337,45.954168],[11.452017,45.954241],[11.452918,45.954035],[11.45356,45.953373],[11.458524,45.946291],[11.460556,45.942763],[11.462567,45.937356],[11.463939,45.932521],[11.464175,45.931741],[11.464859,45.930872],[11.46754,45.928496],[11.474409,45.922564],[11.478083,45.920505],[11.475233,45.912403],[11.471486,45.908452],[11.471265,45.901436],[11.471616,45.900338],[11.471955,45.899837],[11.474323,45.896572],[11.477476,45.892382],[11.480478,45.888608],[11.482063,45.886864],[11.484794,45.885119],[11.486366,45.883359],[11.487578,45.879615],[11.488951,45.873717],[11.489299,45.87199],[11.489312,45.871407],[11.489159,45.869698],[11.488435,45.866491],[11.487532,45.86407],[11.485423,45.853839],[11.485154,45.84866],[11.488804,45.833477],[11.48921,45.830967],[11.489319,45.830298],[11.489611,45.826179],[11.489809,45.823393],[11.489922,45.820684]]]}},
{"type":"Feature","properties":{"comune":"ROTZO","cantiere":"ASIAGO","nome_istat":"Rotzo","codice_istat":"024089","codice_catastale":"H594","provincia":"VI"},"geometry":{"type":"Polygon","coordinates":[[[11.404348,45.944519],[11.40552,45.942388],[11.406034,45.941442],[11.406469,45.940451],[11.406742,45.939618],[11.406835,45.938788],[11.406816,45.936844],[11.406576,45.931016],[11.406345,45.930445],[11.405981,45.929778],[11.405556,45.929202],[11.398661,45.917448],[11.403308,45.9106],[11.404846,45.903951],[11.405741,45.900063],[11.405928,45.896648],[11.405851,45.894858],[11.406021,45.893423],[11.406154,45.892322],[11.40624,45.891772],[11.406449,45.890498],[11.406518,45.890151],[11.406703,45.889233],[11.407193,45.888034],[11.40791,45.887038],[11.40808,45.8868],[11.408997,45.885647],[11.41098,45.88322],[11.412106,45.881846],[11.413359,45.880713],[11.421189,45.871285],[11.426286,45.865065],[11.42668,45.864346],[11.426847,45.863748],[11.426859,45.863621],[11.426954,45.862648],[11.426785,45.862031],[11.42664,45.861647],[11.426131,45.861199],[11.418459,45.857482],[11.411839,45.854595],[11.407585,45.854165],[11.407662,45.855946],[11.407386,45.856105],[11.404759,45.856439],[11.402262,45.85588],[11.401033,45.855455],[11.397185,45.854033],[11.391811,45.852778],[11.38213,45.851999],[11.380344,45.85209],[11.376773,45.852642],[11.374649,45.853379],[11.371519,45.855379],[11.371216,45.855835],[11.371024,45.862221],[11.371531,45.865055],[11.372054,45.866439],[11.374438,45.872213],[11.374768,45.872998],[11.378874,45.874704],[11.379582,45.874977],[11.380385,45.87478],[11.380905,45.874292],[11.381191,45.874052],[11.381686,45.874159],[11.384347,45.875517],[11.385047,45.875916],[11.385496,45.876177],[11.389074,45.878487],[11.389617,45.879124],[11.391352,45.881419],[11.391546,45.881738],[11.392365,45.883701],[11.392657,45.884487],[11.393,45.886775],[11.39186,45.887249],[11.383442,45.894428],[11.377297,45.900865],[11.376441,45.901945],[11.375572,45.903638],[11.375268,45.904373],[11.375198,45.904842],[11.374569,45.910979],[11.374575,45.915323],[11.372682,45.919314],[11.369029,45.91984],[11.3611,45.92445],[11.36002,45.92512],[11.359258,45.926027],[11.358453,45.927403],[11.357835,45.929077],[11.358597,45.930722],[11.360565,45.935226],[11.360228,45.937623],[11.359574,45.939774],[11.358296,45.943662],[11.361568,45.942977],[11.363442,45.942594],[11.363507,45.942581],[11.36357,45.942568],[11.364037,45.942477],[11.364268,45.942433],[11.364339,45.942421],[11.365213,45.9423],[11.3662,45.942216],[11.366929,45.94217],[11.367177,45.942154],[11.367222,45.942154],[11.367854,45.942149],[11.369753,45.942146],[11.369826,45.942148],[11.369865,45.942148],[11.369972,45.94215],[11.37045,45.942159],[11.371457,45.942216],[11.380062,45.942845],[11.382359,45.947861],[11.383308,45.95103],[11.387054,45.951588],[11.387928,45.951666],[11.389038,45.951519],[11.390126,45.951316],[11.392898,45.950079],[11.395735,45.947941],[11.397687,45.946234],[11.398287,45.9456],[11.398393,45.94549],[11.399835,45.944578],[11.400926,45.94415],[11.402408,45.944101],[11.403523,45.94424],[11.404348,45.944519]]]}},
{"type":"Feature","properties":{"comune":"BASSANO DEL GRAPPA","cantiere":"BASSANO","nome_istat":"Bassano del Grappa","codice_istat":"024012","codice_catastale":"A703","provincia":"VI"},"geometry":{"type":"Polygon","coordinates":[[[11.712711,45.819224],[11.717313,45.815793],[11.71799,45.814769],[11.718699,45.813204],[11.718912,45.812542],[11.719011,45.811614],[11.719018,45.811549],[11.718942,45.810777],[11.718514,45.809923],[11.714351,45.805305],[11.714214,45.797209],[11.71438,45.795899],[11.714647,45.794713],[11.71565,45.792313],[11.716115,45.791555],[11.716793,45.790693],[11.717027,45.790462],[11.717126,45.790397],[11.717538,45.790135],[11.717578,45.790111],[11.717872,45.789935],[11.718101,45.789798],[11.725729,45.786088],[11.728954,45.787496],[11.732637,45.789613],[11.733369,45.790555],[11.734323,45.789696],[11.734545,45.7895],[11.734945,45.7892],[11.741285,45.785694],[11.745155,45.783705],[11.761046,45.773101],[11.763112,45.77156],[11.762831,45.771599],[11.761197,45.771586],[11.760152,45.771576],[11.758562,45.771549],[11.758397,45.771541],[11.756231,45.771393],[11.756177,45.771387],[11.755513,45.771308],[11.754806,45.771222],[11.749442,45.770333],[11.749735,45.769547],[11.750112,45.768568],[11.750184,45.768386],[11.750247,45.768227],[11.75148,45.765319],[11.753115,45.760723],[11.754862,45.754342],[11.754922,45.754105],[11.755023,45.753701],[11.755021,45.753653],[11.754069,45.753465],[11.75255,45.753175],[11.752163,45.753102],[11.751753,45.753026],[11.751003,45.752887],[11.75046,45.752787],[11.750384,45.752773],[11.74827,45.750714],[11.755363,45.742587],[11.759076,45.738104],[11.759019,45.737879],[11.758184,45.737715],[11.755192,45.737354],[11.755022,45.737346],[11.754873,45.737341],[11.749243,45.737283],[11.74897,45.737285],[11.748864,45.73729],[11.747939,45.737345],[11.747626,45.737364],[11.735638,45.736967],[11.722403,45.736526],[11.718006,45.734926],[11.714307,45.73167],[11.709017,45.727257],[11.706748,45.725898],[11.693916,45.725393],[11.695028,45.727869],[11.694268,45.730893],[11.687758,45.736459],[11.685635,45.736975],[11.685572,45.737498],[11.685649,45.739117],[11.686896,45.746072],[11.690473,45.756033],[11.692539,45.759143],[11.694249,45.760944],[11.687533,45.768703],[11.681944,45.770081],[11.670783,45.777764],[11.670007,45.778484],[11.668581,45.780687],[11.668117,45.781742],[11.665746,45.787567],[11.665332,45.788621],[11.6651,45.789427],[11.665127,45.791065],[11.662809,45.795598],[11.658834,45.803477],[11.657779,45.805569],[11.657017,45.809642],[11.655837,45.813792],[11.654801,45.814752],[11.64506,45.821882],[11.64936,45.821062],[11.655021,45.820454],[11.670183,45.819317],[11.677205,45.817578],[11.680911,45.814322],[11.688853,45.812461],[11.707965,45.816132],[11.712711,45.819224]]]}},
{"type":"Feature","properties":{"comune":"CARTIGLIANO","cantiere":"BASSANO","nome_istat":"Cartigliano","codice_istat":"024025","codice_catastale":"B844","provincia":"VI"},"geometry":{"type":"Polygon","coordinates":[[[11.730171,45.699057],[11.72623,45.698704],[11.723994,45.702393],[11.723936,45.703304],[11.723547,45.703493],[11.723177,45.703612],[11.723136,45.703625],[11.722995,45.70367],[11.721662,45.704096],[11.720612,45.704427],[11.714334,45.706107],[11.712718,45.706449],[11.711842,45.706634],[11.710798,45.706839],[11.709702,45.707027],[11.709484,45.707028],[11.708778,45.707031],[11.707922,45.70688],[11.70702,45.706541],[11.706159,45.706204],[11.705508,45.705856],[11.705209,45.705619],[11.704929,45.705016],[11.70473,45.703859],[11.704725,45.70331],[11.704723,45.70307],[11.70472,45.702546],[11.704783,45.700654],[11.704777,45.697803],[11.704537,45.696168],[11.704163,45.695205],[11.703724,45.694142],[11.70347,45.693682],[11.702939,45.692795],[11.702036,45.69165],[11.696764,45.688584],[11.696046,45.688331],[11.694799,45.688037],[11.694274,45.687944],[11.693452,45.687798],[11.691588,45.687586],[11.691295,45.687552],[11.686331,45.687311],[11.685383,45.700869],[11.68578,45.707538],[11.689177,45.716482],[11.693708,45.723859],[11.693916,45.725393],[11.706748,45.725898],[11.710157,45.724928],[11.712623,45.723976],[11.714624,45.714256],[11.720912,45.707469],[11.723124,45.705357],[11.726316,45.704444],[11.730065,45.701599],[11.730171,45.699057]]]}},
{"type":"Feature","properties":{"comune":"CASSOLA","cantiere":"BASSANO","nome_istat":"Cassola","codice_istat":"024026","codice_catastale":"C037","provincia":"VI"},"geometry":{"type":"Polygon","coordinates":[[[11.763112,45.77156],[11.766941,45.769602],[11.769818,45.767319],[11.772773,45.762663],[11.778069,45.75013],[11.785772,45.746135],[11.797595,45.742674],[11.798685,45.742719],[11.801022,45.742852],[11.802989,45.743067],[11.806599,45.743584],[11.808124,45.743802],[11.808308,45.743832],[11.808723,45.743905],[11.806395,45.746626],[11.814066,45.74335],[11.814069,45.743324],[11.814125,45.742834],[11.814136,45.742745],[11.814689,45.740064],[11.815725,45.736801],[11.81677,45.733961],[11.818775,45.727596],[11.819697,45.724055],[11.81513,45.723533],[11.804555,45.72479],[11.794193,45.72371],[11.78833,45.723221],[11.785305,45.7257],[11.782302,45.725468],[11.77968,45.732027],[11.778565,45.735541],[11.778505,45.735904],[11.778284,45.736895],[11.777904,45.738556],[11.777222,45.740616],[11.775483,45.740501],[11.775329,45.740489],[11.764207,45.739197],[11.763747,45.739131],[11.762158,45.738902],[11.761311,45.738758],[11.760335,45.738557],[11.759076,45.738104],[11.755363,45.742587],[11.74827,45.750714],[11.750384,45.752773],[11.75046,45.752787],[11.751003,45.752887],[11.751753,45.753026],[11.752163,45.753102],[11.75255,45.753175],[11.754069,45.753465],[11.755021,45.753653],[11.755023,45.753701],[11.754922,45.754105],[11.754862,45.754342],[11.753115,45.760723],[11.75148,45.765319],[11.750247,45.768227],[11.750184,45.768386],[11.750112,45.768568],[11.749735,45.769547],[11.749442,45.770333],[11.754806,45.771222],[11.755513,45.771308],[11.756177,45.771387],[11.756231,45.771393],[11.758397,45.771541],[11.758562,45.771549],[11.760152,45.771576],[11.761197,45.771586],[11.762831,45.771599],[11.763112,45.77156]]]}},
{"type":"Feature","properties":{"comune":"COLCERESA","cantiere":"BASSANO","nome_istat":"Colceresa","codice_istat":"024126","codice_catastale":"M426","provincia":"VI"},"geometry":{"type":"Polygon","coordinates":[[[11.621641,45.751063],[11.620927,45.74846],[11.620128,45.743603],[11.62204,45.741207],[11.628585,45.732224],[11.632554,45.72536],[11.632713,45.724319],[11.632805,45.720815],[11.635772,45.720792],[11.636371,45.720778],[11.637634,45.720749],[11.638961,45.720556],[11.639875,45.720319],[11.64252,45.719466],[11.644466,45.717117],[11.648078,45.715346],[11.649969,45.715036],[11.646287,45.704133],[11.641196,45.701729],[11.63394,45.698286],[11.630319,45.694976],[11.623039,45.690635],[11.620644,45.689673],[11.613411,45.699533],[11.607921,45.703583],[11.604099,45.705911],[11.59789,45.709167],[11.595716,45.709936],[11.593979,45.709945],[11.592494,45.71068],[11.590842,45.712261],[11.589847,45.713598],[11.588325,45.717089],[11.587947,45.719071],[11.587434,45.721937],[11.588087,45.725276],[11.589603,45.726952],[11.590062,45.727698],[11.594356,45.732739],[11.594322,45.7331],[11.593723,45.736813],[11.59321,45.737392],[11.59225,45.737756],[11.591216,45.737924],[11.590348,45.738339],[11.589863,45.739241],[11.588217,45.742781],[11.587674,45.745268],[11.58741,45.747353],[11.588118,45.750154],[11.591223,45.749733],[11.599906,45.750527],[11.612946,45.751316],[11.621641,45.751063]]]}},
{"type":"Feature","properties":{"comune":"MAROSTICA","cantiere":"BASSANO","nome_istat":"Marostica","codice_istat":"024057","codice_catastale":"E970","provincia":"VI"},"geometry":{"type":"Polygon","coordinates":[[[11.665127,45.791065],[11.6651,45.789427],[11.665332,45.788621],[11.665746,45.787567],[11.668117,45.781742],[11.668581,45.780687],[11.670007,45.778484],[11.670783,45.777764],[11.681944,45.770081],[11.687533,45.768703],[11.694249,45.760944],[11.692539,45.759143],[11.690473,45.756033],[11.686896,45.746072],[11.685649,45.739117],[11.685572,45.737498],[11.685635,45.736975],[11.677978,45.733527],[11.668251,45.727391],[11.659991,45.719109],[11.658873,45.717927],[11.659757,45.714417],[11.659359,45.709122],[11.657762,45.703522],[11.65845,45.701742],[11.646287,45.704133],[11.649969,45.715036],[11.652676,45.731508],[11.647156,45.733532],[11.644316,45.734645],[11.640954,45.737756],[11.639247,45.739992],[11.637884,45.744513],[11.634487,45.749193],[11.633974,45.749492],[11.631035,45.750415],[11.630023,45.750645],[11.629622,45.750736],[11.628654,45.75092],[11.628517,45.750931],[11.628188,45.750955],[11.625848,45.751129],[11.62566,45.751142],[11.624874,45.751196],[11.623797,45.751266],[11.623461,45.751276],[11.622757,45.751299],[11.621641,45.751063],[11.612946,45.751316],[11.599906,45.750527],[11.591223,45.749733],[11.588118,45.750154],[11.587543,45.751896],[11.58903,45.753743],[11.592417,45.756703],[11.593397,45.758918],[11.593861,45.760591],[11.593506,45.765414],[11.598576,45.770172],[11.600576,45.778629],[11.611872,45.779757],[11.619677,45.779974],[11.62736,45.781409],[11.63381,45.7837],[11.642094,45.787757],[11.650985,45.792663],[11.658977,45.794862],[11.65869,45.79396],[11.658853,45.791976],[11.658885,45.7919],[11.659085,45.79144],[11.659869,45.791225],[11.659948,45.791203],[11.662957,45.790611],[11.663616,45.790677],[11.664328,45.790768],[11.665127,45.791065]]]}},
{"type":"Feature","properties":{"comune":"MUSSOLENTE","cantiere":"BASSANO","nome_istat":"Mussolente","codice_istat":"024070","codice_catastale":"F829","provincia":"VI"},"geometry":{"type":"Polygon","coordinates":[[[11.803241,45.799937],[11.804486,45.797839],[11.815497,45.789111],[11.817048,45.788529],[11.818423,45.787215],[11.818798,45.786533],[11.819218,45.785766],[11.820976,45.781335],[11.823667,45.772717],[11.83025,45.761463],[11.835001,45.747657],[11.833011,45.745316],[11.831191,45.742225],[11.830991,45.741573],[11.831066,45.740972],[11.831168,45.740506],[11.814066,45.74335],[11.806395,45.746626],[11.804901,45.747654],[11.801442,45.752968],[11.801277,45.753282],[11.800318,45.755148],[11.797783,45.761624],[11.796105,45.765317],[11.789024,45.77392],[11.780915,45.790126],[11.779204,45.791883],[11.782787,45.793602],[11.791197,45.799654],[11.793893,45.800181],[11.795511,45.79945],[11.800869,45.799561],[11.801595,45.799652],[11.803241,45.799937]]]}},
{"type":"Feature","properties":{"comune":"NOVE","cantiere":"BASSANO","nome_istat":"Nove","codice_istat":"024073","codice_catastale":"F957","provincia":"VI"},"geometry":{"type":"Polygon","coordinates":[[[11.693916,45.725393],[11.693708,45.723859],[11.689177,45.716482],[11.68578,45.707538],[11.685383,45.700869],[11.680092,45.700633],[11.675743,45.69677],[11.672272,45.695038],[11.671336,45.6956],[11.664527,45.700003],[11.65845,45.701742],[11.657762,45.703522],[11.659359,45.709122],[11.659757,45.714417],[11.658873,45.717927],[11.659991,45.719109],[11.668251,45.727391],[11.677978,45.733527],[11.685635,45.736975],[11.687758,45.736459],[11.694268,45.730893],[11.695028,45.727869],[11.693916,45.725393]]]}},
{"type":"Feature","properties":{"comune":"PIANEZZE","cantiere":"BASSANO","nome_istat":"Pianezze","codice_istat":"024077","codice_catastale":"G560","provincia":"VI"},"geometry":{"type":"Polygon","coordinates":[[[11.649969,45.715036],[11.648078,45.715346],[11.644466,45.717117],[11.64252,45.719466],[11.639875,45.720319],[11.638961,45.720556],[11.637634,45.720749],[11.636371,45.720778],[11.635772,45.720792],[11.632805,45.720815],[11.632713,45.724319],[11.632554,45.72536],[11.628585,45.732224],[11.62204,45.741207],[11.620128,45.743603],[11.620927,45.74846],[11.621641,45.751063],[11.622757,45.751299],[11.623461,45.751276],[11.623797,45.751266],[11.624874,45.751196],[11.62566,45.751142],[11.625848,45.751129],[11.628188,45.750955],[11.628517,45.750931],[11.628654,45.75092],[11.629622,45.750736],[11.630023,45.750645],[11.631035,45.750415],[11.633974,45.749492],[11.634487,45.749193],[11.637884,45.744513],[11.639247,45.739992],[11.640954,45.737756],[11.644316,45.734645],[11.647156,45.733532],[11.652676,45.731508],[11.649969,45.715036]]]}},
{"type":"Feature","properties":{"comune":"POVE DEL GRAPPA","cantiere":"BASSANO","nome_istat":"Pove del Grappa","codice_istat":"024081","codice_catastale":"G943","provincia":"VI"},"geometry":{"type":"Polygon","coordinates":[[[11.766621,45.869307],[11.765925,45.867218],[11.765333,45.865675],[11.76201,45.858745],[11.760147,45.857727],[11.754347,45.856895],[11.751004,45.856489],[11.750476,45.856484],[11.749784,45.856572],[11.748834,45.856631],[11.747584,45.856625],[11.746214,45.856532],[11.74491,45.856204],[11.743671,45.855658],[11.742971,45.855278],[11.742669,45.854898],[11.742745,45.854609],[11.743967,45.850133],[11.744036,45.850024],[11.744266,45.849667],[11.745764,45.847911],[11.74648,45.847552],[11.749498,45.846327],[11.742913,45.841805],[11.741465,45.841156],[11.738454,45.839644],[11.737467,45.838716],[11.737307,45.838565],[11.735139,45.835661],[11.735425,45.833862],[11.73737,45.823316],[11.740675,45.817746],[11.740669,45.807852],[11.7419,45.802503],[11.742082,45.800259],[11.741926,45.798468],[11.735179,45.792154],[11.733369,45.790555],[11.732637,45.789613],[11.728954,45.787496],[11.725729,45.786088],[11.718101,45.789798],[11.717872,45.789935],[11.717578,45.790111],[11.717538,45.790135],[11.717126,45.790397],[11.717027,45.790462],[11.716793,45.790693],[11.716115,45.791555],[11.71565,45.792313],[11.714647,45.794713],[11.71438,45.795899],[11.714214,45.797209],[11.714351,45.805305],[11.714752,45.80508],[11.7149,45.805049],[11.715255,45.804976],[11.715542,45.804917],[11.716272,45.804846],[11.716336,45.804846],[11.71707,45.804854],[11.71747,45.80488],[11.719464,45.805121],[11.732786,45.811435],[11.735923,45.81507],[11.736741,45.816274],[11.738228,45.819281],[11.737957,45.8198],[11.73747,45.820109],[11.733509,45.826225],[11.732592,45.835635],[11.734733,45.851061],[11.738255,45.856832],[11.738722,45.862662],[11.740623,45.868876],[11.743633,45.873444],[11.745639,45.874152],[11.746793,45.874025],[11.748791,45.873788],[11.754053,45.873103],[11.755499,45.872897],[11.761826,45.870566],[11.766621,45.869307]]]}},
{"type":"Feature","properties":{"comune":"POZZOLEONE","cantiere":"BASSANO","nome_istat":"Pozzoleone","codice_istat":"024082","codice_catastale":"G957","provincia":"VI"},"geometry":{"type":"Polygon","coordinates":[[[11.685383,45.700869],[11.686331,45.687311],[11.687202,45.679314],[11.687352,45.678428],[11.688146,45.67518],[11.689288,45.671137],[11.689653,45.670087],[11.689706,45.669939],[11.690005,45.669214],[11.690108,45.668966],[11.690323,45.668524],[11.690588,45.667983],[11.692484,45.664697],[11.693937,45.663943],[11.696561,45.663242],[11.697065,45.663396],[11.702096,45.661058],[11.701862,45.660839],[11.701494,45.660659],[11.70063,45.660311],[11.700402,45.660224],[11.699558,45.659904],[11.692989,45.657564],[11.691919,45.657278],[11.689198,45.659077],[11.68584,45.657151],[11.685521,45.647892],[11.679178,45.642769],[11.676678,45.640136],[11.672372,45.640525],[11.662188,45.640331],[11.656184,45.640373],[11.66203,45.655172],[11.665423,45.664702],[11.665963,45.666767],[11.666484,45.669951],[11.667086,45.676734],[11.667779,45.680246],[11.668542,45.683595],[11.671203,45.691537],[11.672272,45.695038],[11.675743,45.69677],[11.680092,45.700633],[11.685383,45.700869]]]}},
{"type":"Feature","properties":{"comune":"ROMANO D'EZZELINO","cantiere":"BASSANO","nome_istat":"Romano d'Ezzelino","codice_istat":"024086","codice_catastale":"H512","provincia":"VI"},"geometry":{"type":"Polygon","coordinates":[[[11.779204,45.791883],[11.780915,45.790126],[11.789024,45.77392],[11.796105,45.765317],[11.797783,45.761624],[11.800318,45.755148],[11.801277,45.753282],[11.801442,45.752968],[11.804901,45.747654],[11.806395,45.746626],[11.808723,45.743905],[11.808308,45.743832],[11.808124,45.743802],[11.806599,45.743584],[11.802989,45.743067],[11.801022,45.742852],[11.798685,45.742719],[11.797595,45.742674],[11.785772,45.746135],[11.778069,45.75013],[11.772773,45.762663],[11.769818,45.767319],[11.766941,45.769602],[11.763112,45.77156],[11.761046,45.773101],[11.745155,45.783705],[11.741285,45.785694],[11.734945,45.7892],[11.734545,45.7895],[11.734323,45.789696],[11.733369,45.790555],[11.735179,45.792154],[11.741926,45.798468],[11.742082,45.800259],[11.7419,45.802503],[11.740669,45.807852],[11.740675,45.817746],[11.73737,45.823316],[11.735425,45.833862],[11.735139,45.835661],[11.737307,45.838565],[11.737467,45.838716],[11.738454,45.839644],[11.741465,45.841156],[11.742913,45.841805],[11.749498,45.846327],[11.755751,45.844364],[11.757425,45.842806],[11.758955,45.839376],[11.758995,45.837061],[11.75814,45.834346],[11.757599,45.833306],[11.756496,45.832351],[11.755618,45.83177],[11.753734,45.830384],[11.753265,45.829495],[11.750335,45.823346],[11.750129,45.822289],[11.750465,45.820481],[11.752738,45.815899],[11.752765,45.81585],[11.753283,45.814994],[11.762526,45.804844],[11.765538,45.802259],[11.769903,45.798655],[11.773699,45.79609],[11.777602,45.793577],[11.779204,45.791883]]]}},
{"type":"Feature","properties":{"comune":"ROSA'","cantiere":"BASSANO","nome_istat":"Rosà","codice_istat":"024087","codice_catastale":"H556","provincia":"VI"},"geometry":{"type":"Polygon","coordinates":[[[11.78833,45.723221],[11.788453,45.720666],[11.787795,45.716474],[11.786914,45.712403],[11.786399,45.709348],[11.786502,45.708438],[11.786605,45.707536],[11.786614,45.707462],[11.78799,45.701541],[11.788381,45.69986],[11.78357,45.69919],[11.772776,45.698077],[11.766519,45.697086],[11.752984,45.694731],[11.734914,45.692141],[11.734523,45.692093],[11.733885,45.692018],[11.733674,45.691992],[11.733526,45.692005],[11.732882,45.692073],[11.732789,45.692552],[11.732723,45.69304],[11.73273,45.693512],[11.73274,45.693903],[11.732793,45.695056],[11.732809,45.696125],[11.732669,45.697793],[11.732568,45.697989],[11.730864,45.698899],[11.730318,45.699038],[11.730171,45.699057],[11.730065,45.701599],[11.726316,45.704444],[11.723124,45.705357],[11.720912,45.707469],[11.714624,45.714256],[11.712623,45.723976],[11.710157,45.724928],[11.706748,45.725898],[11.709017,45.727257],[11.714307,45.73167],[11.718006,45.734926],[11.722403,45.736526],[11.735638,45.736967],[11.747626,45.737364],[11.747939,45.737345],[11.748864,45.73729],[11.74897,45.737285],[11.749243,45.737283],[11.754873,45.737341],[11.755022,45.737346],[11.755192,45.737354],[11.758184,45.737715],[11.759019,45.737879],[11.759076,45.738104],[11.760335,45.738557],[11.761311,45.738758],[11.762158,45.738902],[11.763747,45.739131],[11.764207,45.739197],[11.775329,45.740489],[11.775483,45.740501],[11.777222,45.740616],[11.777904,45.738556],[11.778284,45.736895],[11.778505,45.735904],[11.778565,45.735541],[11.77968,45.732027],[11.782302,45.725468],[11.785305,45.7257],[11.78833,45.723221]]]}},
{"type":"Feature","properties":{"comune":"ROSSANO VENETO","cantiere":"BASSANO","nome_istat":"Rossano Veneto","codice_istat":"024088","codice_catastale":"H580","provincia":"VI"},"geometry":{"type":"Polygon","coordinates":[[[11.819697,45.724055],[11.820664,45.72083],[11.82327,45.710291],[11.823674,45.708509],[11.82387,45.707615],[11.823929,45.707346],[11.824012,45.706712],[11.824021,45.706633],[11.823918,45.706313],[11.8238,45.705952],[11.823725,45.705721],[11.823672,45.705561],[11.823604,45.70536],[11.823475,45.705156],[11.822992,45.704573],[11.819742,45.700669],[11.81722,45.697894],[11.815481,45.695999],[11.815471,45.695953],[11.81546,45.695896],[11.815382,45.695496],[11.815393,45.695396],[11.815402,45.695324],[11.815548,45.694213],[11.815949,45.6927],[11.817988,45.689788],[11.821677,45.687169],[11.817696,45.686541],[11.804312,45.684517],[11.799259,45.683438],[11.795797,45.683117],[11.794727,45.685679],[11.792643,45.689486],[11.791899,45.690789],[11.790718,45.692348],[11.790159,45.693766],[11.789561,45.695697],[11.788724,45.698481],[11.788381,45.69986],[11.78799,45.701541],[11.786614,45.707462],[11.786605,45.707536],[11.786502,45.708438],[11.786399,45.709348],[11.786914,45.712403],[11.787795,45.716474],[11.788453,45.720666],[11.78833,45.723221],[11.794193,45.72371],[11.804555,45.72479],[11.81513,45.723533],[11.819697,45.724055]]]}},
{"type":"Feature","properties":{"comune":"SCHIAVON","cantiere":"BASSANO","nome_istat":"Schiavon","codice_istat":"024099","codice_catastale":"I527","provincia":"VI"},"geometry":{"type":"Polygon","coordinates":[[[11.65845,45.701742],[11.664527,45.700003],[11.671336,45.6956],[11.672272,45.695038],[11.671203,45.691537],[11.668542,45.683595],[11.667779,45.680246],[11.667086,45.676734],[11.666484,45.669951],[11.665963,45.666767],[11.665423,45.664702],[11.659506,45.66644],[11.656833,45.667441],[11.655241,45.667858],[11.64902,45.669387],[11.644161,45.670363],[11.640434,45.671089],[11.638619,45.669804],[11.637043,45.668869],[11.634463,45.669697],[11.630267,45.671116],[11.627845,45.673422],[11.627291,45.676658],[11.623555,45.679206],[11.621122,45.680382],[11.620644,45.689673],[11.623039,45.690635],[11.630319,45.694976],[11.63394,45.698286],[11.641196,45.701729],[11.646287,45.704133],[11.65845,45.701742]]]}},
{"type":"Feature","properties":{"comune":"TEZZE SUL BRENTA","cantiere":"BASSANO","nome_istat":"Tezze sul Brenta","codice_istat":"024104","codice_catastale":"L156","provincia":"VI"},"geometry":{"type":"Polygon","coordinates":[[[11.730171,45.699057],[11.730318,45.699038],[11.730864,45.698899],[11.732568,45.697989],[11.732669,45.697793],[11.732809,45.696125],[11.732793,45.695056],[11.73274,45.693903],[11.73273,45.693512],[11.732723,45.69304],[11.732789,45.692552],[11.732882,45.692073],[11.733526,45.692005],[11.733674,45.691992],[11.733885,45.692018],[11.734523,45.692093],[11.734914,45.692141],[11.752984,45.694731],[11.766519,45.697086],[11.772776,45.698077],[11.78357,45.69919],[11.788381,45.69986],[11.788724,45.698481],[11.789561,45.695697],[11.790159,45.693766],[11.790718,45.692348],[11.791899,45.690789],[11.792643,45.689486],[11.794727,45.685679],[11.795797,45.683117],[11.793494,45.682772],[11.768084,45.67904],[11.762493,45.678356],[11.761594,45.678257],[11.757949,45.677906],[11.757699,45.677894],[11.757198,45.677913],[11.756969,45.677947],[11.756474,45.678077],[11.737285,45.679968],[11.716676,45.681283],[11.714521,45.681389],[11.713798,45.68139],[11.713476,45.681377],[11.712882,45.681309],[11.708088,45.680625],[11.706734,45.680075],[11.706956,45.678561],[11.708614,45.67516],[11.710337,45.67165],[11.710861,45.670317],[11.710938,45.669857],[11.71083,45.669451],[11.710394,45.66832],[11.709924,45.667788],[11.70443,45.665659],[11.703477,45.665355],[11.697065,45.663396],[11.696561,45.663242],[11.693937,45.663943],[11.692484,45.664697],[11.690588,45.667983],[11.690323,45.668524],[11.690108,45.668966],[11.690005,45.669214],[11.689706,45.669939],[11.689653,45.670087],[11.689288,45.671137],[11.688146,45.67518],[11.687352,45.678428],[11.687202,45.679314],[11.686331,45.687311],[11.691295,45.687552],[11.691588,45.687586],[11.693452,45.687798],[11.694274,45.687944],[11.694799,45.688037],[11.696046,45.688331],[11.696764,45.688584],[11.702036,45.69165],[11.702939,45.692795],[11.70347,45.693682],[11.703724,45.694142],[11.704163,45.695205],[11.704537,45.696168],[11.704777,45.697803],[11.704783,45.700654],[11.70472,45.702546],[11.704723,45.70307],[11.704725,45.70331],[11.70473,45.703859],[11.704929,45.705016],[11.705209,45.705619],[11.705508,45.705856],[11.706159,45.706204],[11.70702,45.706541],[11.707922,45.70688],[11.708778,45.707031],[11.709484,45.707028],[11.709702,45.707027],[11.710798,45.706839],[11.711842,45.706634],[11.712718,45.706449],[11.714334,45.706107],[11.720612,45.704427],[11.721662,45.704096],[11.722995,45.70367],[11.723136,45.703625],[11.723177,45.703612],[11.723547,45.703493],[11.723936,45.703304],[11.723994,45.702393],[11.72623,45.698704],[11.730171,45.699057]]]}},
{"type":"Feature","properties":{"comune":"BORGORICCO","cantiere":"CAMPOSAMPIERO","nome_istat":"Borgoricco","codice_istat":"028013","codice_catastale":"B031","provincia":"PD"},"geometry":{"type":"Polygon","coordinates":[[[12.007339,45.530545],[12.006689,45.528784],[12.006506,45.528294],[12.005869,45.526714],[12.00191,45.517455],[11.998049,45.517988],[11.997525,45.518101],[11.997474,45.518111],[11.997357,45.518075],[11.997322,45.518033],[11.996903,45.516941],[11.996707,45.51643],[11.995426,45.513084],[11.995269,45.512672],[11.995161,45.512206],[11.995107,45.511973],[11.995188,45.511945],[11.993772,45.512049],[11.990776,45.512297],[11.988815,45.513031],[11.985502,45.515012],[11.984519,45.515757],[11.982841,45.517177],[11.981211,45.519046],[11.976741,45.521937],[11.975171,45.522411],[11.975077,45.522439],[11.971265,45.523072],[11.971156,45.523091],[11.962051,45.522985],[11.959972,45.518513],[11.959372,45.516425],[11.959088,45.515438],[11.958966,45.515453],[11.958439,45.515527],[11.957637,45.515653],[11.957208,45.515721],[11.957137,45.515735],[11.955357,45.516084],[11.954775,45.516236],[11.953715,45.516514],[11.951176,45.518658],[11.944831,45.524403],[11.938164,45.526427],[11.934783,45.527416],[11.933888,45.527457],[11.93174,45.527522],[11.929642,45.524605],[11.929463,45.524115],[11.929497,45.523313],[11.929221,45.523322],[11.928373,45.52335],[11.926461,45.524012],[11.924563,45.524699],[11.924028,45.52499],[11.923854,45.525087],[11.92127,45.527367],[11.927828,45.542614],[11.93005,45.547214],[11.935268,45.546324],[11.945741,45.544011],[11.950574,45.544319],[11.959543,45.55388],[11.960918,45.556148],[11.962706,45.557784],[11.967233,45.55699],[11.971047,45.556283],[11.977145,45.555151],[11.980205,45.554577],[11.981878,45.552128],[11.989173,45.546912],[11.996183,45.550252],[12.007859,45.546703],[12.007845,45.546495],[12.007836,45.546378],[12.007812,45.546065],[12.006075,45.541844],[12.003727,45.534795],[12.005653,45.531297],[12.007339,45.530545]]]}},
{"type":"Feature","properties":{"comune":"CADONEGHE","cantiere":"CAMPOSAMPIERO","nome_istat":"Cadoneghe","codice_istat":"028016","codice_catastale":"B345","provincia":"PD"},"geometry":{"type":"Polygon","coordinates":[[[11.933153,45.470803],[11.932377,45.469002],[11.931107,45.465917],[11.930977,45.465259],[11.93101,45.46497],[11.931362,45.4643],[11.93208,45.463282],[11.9347,45.459666],[11.94397,45.45659],[11.950625,45.454449],[11.95292,45.453226],[11.952741,45.451691],[11.95265,45.451363],[11.952568,45.451079],[11.95243,45.450756],[11.952063,45.450009],[11.950515,45.446971],[11.950049,45.44618],[11.949939,45.445995],[11.947283,45.44644],[11.946192,45.44678],[11.945958,45.446945],[11.945695,45.447118],[11.94513,45.447489],[11.944444,45.447828],[11.943231,45.448296],[11.942364,45.448572],[11.942112,45.448536],[11.936279,45.443839],[11.935349,45.44279],[11.933856,45.440803],[11.932874,45.439255],[11.932511,45.437856],[11.932553,45.437753],[11.932806,45.437148],[11.931881,45.436821],[11.931031,45.436699],[11.929991,45.436618],[11.929262,45.4366],[11.927168,45.436655],[11.925507,45.43683],[11.910162,45.43987],[11.909371,45.444306],[11.910274,45.445642],[11.91035,45.44584],[11.910364,45.44588],[11.910376,45.446132],[11.910359,45.44653],[11.910351,45.446644],[11.910332,45.446735],[11.910232,45.446932],[11.910166,45.44706],[11.910066,45.447186],[11.909904,45.447338],[11.909724,45.447469],[11.909482,45.44756],[11.90897,45.447647],[11.907976,45.447796],[11.907729,45.447812],[11.902593,45.44784],[11.901938,45.447717],[11.901289,45.447594],[11.90032,45.447151],[11.89946,45.446597],[11.898917,45.446223],[11.898844,45.446172],[11.898681,45.446054],[11.89842,45.445866],[11.898133,45.445658],[11.89809,45.445626],[11.897881,45.445476],[11.895714,45.446227],[11.895167,45.446418],[11.895348,45.4477],[11.8961,45.451074],[11.896377,45.450965],[11.896449,45.451721],[11.896535,45.45262],[11.896638,45.454286],[11.896735,45.455928],[11.896503,45.457345],[11.895691,45.458901],[11.895024,45.460232],[11.894385,45.461566],[11.893535,45.464416],[11.893465,45.46472],[11.893403,45.465367],[11.893503,45.465689],[11.893714,45.466314],[11.893917,45.466907],[11.895837,45.472508],[11.896231,45.473582],[11.900317,45.48468],[11.901196,45.484281],[11.904738,45.48125],[11.907653,45.4781],[11.909603,45.475658],[11.912949,45.472941],[11.925497,45.47219],[11.933153,45.470803]]]}},
{"type":"Feature","properties":{"comune":"CAMPO SAN MARTINO","cantiere":"CAMPOSAMPIERO","nome_istat":"Campo San Martino","codice_istat":"028020","codice_catastale":"B564","provincia":"PD"},"geometry":{"type":"Polygon","coordinates":[[[11.87028,45.561659],[11.870134,45.557288],[11.865514,45.558646],[11.86213,45.558362],[11.858454,45.557383],[11.856636,45.555899],[11.857178,45.552429],[11.858464,45.550758],[11.856665,45.545105],[11.855176,45.542757],[11.853421,45.542677],[11.852071,45.542664],[11.852033,45.542667],[11.851392,45.54271],[11.851216,45.542721],[11.850094,45.542839],[11.849821,45.542878],[11.84839,45.54308],[11.836634,45.545078],[11.827987,45.546659],[11.822093,45.546686],[11.813255,45.543888],[11.808642,45.539492],[11.80789,45.538287],[11.806467,45.534136],[11.806371,45.533642],[11.806278,45.53316],[11.805457,45.532631],[11.804481,45.532583],[11.797097,45.533718],[11.796552,45.533839],[11.795959,45.53402],[11.795757,45.534084],[11.795271,45.534348],[11.794925,45.53455],[11.794773,45.534639],[11.794339,45.53492],[11.794093,45.535133],[11.793525,45.536335],[11.793025,45.537616],[11.793091,45.537912],[11.793298,45.538222],[11.793689,45.538617],[11.794032,45.538787],[11.794143,45.53882],[11.794181,45.538827],[11.79504,45.538998],[11.795628,45.538957],[11.797679,45.545715],[11.799323,45.551477],[11.796021,45.554506],[11.80215,45.557042],[11.820756,45.564256],[11.830628,45.569436],[11.834649,45.576753],[11.835474,45.578632],[11.838798,45.579477],[11.839762,45.579543],[11.842456,45.578558],[11.843546,45.578062],[11.844045,45.577546],[11.847683,45.572937],[11.847617,45.571894],[11.8473,45.568401],[11.847104,45.567064],[11.847077,45.566039],[11.847076,45.566012],[11.85039,45.56439],[11.851096,45.564088],[11.851557,45.563893],[11.852787,45.563681],[11.859881,45.563426],[11.867793,45.562108],[11.87028,45.561659]]]}},
{"type":"Feature","properties":{"comune":"CAMPODARSEGO","cantiere":"CAMPOSAMPIERO","nome_istat":"Campodarsego","codice_istat":"028017","codice_catastale":"B524","provincia":"PD"},"geometry":{"type":"Polygon","coordinates":[[[11.976741,45.521937],[11.974217,45.515871],[11.97057,45.516441],[11.96804,45.515393],[11.965013,45.50613],[11.962904,45.500771],[11.961819,45.498387],[11.957083,45.495865],[11.953088,45.496457],[11.952043,45.493537],[11.94541,45.494803],[11.942046,45.493088],[11.940419,45.490348],[11.939335,45.486488],[11.933153,45.470803],[11.925497,45.47219],[11.912949,45.472941],[11.909603,45.475658],[11.907653,45.4781],[11.904738,45.48125],[11.901196,45.484281],[11.900317,45.48468],[11.899928,45.486598],[11.898203,45.490177],[11.894347,45.493092],[11.891451,45.494516],[11.880529,45.501453],[11.879858,45.5021],[11.880315,45.506769],[11.880428,45.507091],[11.880554,45.50745],[11.880695,45.507846],[11.880987,45.508669],[11.881666,45.51038],[11.881695,45.510451],[11.881816,45.510726],[11.881953,45.51103],[11.882198,45.511443],[11.882597,45.512104],[11.887124,45.511008],[11.888833,45.510631],[11.890268,45.510406],[11.890911,45.510382],[11.891073,45.510376],[11.891787,45.51201],[11.893596,45.516397],[11.895489,45.52184],[11.896627,45.525043],[11.896802,45.52502],[11.899641,45.524642],[11.900214,45.524555],[11.900492,45.524512],[11.910931,45.522329],[11.914587,45.520195],[11.919112,45.51933],[11.919568,45.519252],[11.919728,45.519225],[11.919969,45.519184],[11.920621,45.519075],[11.921448,45.518937],[11.923396,45.518689],[11.929511,45.520603],[11.930372,45.521643],[11.929497,45.523313],[11.929463,45.524115],[11.929642,45.524605],[11.93174,45.527522],[11.933888,45.527457],[11.934783,45.527416],[11.938164,45.526427],[11.944831,45.524403],[11.951176,45.518658],[11.953715,45.516514],[11.954775,45.516236],[11.955357,45.516084],[11.957137,45.515735],[11.957208,45.515721],[11.957637,45.515653],[11.958439,45.515527],[11.958966,45.515453],[11.959088,45.515438],[11.959372,45.516425],[11.959972,45.518513],[11.962051,45.522985],[11.971156,45.523091],[11.971265,45.523072],[11.975077,45.522439],[11.975171,45.522411],[11.976741,45.521937]]]}},
{"type":"Feature","properties":{"comune":"CAMPOSAMPIERO","cantiere":"CAMPOSAMPIERO","nome_istat":"Camposampiero","codice_istat":"028019","codice_catastale":"B563","provincia":"PD"},"geometry":{"type":"Polygon","coordinates":[[[11.983682,45.593315],[11.987701,45.59191],[11.987516,45.590668],[11.988341,45.589053],[11.990547,45.584981],[11.993702,45.583303],[11.993362,45.575836],[11.991883,45.570562],[11.989534,45.570593],[11.986312,45.570636],[11.985769,45.568859],[11.985686,45.568127],[11.981927,45.558756],[11.980205,45.554577],[11.977145,45.555151],[11.971047,45.556283],[11.967233,45.55699],[11.962706,45.557784],[11.960918,45.556148],[11.959543,45.55388],[11.950574,45.544319],[11.945741,45.544011],[11.935268,45.546324],[11.93005,45.547214],[11.924356,45.549593],[11.925432,45.551678],[11.925703,45.552596],[11.926,45.554349],[11.924608,45.556943],[11.923851,45.557576],[11.922099,45.557932],[11.917635,45.560067],[11.916069,45.560839],[11.914885,45.561904],[11.911339,45.565379],[11.906377,45.571097],[11.906139,45.571445],[11.905965,45.573286],[11.906133,45.574056],[11.906189,45.574217],[11.906343,45.574653],[11.906544,45.575143],[11.906694,45.5755],[11.906947,45.575925],[11.911149,45.580355],[11.912998,45.58065],[11.913223,45.580302],[11.913963,45.579995],[11.916387,45.57951],[11.916463,45.579614],[11.916566,45.579757],[11.916614,45.579861],[11.917013,45.580718],[11.917727,45.582547],[11.917598,45.588264],[11.915976,45.592869],[11.909412,45.597409],[11.907316,45.598941],[11.90692,45.599482],[11.90651,45.60023],[11.904703,45.604219],[11.905557,45.604359],[11.908877,45.604842],[11.909328,45.602643],[11.909441,45.601848],[11.924649,45.597175],[11.928793,45.593916],[11.932287,45.585772],[11.933678,45.579994],[11.934024,45.578644],[11.93706,45.576826],[11.940347,45.575323],[11.942092,45.574642],[11.962033,45.570953],[11.964419,45.570572],[11.964711,45.570541],[11.965856,45.570422],[11.965875,45.570459],[11.965918,45.570555],[11.966057,45.571002],[11.966095,45.571739],[11.965234,45.576073],[11.963564,45.579159],[11.963484,45.579508],[11.963283,45.580438],[11.963266,45.580526],[11.963335,45.581782],[11.963398,45.582875],[11.963413,45.583114],[11.963445,45.583421],[11.963455,45.583511],[11.963465,45.583608],[11.969284,45.58451],[11.977259,45.585307],[11.980553,45.586043],[11.98311,45.589541],[11.983682,45.593315]]]}},
{"type":"Feature","properties":{"comune":"CARMIGNANO DI BRENTA","cantiere":"CAMPOSAMPIERO","nome_istat":"Carmignano di Brenta","codice_istat":"028023","codice_catastale":"B795","provincia":"PD"},"geometry":{"type":"Polygon","coordinates":[[[11.702096,45.661058],[11.702799,45.660609],[11.70443,45.659562],[11.706484,45.658124],[11.707192,45.657402],[11.707673,45.656871],[11.709273,45.654562],[11.709377,45.653214],[11.710387,45.650197],[11.712955,45.648128],[11.713086,45.647389],[11.713096,45.647331],[11.713261,45.646492],[11.713651,45.645537],[11.713942,45.644918],[11.718339,45.636082],[11.718517,45.635781],[11.720995,45.632689],[11.721762,45.631779],[11.722225,45.631282],[11.726007,45.629356],[11.727754,45.626653],[11.728924,45.623111],[11.724734,45.619638],[11.714951,45.614674],[11.706969,45.612608],[11.702041,45.610933],[11.699319,45.609184],[11.694492,45.608289],[11.689693,45.608271],[11.687398,45.60916],[11.68725,45.609924],[11.687157,45.610546],[11.687154,45.610582],[11.687127,45.610947],[11.687343,45.612204],[11.687826,45.61228],[11.688169,45.612328],[11.688837,45.612376],[11.689395,45.612383],[11.689481,45.612364],[11.685432,45.620815],[11.679724,45.627049],[11.677425,45.633422],[11.676282,45.637742],[11.676352,45.638416],[11.676597,45.639778],[11.676678,45.640136],[11.679178,45.642769],[11.685521,45.647892],[11.68584,45.657151],[11.689198,45.659077],[11.691919,45.657278],[11.692989,45.657564],[11.699558,45.659904],[11.700402,45.660224],[11.70063,45.660311],[11.701494,45.660659],[11.701862,45.660839],[11.702096,45.661058]]]}},
{"type":"Feature","properties":{"comune":"CITTADELLA","cantiere":"CAMPOSAMPIERO","nome_istat":"Cittadella","codice_istat":"028032","codice_catastale":"C743","provincia":"PD"},"geometry":{"type":"Polygon","coordinates":[[[11.813891,45.653236],[11.813,45.65132],[11.805023,45.636884],[11.803007,45.633088],[11.803459,45.631939],[11.807596,45.629141],[11.80827,45.625482],[11.808886,45.619181],[11.813797,45.617306],[11.819913,45.614218],[11.820846,45.61167],[11.81372,45.610188],[11.80065,45.607327],[11.795354,45.606577],[11.789661,45.606947],[11.785062,45.607642],[11.787759,45.610042],[11.792211,45.611368],[11.792924,45.61412],[11.792897,45.6144],[11.79289,45.614471],[11.792166,45.615801],[11.792041,45.616026],[11.785289,45.625484],[11.772631,45.629036],[11.771922,45.630635],[11.773747,45.634597],[11.770016,45.641784],[11.766784,45.64447],[11.766331,45.644415],[11.76578,45.644342],[11.765552,45.644312],[11.75934,45.6434],[11.752557,45.646745],[11.752335,45.648986],[11.751357,45.653666],[11.750926,45.655387],[11.750294,45.657784],[11.750038,45.658222],[11.74867,45.658311],[11.747114,45.658326],[11.734376,45.657656],[11.730035,45.657053],[11.729363,45.656935],[11.727749,45.656648],[11.727546,45.656389],[11.727801,45.655063],[11.726759,45.652829],[11.725091,45.650733],[11.723914,45.650324],[11.718572,45.649226],[11.712955,45.648128],[11.710387,45.650197],[11.709377,45.653214],[11.709273,45.654562],[11.707673,45.656871],[11.707192,45.657402],[11.706484,45.658124],[11.70443,45.659562],[11.702799,45.660609],[11.702096,45.661058],[11.697065,45.663396],[11.703477,45.665355],[11.70443,45.665659],[11.709924,45.667788],[11.710394,45.66832],[11.71083,45.669451],[11.710938,45.669857],[11.710861,45.670317],[11.710337,45.67165],[11.708614,45.67516],[11.706956,45.678561],[11.706734,45.680075],[11.708088,45.680625],[11.712882,45.681309],[11.713476,45.681377],[11.713798,45.68139],[11.714521,45.681389],[11.716676,45.681283],[11.737285,45.679968],[11.756474,45.678077],[11.756969,45.677947],[11.757198,45.677913],[11.757699,45.677894],[11.757949,45.677906],[11.761594,45.678257],[11.762493,45.678356],[11.768084,45.67904],[11.793494,45.682772],[11.795797,45.683117],[11.799259,45.683438],[11.802028,45.676501],[11.807064,45.660342],[11.807082,45.660177],[11.807845,45.656857],[11.807924,45.656522],[11.808012,45.65623],[11.808328,45.655209],[11.811892,45.653899],[11.813891,45.653236]]]}},
{"type":"Feature","properties":{"comune":"CURTAROLO","cantiere":"CAMPOSAMPIERO","nome_istat":"Curtarolo","codice_istat":"028036","codice_catastale":"D226","provincia":"PD"},"geometry":{"type":"Polygon","coordinates":[[[11.855176,45.542757],[11.864027,45.540996],[11.863568,45.538259],[11.862605,45.534434],[11.861532,45.532034],[11.86584,45.529042],[11.866748,45.529011],[11.870568,45.526018],[11.874394,45.517972],[11.875137,45.516216],[11.875171,45.516008],[11.875186,45.515918],[11.875178,45.515],[11.874879,45.514991],[11.872523,45.514922],[11.871035,45.51487],[11.869681,45.514755],[11.864146,45.512282],[11.854649,45.508323],[11.853773,45.50821],[11.851563,45.506025],[11.851261,45.504861],[11.851188,45.501926],[11.851184,45.501578],[11.852042,45.499306],[11.849946,45.496307],[11.849526,45.495849],[11.849361,45.495748],[11.84876,45.495382],[11.847914,45.495106],[11.847479,45.495047],[11.846681,45.494941],[11.846525,45.49492],[11.846316,45.494894],[11.846043,45.494941],[11.845054,45.495119],[11.844921,45.495145],[11.844433,45.495394],[11.843848,45.495694],[11.843476,45.496441],[11.843592,45.497212],[11.845603,45.504876],[11.844909,45.504309],[11.844178,45.503778],[11.843528,45.503317],[11.841022,45.503892],[11.840797,45.503949],[11.840147,45.50411],[11.8401,45.504122],[11.839949,45.504178],[11.839312,45.504413],[11.839082,45.504499],[11.835262,45.505422],[11.832246,45.506289],[11.831326,45.506783],[11.831,45.506959],[11.830304,45.507764],[11.830237,45.507842],[11.830306,45.508695],[11.830825,45.509348],[11.831599,45.509968],[11.832317,45.510453],[11.832447,45.510541],[11.832487,45.510567],[11.832578,45.51061],[11.83278,45.5107],[11.83391,45.511202],[11.833969,45.511228],[11.834019,45.51125],[11.834222,45.51133],[11.834727,45.511524],[11.838272,45.513634],[11.843097,45.516613],[11.843605,45.517033],[11.843768,45.517285],[11.844091,45.517786],[11.84403,45.518363],[11.843589,45.518743],[11.843006,45.519136],[11.842119,45.519563],[11.840876,45.519792],[11.84013,45.519739],[11.839024,45.519388],[11.831207,45.518349],[11.822154,45.518474],[11.8211,45.518588],[11.820597,45.518643],[11.820478,45.518656],[11.819811,45.51873],[11.819722,45.518741],[11.817841,45.519283],[11.817157,45.519831],[11.817114,45.519868],[11.817119,45.519899],[11.817244,45.520675],[11.818199,45.521335],[11.8205,45.522199],[11.822511,45.522795],[11.823854,45.523284],[11.825004,45.523742],[11.825633,45.524284],[11.826094,45.526073],[11.826035,45.527443],[11.822824,45.532644],[11.821749,45.533426],[11.820933,45.533622],[11.819902,45.533868],[11.819048,45.533664],[11.818948,45.533605],[11.818835,45.533537],[11.817594,45.532791],[11.816439,45.531982],[11.816364,45.531959],[11.814879,45.531517],[11.813494,45.53142],[11.812964,45.531384],[11.811578,45.531832],[11.811022,45.532246],[11.810398,45.532712],[11.81024,45.532831],[11.810145,45.532902],[11.809301,45.533817],[11.808991,45.534155],[11.808962,45.53421],[11.808386,45.535385],[11.80789,45.538287],[11.808642,45.539492],[11.813255,45.543888],[11.822093,45.546686],[11.827987,45.546659],[11.836634,45.545078],[11.84839,45.54308],[11.849821,45.542878],[11.850094,45.542839],[11.851216,45.542721],[11.851392,45.54271],[11.852033,45.542667],[11.852071,45.542664],[11.853421,45.542677],[11.855176,45.542757]]]}},
{"type":"Feature","properties":{"comune":"FONTANIVA","cantiere":"CAMPOSAMPIERO","nome_istat":"Fontaniva","codice_istat":"028038","codice_catastale":"D679","provincia":"PD"},"geometry":{"type":"Polygon","coordinates":[[[11.785062,45.607642],[11.780231,45.604087],[11.776081,45.598481],[11.775823,45.598161],[11.775562,45.597837],[11.773783,45.596854],[11.773229,45.596583],[11.773152,45.596545],[11.771905,45.596729],[11.770874,45.596889],[11.766427,45.599283],[11.764812,45.601896],[11.76429,45.602251],[11.763545,45.602728],[11.753822,45.60687],[11.752614,45.609004],[11.749189,45.614398],[11.748472,45.615459],[11.748445,45.615497],[11.747364,45.616953],[11.746083,45.618298],[11.745223,45.618814],[11.744144,45.619038],[11.743718,45.61906],[11.731787,45.621594],[11.728924,45.623111],[11.727754,45.626653],[11.726007,45.629356],[11.722225,45.631282],[11.721762,45.631779],[11.720995,45.632689],[11.718517,45.635781],[11.718339,45.636082],[11.713942,45.644918],[11.713651,45.645537],[11.713261,45.646492],[11.713096,45.647331],[11.713086,45.647389],[11.712955,45.648128],[11.718572,45.649226],[11.723914,45.650324],[11.725091,45.650733],[11.726759,45.652829],[11.727801,45.655063],[11.727546,45.656389],[11.727749,45.656648],[11.729363,45.656935],[11.730035,45.657053],[11.734376,45.657656],[11.747114,45.658326],[11.74867,45.658311],[11.750038,45.658222],[11.750294,45.657784],[11.750926,45.655387],[11.751357,45.653666],[11.752335,45.648986],[11.752557,45.646745],[11.75934,45.6434],[11.765552,45.644312],[11.76578,45.644342],[11.766331,45.644415],[11.766784,45.64447],[11.770016,45.641784],[11.773747,45.634597],[11.771922,45.630635],[11.772631,45.629036],[11.785289,45.625484],[11.792041,45.616026],[11.792166,45.615801],[11.79289,45.614471],[11.792897,45.6144],[11.792924,45.61412],[11.792211,45.611368],[11.787759,45.610042],[11.785062,45.607642]]]}},
{"type":"Feature","properties":{"comune":"GALLIERA VENETA","cantiere":"CAMPOSAMPIERO","nome_istat":"Galliera Veneta","codice_istat":"028039","codice_catastale":"D879","provincia":"PD"},"geometry":{"type":"Polygon","coordinates":[[[11.839482,45.657013],[11.813891,45.653236],[11.811892,45.653899],[11.808328,45.655209],[11.808012,45.65623],[11.807924,45.656522],[11.807845,45.656857],[11.807082,45.660177],[11.807064,45.660342],[11.802028,45.676501],[11.799259,45.683438],[11.804312,45.684517],[11.817696,45.686541],[11.821677,45.687169],[11.822896,45.686381],[11.823146,45.685742],[11.823216,45.685572],[11.823235,45.685526],[11.823264,45.685463],[11.823461,45.685074],[11.824023,45.683968],[11.826136,45.680552],[11.832244,45.675618],[11.83506,45.674268],[11.839641,45.671825],[11.841948,45.670363],[11.846449,45.664708],[11.847063,45.663125],[11.848351,45.659025],[11.848539,45.658244],[11.848152,45.658156],[11.847207,45.658],[11.839482,45.657013]]]}},
{"type":"Feature","properties":{"comune":"GAZZO","cantiere":"CAMPOSAMPIERO","nome_istat":"Gazzo","codice_istat":"028041","codice_catastale":"D956","provincia":"PD"},"geometry":{"type":"Polygon","coordinates":[[[11.702673,45.595265],[11.706251,45.594749],[11.721062,45.590697],[11.721065,45.590629],[11.721351,45.584767],[11.721327,45.584102],[11.719103,45.583577],[11.718967,45.583137],[11.718961,45.583108],[11.718742,45.581936],[11.718734,45.581893],[11.7187,45.581664],[11.718611,45.579621],[11.718592,45.578766],[11.718595,45.575146],[11.718664,45.574822],[11.721317,45.568242],[11.723844,45.563141],[11.727076,45.560409],[11.722876,45.560349],[11.722411,45.560198],[11.720505,45.559526],[11.720299,45.559121],[11.720726,45.558293],[11.721617,45.556689],[11.722174,45.556165],[11.722838,45.555652],[11.723161,45.555439],[11.724148,45.552641],[11.723993,45.551114],[11.722962,45.544568],[11.722941,45.544436],[11.722617,45.544167],[11.721685,45.543838],[11.721093,45.544115],[11.711219,45.543234],[11.706617,45.542894],[11.703442,45.542897],[11.702031,45.543704],[11.700936,45.544491],[11.70062,45.544719],[11.699624,45.546407],[11.694519,45.550658],[11.685775,45.551985],[11.681893,45.551625],[11.678351,45.549609],[11.679303,45.545507],[11.679358,45.545358],[11.679575,45.544773],[11.679179,45.542521],[11.679168,45.542475],[11.678995,45.541785],[11.675528,45.539175],[11.675241,45.539104],[11.674196,45.538844],[11.6731,45.538587],[11.67223,45.538458],[11.668157,45.53811],[11.664411,45.539539],[11.657734,45.540172],[11.658501,45.545539],[11.657411,45.547636],[11.65572,45.549978],[11.653063,45.550571],[11.657303,45.553008],[11.65987,45.554467],[11.665462,45.558305],[11.669892,45.56512],[11.668086,45.568803],[11.665859,45.570808],[11.666544,45.576367],[11.667475,45.578972],[11.669954,45.582459],[11.674109,45.582345],[11.674523,45.582541],[11.674492,45.582687],[11.674469,45.582792],[11.673982,45.585014],[11.673021,45.587998],[11.672648,45.588762],[11.672515,45.588955],[11.681912,45.58891],[11.685339,45.589025],[11.689569,45.589749],[11.692291,45.591042],[11.693279,45.595217],[11.697162,45.595829],[11.699275,45.59612],[11.699491,45.596119],[11.700073,45.596115],[11.702673,45.595265]]]}},
{"type":"Feature","properties":{"comune":"GRANTORTO","cantiere":"CAMPOSAMPIERO","nome_istat":"Grantorto","codice_istat":"028042","codice_catastale":"E145","provincia":"PD"},"geometry":{"type":"Polygon","coordinates":[[[11.766427,45.599283],[11.763057,45.590966],[11.756939,45.591699],[11.747635,45.59178],[11.745717,45.589],[11.744273,45.586622],[11.742118,45.583414],[11.740335,45.581015],[11.735021,45.580219],[11.733886,45.580079],[11.7335,45.580031],[11.732331,45.579914],[11.732044,45.579885],[11.731365,45.579883],[11.731224,45.580409],[11.725904,45.582796],[11.721327,45.584102],[11.721351,45.584767],[11.721065,45.590629],[11.721062,45.590697],[11.706251,45.594749],[11.702673,45.595265],[11.699319,45.609184],[11.702041,45.610933],[11.706969,45.612608],[11.714951,45.614674],[11.724734,45.619638],[11.728924,45.623111],[11.731787,45.621594],[11.743718,45.61906],[11.744144,45.619038],[11.745223,45.618814],[11.746083,45.618298],[11.747364,45.616953],[11.748445,45.615497],[11.748472,45.615459],[11.749189,45.614398],[11.752614,45.609004],[11.753822,45.60687],[11.763545,45.602728],[11.76429,45.602251],[11.764812,45.601896],[11.766427,45.599283]]]}},
{"type":"Feature","properties":{"comune":"LOREGGIA","cantiere":"CAMPOSAMPIERO","nome_istat":"Loreggia","codice_istat":"028046","codice_catastale":"E684","provincia":"PD"},"geometry":{"type":"Polygon","coordinates":[[[11.927585,45.618965],[11.930772,45.61673],[11.93271,45.615528],[11.940311,45.613509],[11.94233,45.613093],[11.944558,45.61327],[11.952044,45.612446],[11.965158,45.607939],[11.965115,45.606896],[11.965139,45.606121],[11.965626,45.604416],[11.966066,45.603748],[11.971083,45.600188],[11.975083,45.597473],[11.980876,45.593629],[11.983682,45.593315],[11.98311,45.589541],[11.980553,45.586043],[11.977259,45.585307],[11.969284,45.58451],[11.963465,45.583608],[11.963455,45.583511],[11.963445,45.583421],[11.963413,45.583114],[11.963398,45.582875],[11.963335,45.581782],[11.963266,45.580526],[11.963283,45.580438],[11.963484,45.579508],[11.963564,45.579159],[11.965234,45.576073],[11.966095,45.571739],[11.966057,45.571002],[11.965918,45.570555],[11.965875,45.570459],[11.965856,45.570422],[11.964711,45.570541],[11.964419,45.570572],[11.962033,45.570953],[11.942092,45.574642],[11.940347,45.575323],[11.93706,45.576826],[11.934024,45.578644],[11.933678,45.579994],[11.932287,45.585772],[11.928793,45.593916],[11.924649,45.597175],[11.909441,45.601848],[11.909328,45.602643],[11.908877,45.604842],[11.905557,45.604359],[11.904703,45.604219],[11.898107,45.613091],[11.898172,45.61312],[11.898646,45.613338],[11.900733,45.615994],[11.90123,45.616684],[11.901726,45.617589],[11.901705,45.618436],[11.900485,45.623121],[11.900196,45.623749],[11.899257,45.624943],[11.898368,45.625866],[11.897956,45.626317],[11.897945,45.626866],[11.898336,45.627235],[11.898436,45.627291],[11.898721,45.627451],[11.899113,45.627672],[11.899288,45.627768],[11.899775,45.627947],[11.900046,45.628046],[11.901095,45.627984],[11.905208,45.626619],[11.907864,45.625408],[11.911099,45.620996],[11.911555,45.62039],[11.91223,45.619797],[11.913218,45.619254],[11.913315,45.619202],[11.916501,45.618554],[11.91714,45.61852],[11.917399,45.61881],[11.91746,45.619736],[11.91749,45.62032],[11.917668,45.621026],[11.917964,45.621541],[11.918374,45.62153],[11.922665,45.62116],[11.924113,45.620636],[11.927585,45.618965]]]}},
{"type":"Feature","properties":{"comune":"MASSANZAGO","cantiere":"CAMPOSAMPIERO","nome_istat":"Massanzago","codice_istat":"028050","codice_catastale":"F033","provincia":"PD"},"geometry":{"type":"Polygon","coordinates":[[[12.033357,45.562734],[12.033136,45.558429],[12.033108,45.55788],[12.032495,45.549413],[12.032464,45.549078],[12.031884,45.544631],[12.031537,45.541973],[12.031446,45.541272],[12.03141,45.536313],[12.033054,45.534454],[12.032482,45.53506],[12.032355,45.535108],[12.03156,45.535207],[12.031486,45.535096],[12.029829,45.529447],[12.026347,45.520244],[12.024768,45.520979],[12.023028,45.524699],[12.018353,45.528658],[12.01499,45.530265],[12.013377,45.530891],[12.012089,45.531265],[12.010606,45.531652],[12.008,45.531964],[12.007819,45.5317],[12.007682,45.531486],[12.007339,45.530545],[12.005653,45.531297],[12.003727,45.534795],[12.006075,45.541844],[12.007812,45.546065],[12.007836,45.546378],[12.007845,45.546495],[12.007859,45.546703],[11.996183,45.550252],[11.989173,45.546912],[11.981878,45.552128],[11.980205,45.554577],[11.981927,45.558756],[11.985686,45.568127],[11.985769,45.568859],[11.986312,45.570636],[11.989534,45.570593],[11.991883,45.570562],[11.994814,45.570295],[11.996079,45.570182],[11.997929,45.570016],[11.9988,45.569951],[11.999793,45.569877],[12.005247,45.569655],[12.011324,45.569591],[12.026707,45.563827],[12.027568,45.563509],[12.029156,45.563087],[12.03186,45.562774],[12.032395,45.562715],[12.033357,45.562734]]]}},
{"type":"Feature","properties":{"comune":"PIAZZOLA SUL BRENTA","cantiere":"CAMPOSAMPIERO","nome_istat":"Piazzola sul Brenta","codice_istat":"028063","codice_catastale":"G587","provincia":"PD"},"geometry":{"type":"Polygon","coordinates":[[[11.763057,45.590966],[11.760014,45.588133],[11.759878,45.587895],[11.759814,45.587781],[11.759761,45.587689],[11.758557,45.585558],[11.758651,45.574785],[11.759304,45.573928],[11.760151,45.572823],[11.771819,45.566874],[11.776705,45.565324],[11.781434,45.566298],[11.786272,45.567495],[11.786312,45.567517],[11.786971,45.567877],[11.787297,45.568054],[11.789008,45.568634],[11.789631,45.568794],[11.789901,45.568828],[11.789966,45.568835],[11.790479,45.56885],[11.791195,45.56881],[11.79179,45.568719],[11.792555,45.568529],[11.793404,45.568013],[11.793739,45.567654],[11.794008,45.567188],[11.794302,45.566591],[11.796721,45.561437],[11.796887,45.56052],[11.79688,45.560263],[11.796772,45.556463],[11.796665,45.555984],[11.7964,45.555243],[11.796021,45.554506],[11.799323,45.551477],[11.797679,45.545715],[11.795628,45.538957],[11.79504,45.538998],[11.794181,45.538827],[11.794143,45.53882],[11.794032,45.538787],[11.793689,45.538617],[11.793298,45.538222],[11.793091,45.537912],[11.793025,45.537616],[11.793525,45.536335],[11.794093,45.535133],[11.794339,45.53492],[11.794773,45.534639],[11.794925,45.53455],[11.795271,45.534348],[11.795757,45.534084],[11.795959,45.53402],[11.796552,45.533839],[11.797097,45.533718],[11.804481,45.532583],[11.805457,45.532631],[11.806278,45.53316],[11.806371,45.533642],[11.806467,45.534136],[11.80789,45.538287],[11.808386,45.535385],[11.808962,45.53421],[11.808991,45.534155],[11.809301,45.533817],[11.810145,45.532902],[11.81024,45.532831],[11.810398,45.532712],[11.811022,45.532246],[11.811578,45.531832],[11.812964,45.531384],[11.813494,45.53142],[11.814879,45.531517],[11.816364,45.531959],[11.816439,45.531982],[11.817594,45.532791],[11.818835,45.533537],[11.818948,45.533605],[11.819048,45.533664],[11.819902,45.533868],[11.820933,45.533622],[11.821749,45.533426],[11.822824,45.532644],[11.826035,45.527443],[11.826094,45.526073],[11.825633,45.524284],[11.825004,45.523742],[11.823854,45.523284],[11.822511,45.522795],[11.8205,45.522199],[11.818199,45.521335],[11.817244,45.520675],[11.817119,45.519899],[11.817114,45.519868],[11.817157,45.519831],[11.817841,45.519283],[11.819722,45.518741],[11.819811,45.51873],[11.820478,45.518656],[11.820597,45.518643],[11.8211,45.518588],[11.822154,45.518474],[11.831207,45.518349],[11.839024,45.519388],[11.84013,45.519739],[11.840876,45.519792],[11.842119,45.519563],[11.843006,45.519136],[11.843589,45.518743],[11.84403,45.518363],[11.844091,45.517786],[11.843768,45.517285],[11.843605,45.517033],[11.843097,45.516613],[11.838272,45.513634],[11.834727,45.511524],[11.834222,45.51133],[11.834019,45.51125],[11.833969,45.511228],[11.83391,45.511202],[11.83278,45.5107],[11.832578,45.51061],[11.832487,45.510567],[11.832447,45.510541],[11.832317,45.510453],[11.831599,45.509968],[11.830825,45.509348],[11.830306,45.508695],[11.830237,45.507842],[11.830304,45.507764],[11.831,45.506959],[11.831326,45.506783],[11.832246,45.506289],[11.835262,45.505422],[11.839082,45.504499],[11.836356,45.499931],[11.832441,45.498957],[11.828829,45.49838],[11.826475,45.498151],[11.824008,45.499328],[11.817036,45.498042],[11.817223,45.497625],[11.817544,45.496922],[11.81586,45.494983],[11.812311,45.494666],[11.803331,45.499324],[11.793463,45.501268],[11.778215,45.523252],[11.776887,45.523129],[11.767234,45.522041],[11.763547,45.521304],[11.758958,45.520415],[11.758415,45.52292],[11.751401,45.532706],[11.741218,45.545013],[11.732458,45.557517],[11.730984,45.559343],[11.730167,45.559939],[11.729971,45.56004],[11.729182,45.560444],[11.729093,45.560489],[11.728766,45.560656],[11.727741,45.560645],[11.727076,45.560409],[11.723844,45.563141],[11.721317,45.568242],[11.718664,45.574822],[11.718595,45.575146],[11.718592,45.578766],[11.718611,45.579621],[11.7187,45.581664],[11.718734,45.581893],[11.718742,45.581936],[11.718961,45.583108],[11.718967,45.583137],[11.719103,45.583577],[11.721327,45.584102],[11.725904,45.582796],[11.731224,45.580409],[11.731365,45.579883],[11.732044,45.579885],[11.732331,45.579914],[11.7335,45.580031],[11.733886,45.580079],[11.735021,45.580219],[11.740335,45.581015],[11.742118,45.583414],[11.744273,45.586622],[11.745717,45.589],[11.747635,45.59178],[11.756939,45.591699],[11.763057,45.590966]]]}},
{"type":"Feature","properties":{"comune":"PIOMBINO DESE","cantiere":"CAMPOSAMPIERO","nome_istat":"Piombino Dese","codice_istat":"028064","codice_catastale":"G688","provincia":"PD"},"geometry":{"type":"Polygon","coordinates":[[[12.060276,45.638318],[12.066456,45.637513],[12.072943,45.64093],[12.074157,45.641662],[12.075107,45.63862],[12.07747,45.630689],[12.077495,45.630226],[12.077583,45.628593],[12.077691,45.627359],[12.078162,45.626457],[12.078805,45.62539],[12.080846,45.623656],[12.084465,45.623436],[12.08525,45.623424],[12.086427,45.623428],[12.08682,45.623456],[12.08305,45.618398],[12.083027,45.618921],[12.081266,45.619085],[12.077349,45.618759],[12.07255,45.616386],[12.068596,45.61444],[12.066055,45.613473],[12.059411,45.61348],[12.053689,45.616271],[12.046192,45.620648],[12.04586,45.621161],[12.045481,45.621729],[12.045006,45.621967],[12.043308,45.622354],[12.032508,45.624514],[12.031201,45.624531],[12.027925,45.624212],[12.022681,45.619977],[12.023041,45.616889],[12.023992,45.614092],[12.024163,45.60937],[12.023905,45.604579],[12.021584,45.585234],[12.014362,45.585155],[12.014086,45.586502],[12.012851,45.587867],[12.012507,45.588204],[12.010949,45.589638],[12.008106,45.59019],[12.003472,45.591041],[11.998277,45.590988],[11.991821,45.590843],[11.987701,45.59191],[11.983682,45.593315],[11.980876,45.593629],[11.975083,45.597473],[11.971083,45.600188],[11.966066,45.603748],[11.965626,45.604416],[11.965139,45.606121],[11.965115,45.606896],[11.965158,45.607939],[11.96543,45.609948],[11.965959,45.612671],[11.977279,45.618875],[11.986537,45.62317],[11.999283,45.622624],[12.005254,45.622431],[12.005762,45.624528],[12.004874,45.625677],[12.004312,45.626691],[12.004125,45.627497],[12.004057,45.632224],[12.004114,45.633452],[12.004525,45.63619],[12.004748,45.636985],[12.006285,45.64077],[12.010485,45.643009],[12.015932,45.646052],[12.02097,45.646125],[12.034418,45.646804],[12.049867,45.645294],[12.060276,45.638318]]]}},
{"type":"Feature","properties":{"comune":"SAN GIORGIO DELLE PERTICHE","cantiere":"CAMPOSAMPIERO","nome_istat":"San Giorgio delle Pertiche","codice_istat":"028075","codice_catastale":"H893","provincia":"PD"},"geometry":{"type":"Polygon","coordinates":[[[11.924356,45.549593],[11.93005,45.547214],[11.927828,45.542614],[11.92127,45.527367],[11.923854,45.525087],[11.924028,45.52499],[11.924563,45.524699],[11.926461,45.524012],[11.928373,45.52335],[11.929221,45.523322],[11.929497,45.523313],[11.930372,45.521643],[11.929511,45.520603],[11.923396,45.518689],[11.921448,45.518937],[11.920621,45.519075],[11.919969,45.519184],[11.919728,45.519225],[11.919568,45.519252],[11.919112,45.51933],[11.914587,45.520195],[11.910931,45.522329],[11.900492,45.524512],[11.900214,45.524555],[11.899641,45.524642],[11.896802,45.52502],[11.896627,45.525043],[11.895489,45.52184],[11.893596,45.516397],[11.891787,45.51201],[11.891073,45.510376],[11.890911,45.510382],[11.890268,45.510406],[11.888833,45.510631],[11.887124,45.511008],[11.882597,45.512104],[11.875178,45.515],[11.875186,45.515918],[11.875171,45.516008],[11.875137,45.516216],[11.874394,45.517972],[11.870568,45.526018],[11.866748,45.529011],[11.86584,45.529042],[11.861532,45.532034],[11.862605,45.534434],[11.863568,45.538259],[11.864027,45.540996],[11.855176,45.542757],[11.856665,45.545105],[11.858464,45.550758],[11.857178,45.552429],[11.856636,45.555899],[11.858454,45.557383],[11.86213,45.558362],[11.865514,45.558646],[11.870134,45.557288],[11.870168,45.557196],[11.870989,45.554953],[11.87385,45.554374],[11.876625,45.553813],[11.88967,45.548973],[11.898066,45.553659],[11.900021,45.553931],[11.914861,45.551537],[11.91693,45.55116],[11.920049,45.55053],[11.922076,45.550092],[11.924356,45.549593]]]}},
{"type":"Feature","properties":{"comune":"SAN GIORGIO IN BOSCO","cantiere":"CAMPOSAMPIERO","nome_istat":"San Giorgio in Bosco","codice_istat":"028076","codice_catastale":"H897","provincia":"PD"},"geometry":{"type":"Polygon","coordinates":[[[11.841734,45.617811],[11.841797,45.615254],[11.841879,45.608762],[11.840729,45.60402],[11.846047,45.598874],[11.847286,45.598276],[11.848002,45.597484],[11.848463,45.596968],[11.84949,45.595492],[11.849884,45.592108],[11.84974,45.591592],[11.849696,45.591438],[11.849397,45.591094],[11.848868,45.591026],[11.847816,45.591017],[11.847488,45.591133],[11.844446,45.592325],[11.84381,45.592601],[11.84348,45.592745],[11.842933,45.593083],[11.842935,45.593108],[11.84299,45.593702],[11.84312,45.594248],[11.843094,45.594278],[11.84283,45.594588],[11.842256,45.59517],[11.841421,45.595631],[11.837927,45.596464],[11.837543,45.596547],[11.836685,45.59655],[11.836102,45.59638],[11.836034,45.59636],[11.835608,45.596046],[11.83526,45.595506],[11.834397,45.593133],[11.833816,45.584092],[11.833924,45.582478],[11.834332,45.580148],[11.834414,45.579739],[11.834471,45.579563],[11.834647,45.579022],[11.835474,45.578632],[11.834649,45.576753],[11.830628,45.569436],[11.820756,45.564256],[11.80215,45.557042],[11.796021,45.554506],[11.7964,45.555243],[11.796665,45.555984],[11.796772,45.556463],[11.79688,45.560263],[11.796887,45.56052],[11.796721,45.561437],[11.794302,45.566591],[11.794008,45.567188],[11.793739,45.567654],[11.793404,45.568013],[11.792555,45.568529],[11.79179,45.568719],[11.791195,45.56881],[11.790479,45.56885],[11.789966,45.568835],[11.789901,45.568828],[11.789631,45.568794],[11.789008,45.568634],[11.787297,45.568054],[11.786971,45.567877],[11.786312,45.567517],[11.786272,45.567495],[11.781434,45.566298],[11.776705,45.565324],[11.771819,45.566874],[11.760151,45.572823],[11.759304,45.573928],[11.758651,45.574785],[11.758557,45.585558],[11.759761,45.587689],[11.759814,45.587781],[11.759878,45.587895],[11.760014,45.588133],[11.763057,45.590966],[11.766427,45.599283],[11.770874,45.596889],[11.771905,45.596729],[11.773152,45.596545],[11.773229,45.596583],[11.773783,45.596854],[11.775562,45.597837],[11.775823,45.598161],[11.776081,45.598481],[11.780231,45.604087],[11.785062,45.607642],[11.789661,45.606947],[11.795354,45.606577],[11.80065,45.607327],[11.81372,45.610188],[11.820846,45.61167],[11.825072,45.609404],[11.825785,45.609035],[11.826299,45.608798],[11.82686,45.608739],[11.827448,45.608949],[11.830057,45.610586],[11.830367,45.61191],[11.830722,45.613856],[11.829545,45.614685],[11.828868,45.614999],[11.82958,45.617924],[11.832127,45.620886],[11.836444,45.619743],[11.839878,45.618199],[11.841734,45.617811]]]}},
{"type":"Feature","properties":{"comune":"SAN MARTINO DI LUPARI","cantiere":"CAMPOSAMPIERO","nome_istat":"San Martino di Lupari","codice_istat":"028077","codice_catastale":"I008","provincia":"PD"},"geometry":{"type":"Polygon","coordinates":[[[11.839254,45.682951],[11.841932,45.683343],[11.865464,45.670649],[11.867586,45.669452],[11.867688,45.669261],[11.867961,45.66875],[11.868144,45.666576],[11.86823,45.666558],[11.869557,45.666295],[11.869911,45.666225],[11.873049,45.665822],[11.873793,45.665798],[11.873917,45.665794],[11.87442,45.665779],[11.88359,45.660615],[11.890538,45.64096],[11.893587,45.633152],[11.889448,45.631771],[11.891749,45.622622],[11.896308,45.615765],[11.898107,45.613091],[11.892376,45.611382],[11.890215,45.610014],[11.888268,45.60431],[11.885654,45.603109],[11.885383,45.603168],[11.885287,45.60319],[11.883946,45.603809],[11.883399,45.604381],[11.881582,45.607712],[11.875947,45.612634],[11.866205,45.615264],[11.86308,45.615081],[11.860054,45.615365],[11.859433,45.615515],[11.858167,45.616087],[11.851484,45.619126],[11.850783,45.619458],[11.849604,45.620066],[11.84932,45.620286],[11.84798,45.625239],[11.847833,45.625796],[11.847064,45.626581],[11.847018,45.626607],[11.846552,45.626865],[11.846216,45.627052],[11.845249,45.627463],[11.84365,45.627809],[11.838589,45.628691],[11.840306,45.632844],[11.841966,45.636861],[11.8421,45.637992],[11.841797,45.641294],[11.841562,45.643382],[11.841275,45.64588],[11.839887,45.653853],[11.839482,45.657013],[11.847207,45.658],[11.848152,45.658156],[11.848539,45.658244],[11.848351,45.659025],[11.847063,45.663125],[11.846449,45.664708],[11.841948,45.670363],[11.839641,45.671825],[11.83506,45.674268],[11.832244,45.675618],[11.826136,45.680552],[11.824023,45.683968],[11.823461,45.685074],[11.823264,45.685463],[11.823235,45.685526],[11.823216,45.685572],[11.823146,45.685742],[11.822896,45.686381],[11.829559,45.683219],[11.834267,45.680519],[11.839833,45.677657],[11.840964,45.677103],[11.839254,45.682951]]]}},
{"type":"Feature","properties":{"comune":"SAN PIETRO IN GU","cantiere":"CAMPOSAMPIERO","nome_istat":"San Pietro in Gu","codice_istat":"028078","codice_catastale":"I107","provincia":"PD"},"geometry":{"type":"Polygon","coordinates":[[[11.699319,45.609184],[11.702673,45.595265],[11.700073,45.596115],[11.699491,45.596119],[11.699275,45.59612],[11.697162,45.595829],[11.693279,45.595217],[11.692291,45.591042],[11.689569,45.589749],[11.685339,45.589025],[11.681912,45.58891],[11.672515,45.588955],[11.674266,45.591875],[11.674016,45.592286],[11.671539,45.594117],[11.666479,45.59501],[11.65907,45.594507],[11.659079,45.593085],[11.657591,45.592257],[11.656243,45.592295],[11.65524,45.592409],[11.649806,45.593273],[11.646027,45.594162],[11.644661,45.596134],[11.643415,45.597508],[11.642927,45.598051],[11.642748,45.598595],[11.642793,45.599017],[11.642864,45.599159],[11.643104,45.599631],[11.64452,45.602048],[11.646063,45.606778],[11.645683,45.610021],[11.645357,45.610443],[11.644764,45.610943],[11.643809,45.611343],[11.646823,45.619248],[11.649052,45.622801],[11.64554,45.627424],[11.645495,45.627844],[11.645434,45.628452],[11.645459,45.629253],[11.645777,45.630819],[11.646552,45.634196],[11.646932,45.634637],[11.651635,45.638587],[11.653886,45.639795],[11.655834,45.640294],[11.656184,45.640373],[11.662188,45.640331],[11.672372,45.640525],[11.676678,45.640136],[11.676597,45.639778],[11.676352,45.638416],[11.676282,45.637742],[11.677425,45.633422],[11.679724,45.627049],[11.685432,45.620815],[11.689481,45.612364],[11.689395,45.612383],[11.688837,45.612376],[11.688169,45.612328],[11.687826,45.61228],[11.687343,45.612204],[11.687127,45.610947],[11.687154,45.610582],[11.687157,45.610546],[11.68725,45.609924],[11.687398,45.60916],[11.689693,45.608271],[11.694492,45.608289],[11.699319,45.609184]]]}},
{"type":"Feature","properties":{"comune":"SANTA GIUSTINA IN COLLE","cantiere":"CAMPOSAMPIERO","nome_istat":"Santa Giustina in Colle","codice_istat":"028080","codice_catastale":"I207","provincia":"PD"},"geometry":{"type":"Polygon","coordinates":[[[11.904703,45.604219],[11.90651,45.60023],[11.90692,45.599482],[11.907316,45.598941],[11.909412,45.597409],[11.915976,45.592869],[11.917598,45.588264],[11.917727,45.582547],[11.917013,45.580718],[11.916614,45.579861],[11.916566,45.579757],[11.916463,45.579614],[11.916387,45.57951],[11.913963,45.579995],[11.913223,45.580302],[11.912998,45.58065],[11.911149,45.580355],[11.906947,45.575925],[11.906694,45.5755],[11.906544,45.575143],[11.906343,45.574653],[11.906189,45.574217],[11.906133,45.574056],[11.905965,45.573286],[11.906139,45.571445],[11.906377,45.571097],[11.911339,45.565379],[11.914885,45.561904],[11.916069,45.560839],[11.917635,45.560067],[11.922099,45.557932],[11.923851,45.557576],[11.924608,45.556943],[11.926,45.554349],[11.925703,45.552596],[11.925432,45.551678],[11.924356,45.549593],[11.922076,45.550092],[11.920049,45.55053],[11.91693,45.55116],[11.914861,45.551537],[11.900021,45.553931],[11.898066,45.553659],[11.88967,45.548973],[11.876625,45.553813],[11.87385,45.554374],[11.870989,45.554953],[11.870168,45.557196],[11.870134,45.557288],[11.87028,45.561659],[11.870897,45.564209],[11.875579,45.5668],[11.880288,45.572938],[11.880789,45.57396],[11.881526,45.57557],[11.881685,45.576443],[11.876572,45.595768],[11.875579,45.599664],[11.875705,45.600129],[11.876413,45.601931],[11.877129,45.603153],[11.878883,45.606097],[11.881582,45.607712],[11.883399,45.604381],[11.883946,45.603809],[11.885287,45.60319],[11.885383,45.603168],[11.885654,45.603109],[11.888268,45.60431],[11.890215,45.610014],[11.892376,45.611382],[11.898107,45.613091],[11.904703,45.604219]]]}},
{"type":"Feature","properties":{"comune":"SAONARA","cantiere":"CAMPOSAMPIERO","nome_istat":"Saonara","codice_istat":"028085","codice_catastale":"I418","provincia":"PD"},"geometry":{"type":"Polygon","coordinates":[[[12.012104,45.37039],[12.011795,45.368418],[12.011642,45.367468],[12.011317,45.367409],[12.010727,45.367303],[12.010122,45.36728],[12.009563,45.367261],[12.009251,45.367292],[12.008369,45.367383],[12.005155,45.365532],[12.000469,45.360966],[11.999374,45.359815],[11.998969,45.35916],[11.998797,45.358824],[11.998756,45.358743],[11.997881,45.354751],[11.994485,45.351131],[11.993706,45.350387],[11.988296,45.348989],[11.987454,45.349254],[11.98687,45.34954],[11.986547,45.349719],[11.986887,45.350106],[11.986989,45.35059],[11.987024,45.351264],[11.986788,45.351873],[11.982519,45.35663],[11.9819,45.35652],[11.978563,45.355641],[11.971212,45.3594],[11.972398,45.371323],[11.972445,45.371809],[11.972453,45.371928],[11.972468,45.37241],[11.972093,45.372573],[11.969089,45.373008],[11.967807,45.372739],[11.965693,45.372047],[11.965638,45.372026],[11.965397,45.371933],[11.96501,45.371783],[11.964885,45.371735],[11.964727,45.371572],[11.964264,45.371094],[11.958604,45.372032],[11.959827,45.374656],[11.956248,45.380735],[11.959074,45.390643],[11.960008,45.392807],[11.962328,45.397681],[11.962596,45.398069],[11.96512,45.397777],[11.965403,45.397744],[11.966193,45.397648],[11.966888,45.397564],[11.972928,45.398525],[11.975062,45.401453],[11.975296,45.398089],[11.981609,45.396085],[11.984051,45.396169],[11.984906,45.396148],[11.985441,45.396132],[11.986276,45.396069],[11.986536,45.39605],[11.987716,45.395902],[11.988673,45.395625],[11.98927,45.39533],[11.990337,45.394726],[11.990734,45.394491],[11.991141,45.394219],[11.991497,45.393949],[11.993674,45.388725],[11.994789,45.385167],[11.994261,45.384596],[11.994184,45.384413],[11.994041,45.38407],[11.992805,45.380936],[11.994098,45.37982],[11.997339,45.377593],[11.998298,45.37737],[12.00084,45.376826],[12.009636,45.372246],[12.012104,45.37039]]]}},
{"type":"Feature","properties":{"comune":"TOMBOLO","cantiere":"CAMPOSAMPIERO","nome_istat":"Tombolo","codice_istat":"028091","codice_catastale":"L199","provincia":"PD"},"geometry":{"type":"Polygon","coordinates":[[[11.838589,45.628691],[11.838357,45.628166],[11.838279,45.627576],[11.838274,45.627544],[11.838286,45.627135],[11.838293,45.626889],[11.840687,45.621838],[11.841734,45.617811],[11.839878,45.618199],[11.836444,45.619743],[11.832127,45.620886],[11.82958,45.617924],[11.828868,45.614999],[11.829545,45.614685],[11.830722,45.613856],[11.830367,45.61191],[11.830057,45.610586],[11.827448,45.608949],[11.82686,45.608739],[11.826299,45.608798],[11.825785,45.609035],[11.825072,45.609404],[11.820846,45.61167],[11.819913,45.614218],[11.813797,45.617306],[11.808886,45.619181],[11.80827,45.625482],[11.807596,45.629141],[11.803459,45.631939],[11.803007,45.633088],[11.805023,45.636884],[11.813,45.65132],[11.813891,45.653236],[11.839482,45.657013],[11.839887,45.653853],[11.841275,45.64588],[11.841562,45.643382],[11.841797,45.641294],[11.8421,45.637992],[11.841966,45.636861],[11.840306,45.632844],[11.838589,45.628691]]]}},
{"type":"Feature","properties":{"comune":"CAMPODORO","cantiere":"RUBANO","nome_istat":"Campodoro","codice_istat":"028018","codice_catastale":"B531","provincia":"PD"},"geometry":{"type":"Polygon","coordinates":[[[11.773174,45.481057],[11.772253,45.480362],[11.772216,45.480335],[11.771988,45.48017],[11.771447,45.479841],[11.771279,45.479765],[11.7709,45.479594],[11.770767,45.479534],[11.770135,45.479441],[11.768154,45.47948],[11.766505,45.47952],[11.761116,45.479732],[11.756321,45.479803],[11.755321,45.479755],[11.755029,45.479546],[11.753314,45.478219],[11.752422,45.477511],[11.751333,45.475377],[11.747393,45.477227],[11.745712,45.478447],[11.743137,45.482586],[11.741892,45.488074],[11.735952,45.495676],[11.735279,45.497893],[11.734883,45.501336],[11.735313,45.505455],[11.733999,45.512249],[11.733146,45.512512],[11.732245,45.513218],[11.729867,45.51539],[11.72933,45.516213],[11.728038,45.519783],[11.727954,45.520053],[11.727914,45.520549],[11.72829,45.520797],[11.729289,45.521453],[11.732226,45.519841],[11.734322,45.51856],[11.741346,45.517653],[11.756188,45.5193],[11.758958,45.520415],[11.763547,45.521304],[11.762999,45.517106],[11.766385,45.514756],[11.769078,45.512915],[11.769853,45.511771],[11.76997,45.51076],[11.769999,45.503934],[11.77,45.50355],[11.769481,45.496887],[11.769014,45.492061],[11.769057,45.483806],[11.770804,45.481989],[11.771911,45.481477],[11.773174,45.481057]]]}},
{"type":"Feature","properties":{"comune":"CERVARESE SANTA CROCE","cantiere":"RUBANO","nome_istat":"Cervarese Santa Croce","codice_istat":"028030","codice_catastale":"C544","provincia":"PD"},"geometry":{"type":"Polygon","coordinates":[[[11.716991,45.399734],[11.72014,45.39532],[11.720305,45.393696],[11.716137,45.392832],[11.715104,45.387672],[11.716627,45.385997],[11.719631,45.382595],[11.72126,45.379802],[11.721445,45.379465],[11.715234,45.373879],[11.71092,45.372181],[11.705827,45.37115],[11.700484,45.37106],[11.699672,45.371169],[11.698895,45.371367],[11.698271,45.371526],[11.689165,45.376152],[11.688033,45.376728],[11.687442,45.377127],[11.68708,45.377371],[11.686177,45.380687],[11.685491,45.387229],[11.68528,45.390322],[11.685753,45.392489],[11.686839,45.398152],[11.682388,45.403721],[11.679215,45.405784],[11.666254,45.40625],[11.657031,45.408778],[11.654028,45.409865],[11.653196,45.410398],[11.652311,45.416593],[11.653099,45.416764],[11.66163,45.421534],[11.664457,45.42267],[11.666321,45.423153],[11.672197,45.42388],[11.673699,45.423745],[11.676224,45.423083],[11.67915,45.4262],[11.679251,45.426308],[11.679522,45.426597],[11.680086,45.427983],[11.680347,45.428626],[11.683236,45.429418],[11.686204,45.428673],[11.692107,45.426767],[11.695571,45.425304],[11.701957,45.422398],[11.706967,45.420014],[11.713451,45.414643],[11.713697,45.413908],[11.71378,45.403645],[11.716991,45.399734]]]}},
{"type":"Feature","properties":{"comune":"GALZIGNANO TERME","cantiere":"RUBANO","nome_istat":"Galzignano Terme","codice_istat":"028040","codice_catastale":"D889","provincia":"PD"},"geometry":{"type":"Polygon","coordinates":[[[11.754726,45.318564],[11.754711,45.318429],[11.754635,45.317747],[11.754659,45.317359],[11.754666,45.317258],[11.754701,45.316746],[11.756115,45.313273],[11.758189,45.312966],[11.760817,45.309741],[11.761413,45.304639],[11.760712,45.302333],[11.759722,45.301385],[11.759093,45.30077],[11.758473,45.300092],[11.758281,45.299876],[11.757906,45.299449],[11.757664,45.298932],[11.758508,45.298472],[11.758584,45.298433],[11.767221,45.294208],[11.773291,45.291398],[11.766286,45.286347],[11.752707,45.278997],[11.742046,45.281594],[11.738926,45.28274],[11.734341,45.28472],[11.725447,45.286429],[11.723058,45.286873],[11.721941,45.28699],[11.721054,45.286866],[11.720568,45.286798],[11.718848,45.286317],[11.717151,45.285736],[11.709548,45.284071],[11.704819,45.28304],[11.704315,45.284231],[11.706835,45.288439],[11.707951,45.29339],[11.708217,45.295751],[11.708226,45.295889],[11.708262,45.296425],[11.707849,45.296867],[11.696892,45.307577],[11.695526,45.308604],[11.693393,45.310198],[11.697777,45.317149],[11.700509,45.318743],[11.701033,45.318464],[11.70204,45.317933],[11.703221,45.317536],[11.703978,45.317365],[11.712443,45.316165],[11.714437,45.316495],[11.715764,45.31677],[11.717043,45.31764],[11.719444,45.319023],[11.721504,45.320206],[11.72408,45.321235],[11.726487,45.321851],[11.729791,45.321125],[11.737123,45.318645],[11.737728,45.317964],[11.738491,45.317379],[11.739818,45.316852],[11.742646,45.316244],[11.744891,45.315974],[11.74879,45.316663],[11.751165,45.317227],[11.754726,45.318564]]]}},
{"type":"Feature","properties":{"comune":"LIMENA","cantiere":"RUBANO","nome_istat":"Limena","codice_istat":"028045","codice_catastale":"E592","provincia":"PD"},"geometry":{"type":"Polygon","coordinates":[[[11.852042,45.499306],[11.852302,45.496842],[11.8523,45.490973],[11.85107,45.488313],[11.850164,45.48847],[11.848574,45.488654],[11.846817,45.488581],[11.845711,45.488221],[11.845401,45.48741],[11.845841,45.482925],[11.846087,45.481722],[11.850183,45.473879],[11.856857,45.471272],[11.857341,45.471279],[11.858701,45.471298],[11.86017,45.471262],[11.861077,45.471162],[11.861239,45.471144],[11.862176,45.470446],[11.862687,45.469164],[11.862745,45.468198],[11.862811,45.462023],[11.861589,45.457337],[11.859311,45.455549],[11.856793,45.456836],[11.855769,45.457333],[11.853145,45.455766],[11.852435,45.454866],[11.852324,45.45395],[11.852176,45.453631],[11.851794,45.452812],[11.851295,45.452311],[11.849755,45.450874],[11.846808,45.449299],[11.843899,45.449628],[11.841188,45.450869],[11.841103,45.450929],[11.839916,45.452109],[11.839515,45.452542],[11.839094,45.453056],[11.839046,45.453372],[11.838994,45.453556],[11.83885,45.45407],[11.838332,45.454695],[11.837808,45.455196],[11.836918,45.455568],[11.836312,45.455559],[11.835766,45.455551],[11.832462,45.455219],[11.832119,45.454499],[11.831783,45.453661],[11.830093,45.448527],[11.824433,45.456101],[11.820287,45.462155],[11.817101,45.46677],[11.81503,45.469688],[11.813475,45.471761],[11.808676,45.478067],[11.808812,45.481187],[11.810412,45.483245],[11.812454,45.484689],[11.816775,45.487679],[11.822376,45.488621],[11.823228,45.48851],[11.824891,45.48927],[11.826264,45.490361],[11.826047,45.490618],[11.823055,45.493231],[11.817544,45.496922],[11.817223,45.497625],[11.817036,45.498042],[11.824008,45.499328],[11.826475,45.498151],[11.828829,45.49838],[11.832441,45.498957],[11.836356,45.499931],[11.839082,45.504499],[11.839312,45.504413],[11.839949,45.504178],[11.8401,45.504122],[11.840147,45.50411],[11.840797,45.503949],[11.841022,45.503892],[11.843528,45.503317],[11.844178,45.503778],[11.844909,45.504309],[11.845603,45.504876],[11.843592,45.497212],[11.843476,45.496441],[11.843848,45.495694],[11.844433,45.495394],[11.844921,45.495145],[11.845054,45.495119],[11.846043,45.494941],[11.846316,45.494894],[11.846525,45.49492],[11.846681,45.494941],[11.847479,45.495047],[11.847914,45.495106],[11.84876,45.495382],[11.849361,45.495748],[11.849526,45.495849],[11.849946,45.496307],[11.852042,45.499306]]]}},
{"type":"Feature","properties":{"comune":"MESTRINO","cantiere":"RUBANO","nome_istat":"Mestrino","codice_istat":"028054","codice_catastale":"F161","provincia":"PD"},"geometry":{"type":"Polygon","coordinates":[[[11.776577,45.449025],[11.779474,45.44696],[11.784144,45.440446],[11.782381,45.439438],[11.776821,45.437909],[11.775548,45.43334],[11.775475,45.43254],[11.776192,45.430822],[11.777125,45.428738],[11.777208,45.42834],[11.777246,45.427304],[11.777176,45.426573],[11.776306,45.424041],[11.776163,45.423918],[11.775801,45.423772],[11.775667,45.42372],[11.775591,45.423691],[11.771755,45.423868],[11.766802,45.426719],[11.760729,45.430057],[11.751532,45.432993],[11.746338,45.429654],[11.744666,45.428191],[11.744045,45.428126],[11.738953,45.429322],[11.727118,45.432194],[11.725828,45.432805],[11.724982,45.434743],[11.724962,45.434803],[11.725147,45.434978],[11.725324,45.435139],[11.72586,45.435528],[11.726216,45.435717],[11.727914,45.436289],[11.729872,45.436602],[11.732641,45.436743],[11.737085,45.437707],[11.739062,45.438137],[11.740568,45.438596],[11.743059,45.439607],[11.743168,45.440019],[11.743167,45.44025],[11.740764,45.442789],[11.741572,45.446051],[11.742568,45.448269],[11.739765,45.451325],[11.731105,45.455259],[11.724733,45.456105],[11.715795,45.457101],[11.714543,45.457139],[11.713891,45.457353],[11.711006,45.458313],[11.709458,45.458844],[11.708632,45.460016],[11.709641,45.461586],[11.710039,45.462683],[11.708426,45.467996],[11.707129,45.471366],[11.706592,45.47272],[11.706292,45.473133],[11.706071,45.473307],[11.717977,45.474286],[11.720645,45.473665],[11.722934,45.473321],[11.73863,45.471182],[11.744361,45.471188],[11.744851,45.471249],[11.745265,45.471564],[11.745447,45.471703],[11.745491,45.471795],[11.745649,45.472139],[11.745616,45.472403],[11.745602,45.472506],[11.745535,45.47296],[11.744976,45.473307],[11.744599,45.473451],[11.744236,45.476616],[11.745712,45.478447],[11.747393,45.477227],[11.751333,45.475377],[11.752422,45.477511],[11.753314,45.478219],[11.755029,45.479546],[11.755321,45.479755],[11.756321,45.479803],[11.761116,45.479732],[11.766505,45.47952],[11.768154,45.47948],[11.770135,45.479441],[11.770767,45.479534],[11.7709,45.479594],[11.771279,45.479765],[11.771447,45.479841],[11.771988,45.48017],[11.772216,45.480335],[11.772253,45.480362],[11.773174,45.481057],[11.77336,45.481225],[11.77339,45.481252],[11.773597,45.481112],[11.773624,45.481094],[11.776234,45.479287],[11.776759,45.478875],[11.777974,45.477792],[11.778375,45.47709],[11.77985,45.474047],[11.779504,45.471949],[11.77624,45.473478],[11.775592,45.473566],[11.773675,45.47336],[11.772791,45.473076],[11.77245,45.472904],[11.769244,45.471173],[11.768502,45.468823],[11.7615,45.459839],[11.758658,45.457171],[11.757732,45.455874],[11.758238,45.454369],[11.767643,45.446511],[11.776577,45.449025]]]}},
{"type":"Feature","properties":{"comune":"MONTEGROTTO TERME","cantiere":"RUBANO","nome_istat":"Montegrotto Terme","codice_istat":"028057","codice_catastale":"F529","provincia":"PD"},"geometry":{"type":"Polygon","coordinates":[[[11.817434,45.330877],[11.814511,45.327398],[11.804409,45.315799],[11.802654,45.313837],[11.799218,45.30999],[11.798868,45.309572],[11.797692,45.308157],[11.79737,45.307769],[11.792521,45.299939],[11.790615,45.300545],[11.79078,45.305005],[11.792194,45.306527],[11.793235,45.307213],[11.793633,45.307815],[11.793745,45.307984],[11.793656,45.308448],[11.793521,45.309156],[11.79351,45.309204],[11.792823,45.309986],[11.788623,45.311223],[11.787457,45.311117],[11.773397,45.309524],[11.768536,45.303485],[11.768008,45.30285],[11.766776,45.302448],[11.763456,45.301583],[11.762491,45.30166],[11.761582,45.301862],[11.76107,45.302082],[11.760712,45.302333],[11.761413,45.304639],[11.760817,45.309741],[11.758189,45.312966],[11.756115,45.313273],[11.754701,45.316746],[11.754666,45.317258],[11.754659,45.317359],[11.754635,45.317747],[11.754711,45.318429],[11.754726,45.318564],[11.755353,45.318783],[11.757905,45.320719],[11.758804,45.322678],[11.759587,45.324934],[11.759541,45.325415],[11.759513,45.325712],[11.75934,45.326355],[11.759216,45.326691],[11.757718,45.326919],[11.757462,45.32747],[11.757811,45.329291],[11.758225,45.33046],[11.760342,45.334904],[11.763228,45.339899],[11.772121,45.337053],[11.777964,45.339271],[11.775283,45.343414],[11.775068,45.343986],[11.775376,45.344285],[11.789665,45.346502],[11.792434,45.346774],[11.797023,45.345277],[11.802848,45.343289],[11.809447,45.340975],[11.809772,45.340781],[11.810067,45.340605],[11.810451,45.340375],[11.811705,45.339138],[11.812236,45.33855],[11.812745,45.337987],[11.81278,45.337942],[11.812918,45.337766],[11.813533,45.336981],[11.813766,45.336683],[11.81377,45.336629],[11.813828,45.335942],[11.814227,45.334093],[11.816208,45.331636],[11.817434,45.330877]]]}},
{"type":"Feature","properties":{"comune":"ROVOLON","cantiere":"RUBANO","nome_istat":"Rovolon","codice_istat":"028071","codice_catastale":"H622","provincia":"PD"},"geometry":{"type":"Polygon","coordinates":[[[11.698271,45.371526],[11.693396,45.370162],[11.686358,45.372375],[11.683599,45.375068],[11.680743,45.378344],[11.677866,45.370225],[11.678032,45.368583],[11.676455,45.366297],[11.675842,45.365492],[11.673837,45.363595],[11.672263,45.362165],[11.668259,45.360116],[11.666957,45.360111],[11.66003,45.360236],[11.659031,45.360449],[11.657691,45.359922],[11.655207,45.358413],[11.65444,45.357942],[11.654234,45.357815],[11.653233,45.357154],[11.651389,45.355658],[11.651325,45.355382],[11.650041,45.35442],[11.649523,45.35417],[11.649023,45.35393],[11.637733,45.349448],[11.636612,45.34924],[11.63452,45.349261],[11.63238,45.349373],[11.628161,45.349786],[11.627359,45.349879],[11.625513,45.350096],[11.625371,45.350113],[11.625304,45.350122],[11.626259,45.350187],[11.626706,45.351771],[11.62679,45.352076],[11.626902,45.35254],[11.626984,45.352891],[11.627149,45.353914],[11.627445,45.356364],[11.625253,45.359223],[11.624542,45.360131],[11.623731,45.360824],[11.623074,45.361245],[11.622243,45.361421],[11.621974,45.361477],[11.620947,45.361356],[11.619973,45.362108],[11.616433,45.365646],[11.615569,45.366575],[11.614847,45.367536],[11.614111,45.368732],[11.61221,45.372376],[11.611469,45.37432],[11.611341,45.374863],[11.614388,45.384163],[11.6157,45.388022],[11.615883,45.388324],[11.617253,45.389429],[11.624816,45.394474],[11.626649,45.39571],[11.634688,45.401197],[11.635061,45.401452],[11.645275,45.407292],[11.653196,45.410398],[11.654028,45.409865],[11.657031,45.408778],[11.666254,45.40625],[11.679215,45.405784],[11.682388,45.403721],[11.686839,45.398152],[11.685753,45.392489],[11.68528,45.390322],[11.685491,45.387229],[11.686177,45.380687],[11.68708,45.377371],[11.687442,45.377127],[11.688033,45.376728],[11.689165,45.376152],[11.698271,45.371526]]]}},
{"type":"Feature","properties":{"comune":"RUBANO","cantiere":"RUBANO","nome_istat":"Rubano","codice_istat":"028072","codice_catastale":"H625","provincia":"PD"},"geometry":{"type":"Polygon","coordinates":[[[11.82921,45.44647],[11.829075,45.44366],[11.828699,45.437004],[11.828336,45.433331],[11.826394,45.426393],[11.825883,45.415558],[11.822842,45.416755],[11.814155,45.418587],[11.804486,45.418497],[11.795125,45.415814],[11.788598,45.417386],[11.788679,45.417439],[11.789224,45.418021],[11.789333,45.418173],[11.789357,45.418206],[11.789493,45.418404],[11.789619,45.418594],[11.789683,45.4187],[11.78974,45.418839],[11.789789,45.418968],[11.789759,45.419952],[11.789574,45.420382],[11.789502,45.420464],[11.789145,45.420877],[11.787797,45.422412],[11.787499,45.422563],[11.782889,45.423762],[11.780923,45.424077],[11.779868,45.424215],[11.778386,45.423637],[11.776294,45.422483],[11.775591,45.423691],[11.775667,45.42372],[11.775801,45.423772],[11.776163,45.423918],[11.776306,45.424041],[11.777176,45.426573],[11.777246,45.427304],[11.777208,45.42834],[11.777125,45.428738],[11.776192,45.430822],[11.775475,45.43254],[11.775548,45.43334],[11.776821,45.437909],[11.782381,45.439438],[11.784144,45.440446],[11.779474,45.44696],[11.776577,45.449025],[11.777803,45.450104],[11.780769,45.452422],[11.786386,45.456103],[11.789829,45.457205],[11.800599,45.455954],[11.80689,45.453954],[11.81105,45.451198],[11.814244,45.44714],[11.818122,45.446195],[11.822858,45.44525],[11.82618,45.445838],[11.82921,45.44647]]]}},
{"type":"Feature","properties":{"comune":"SACCOLONGO","cantiere":"RUBANO","nome_istat":"Saccolongo","codice_istat":"028073","codice_catastale":"H655","provincia":"PD"},"geometry":{"type":"Polygon","coordinates":[[[11.775591,45.423691],[11.776294,45.422483],[11.774274,45.420835],[11.769493,45.417438],[11.764928,45.410628],[11.764646,45.408592],[11.763844,45.402673],[11.765591,45.398004],[11.768042,45.397146],[11.76964,45.396992],[11.770764,45.395362],[11.765856,45.391118],[11.760074,45.388664],[11.752129,45.388108],[11.743039,45.388512],[11.739925,45.387317],[11.731933,45.392158],[11.725976,45.395262],[11.72014,45.39532],[11.716991,45.399734],[11.72074,45.404622],[11.733115,45.420245],[11.739647,45.422479],[11.743207,45.425787],[11.744666,45.428191],[11.746338,45.429654],[11.751532,45.432993],[11.760729,45.430057],[11.766802,45.426719],[11.771755,45.423868],[11.775591,45.423691]]]}},
{"type":"Feature","properties":{"comune":"SELVAZZANO DENTRO","cantiere":"RUBANO","nome_istat":"Selvazzano Dentro","codice_istat":"028086","codice_catastale":"I595","provincia":"PD"},"geometry":{"type":"Polygon","coordinates":[[[11.825883,45.415558],[11.825508,45.410243],[11.825415,45.409303],[11.825386,45.409148],[11.825253,45.408449],[11.825145,45.407896],[11.825123,45.407786],[11.82511,45.407719],[11.82477,45.406309],[11.824239,45.40444],[11.823359,45.403509],[11.821285,45.402935],[11.819108,45.393026],[11.816219,45.389763],[11.812597,45.386603],[11.810219,45.384873],[11.8101,45.384703],[11.809815,45.384284],[11.809509,45.383834],[11.805438,45.377417],[11.800776,45.379512],[11.791206,45.382546],[11.780099,45.382227],[11.77751,45.382722],[11.776676,45.382616],[11.77194,45.381206],[11.769522,45.380477],[11.767519,45.379858],[11.760345,45.377735],[11.757604,45.379147],[11.746431,45.380741],[11.743308,45.380071],[11.742824,45.380037],[11.742588,45.380474],[11.739474,45.386626],[11.739925,45.387317],[11.743039,45.388512],[11.752129,45.388108],[11.760074,45.388664],[11.765856,45.391118],[11.770764,45.395362],[11.76964,45.396992],[11.768042,45.397146],[11.765591,45.398004],[11.763844,45.402673],[11.764646,45.408592],[11.764928,45.410628],[11.769493,45.417438],[11.774274,45.420835],[11.776294,45.422483],[11.778386,45.423637],[11.779868,45.424215],[11.780923,45.424077],[11.782889,45.423762],[11.787499,45.422563],[11.787797,45.422412],[11.789145,45.420877],[11.789502,45.420464],[11.789574,45.420382],[11.789759,45.419952],[11.789789,45.418968],[11.78974,45.418839],[11.789683,45.4187],[11.789619,45.418594],[11.789493,45.418404],[11.789357,45.418206],[11.789333,45.418173],[11.789224,45.418021],[11.788679,45.417439],[11.788598,45.417386],[11.795125,45.415814],[11.804486,45.418497],[11.814155,45.418587],[11.822842,45.416755],[11.825883,45.415558]]]}},
{"type":"Feature","properties":{"comune":"TEOLO","cantiere":"RUBANO","nome_istat":"Teolo","codice_istat":"028089","codice_catastale":"L100","provincia":"PD"},"geometry":{"type":"Polygon","coordinates":[[[11.739925,45.387317],[11.739474,45.386626],[11.742588,45.380474],[11.742824,45.380037],[11.743308,45.380071],[11.746431,45.380741],[11.757604,45.379147],[11.760345,45.377735],[11.767519,45.379858],[11.767522,45.377951],[11.764474,45.371507],[11.761065,45.367729],[11.758207,45.36265],[11.757136,45.355582],[11.7573,45.352923],[11.757325,45.352571],[11.757345,45.352283],[11.757524,45.352036],[11.758326,45.35171],[11.758485,45.351657],[11.759281,45.35139],[11.760364,45.351085],[11.761543,45.35066],[11.762225,45.347628],[11.76243,45.346308],[11.760865,45.346419],[11.757947,45.346543],[11.753359,45.346681],[11.744215,45.346613],[11.738782,45.346168],[11.73295,45.346217],[11.732377,45.34624],[11.732339,45.346243],[11.731461,45.346307],[11.730199,45.346626],[11.725999,45.348454],[11.725573,45.348896],[11.722624,45.352806],[11.722065,45.353861],[11.723018,45.355501],[11.723761,45.356627],[11.724222,45.356922],[11.72549,45.357531],[11.726583,45.358234],[11.727517,45.359057],[11.728584,45.360283],[11.729224,45.361375],[11.729908,45.363375],[11.730366,45.365841],[11.730429,45.367575],[11.730034,45.37024],[11.729494,45.370183],[11.728917,45.370123],[11.728116,45.370016],[11.727748,45.369965],[11.72681,45.369818],[11.726326,45.369742],[11.725526,45.369615],[11.720177,45.368684],[11.719229,45.368504],[11.718629,45.36839],[11.708288,45.363323],[11.70351,45.357642],[11.699765,45.353002],[11.698877,45.350744],[11.69822,45.344569],[11.698507,45.342932],[11.698696,45.342064],[11.69976,45.340722],[11.701139,45.335741],[11.702012,45.330915],[11.701939,45.329763],[11.700678,45.323627],[11.700509,45.318743],[11.697777,45.317149],[11.697168,45.316626],[11.696719,45.316312],[11.696292,45.316169],[11.695242,45.316104],[11.690204,45.316124],[11.689435,45.316322],[11.675171,45.322814],[11.671961,45.324294],[11.666931,45.328588],[11.666826,45.328866],[11.666647,45.329337],[11.666845,45.329961],[11.666887,45.330092],[11.668203,45.331493],[11.668763,45.333631],[11.664005,45.338703],[11.65819,45.34468],[11.656136,45.346879],[11.655151,45.348198],[11.655191,45.349052],[11.655966,45.352797],[11.653685,45.354263],[11.651325,45.355382],[11.651389,45.355658],[11.653233,45.357154],[11.654234,45.357815],[11.65444,45.357942],[11.655207,45.358413],[11.657691,45.359922],[11.659031,45.360449],[11.66003,45.360236],[11.666957,45.360111],[11.668259,45.360116],[11.672263,45.362165],[11.673837,45.363595],[11.675842,45.365492],[11.676455,45.366297],[11.678032,45.368583],[11.677866,45.370225],[11.680743,45.378344],[11.683599,45.375068],[11.686358,45.372375],[11.693396,45.370162],[11.698271,45.371526],[11.698895,45.371367],[11.699672,45.371169],[11.700484,45.37106],[11.705827,45.37115],[11.71092,45.372181],[11.715234,45.373879],[11.721445,45.379465],[11.72126,45.379802],[11.719631,45.382595],[11.716627,45.385997],[11.715104,45.387672],[11.716137,45.392832],[11.720305,45.393696],[11.72014,45.39532],[11.725976,45.395262],[11.731933,45.392158],[11.739925,45.387317]]]}},
{"type":"Feature","properties":{"comune":"TORREGLIA","cantiere":"RUBANO","nome_istat":"Torreglia","codice_istat":"028092","codice_catastale":"L270","provincia":"PD"},"geometry":{"type":"Polygon","coordinates":[[[11.760865,45.346419],[11.763228,45.339899],[11.760342,45.334904],[11.758225,45.33046],[11.757811,45.329291],[11.757462,45.32747],[11.757718,45.326919],[11.759216,45.326691],[11.75934,45.326355],[11.759513,45.325712],[11.759541,45.325415],[11.759587,45.324934],[11.758804,45.322678],[11.757905,45.320719],[11.755353,45.318783],[11.754726,45.318564],[11.751165,45.317227],[11.74879,45.316663],[11.744891,45.315974],[11.742646,45.316244],[11.739818,45.316852],[11.738491,45.317379],[11.737728,45.317964],[11.737123,45.318645],[11.729791,45.321125],[11.726487,45.321851],[11.72408,45.321235],[11.721504,45.320206],[11.719444,45.319023],[11.717043,45.31764],[11.715764,45.31677],[11.714437,45.316495],[11.712443,45.316165],[11.703978,45.317365],[11.703221,45.317536],[11.70204,45.317933],[11.701033,45.318464],[11.700509,45.318743],[11.700678,45.323627],[11.701939,45.329763],[11.702012,45.330915],[11.701139,45.335741],[11.69976,45.340722],[11.698696,45.342064],[11.698507,45.342932],[11.69822,45.344569],[11.698877,45.350744],[11.699765,45.353002],[11.70351,45.357642],[11.708288,45.363323],[11.718629,45.36839],[11.719229,45.368504],[11.720177,45.368684],[11.725526,45.369615],[11.726326,45.369742],[11.72681,45.369818],[11.727748,45.369965],[11.728116,45.370016],[11.728917,45.370123],[11.729494,45.370183],[11.730034,45.37024],[11.730429,45.367575],[11.730366,45.365841],[11.729908,45.363375],[11.729224,45.361375],[11.728584,45.360283],[11.727517,45.359057],[11.726583,45.358234],[11.72549,45.357531],[11.724222,45.356922],[11.723761,45.356627],[11.723018,45.355501],[11.722065,45.353861],[11.722624,45.352806],[11.725573,45.348896],[11.725999,45.348454],[11.730199,45.346626],[11.731461,45.346307],[11.732339,45.346243],[11.732377,45.34624],[11.73295,45.346217],[11.738782,45.346168],[11.744215,45.346613],[11.753359,45.346681],[11.757947,45.346543],[11.760865,45.346419]]]}}
]}
