giorno_lettura,targa_veicolo,matricola_veicolo,RFID,presente_a_database,servizio_transponder,servizio_atteso,id_utenza,latitudine,longitudine,comune_da_database,comune_lettura,cantiere,volume_previsto,numero_raccolte_annue_previste
2024-10-01 06:05:57,IL789MN,VEH003,RFD20241001301,Non Presente,NA,UMIDO PAP,NA,45.5658,11.9399,NA,CAMPOSAMPIERO,CAMPOSAMPIERO,NA,NA
2024-10-01 07:33:42,AB123CD,VEH001,RFD20241001103,Presente,CARTA,CARTA/CARTONE PAP,UTZ013,45.5659,11.9182,CAMPOSAMPIERO,CAMPOSAMPIERO,CAMPOSAMPIERO,240,26
2024-10-01 08:55:36,AB123CD,VEH001,RFD20241001040,Presente,CARTA,CARTA/CARTONE PAP,UTZ006,45.4760,11.8480,LIMENA,LIMENA,RUBANO,240,26
2024-10-01 09:30:58,IL789MN,VEH003,RFD20241001072,Presente,UMIDO,UMIDO PAP,UTZ003,45.8085,11.5992,LUSIANA CONCO,LUSIANA CONCO,ASIAGO,240,26
2024-10-01 10:00:32,IL789MN,VEH003,RFD20241001152,Presente,UMIDO,UMIDO PAP,UTZ037,45.4375,11.9252,CADONEGHE,CADONEGHE,CAMPOSAMPIERO,240,26
2024-10-01 13:21:55,IL789MN,VEH003,RFD20241001122,Presente,PLASTICA E METALLI,PLASTICA PAP,UTZ012,45.8052,11.7263,POVE DEL GRAPPA,POVE DEL GRAPPA,BASSANO,770,26
2024-10-01 14:23:59,ST345UV,VEH005,RFD20241001114,Presente,PLASTICA E METALLI,PLAST.CONT.STRADALI,UTZ005,45.8610,11.5204,ASIAGO,ASIAGO,ASIAGO,770,26
2024-10-01 14:29:16,IL789MN,VEH003,RFD20241001158,Presente,PLASTICA E METALLI,PLASTICA PAP,UTZ034,45.6544,11.8574,SAN MARTINO DI LUPARI,SAN MARTINO DI LUPARI,CAMPOSAMPIERO,770,26
2024-10-01 14:57:42,OP012QR,VEH004,RFD20241001181,Presente,SECCO,SECCO PAP,UTZ008,45.6545,11.6826,POZZOLEONE,POZZOLEONE,BASSANO,1100,26
2024-10-01 15:39:10,OP012QR,VEH004,RFD20241001058,Presente,SECCO,SECCO PAP,UTZ035,45.3439,11.6637,TEOLO,TEOLO,RUBANO,1100,26
2024-10-01 17:42:29,ST345UV,VEH005,RFD20241001209,Non Presente,NA,PLAST.CONT.STRADALI,NA,45.6483,11.8300,NA,TOMBOLO,CAMPOSAMPIERO,NA,NA
2024-10-02 06:01:32,IL789MN,VEH003,RFD20241001301,Non Presente,NA,UMIDO PAP,NA,45.5658,11.9399,NA,CAMPOSAMPIERO,CAMPOSAMPIERO,NA,NA
2024-10-02 06:03:38,ST345UV,VEH005,RFD20241001301,Non Presente,NA,ASSISTENTE SERVIZI,NA,45.5658,11.9399,NA,CAMPOSAMPIERO,CAMPOSAMPIERO,NA,NA
2024-10-02 06:35:47,AB123CD,VEH001,RFD20241002049,Presente,SECCO,SECCO PAP,UTZ003,45.3393,11.7383,TORREGLIA,TORREGLIA,RUBANO,1100,26
2024-10-02 07:34:26,EF456GH,VEH002,RFD20241002071,Presente,CARTA,CARTA CONT.STRADALI,UTZ033,45.4326,11.7847,RUBANO,RUBANO,RUBANO,1100,26
2024-10-02 08:48:26,EF456GH,VEH002,RFD20241002131,Presente,CARTA,CARTA CONT.STRADALI,UTZ001,45.8908,11.6335,FOZA,FOZA,ASIAGO,240,26
2024-10-02 09:48:02,EF456GH,VEH002,RFD20241002073,Presente,CARTA,CARTA CONT.STRADALI,UTZ050,45.4023,11.7537,SACCOLONGO,SACCOLONGO,RUBANO,1100,26
2024-10-02 09:53:18,AB123CD,VEH001,RFD20241002105,Presente,SECCO,SECCO PAP,UTZ002,45.7148,11.7668,ROSA',ROSA',BASSANO,240,26
2024-10-02 09:56:24,AB123CD,VEH001,RFD20241002183,Presente,SECCO,SECCO PAP,UTZ009,45.7285,11.7952,CASSOLA,CASSOLA,BASSANO,1100,26
2024-10-02 11:47:29,AB123CD,VEH001,RFD20241002088,Presente,SECCO,SECCO PAP,UTZ005,45.7999,11.6069,LUSIANA CONCO,LUSIANA CONCO,ASIAGO,1100,26
2024-10-02 12:50:49,IL789MN,VEH003,RFD20241002206,Non Presente,NA,VERDE PAP,NA,45.5686,11.9065,NA,SANTA GIUSTINA IN COLLE,CAMPOSAMPIERO,NA,NA
2024-10-02 13:25:20,OP012QR,VEH004,RFD20241002203,Non Presente,NA,SECCO PAP,NA,45.3698,11.6596,NA,ROVOLON,RUBANO,NA,NA
2024-10-02 13:43:04,OP012QR,VEH004,RFD20241002078,Presente,SECCO,SECCO PAP,UTZ009,45.8880,11.5488,GALLIO,GALLIO,ASIAGO,1100,26
2024-10-02 14:11:01,OP012QR,VEH004,RFD20241002094,Presente,SECCO,SECCO PAP,UTZ005,45.5787,11.9239,CAMPOSAMPIERO,CAMPOSAMPIERO,CAMPOSAMPIERO,240,26
2024-10-02 14:19:42,IL789MN,VEH003,RFD20241002217,Non Presente,NA,VERDE PAP,NA,45.6307,11.6935,NA,CARMIGNANO DI BRENTA,CAMPOSAMPIERO,NA,NA
2024-10-02 14:50:55,ST345UV,VEH005,RFD20241002229,Non Presente,NA,VETRO PAP,NA,45.7207,11.6123,NA,COLCERESA,BASSANO,NA,NA
2024-10-02 14:53:31,OP012QR,VEH004,RFD20241002184,Presente,SECCO,SECCO PAP,UTZ002,45.7699,11.7358,BASSANO DEL GRAPPA,BASSANO DEL GRAPPA,BASSANO,1100,26
2024-10-02 16:01:11,ST345UV,VEH005,RFD20241002053,Presente,VETRO,VETRO PAP,UTZ022,45.7622,11.7434,BASSANO DEL GRAPPA,BASSANO DEL GRAPPA,BASSANO,1100,26
2024-10-02 16:08:17,IL789MN,VEH003,RFD20241002015,Presente,VERDE E RAMAGLIE,VERDE PAP,UTZ030,45.6656,11.8190,GALLIERA VENETA,GALLIERA VENETA,CAMPOSAMPIERO,1100,26
2024-10-02 16:49:22,IL789MN,VEH003,RFD20241002198,Presente,VERDE E RAMAGLIE,VERDE PAP,UTZ001,45.8722,11.5269,ASIAGO,ASIAGO,ASIAGO,240,26
2024-10-03 06:03:02,OP012QR,VEH004,RFD20241001301,Non Presente,NA,SECCO PAP,NA,45.5658,11.9398,NA,CAMPOSAMPIERO,CAMPOSAMPIERO,NA,NA
2024-10-03 08:31:45,AB123CD,VEH001,RFD20241003141,Presente,CARTA,CARTA/CARTONE PAP,UTZ008,45.5759,11.7105,GAZZO,GAZZO,CAMPOSAMPIERO,1100,26
2024-10-03 08:40:02,AB123CD,VEH001,RFD20241003096,Presente,CARTA,CARTA/CARTONE PAP,UTZ017,45.5712,11.9268,CAMPOSAMPIERO,CAMPOSAMPIERO,CAMPOSAMPIERO,1100,26
2024-10-03 09:05:29,EF456GH,VEH002,RFD20241003035,Presente,VETRO,VETRO PAP,UTZ003,45.7180,11.5993,COLCERESA,COLCERESA,BASSANO,1100,13
2024-10-03 10:30:29,EF456GH,VEH002,RFD20241003157,Presente,VETRO,VETRO PAP,UTZ013,45.4909,11.7440,CAMPODORO,CAMPODORO,RUBANO,1100,26
2024-10-03 12:29:53,EF456GH,VEH002,RFD20241003230,Non Presente,NA,VETRO PAP,NA,45.6959,11.6364,NA,SCHIAVON,BASSANO,NA,NA
2024-10-03 14:01:12,IL789MN,VEH003,RFD20241003127,Presente,UMIDO,UMIDO CONT.STRADALI,UTZ001,45.7728,11.7290,BASSANO DEL GRAPPA,BASSANO DEL GRAPPA,BASSANO,240,26
2024-10-03 14:07:49,OP012QR,VEH004,RFD20241003061,Presente,SECCO,SECCO PAP,UTZ002,45.5339,11.9613,BORGORICCO,BORGORICCO,CAMPOSAMPIERO,1100,26
2024-10-03 14:26:08,ST345UV,VEH005,RFD20241003138,Presente,PLASTICA E METALLI,PLAST.CONT.STRADALI,UTZ005,45.6086,11.6729,SAN PIETRO IN GU,SAN PIETRO IN GU,CAMPOSAMPIERO,770,26
2024-10-03 17:02:49,OP012QR,VEH004,RFD20241003164,Presente,SECCO,SECCO PAP,UTZ003,45.7794,11.7296,BASSANO DEL GRAPPA,BASSANO DEL GRAPPA,BASSANO,240,26
2024-10-03 17:08:28,IL789MN,VEH003,RFD20241003303,Presente,UMIDO,UMIDO CONT.STRADALI,UTZ002,45.7835,11.8048,MUSSOLENTE,MUSSOLENTE,BASSANO,240,26
2024-10-03 18:47:42,ST345UV,VEH005,RFD20241001301,Non Presente,NA,PLAST.CONT.STRADALI,NA,45.5658,11.9399,NA,CAMPOSAMPIERO,CAMPOSAMPIERO,NA,NA
2024-10-04 06:08:37,AB123CD,VEH001,RFD20241001301,Non Presente,NA,SECCO PAP,NA,45.5658,11.9398,NA,CAMPOSAMPIERO,CAMPOSAMPIERO,NA,NA
2024-10-04 07:14:56,AB123CD,VEH001,RFD20241004065,Presente,SECCO,SECCO PAP,UTZ007,45.6155,11.6651,SAN PIETRO IN GU,SAN PIETRO IN GU,CAMPOSAMPIERO,1100,26
2024-10-04 08:42:33,AB123CD,VEH001,RFD20241004003,Presente,SECCO,SECCO PAP,UTZ008,45.4363,11.7855,RUBANO,RUBANO,RUBANO,240,26
2024-10-04 08:44:31,EF456GH,VEH002,RFD20241004123,Presente,CARTA,CARTA CONT.STRADALI,UTZ032,45.6489,11.7781,CITTADELLA,CITTADELLA,CAMPOSAMPIERO,240,26
2024-10-04 10:17:27,EF456GH,VEH002,RFD20241004197,Presente,CARTA,CARTA CONT.STRADALI,UTZ018,45.8644,11.5126,ASIAGO,ASIAGO,ASIAGO,240,26
2024-10-04 10:32:12,EF456GH,VEH002,RFD20241004159,Presente,CARTA,CARTA CONT.STRADALI,UTZ004,45.4415,11.7882,RUBANO,RUBANO,RUBANO,1100,26
2024-10-04 10:40:05,AB123CD,VEH001,RFD20241004137,Presente,SECCO,SECCO PAP,UTZ012,45.5274,11.9708,BORGORICCO,BORGORICCO,CAMPOSAMPIERO,1100,26
2024-10-04 11:00:06,EF456GH,VEH002,RFD20241004028,Presente,CARTA,CARTA CONT.STRADALI,UTZ005,45.8598,11.3941,ROTZO,ROTZO,ASIAGO,240,26
2024-10-04 13:48:37,OP012QR,VEH004,RFD20241004044,Presente,SECCO,SECCO PAP,UTZ009,45.6808,11.6937,TEZZE SUL BRENTA,TEZZE SUL BRENTA,BASSANO,240,26
2024-10-04 14:32:08,IL789MN,VEH003,RFD20241004177,Presente,PLASTICA E METALLI,PLASTICA PAP,UTZ048,45.7668,11.7336,BASSANO DEL GRAPPA,BASSANO DEL GRAPPA,BASSANO,770,26
2024-10-04 16:20:09,ST345UV,VEH005,RFD20241004115,Presente,VETRO,VETRO PAP,UTZ001,45.4293,11.7849,RUBANO,RUBANO,RUBANO,1100,26
2024-10-04 17:11:44,ST345UV,VEH005,RFD20241004185,Presente,VETRO,VETRO PAP,UTZ043,45.4033,11.7496,SACCOLONGO,SACCOLONGO,RUBANO,1100,26
2024-10-05 06:10:48,EF456GH,VEH002,RFD20241001301,Non Presente,NA,VETRO PAP,NA,45.5658,11.9399,NA,CAMPOSAMPIERO,CAMPOSAMPIERO,NA,NA
2024-10-05 12:06:16,OP012QR,VEH004,RFD20241005091,Presente,SECCO,SECCO PAP,UTZ016,45.5852,11.8056,SAN GIORGIO IN BOSCO,SAN GIORGIO IN BOSCO,CAMPOSAMPIERO,1100,26
2024-10-05 14:12:02,OP012QR,VEH004,RFD20241005012,Presente,SECCO,SECCO PAP,UTZ035,45.8086,11.7286,POVE DEL GRAPPA,POVE DEL GRAPPA,BASSANO,1100,26
2024-10-05 15:04:39,IL789MN,VEH003,RFD20241005169,Presente,VERDE E RAMAGLIE,VERDE PAP,UTZ008,45.6470,11.6822,POZZOLEONE,POZZOLEONE,BASSANO,240,26
2024-10-05 15:47:48,IL789MN,VEH003,RFD20241005144,Presente,VERDE E RAMAGLIE,VERDE PAP,UTZ013,45.4200,11.6827,CERVARESE SANTA CROCE,CERVARESE SANTA CROCE,RUBANO,240,26
2024-10-05 17:25:18,IL789MN,VEH003,RFD20241005064,Presente,VERDE E RAMAGLIE,VERDE PAP,UTZ010,45.3060,11.7339,GALZIGNANO TERME,GALZIGNANO TERME,RUBANO,240,26
2024-10-06 07:02:38,AB123CD,VEH001,RFD20241006101,Presente,CARTA,CARTA CONT.STRADALI,UTZ012,45.5776,11.9330,CAMPOSAMPIERO,CAMPOSAMPIERO,CAMPOSAMPIERO,1100,26
2024-10-06 07:08:34,AB123CD,VEH001,RFD20241006147,Presente,CARTA,CARTA CONT.STRADALI,UTZ003,45.3314,11.7374,TORREGLIA,TORREGLIA,RUBANO,240,26
2024-10-06 08:06:57,AB123CD,VEH001,RFD20241006174,Presente,CARTA,CARTA CONT.STRADALI,UTZ003,45.3069,11.7165,GALZIGNANO TERME,GALZIGNANO TERME,RUBANO,240,26
2024-10-06 08:58:20,AB123CD,VEH001,RFD20241006192,Presente,CARTA,CARTA CONT.STRADALI,UTZ001,45.6511,11.8276,TOMBOLO,TOMBOLO,CAMPOSAMPIERO,1100,26
2024-10-06 08:58:34,AB123CD,VEH001,RFD20241006168,Presente,CARTA,CARTA CONT.STRADALI,UTZ003,45.5470,12.0105,MASSANZAGO,MASSANZAGO,CAMPOSAMPIERO,1100,26
2024-10-06 09:21:37,AB123CD,VEH001,RFD20241006180,Presente,CARTA,CARTA CONT.STRADALI,UTZ003,45.6361,11.7542,FONTANIVA,FONTANIVA,CAMPOSAMPIERO,240,26
2024-10-06 09:24:01,AB123CD,VEH001,RFD20241006007,Presente,CARTA,CARTA CONT.STRADALI,UTZ001,45.7105,11.7935,ROSSANO VENETO,ROSSANO VENETO,BASSANO,240,26
2024-10-06 09:33:05,AB123CD,VEH001,RFD20241006066,Presente,CARTA,CARTA CONT.STRADALI,UTZ011,45.3103,11.7320,GALZIGNANO TERME,GALZIGNANO TERME,RUBANO,1100,26
2024-10-06 10:49:53,AB123CD,VEH001,RFD20241006134,Presente,CARTA,CARTA CONT.STRADALI,UTZ001,45.5031,11.9007,CAMPODARSEGO,CAMPODARSEGO,CAMPOSAMPIERO,240,26
2024-10-06 11:02:27,AB123CD,VEH001,RFD20241006095,Presente,CARTA,CARTA CONT.STRADALI,UTZ034,45.4857,11.7455,CAMPODORO,CAMPODORO,RUBANO,1100,26
2024-10-07 06:14:08,IL789MN,VEH003,RFD20241001301,Non Presente,NA,UMIDO PAP,NA,45.5658,11.9399,NA,CAMPOSAMPIERO,CAMPOSAMPIERO,NA,NA
2024-10-07 06:30:31,IL789MN,VEH003,RFD20241007043,Presente,UMIDO,UMIDO PAP,UTZ001,45.7956,11.7346,POVE DEL GRAPPA,POVE DEL GRAPPA,BASSANO,240,26
2024-10-07 07:27:05,AB123CD,VEH001,RFD20241007126,Presente,SECCO,SECCO PAP,UTZ001,45.6477,11.6837,POZZOLEONE,POZZOLEONE,BASSANO,1100,26
2024-10-07 07:55:31,AB123CD,VEH001,RFD20241007113,Presente,SECCO,SECCO PAP,UTZ022,45.4250,11.7898,RUBANO,RUBANO,RUBANO,1100,26
2024-10-07 08:05:14,IL789MN,VEH003,RFD20241007142,Presente,UMIDO,UMIDO PAP,UTZ001,45.3359,11.7886,MONTEGROTTO TERME,MONTEGROTTO TERME,RUBANO,770,26
2024-10-07 09:34:56,AB123CD,VEH001,RFD20241007146,Presente,SECCO,SECCO PAP,UTZ018,45.3020,11.7335,GALZIGNANO TERME,GALZIGNANO TERME,RUBANO,240,26
2024-10-07 12:58:24,OP012QR,VEH004,RFD20241007190,Presente,SECCO,SECCO PAP,UTZ031,45.4334,11.7792,RUBANO,RUBANO,RUBANO,1100,26
2024-10-07 13:01:36,OP012QR,VEH004,RFD20241007193,Presente,SECCO,SECCO PAP,UTZ005,45.6648,11.8336,GALLIERA VENETA,GALLIERA VENETA,CAMPOSAMPIERO,240,26
2024-10-07 13:14:17,OP012QR,VEH004,RFD20241007090,Presente,SECCO,SECCO PAP,UTZ021,45.7167,11.6077,COLCERESA,COLCERESA,BASSANO,1100,26
2024-10-07 13:43:22,ST345UV,VEH005,RFD20241007039,Presente,VETRO,VETRO PAP,UTZ025,45.5286,11.9680,BORGORICCO,BORGORICCO,CAMPOSAMPIERO,770,26
2024-10-07 13:57:07,IL789MN,VEH003,RFD20241007067,Presente,UMIDO,UMIDO CONT.STRADALI,UTZ010,45.3993,11.7455,SACCOLONGO,SACCOLONGO,RUBANO,770,26
2024-10-07 14:15:48,IL789MN,VEH003,RFD20241007233,Non Presente,NA,UMIDO CONT.STRADALI,NA,45.3300,11.8013,NA,MONTEGROTTO TERME,RUBANO,NA,NA
2024-10-07 14:51:51,IL789MN,VEH003,RFD20241007054,Presente,UMIDO,UMIDO CONT.STRADALI,UTZ013,45.6527,11.8167,TOMBOLO,TOMBOLO,CAMPOSAMPIERO,240,26
2024-10-07 14:52:49,ST345UV,VEH005,RFD20241007076,Presente,VETRO,VETRO PAP,UTZ001,45.7717,11.7305,BASSANO DEL GRAPPA,BASSANO DEL GRAPPA,BASSANO,1100,26
2024-10-07 15:26:32,ST345UV,VEH005,RFD20241007081,Presente,VETRO,VETRO PAP,UTZ003,45.7213,11.7651,ROSA',ROSA',BASSANO,1100,26
2024-10-07 15:30:35,IL789MN,VEH003,RFD20241007148,Presente,UMIDO,UMIDO CONT.STRADALI,UTZ025,45.7745,11.7215,BASSANO DEL GRAPPA,BASSANO DEL GRAPPA,BASSANO,240,26
2024-10-07 17:03:29,OP012QR,VEH004,RFD20241007120,Presente,SECCO,SECCO PAP,UTZ002,45.4335,11.7853,RUBANO,RUBANO,RUBANO,1100,26
2024-10-07 18:58:07,AB123CD,VEH001,RFD20241001301,Non Presente,NA,SECCO PAP,NA,45.5658,11.9400,NA,CAMPOSAMPIERO,CAMPOSAMPIERO,NA,NA
2024-10-08 06:09:56,OP012QR,VEH004,RFD20241001301,Non Presente,NA,SECCO PAP,NA,45.5657,11.9398,NA,CAMPOSAMPIERO,CAMPOSAMPIERO,NA,NA
2024-10-08 06:10:10,AB123CD,VEH001,RFD20241008171,Presente,CARTA,CARTA/CARTONE PAP,UTZ023,45.7280,11.7642,ROSA',ROSA',BASSANO,240,26
2024-10-08 08:35:23,EF456GH,VEH002,RFD20241008026,Presente,VETRO,VETRO PAP,UTZ008,45.7922,11.7303,POVE DEL GRAPPA,POVE DEL GRAPPA,BASSANO,1100,26
2024-10-08 10:42:21,IL789MN,VEH003,RFD20241008059,Presente,UMIDO,UMIDO PAP,UTZ001,45.4023,11.7943,SELVAZZANO DENTRO,SELVAZZANO DENTRO,RUBANO,240,26
2024-10-08 10:48:13,AB123CD,VEH001,RFD20241008062,Presente,CARTA,CARTA/CARTONE PAP,UTZ002,45.3627,11.6652,ROVOLON,ROVOLON,RUBANO,1100,26
2024-10-08 11:13:53,OP012QR,VEH004,RFD20241008208,Non Presente,NA,SECCO PAP,NA,45.8666,11.5123,NA,ASIAGO,ASIAGO,NA,NA
2024-10-08 12:46:10,OP012QR,VEH004,RFD20241008077,Presente,SECCO,SECCO PAP,UTZ024,45.3618,11.6635,ROVOLON,ROVOLON,RUBANO,1100,26
2024-10-08 12:52:04,OP012QR,VEH004,RFD20241008155,Presente,SECCO,SECCO PAP,UTZ002,45.8754,11.5202,ASIAGO,ASIAGO,ASIAGO,240,26
2024-10-08 13:26:53,ST345UV,VEH005,RFD20241008023,Presente,PLASTICA E METALLI,PLAST.CONT.STRADALI,UTZ027,45.3021,11.7241,GALZIGNANO TERME,GALZIGNANO TERME,RUBANO,770,26
2024-10-08 13:38:06,OP012QR,VEH004,RFD20241008102,Presente,SECCO,SECCO PAP,UTZ024,45.8899,11.6268,FOZA,FOZA,ASIAGO,1100,26
2024-10-08 14:29:57,ST345UV,VEH005,RFD20241008231,Non Presente,NA,PLAST.CONT.STRADALI,NA,45.6865,11.7001,NA,TEZZE SUL BRENTA,BASSANO,NA,NA
2024-10-08 15:21:15,ST345UV,VEH005,RFD20241008005,Presente,PLASTICA E METALLI,PLAST.CONT.STRADALI,UTZ013,45.7394,11.6266,PIANEZZE,PIANEZZE,BASSANO,770,26
2024-10-08 15:35:59,IL789MN,VEH003,RFD20241008032,Presente,PLASTICA E METALLI,PLASTICA PAP,UTZ026,45.3983,11.7486,SACCOLONGO,SACCOLONGO,RUBANO,770,26
2024-10-08 15:57:57,ST345UV,VEH005,RFD20241008187,Presente,PLASTICA E METALLI,PLAST.CONT.STRADALI,UTZ002,45.6584,11.8264,GALLIERA VENETA,GALLIERA VENETA,CAMPOSAMPIERO,770,26
2024-10-08 16:30:41,OP012QR,VEH004,RFD20241008099,Presente,SECCO,SECCO PAP,UTZ015,45.7174,11.7678,ROSA',ROSA',BASSANO,1100,26
2024-10-09 06:16:40,AB123CD,VEH001,RFD20241001301,Non Presente,NA,SECCO PAP,NA,45.5658,11.9399,NA,CAMPOSAMPIERO,CAMPOSAMPIERO,NA,NA
2024-10-09 06:35:56,AB123CD,VEH001,RFD20241009041,Presente,SECCO,SECCO PAP,UTZ001,45.5653,11.8989,SANTA GIUSTINA IN COLLE,SANTA GIUSTINA IN COLLE,CAMPOSAMPIERO,1100,26
2024-10-09 07:03:27,AB123CD,VEH001,RFD20241009151,Presente,SECCO,SECCO PAP,UTZ026,45.5941,11.9393,LOREGGIA,LOREGGIA,CAMPOSAMPIERO,240,26
2024-10-09 07:56:50,AB123CD,VEH001,RFD20241009128,Presente,SECCO,SECCO PAP,UTZ002,45.4111,11.7370,SACCOLONGO,SACCOLONGO,RUBANO,1100,26
2024-10-09 08:28:48,AB123CD,VEH001,RFD20241009189,Presente,SECCO,SECCO PAP,UTZ002,45.4233,11.7903,RUBANO,RUBANO,RUBANO,1100,26
2024-10-09 09:28:28,AB123CD,VEH001,RFD20241009111,Presente,SECCO,SECCO PAP,UTZ042,45.6086,11.6743,SAN PIETRO IN GU,SAN PIETRO IN GU,CAMPOSAMPIERO,240,26
2024-10-09 09:36:52,AB123CD,VEH001,RFD20241009093,Presente,SECCO,SECCO PAP,UTZ001,45.7100,11.7972,ROSSANO VENETO,ROSSANO VENETO,BASSANO,1100,26
2024-10-09 10:41:30,AB123CD,VEH001,RFD20241009106,Presente,SECCO,SECCO PAP,UTZ004,45.7672,11.7353,BASSANO DEL GRAPPA,BASSANO DEL GRAPPA,BASSANO,240,26
2024-10-09 10:59:55,EF456GH,VEH002,RFD20241009218,Non Presente,NA,CARTA CONT.STRADALI,NA,45.5588,11.9136,NA,SANTA GIUSTINA IN COLLE,CAMPOSAMPIERO,NA,NA
2024-10-09 11:07:19,AB123CD,VEH001,RFD20241009108,Presente,SECCO,SECCO PAP,UTZ003,45.6954,11.7109,TEZZE SUL BRENTA,TEZZE SUL BRENTA,BASSANO,240,26
2024-10-09 11:31:46,AB123CD,VEH001,RFD20241009227,Non Presente,NA,SECCO PAP,NA,45.8965,11.5506,NA,GALLIO,ASIAGO,NA,NA
2024-10-09 13:57:46,IL789MN,VEH003,RFD20241009045,Presente,VERDE E RAMAGLIE,VERDE PAP,UTZ030,45.5617,12.0079,MASSANZAGO,MASSANZAGO,CAMPOSAMPIERO,240,26
2024-10-09 14:00:10,OP012QR,VEH004,RFD20241009107,Presente,SECCO,SECCO PAP,UTZ033,45.5707,11.9323,CAMPOSAMPIERO,CAMPOSAMPIERO,CAMPOSAMPIERO,1100,26
2024-10-09 14:16:25,ST345UV,VEH005,RFD20241009150,Presente,VETRO,VETRO PAP,UTZ027,45.5792,11.9326,CAMPOSAMPIERO,CAMPOSAMPIERO,CAMPOSAMPIERO,1100,26
2024-10-09 15:22:58,IL789MN,VEH003,RFD20241009205,Non Presente,NA,VERDE PAP,NA,45.8679,11.5018,NA,ASIAGO,ASIAGO,NA,NA
2024-10-09 16:07:07,OP012QR,VEH004,RFD20241009140,Presente,SECCO,SECCO PAP,UTZ002,45.9450,11.7212,ENEGO,ENEGO,ASIAGO,1100,26
2024-10-09 16:15:05,OP012QR,VEH004,RFD20241009085,Presente,SECCO,SECCO PAP,UTZ016,45.4844,11.8338,LIMENA,LIMENA,RUBANO,1100,26
2024-10-10 06:06:11,EF456GH,VEH002,RFD20241001301,Non Presente,NA,VETRO PAP,NA,45.5658,11.9399,NA,CAMPOSAMPIERO,CAMPOSAMPIERO,NA,NA
2024-10-10 06:11:35,OP012QR,VEH004,RFD20241001301,Non Presente,NA,SECCO PAP,NA,45.5658,11.9399,NA,CAMPOSAMPIERO,CAMPOSAMPIERO,NA,NA
2024-10-10 08:08:02,IL789MN,VEH003,RFD20241010068,Presente,UMIDO,UMIDO PAP,UTZ004,45.4898,11.7452,CAMPODORO,CAMPODORO,RUBANO,240,26
2024-10-10 09:50:41,AB123CD,VEH001,RFD20241010194,Presente,CARTA,CARTA/CARTONE PAP,UTZ017,45.7814,11.7309,BASSANO DEL GRAPPA,BASSANO DEL GRAPPA,BASSANO,240,26
2024-10-10 10:02:44,AB123CD,VEH001,RFD20241010013,Presente,CARTA,CARTA/CARTONE PAP,UTZ009,45.7802,11.7403,BASSANO DEL GRAPPA,BASSANO DEL GRAPPA,BASSANO,1100,26
2024-10-10 13:35:20,IL789MN,VEH003,RFD20241010178,Presente,UMIDO,UMIDO CONT.STRADALI,UTZ004,45.6589,11.8246,GALLIERA VENETA,GALLIERA VENETA,CAMPOSAMPIERO,240,26
2024-10-10 13:38:16,ST345UV,VEH005,RFD20241010022,Presente,PLASTICA E METALLI,PLAST.CONT.STRADALI,UTZ032,45.3667,11.9841,SAONARA,SAONARA,CAMPOSAMPIERO,770,26
2024-10-10 14:31:08,IL789MN,VEH003,RFD20241010109,Presente,UMIDO,UMIDO CONT.STRADALI,UTZ018,45.7766,11.7331,BASSANO DEL GRAPPA,BASSANO DEL GRAPPA,BASSANO,770,26
2024-10-10 15:11:07,IL789MN,VEH003,RFD20241010195,Presente,UMIDO,UMIDO CONT.STRADALI,UTZ049,45.3153,11.7321,GALZIGNANO TERME,GALZIGNANO TERME,RUBANO,240,26
2024-10-10 15:12:36,ST345UV,VEH005,RFD20241010154,Presente,PLASTICA E METALLI,PLAST.CONT.STRADALI,UTZ005,45.8643,11.5159,ASIAGO,ASIAGO,ASIAGO,770,26
2024-10-10 15:26:46,OP012QR,VEH004,RFD20241010119,Presente,SECCO,SECCO PAP,UTZ002,45.5624,11.9075,SANTA GIUSTINA IN COLLE,SANTA GIUSTINA IN COLLE,CAMPOSAMPIERO,1100,26
2024-10-10 15:33:07,ST345UV,VEH005,RFD20241010079,Presente,PLASTICA E METALLI,PLAST.CONT.STRADALI,UTZ004,45.8870,11.6250,FOZA,FOZA,ASIAGO,770,26
2024-10-10 16:30:28,OP012QR,VEH004,RFD20241010074,Presente,SECCO,SECCO PAP,UTZ006,45.6267,11.7051,CARMIGNANO DI BRENTA,CARMIGNANO DI BRENTA,CAMPOSAMPIERO,1100,26
2024-10-10 16:35:07,OP012QR,VEH004,RFD20241010069,Presente,SECCO,SECCO PAP,UTZ020,45.7310,11.7589,ROSA',ROSA',BASSANO,240,26
2024-10-11 06:23:11,OP012QR,VEH004,RFD20241001301,Non Presente,NA,SECCO PAP,NA,45.5659,11.9399,NA,CAMPOSAMPIERO,CAMPOSAMPIERO,NA,NA
2024-10-11 07:07:30,AB123CD,VEH001,RFD20241011132,Presente,SECCO,SECCO PAP,UTZ001,45.5772,11.9310,CAMPOSAMPIERO,CAMPOSAMPIERO,CAMPOSAMPIERO,1100,26
2024-10-11 08:45:47,EF456GH,VEH002,RFD20241011223,Non Presente,NA,CARTA CONT.STRADALI,NA,45.9024,11.6327,NA,FOZA,ASIAGO,NA,NA
2024-10-11 09:39:12,AB123CD,VEH001,RFD20241011139,Presente,SECCO,SECCO PAP,UTZ002,45.6197,11.6596,SAN PIETRO IN GU,SAN PIETRO IN GU,CAMPOSAMPIERO,1100,26
2024-10-11 09:58:39,AB123CD,VEH001,RFD20241011176,Presente,SECCO,SECCO PAP,UTZ008,45.4677,11.8513,LIMENA,LIMENA,RUBANO,1100,26
2024-10-11 13:19:29,ST345UV,VEH005,RFD20241011025,Presente,VETRO,VETRO PAP,UTZ031,45.5447,11.9053,SAN GIORGIO DELLE PERTICHE,SAN GIORGIO DELLE PERTICHE,CAMPOSAMPIERO,1100,13
2024-10-11 13:22:39,OP012QR,VEH004,RFD20241011121,Presente,SECCO,SECCO PAP,UTZ015,45.4086,11.7483,SACCOLONGO,SACCOLONGO,RUBANO,1100,26
2024-10-11 14:59:26,ST345UV,VEH005,RFD20241011182,Presente,VETRO,VETRO PAP,UTZ047,45.5857,11.7046,GAZZO,GAZZO,CAMPOSAMPIERO,1100,26
2024-10-11 15:40:38,ST345UV,VEH005,RFD20241011125,Presente,VETRO,VETRO PAP,UTZ014,45.5745,11.9219,CAMPOSAMPIERO,CAMPOSAMPIERO,CAMPOSAMPIERO,1100,26
2024-10-11 15:48:25,OP012QR,VEH004,RFD20241011124,Presente,SECCO,SECCO PAP,UTZ001,45.6426,11.8514,SAN MARTINO DI LUPARI,SAN MARTINO DI LUPARI,CAMPOSAMPIERO,240,26
2024-10-11 17:04:17,IL789MN,VEH003,RFD20241011019,Presente,PLASTICA E METALLI,PLASTICA PAP,UTZ001,45.6000,12.0031,PIOMBINO DESE,PIOMBINO DESE,CAMPOSAMPIERO,770,26
2024-10-11 17:49:08,OP012QR,VEH004,RFD20241011004,Presente,SECCO,SECCO PAP,UTZ024,45.7924,11.7674,ROMANO D'EZZELINO,ROMANO D'EZZELINO,BASSANO,240,26
2024-10-12 06:01:48,OP012QR,VEH004,RFD20241001301,Non Presente,NA,SECCO PAP,NA,45.5658,11.9399,NA,CAMPOSAMPIERO,CAMPOSAMPIERO,NA,NA
2024-10-12 07:26:26,AB123CD,VEH001,RFD20241012118,Presente,CARTA,CARTA/CARTONE PAP,UTZ019,45.6946,11.7070,TEZZE SUL BRENTA,TEZZE SUL BRENTA,BASSANO,1100,26
2024-10-12 08:41:52,AB123CD,VEH001,RFD20241012116,Presente,CARTA,CARTA/CARTONE PAP,UTZ009,45.3957,11.7911,SELVAZZANO DENTRO,SELVAZZANO DENTRO,RUBANO,240,26
2024-10-12 12:22:32,OP012QR,VEH004,RFD20241012082,Presente,SECCO,SECCO PAP,UTZ001,45.6592,11.8290,GALLIERA VENETA,GALLIERA VENETA,CAMPOSAMPIERO,240,26
2024-10-12 14:01:29,IL789MN,VEH003,RFD20241012047,Presente,VERDE E RAMAGLIE,VERDE PAP,UTZ028,45.7547,11.7435,BASSANO DEL GRAPPA,BASSANO DEL GRAPPA,BASSANO,240,26
2024-10-12 15:23:40,IL789MN,VEH003,RFD20241012052,Presente,VERDE E RAMAGLIE,VERDE PAP,UTZ002,45.6997,11.6388,SCHIAVON,SCHIAVON,BASSANO,1100,26
2024-10-12 15:56:31,IL789MN,VEH003,RFD20241008231,Non Presente,NA,VERDE PAP,NA,45.6866,11.7002,NA,TEZZE SUL BRENTA,BASSANO,NA,NA
2024-10-12 15:58:28,IL789MN,VEH003,RFD20241012089,Presente,VERDE E RAMAGLIE,VERDE PAP,UTZ017,45.7290,11.6734,NOVE,NOVE,BASSANO,240,26
2024-10-13 07:12:55,AB123CD,VEH001,RFD20241013167,Presente,CARTA,CARTA CONT.STRADALI,UTZ022,45.9008,11.6394,FOZA,FOZA,ASIAGO,240,26
2024-10-13 07:17:50,AB123CD,VEH001,RFD20241013046,Presente,CARTA,CARTA CONT.STRADALI,UTZ035,45.3084,11.7296,GALZIGNANO TERME,GALZIGNANO TERME,RUBANO,240,26
2024-10-13 08:00:48,AB123CD,VEH001,RFD20241013129,Presente,CARTA,CARTA CONT.STRADALI,UTZ031,45.6328,11.7062,CARMIGNANO DI BRENTA,CARMIGNANO DI BRENTA,CAMPOSAMPIERO,240,26
2024-10-13 08:16:23,AB123CD,VEH001,RFD20241013130,Presente,CARTA,CARTA CONT.STRADALI,UTZ004,45.4268,11.6850,CERVARESE SANTA CROCE,CERVARESE SANTA CROCE,RUBANO,240,26
2024-10-13 08:20:21,AB123CD,VEH001,RFD20241013030,Presente,CARTA,CARTA CONT.STRADALI,UTZ001,45.6913,11.7996,ROSSANO VENETO,ROSSANO VENETO,BASSANO,1100,26
2024-10-13 08:23:33,AB123CD,VEH001,RFD20241013083,Presente,CARTA,CARTA CONT.STRADALI,UTZ030,45.3139,11.7396,GALZIGNANO TERME,GALZIGNANO TERME,RUBANO,240,26
2024-10-13 08:57:16,AB123CD,VEH001,RFD20241013172,Presente,CARTA,CARTA CONT.STRADALI,UTZ001,45.3300,11.7373,TORREGLIA,TORREGLIA,RUBANO,240,26
2024-10-14 08:58:07,EF456GH,VEH002,RFD20241014011,Presente,CARTA,CARTA CONT.STRADALI,UTZ034,45.6442,11.8630,SAN MARTINO DI LUPARI,SAN MARTINO DI LUPARI,CAMPOSAMPIERO,1100,26
2024-10-14 09:17:13,AB123CD,VEH001,RFD20241014117,Presente,SECCO,SECCO PAP,UTZ001,45.6415,11.7835,CITTADELLA,CITTADELLA,CAMPOSAMPIERO,1100,26
2024-10-14 09:52:17,EF456GH,VEH002,RFD20241014191,Presente,CARTA,CARTA CONT.STRADALI,UTZ005,45.3680,11.6629,ROVOLON,ROVOLON,RUBANO,1100,26
2024-10-14 13:13:47,OP012QR,VEH004,RFD20241014024,Presente,SECCO,SECCO PAP,UTZ040,45.5363,11.9674,BORGORICCO,BORGORICCO,CAMPOSAMPIERO,1100,26
2024-10-14 13:20:04,IL789MN,VEH003,RFD20241014226,Non Presente,NA,UMIDO CONT.STRADALI,NA,45.4294,11.7857,NA,RUBANO,RUBANO,NA,NA
2024-10-14 14:30:18,OP012QR,VEH004,RFD20241014033,Presente,SECCO,SECCO PAP,UTZ006,45.8594,11.4003,ROTZO,ROTZO,ASIAGO,1100,26
2024-10-14 18:37:58,AB123CD,VEH001,RFD20241001301,Non Presente,NA,SECCO PAP,NA,45.5658,11.9399,NA,CAMPOSAMPIERO,CAMPOSAMPIERO,NA,NA
2024-10-15 06:04:48,OP012QR,VEH004,RFD20241001301,Non Presente,NA,SECCO PAP,NA,45.5658,11.9399,NA,CAMPOSAMPIERO,CAMPOSAMPIERO,NA,NA
2024-10-15 07:58:21,AB123CD,VEH001,RFD20241001103,Presente,CARTA,CARTA/CARTONE PAP,UTZ013,45.5661,11.9180,CAMPOSAMPIERO,CAMPOSAMPIERO,CAMPOSAMPIERO,240,26
2024-10-15 08:52:16,AB123CD,VEH001,RFD20241001040,Presente,CARTA,CARTA/CARTONE PAP,UTZ006,45.4759,11.8480,LIMENA,LIMENA,RUBANO,240,26
2024-10-15 09:31:45,IL789MN,VEH003,RFD20241001072,Presente,UMIDO,UMIDO PAP,UTZ003,45.8084,11.5991,LUSIANA CONCO,LUSIANA CONCO,ASIAGO,240,26
2024-10-15 09:38:06,IL789MN,VEH003,RFD20241001152,Presente,UMIDO,UMIDO PAP,UTZ037,45.4374,11.9253,CADONEGHE,CADONEGHE,CAMPOSAMPIERO,240,26
2024-10-15 13:04:54,IL789MN,VEH003,RFD20241001122,Presente,PLASTICA E METALLI,PLASTICA PAP,UTZ012,45.8051,11.7264,POVE DEL GRAPPA,POVE DEL GRAPPA,BASSANO,770,26
2024-10-15 13:58:19,IL789MN,VEH003,RFD20241001158,Presente,PLASTICA E METALLI,PLASTICA PAP,UTZ034,45.6545,11.8573,SAN MARTINO DI LUPARI,SAN MARTINO DI LUPARI,CAMPOSAMPIERO,770,26
2024-10-15 14:09:43,ST345UV,VEH005,RFD20241001114,Presente,PLASTICA E METALLI,PLAST.CONT.STRADALI,UTZ005,45.8610,11.5204,ASIAGO,ASIAGO,ASIAGO,770,26
2024-10-15 14:48:51,OP012QR,VEH004,RFD20241001181,Presente,SECCO,SECCO PAP,UTZ008,45.6546,11.6827,POZZOLEONE,POZZOLEONE,BASSANO,1100,26
2024-10-15 14:57:25,OP012QR,VEH004,RFD20241015048,Presente,SECCO,SECCO PAP,UTZ030,45.4295,11.7922,RUBANO,RUBANO,RUBANO,1100,26
2024-10-15 15:03:56,ST345UV,VEH005,RFD20241015224,Non Presente,NA,PLAST.CONT.STRADALI,NA,45.3943,11.7476,NA,SACCOLONGO,RUBANO,NA,NA
2024-10-15 15:45:16,OP012QR,VEH004,RFD20241001058,Presente,SECCO,SECCO PAP,UTZ035,45.3439,11.6638,TEOLO,TEOLO,RUBANO,1100,26
2024-10-15 18:09:55,ST345UV,VEH005,RFD20241001209,Non Presente,NA,PLAST.CONT.STRADALI,NA,45.6484,11.8299,NA,TOMBOLO,CAMPOSAMPIERO,NA,NA
2024-10-16 06:12:55,ST345UV,VEH005,RFD20241001301,Non Presente,NA,ASSISTENTE SERVIZI,NA,45.5658,11.9399,NA,CAMPOSAMPIERO,CAMPOSAMPIERO,NA,NA
2024-10-16 06:29:50,AB123CD,VEH001,RFD20241002049,Presente,SECCO,SECCO PAP,UTZ003,45.3395,11.7381,TORREGLIA,TORREGLIA,RUBANO,1100,26
2024-10-16 07:50:13,EF456GH,VEH002,RFD20241002071,Presente,CARTA,CARTA CONT.STRADALI,UTZ033,45.4324,11.7844,RUBANO,RUBANO,RUBANO,1100,26
2024-10-16 09:00:02,EF456GH,VEH002,RFD20241002131,Presente,CARTA,CARTA CONT.STRADALI,UTZ001,45.8909,11.6336,FOZA,FOZA,ASIAGO,240,26
2024-10-16 09:31:51,AB123CD,VEH001,RFD20241002105,Presente,SECCO,SECCO PAP,UTZ002,45.7147,11.7668,ROSA',ROSA',BASSANO,240,26
2024-10-16 09:57:45,AB123CD,VEH001,RFD20241002183,Presente,SECCO,SECCO PAP,UTZ009,45.7285,11.7950,CASSOLA,CASSOLA,BASSANO,1100,26
2024-10-16 10:04:31,EF456GH,VEH002,RFD20241002073,Presente,CARTA,CARTA CONT.STRADALI,UTZ050,45.4021,11.7535,SACCOLONGO,SACCOLONGO,RUBANO,1100,26
2024-10-16 13:25:56,OP012QR,VEH004,RFD20241002078,Presente,SECCO,SECCO PAP,UTZ009,45.8880,11.5487,GALLIO,GALLIO,ASIAGO,1100,26
2024-10-16 13:27:59,OP012QR,VEH004,RFD20241002203,Non Presente,NA,SECCO PAP,NA,45.3695,11.6595,NA,ROVOLON,RUBANO,NA,NA
2024-10-16 13:45:49,ST345UV,VEH005,RFD20241008208,Non Presente,NA,VETRO PAP,NA,45.8666,11.5122,NA,ASIAGO,ASIAGO,NA,NA
2024-10-16 13:59:25,OP012QR,VEH004,RFD20241002094,Presente,SECCO,SECCO PAP,UTZ005,45.5787,11.9238,CAMPOSAMPIERO,CAMPOSAMPIERO,CAMPOSAMPIERO,240,26
2024-10-16 14:30:29,IL789MN,VEH003,RFD20241002217,Non Presente,NA,VERDE PAP,NA,45.6307,11.6934,NA,CARMIGNANO DI BRENTA,CAMPOSAMPIERO,NA,NA
2024-10-16 14:35:38,IL789MN,VEH003,RFD20241016234,Non Presente,NA,VERDE PAP,NA,45.5602,11.8173,NA,CAMPO SAN MARTINO,CAMPOSAMPIERO,NA,NA
2024-10-16 14:56:00,OP012QR,VEH004,RFD20241002184,Presente,SECCO,SECCO PAP,UTZ002,45.7700,11.7358,BASSANO DEL GRAPPA,BASSANO DEL GRAPPA,BASSANO,1100,26
2024-10-16 15:04:13,ST345UV,VEH005,RFD20241002229,Non Presente,NA,VETRO PAP,NA,45.7207,11.6123,NA,COLCERESA,BASSANO,NA,NA
2024-10-16 16:14:09,ST345UV,VEH005,RFD20241002053,Presente,VETRO,VETRO PAP,UTZ022,45.7622,11.7437,BASSANO DEL GRAPPA,BASSANO DEL GRAPPA,BASSANO,1100,26
2024-10-16 16:18:08,IL789MN,VEH003,RFD20241002015,Presente,VERDE E RAMAGLIE,VERDE PAP,UTZ030,45.6657,11.8192,GALLIERA VENETA,GALLIERA VENETA,CAMPOSAMPIERO,1100,26
2024-10-16 16:48:50,IL789MN,VEH003,RFD20241002198,Presente,VERDE E RAMAGLIE,VERDE PAP,UTZ001,45.8722,11.5268,ASIAGO,ASIAGO,ASIAGO,240,26
2024-10-16 18:52:01,ST345UV,VEH005,RFD20241001301,Non Presente,NA,VETRO PAP,NA,45.5658,11.9399,NA,CAMPOSAMPIERO,CAMPOSAMPIERO,NA,NA
2024-10-17 06:07:28,AB123CD,VEH001,RFD20241001301,Non Presente,NA,CARTA/CARTONE PAP,NA,45.5658,11.9399,NA,CAMPOSAMPIERO,CAMPOSAMPIERO,NA,NA
2024-10-17 07:11:31,AB123CD,VEH001,RFD20241017188,Presente,CARTA,CARTA/CARTONE PAP,UTZ015,45.5558,12.0156,MASSANZAGO,MASSANZAGO,CAMPOSAMPIERO,240,26
2024-10-17 08:10:28,AB123CD,VEH001,RFD20241003141,Presente,CARTA,CARTA/CARTONE PAP,UTZ008,45.5761,11.7106,GAZZO,GAZZO,CAMPOSAMPIERO,1100,26
2024-10-17 08:43:27,EF456GH,VEH002,RFD20241017034,Presente,VETRO,VETRO PAP,UTZ036,45.7636,11.7391,BASSANO DEL GRAPPA,BASSANO DEL GRAPPA,BASSANO,1100,13
2024-10-17 08:59:41,AB123CD,VEH001,RFD20241003096,Presente,CARTA,CARTA/CARTONE PAP,UTZ017,45.5709,11.9266,CAMPOSAMPIERO,CAMPOSAMPIERO,CAMPOSAMPIERO,1100,26
2024-10-17 10:31:05,EF456GH,VEH002,RFD20241003157,Presente,VETRO,VETRO PAP,UTZ013,45.4909,11.7442,CAMPODORO,CAMPODORO,RUBANO,1100,26
2024-10-17 13:24:56,IL789MN,VEH003,RFD20241003127,Presente,UMIDO,UMIDO CONT.STRADALI,UTZ001,45.7729,11.7288,BASSANO DEL GRAPPA,BASSANO DEL GRAPPA,BASSANO,240,26
2024-10-17 14:18:41,ST345UV,VEH005,RFD20241003138,Presente,PLASTICA E METALLI,PLAST.CONT.STRADALI,UTZ005,45.6087,11.6729,SAN PIETRO IN GU,SAN PIETRO IN GU,CAMPOSAMPIERO,770,26
2024-10-17 14:34:18,OP012QR,VEH004,RFD20241003061,Presente,SECCO,SECCO PAP,UTZ002,45.5338,11.9615,BORGORICCO,BORGORICCO,CAMPOSAMPIERO,1100,26
2024-10-17 16:24:30,OP012QR,VEH004,RFD20241003164,Presente,SECCO,SECCO PAP,UTZ003,45.7795,11.7296,BASSANO DEL GRAPPA,BASSANO DEL GRAPPA,BASSANO,240,26
2024-10-17 16:45:47,IL789MN,VEH003,RFD20241003303,Presente,UMIDO,UMIDO CONT.STRADALI,UTZ002,45.7772,11.8072,MUSSOLENTE,MUSSOLENTE,BASSANO,240,26
2024-10-18 06:20:21,AB123CD,VEH001,RFD20241001301,Non Presente,NA,SECCO PAP,NA,45.5658,11.9400,NA,CAMPOSAMPIERO,CAMPOSAMPIERO,NA,NA
2024-10-18 06:36:35,AB123CD,VEH001,RFD20241004065,Presente,SECCO,SECCO PAP,UTZ007,45.6154,11.6650,SAN PIETRO IN GU,SAN PIETRO IN GU,CAMPOSAMPIERO,1100,26
2024-10-18 08:23:57,AB123CD,VEH001,RFD20241004003,Presente,SECCO,SECCO PAP,UTZ008,45.4363,11.7856,RUBANO,RUBANO,RUBANO,240,26
2024-10-18 08:46:48,EF456GH,VEH002,RFD20241004123,Presente,CARTA,CARTA CONT.STRADALI,UTZ032,45.6488,11.7783,CITTADELLA,CITTADELLA,CAMPOSAMPIERO,240,26
2024-10-18 09:23:47,EF456GH,VEH002,RFD20241018161,Presente,CARTA,CARTA CONT.STRADALI,UTZ034,45.5714,11.9295,CAMPOSAMPIERO,CAMPOSAMPIERO,CAMPOSAMPIERO,1100,26
2024-10-18 10:28:55,AB123CD,VEH001,RFD20241004137,Presente,SECCO,SECCO PAP,UTZ012,45.5273,11.9710,BORGORICCO,BORGORICCO,CAMPOSAMPIERO,1100,26
2024-10-18 10:36:42,EF456GH,VEH002,RFD20241004197,Presente,CARTA,CARTA CONT.STRADALI,UTZ018,45.8647,11.5125,ASIAGO,ASIAGO,ASIAGO,240,26
2024-10-18 10:39:53,EF456GH,VEH002,RFD20241004159,Presente,CARTA,CARTA CONT.STRADALI,UTZ004,45.4414,11.7880,RUBANO,RUBANO,RUBANO,1100,26
2024-10-18 11:08:44,EF456GH,VEH002,RFD20241004028,Presente,CARTA,CARTA CONT.STRADALI,UTZ005,45.8598,11.3940,ROTZO,ROTZO,ASIAGO,240,26
2024-10-18 14:04:59,IL789MN,VEH003,RFD20241004177,Presente,PLASTICA E METALLI,PLASTICA PAP,UTZ048,45.7667,11.7334,BASSANO DEL GRAPPA,BASSANO DEL GRAPPA,BASSANO,770,26
2024-10-18 14:06:10,OP012QR,VEH004,RFD20241004044,Presente,SECCO,SECCO PAP,UTZ009,45.6807,11.6937,TEZZE SUL BRENTA,TEZZE SUL BRENTA,BASSANO,240,26
2024-10-18 15:37:54,OP012QR,VEH004,RFD20241018010,Presente,SECCO,SECCO PAP,UTZ001,45.3634,11.9847,SAONARA,SAONARA,CAMPOSAMPIERO,1100,26
2024-10-18 17:09:54,ST345UV,VEH005,RFD20241004115,Presente,VETRO,VETRO PAP,UTZ001,45.4291,11.7849,RUBANO,RUBANO,RUBANO,1100,26
2024-10-18 17:11:52,ST345UV,VEH005,RFD20241004185,Presente,VETRO,VETRO PAP,UTZ043,45.4033,11.7498,SACCOLONGO,SACCOLONGO,RUBANO,1100,26
2024-10-19 06:15:57,IL789MN,VEH003,RFD20241001301,Non Presente,NA,UMIDO PAP,NA,45.5659,11.9399,NA,CAMPOSAMPIERO,CAMPOSAMPIERO,NA,NA
2024-10-19 14:26:12,OP012QR,VEH004,RFD20241005012,Presente,SECCO,SECCO PAP,UTZ035,45.8085,11.7284,POVE DEL GRAPPA,POVE DEL GRAPPA,BASSANO,1100,26
2024-10-19 15:14:33,IL789MN,VEH003,RFD20241005169,Presente,VERDE E RAMAGLIE,VERDE PAP,UTZ008,45.6471,11.6823,POZZOLEONE,POZZOLEONE,BASSANO,240,26
2024-10-19 15:36:35,OP012QR,VEH004,RFD20241019135,Presente,SECCO,SECCO PAP,UTZ019,45.6500,11.8547,SAN MARTINO DI LUPARI,SAN MARTINO DI LUPARI,CAMPOSAMPIERO,240,26
2024-10-19 15:53:43,IL789MN,VEH003,RFD20241005144,Presente,VERDE E RAMAGLIE,VERDE PAP,UTZ013,45.4201,11.6829,CERVARESE SANTA CROCE,CERVARESE SANTA CROCE,RUBANO,240,26
2024-10-19 17:38:10,IL789MN,VEH003,RFD20241005064,Presente,VERDE E RAMAGLIE,VERDE PAP,UTZ010,45.3061,11.7337,GALZIGNANO TERME,GALZIGNANO TERME,RUBANO,240,26
2024-10-19 18:39:02,EF456GH,VEH002,RFD20241001301,Non Presente,NA,VETRO PAP,NA,45.5659,11.9399,NA,CAMPOSAMPIERO,CAMPOSAMPIERO,NA,NA
2024-10-20 07:12:47,AB123CD,VEH001,RFD20241006101,Presente,CARTA,CARTA CONT.STRADALI,UTZ012,45.5775,11.9329,CAMPOSAMPIERO,CAMPOSAMPIERO,CAMPOSAMPIERO,1100,26
2024-10-20 07:26:19,AB123CD,VEH001,RFD20241006147,Presente,CARTA,CARTA CONT.STRADALI,UTZ003,45.3314,11.7375,TORREGLIA,TORREGLIA,RUBANO,240,26
2024-10-20 08:16:35,AB123CD,VEH001,RFD20241006174,Presente,CARTA,CARTA CONT.STRADALI,UTZ003,45.3071,11.7164,GALZIGNANO TERME,GALZIGNANO TERME,RUBANO,240,26
2024-10-20 08:28:29,AB123CD,VEH001,RFD20241006168,Presente,CARTA,CARTA CONT.STRADALI,UTZ003,45.5471,12.0105,MASSANZAGO,MASSANZAGO,CAMPOSAMPIERO,1100,26
2024-10-20 08:51:24,AB123CD,VEH001,RFD20241006192,Presente,CARTA,CARTA CONT.STRADALI,UTZ001,45.6511,11.8275,TOMBOLO,TOMBOLO,CAMPOSAMPIERO,1100,26
2024-10-20 08:52:06,AB123CD,VEH001,RFD20241020036,Presente,CARTA,CARTA CONT.STRADALI,UTZ007,45.6521,11.7819,CITTADELLA,CITTADELLA,CAMPOSAMPIERO,1100,26
2024-10-20 09:53:36,AB123CD,VEH001,RFD20241006066,Presente,CARTA,CARTA CONT.STRADALI,UTZ011,45.3104,11.7321,GALZIGNANO TERME,GALZIGNANO TERME,RUBANO,1100,26
2024-10-20 10:43:45,AB123CD,VEH001,RFD20241006134,Presente,CARTA,CARTA CONT.STRADALI,UTZ001,45.5032,11.9009,CAMPODARSEGO,CAMPODARSEGO,CAMPOSAMPIERO,240,26
2024-10-20 10:58:11,AB123CD,VEH001,RFD20241006095,Presente,CARTA,CARTA CONT.STRADALI,UTZ034,45.4855,11.7452,CAMPODORO,CAMPODORO,RUBANO,1100,26
2024-10-20 15:26:31,AB123CD,VEH001,RFD20241002229,Non Presente,NA,CARTA CONT.STRADALI,NA,45.7208,11.6122,NA,COLCERESA,BASSANO,NA,NA
2024-10-21 06:17:27,AB123CD,VEH001,RFD20241001301,Non Presente,NA,SECCO PAP,NA,45.5658,11.9399,NA,CAMPOSAMPIERO,CAMPOSAMPIERO,NA,NA
2024-10-21 06:25:09,IL789MN,VEH003,RFD20241007043,Presente,UMIDO,UMIDO PAP,UTZ001,45.7954,11.7347,POVE DEL GRAPPA,POVE DEL GRAPPA,BASSANO,240,26
2024-10-21 08:13:45,IL789MN,VEH003,RFD20241007142,Presente,UMIDO,UMIDO PAP,UTZ001,45.3361,11.7885,MONTEGROTTO TERME,MONTEGROTTO TERME,RUBANO,770,26
2024-10-21 08:21:50,AB123CD,VEH001,RFD20241007113,Presente,SECCO,SECCO PAP,UTZ022,45.4248,11.7900,RUBANO,RUBANO,RUBANO,1100,26
2024-10-21 09:32:03,AB123CD,VEH001,RFD20241007146,Presente,SECCO,SECCO PAP,UTZ018,45.3019,11.7336,GALZIGNANO TERME,GALZIGNANO TERME,RUBANO,240,26
2024-10-21 10:34:51,AB123CD,VEH001,RFD20241021092,Presente,SECCO,SECCO PAP,UTZ041,45.3282,11.7922,MONTEGROTTO TERME,MONTEGROTTO TERME,RUBANO,1100,26
2024-10-21 12:28:29,OP012QR,VEH004,RFD20241007090,Presente,SECCO,SECCO PAP,UTZ021,45.7167,11.6079,COLCERESA,COLCERESA,BASSANO,1100,26
2024-10-21 13:02:42,OP012QR,VEH004,RFD20241007190,Presente,SECCO,SECCO PAP,UTZ031,45.4333,11.7795,RUBANO,RUBANO,RUBANO,1100,26
2024-10-21 13:02:53,OP012QR,VEH004,RFD20241007193,Presente,SECCO,SECCO PAP,UTZ005,45.6645,11.8333,GALLIERA VENETA,GALLIERA VENETA,CAMPOSAMPIERO,240,26
2024-10-21 13:24:38,ST345UV,VEH005,RFD20241007039,Presente,VETRO,VETRO PAP,UTZ025,45.5286,11.9682,BORGORICCO,BORGORICCO,CAMPOSAMPIERO,770,26
2024-10-21 13:50:21,IL789MN,VEH003,RFD20241007067,Presente,UMIDO,UMIDO CONT.STRADALI,UTZ010,45.3994,11.7455,SACCOLONGO,SACCOLONGO,RUBANO,770,26
2024-10-21 14:02:15,IL789MN,VEH003,RFD20241007233,Non Presente,NA,UMIDO CONT.STRADALI,NA,45.3297,11.8014,NA,MONTEGROTTO TERME,RUBANO,NA,NA
2024-10-21 14:42:40,ST345UV,VEH005,RFD20241007076,Presente,VETRO,VETRO PAP,UTZ001,45.7719,11.7305,BASSANO DEL GRAPPA,BASSANO DEL GRAPPA,BASSANO,1100,26
2024-10-21 14:53:24,IL789MN,VEH003,RFD20241007054,Presente,UMIDO,UMIDO CONT.STRADALI,UTZ013,45.6528,11.8165,TOMBOLO,TOMBOLO,CAMPOSAMPIERO,240,26
2024-10-21 15:20:05,IL789MN,VEH003,RFD20241007148,Presente,UMIDO,UMIDO CONT.STRADALI,UTZ025,45.7744,11.7212,BASSANO DEL GRAPPA,BASSANO DEL GRAPPA,BASSANO,240,26
2024-10-21 15:54:54,ST345UV,VEH005,RFD20241007081,Presente,VETRO,VETRO PAP,UTZ003,45.7215,11.7651,ROSA',ROSA',BASSANO,1100,26
2024-10-21 16:53:56,OP012QR,VEH004,RFD20241007120,Presente,SECCO,SECCO PAP,UTZ002,45.4335,11.7851,RUBANO,RUBANO,RUBANO,1100,26
2024-10-21 18:44:14,ST345UV,VEH005,RFD20241001301,Non Presente,NA,VETRO PAP,NA,45.5658,11.9399,NA,CAMPOSAMPIERO,CAMPOSAMPIERO,NA,NA
2024-10-22 06:00:00,AB123CD,VEH001,RFD20241008171,Presente,CARTA,CARTA/CARTONE PAP,UTZ023,45.7280,11.7641,ROSA',ROSA',BASSANO,240,26
2024-10-22 06:06:21,OP012QR,VEH004,RFD20241001301,Non Presente,NA,SECCO PAP,NA,45.5658,11.9398,NA,CAMPOSAMPIERO,CAMPOSAMPIERO,NA,NA
2024-10-22 08:14:55,AB123CD,VEH001,RFD20241016234,Non Presente,NA,CARTA/CARTONE PAP,NA,45.5601,11.8171,NA,CAMPO SAN MARTINO,CAMPOSAMPIERO,NA,NA
2024-10-22 08:54:13,EF456GH,VEH002,RFD20241008026,Presente,VETRO,VETRO PAP,UTZ008,45.7925,11.7304,POVE DEL GRAPPA,POVE DEL GRAPPA,BASSANO,1100,26
2024-10-22 09:11:02,AB123CD,VEH001,RFD20241022136,Presente,CARTA,CARTA/CARTONE PAP,UTZ038,45.7886,11.7571,ROMANO D'EZZELINO,ROMANO D'EZZELINO,BASSANO,240,26
2024-10-22 10:19:54,IL789MN,VEH003,RFD20241008059,Presente,UMIDO,UMIDO PAP,UTZ001,45.4023,11.7942,SELVAZZANO DENTRO,SELVAZZANO DENTRO,RUBANO,240,26
2024-10-22 10:43:09,AB123CD,VEH001,RFD20241008062,Presente,CARTA,CARTA/CARTONE PAP,UTZ002,45.3630,11.6653,ROVOLON,ROVOLON,RUBANO,1100,26
2024-10-22 12:40:17,OP012QR,VEH004,RFD20241008077,Presente,SECCO,SECCO PAP,UTZ024,45.3618,11.6634,ROVOLON,ROVOLON,RUBANO,1100,26
2024-10-22 13:02:48,OP012QR,VEH004,RFD20241008155,Presente,SECCO,SECCO PAP,UTZ002,45.8753,11.5203,ASIAGO,ASIAGO,ASIAGO,240,26
2024-10-22 13:33:29,OP012QR,VEH004,RFD20241008102,Presente,SECCO,SECCO PAP,UTZ024,45.8898,11.6270,FOZA,FOZA,ASIAGO,1100,26
2024-10-22 15:18:30,IL789MN,VEH003,RFD20241008032,Presente,PLASTICA E METALLI,PLASTICA PAP,UTZ026,45.3981,11.7485,SACCOLONGO,SACCOLONGO,RUBANO,770,26
2024-10-22 16:03:18,ST345UV,VEH005,RFD20241008187,Presente,PLASTICA E METALLI,PLAST.CONT.STRADALI,UTZ002,45.6585,11.8266,GALLIERA VENETA,GALLIERA VENETA,CAMPOSAMPIERO,770,26
2024-10-22 16:41:27,OP012QR,VEH004,RFD20241008099,Presente,SECCO,SECCO PAP,UTZ015,45.7175,11.7677,ROSA',ROSA',BASSANO,1100,26
2024-10-23 06:02:57,AB123CD,VEH001,RFD20241001301,Non Presente,NA,SECCO PAP,NA,45.5658,11.9399,NA,CAMPOSAMPIERO,CAMPOSAMPIERO,NA,NA
2024-10-23 06:06:32,OP012QR,VEH004,RFD20241001301,Non Presente,NA,SECCO PAP,NA,45.5658,11.9400,NA,CAMPOSAMPIERO,CAMPOSAMPIERO,NA,NA
2024-10-23 07:02:14,AB123CD,VEH001,RFD20241009151,Presente,SECCO,SECCO PAP,UTZ026,45.5940,11.9393,LOREGGIA,LOREGGIA,CAMPOSAMPIERO,240,26
2024-10-23 07:41:03,AB123CD,VEH001,RFD20241009041,Presente,SECCO,SECCO PAP,UTZ001,45.5653,11.8988,SANTA GIUSTINA IN COLLE,SANTA GIUSTINA IN COLLE,CAMPOSAMPIERO,1100,26
2024-10-23 07:48:37,AB123CD,VEH001,RFD20241009128,Presente,SECCO,SECCO PAP,UTZ002,45.4111,11.7372,SACCOLONGO,SACCOLONGO,RUBANO,1100,26
2024-10-23 08:19:43,AB123CD,VEH001,RFD20241009189,Presente,SECCO,SECCO PAP,UTZ002,45.4234,11.7905,RUBANO,RUBANO,RUBANO,1100,26
2024-10-23 08:22:43,AB123CD,VEH001,00BD00000000000000000101,Non Presente,NA,SECCO PAP,NA,45.7406,11.6539,NA,MAROSTICA,BASSANO,NA,NA
2024-10-23 09:19:12,AB123CD,VEH001,RFD20241009093,Presente,SECCO,SECCO PAP,UTZ001,45.7098,11.7972,ROSSANO VENETO,ROSSANO VENETO,BASSANO,1100,26
2024-10-23 10:07:56,AB123CD,VEH001,RFD20241009111,Presente,SECCO,SECCO PAP,UTZ042,45.6085,11.6743,SAN PIETRO IN GU,SAN PIETRO IN GU,CAMPOSAMPIERO,240,26
2024-10-23 10:17:17,AB123CD,VEH001,RFD20241009106,Presente,SECCO,SECCO PAP,UTZ004,45.7671,11.7354,BASSANO DEL GRAPPA,BASSANO DEL GRAPPA,BASSANO,240,26
2024-10-23 10:46:46,AB123CD,VEH001,RFD20241009108,Presente,SECCO,SECCO PAP,UTZ003,45.6954,11.7106,TEZZE SUL BRENTA,TEZZE SUL BRENTA,BASSANO,240,26
2024-10-23 11:09:34,EF456GH,VEH002,RFD20241009218,Non Presente,NA,CARTA CONT.STRADALI,NA,45.5589,11.9138,NA,SANTA GIUSTINA IN COLLE,CAMPOSAMPIERO,NA,NA
2024-10-23 11:17:56,AB123CD,VEH001,RFD20241009227,Non Presente,NA,SECCO PAP,NA,45.8965,11.5509,NA,GALLIO,ASIAGO,NA,NA
2024-10-23 14:01:17,OP012QR,VEH004,RFD20241009107,Presente,SECCO,SECCO PAP,UTZ033,45.5708,11.9323,CAMPOSAMPIERO,CAMPOSAMPIERO,CAMPOSAMPIERO,1100,26
2024-10-23 14:20:19,IL789MN,VEH003,RFD20241009045,Presente,VERDE E RAMAGLIE,VERDE PAP,UTZ030,45.5621,12.0077,MASSANZAGO,MASSANZAGO,CAMPOSAMPIERO,240,26
2024-10-23 14:21:59,ST345UV,VEH005,RFD20241009150,Presente,VETRO,VETRO PAP,UTZ027,45.5793,11.9326,CAMPOSAMPIERO,CAMPOSAMPIERO,CAMPOSAMPIERO,1100,26
2024-10-23 14:40:43,IL789MN,VEH003,RFD20241008208,Non Presente,NA,VERDE PAP,NA,45.8665,11.5124,NA,ASIAGO,ASIAGO,NA,NA
2024-10-23 14:41:33,IL789MN,VEH003,RFD20241009205,Non Presente,NA,VERDE PAP,NA,45.8678,11.5018,NA,ASIAGO,ASIAGO,NA,NA
2024-10-23 15:54:45,OP012QR,VEH004,RFD20241009140,Presente,SECCO,SECCO PAP,UTZ002,45.9450,11.7210,ENEGO,ENEGO,ASIAGO,1100,26
2024-10-24 06:23:18,IL789MN,VEH003,RFD20241001301,Non Presente,NA,UMIDO PAP,NA,45.5658,11.9399,NA,CAMPOSAMPIERO,CAMPOSAMPIERO,NA,NA
2024-10-24 07:54:09,EF456GH,VEH002,RFD20241024149,Presente,VETRO,VETRO PAP,UTZ004,45.5620,11.9087,SANTA GIUSTINA IN COLLE,SANTA GIUSTINA IN COLLE,CAMPOSAMPIERO,1100,13
2024-10-24 08:19:10,IL789MN,VEH003,RFD20241010068,Presente,UMIDO,UMIDO PAP,UTZ004,45.4898,11.7454,CAMPODORO,CAMPODORO,RUBANO,240,26
2024-10-24 09:43:18,AB123CD,VEH001,RFD20241010013,Presente,CARTA,CARTA/CARTONE PAP,UTZ009,45.7805,11.7403,BASSANO DEL GRAPPA,BASSANO DEL GRAPPA,BASSANO,1100,26
2024-10-24 10:44:01,AB123CD,VEH001,RFD20241010194,Presente,CARTA,CARTA/CARTONE PAP,UTZ017,45.7814,11.7309,BASSANO DEL GRAPPA,BASSANO DEL GRAPPA,BASSANO,240,26
2024-10-24 13:39:36,IL789MN,VEH003,RFD20241010178,Presente,UMIDO,UMIDO CONT.STRADALI,UTZ004,45.6589,11.8249,GALLIERA VENETA,GALLIERA VENETA,CAMPOSAMPIERO,240,26
2024-10-24 14:15:03,ST345UV,VEH005,RFD20241010022,Presente,PLASTICA E METALLI,PLAST.CONT.STRADALI,UTZ032,45.3666,11.9840,SAONARA,SAONARA,CAMPOSAMPIERO,770,26
2024-10-24 14:18:28,IL789MN,VEH003,RFD20241010109,Presente,UMIDO,UMIDO CONT.STRADALI,UTZ018,45.7767,11.7332,BASSANO DEL GRAPPA,BASSANO DEL GRAPPA,BASSANO,770,26
2024-10-24 15:03:36,IL789MN,VEH003,RFD20241010195,Presente,UMIDO,UMIDO CONT.STRADALI,UTZ049,45.3154,11.7320,GALZIGNANO TERME,GALZIGNANO TERME,RUBANO,240,26
2024-10-24 15:07:57,ST345UV,VEH005,RFD20241010154,Presente,PLASTICA E METALLI,PLAST.CONT.STRADALI,UTZ005,45.8641,11.5161,ASIAGO,ASIAGO,ASIAGO,770,26
2024-10-24 15:31:10,ST345UV,VEH005,RFD20241010079,Presente,PLASTICA E METALLI,PLAST.CONT.STRADALI,UTZ004,45.8870,11.6249,FOZA,FOZA,ASIAGO,770,26
2024-10-24 15:41:32,OP012QR,VEH004,RFD20241010119,Presente,SECCO,SECCO PAP,UTZ002,45.5624,11.9074,SANTA GIUSTINA IN COLLE,SANTA GIUSTINA IN COLLE,CAMPOSAMPIERO,1100,26
2024-10-24 16:35:32,OP012QR,VEH004,RFD20241010074,Presente,SECCO,SECCO PAP,UTZ006,45.6266,11.7052,CARMIGNANO DI BRENTA,CARMIGNANO DI BRENTA,CAMPOSAMPIERO,1100,26
2024-10-24 17:01:33,OP012QR,VEH004,RFD20241010069,Presente,SECCO,SECCO PAP,UTZ020,45.7311,11.7589,ROSA',ROSA',BASSANO,240,26
2024-10-25 07:40:28,AB123CD,VEH001,RFD20241025029,Presente,SECCO,SECCO PAP,UTZ001,45.7802,11.7922,MUSSOLENTE,MUSSOLENTE,BASSANO,240,26
2024-10-25 07:59:03,AB123CD,VEH001,RFD20241011132,Presente,SECCO,SECCO PAP,UTZ001,45.5770,11.9309,CAMPOSAMPIERO,CAMPOSAMPIERO,CAMPOSAMPIERO,1100,26
2024-10-25 08:11:55,EF456GH,VEH002,RFD20241011223,Non Presente,NA,CARTA CONT.STRADALI,NA,45.9026,11.6322,NA,FOZA,ASIAGO,NA,NA
2024-10-25 09:22:45,AB123CD,VEH001,RFD20241025170,Presente,SECCO,SECCO PAP,UTZ006,45.7998,11.7594,ROMANO D'EZZELINO,ROMANO D'EZZELINO,BASSANO,1100,26
2024-10-25 09:45:40,AB123CD,VEH001,RFD20241011176,Presente,SECCO,SECCO PAP,UTZ008,45.4678,11.8514,LIMENA,LIMENA,RUBANO,1100,26
2024-10-25 11:54:02,AB123CD,VEH001,RFD20241025196,Presente,SECCO,SECCO PAP,UTZ029,45.8644,11.5204,ASIAGO,ASIAGO,ASIAGO,1100,26
2024-10-25 13:32:23,ST345UV,VEH005,RFD20241025087,Presente,VETRO,VETRO PAP,UTZ021,45.4925,11.8969,CAMPODARSEGO,CAMPODARSEGO,CAMPOSAMPIERO,1100,13
2024-10-25 13:40:56,OP012QR,VEH004,RFD20241011121,Presente,SECCO,SECCO PAP,UTZ015,45.4086,11.7482,SACCOLONGO,SACCOLONGO,RUBANO,1100,26
2024-10-25 14:03:38,ST345UV,VEH005,RFD20241025175,Presente,VETRO,VETRO PAP,UTZ006,45.4899,11.7534,CAMPODORO,CAMPODORO,RUBANO,1100,13
2024-10-25 14:38:34,ST345UV,VEH005,RFD20241025031,Presente,VETRO,VETRO PAP,UTZ026,45.7759,11.7460,BASSANO DEL GRAPPA,BASSANO DEL GRAPPA,BASSANO,1100,13
2024-10-25 14:50:24,ST345UV,VEH005,RFD20241025060,Presente,VETRO,VETRO PAP,UTZ003,45.3335,11.7956,MONTEGROTTO TERME,MONTEGROTTO TERME,RUBANO,1100,13
2024-10-25 14:56:05,ST345UV,VEH005,RFD20241011182,Presente,VETRO,VETRO PAP,UTZ047,45.5857,11.7047,GAZZO,GAZZO,CAMPOSAMPIERO,1100,26
2024-10-25 14:56:58,OP012QR,VEH004,RFD20241011124,Presente,SECCO,SECCO PAP,UTZ001,45.6426,11.8515,SAN MARTINO DI LUPARI,SAN MARTINO DI LUPARI,CAMPOSAMPIERO,240,26
2024-10-25 15:48:57,ST345UV,VEH005,RFD20241011125,Presente,VETRO,VETRO PAP,UTZ014,45.5745,11.9220,CAMPOSAMPIERO,CAMPOSAMPIERO,CAMPOSAMPIERO,1100,26
2024-10-25 16:31:57,IL789MN,VEH003,RFD20241011019,Presente,PLASTICA E METALLI,PLASTICA PAP,UTZ001,45.6001,12.0032,PIOMBINO DESE,PIOMBINO DESE,CAMPOSAMPIERO,770,26
2024-10-25 17:02:36,IL789MN,VEH003,RFD20241025075,Presente,PLASTICA E METALLI,PLASTICA PAP,UTZ001,45.7965,11.7438,ROMANO D'EZZELINO,ROMANO D'EZZELINO,BASSANO,770,26
2024-10-25 17:59:10,OP012QR,VEH004,RFD20241011004,Presente,SECCO,SECCO PAP,UTZ024,45.7923,11.7672,ROMANO D'EZZELINO,ROMANO D'EZZELINO,BASSANO,240,26
2024-10-25 18:37:18,IL789MN,VEH003,RFD20241001301,Non Presente,NA,PLASTICA PAP,NA,45.5657,11.9399,NA,CAMPOSAMPIERO,CAMPOSAMPIERO,NA,NA
2024-10-26 06:21:46,OP012QR,VEH004,RFD20241001301,Non Presente,NA,SECCO PAP,NA,45.5658,11.9399,NA,CAMPOSAMPIERO,CAMPOSAMPIERO,NA,NA
2024-10-26 07:23:42,AB123CD,VEH001,RFD20241012118,Presente,CARTA,CARTA/CARTONE PAP,UTZ019,45.6944,11.7071,TEZZE SUL BRENTA,TEZZE SUL BRENTA,BASSANO,1100,26
2024-10-26 08:58:08,AB123CD,VEH001,RFD20241012116,Presente,CARTA,CARTA/CARTONE PAP,UTZ009,45.3958,11.7909,SELVAZZANO DENTRO,SELVAZZANO DENTRO,RUBANO,240,26
2024-10-26 12:19:39,OP012QR,VEH004,RFD20241012082,Presente,SECCO,SECCO PAP,UTZ001,45.6591,11.8292,GALLIERA VENETA,GALLIERA VENETA,CAMPOSAMPIERO,240,26
2024-10-26 13:52:53,IL789MN,VEH003,RFD20241012047,Presente,VERDE E RAMAGLIE,VERDE PAP,UTZ028,45.7546,11.7434,BASSANO DEL GRAPPA,BASSANO DEL GRAPPA,BASSANO,240,26
2024-10-26 15:39:37,IL789MN,VEH003,RFD20241008231,Non Presente,NA,VERDE PAP,NA,45.6866,11.7001,NA,TEZZE SUL BRENTA,BASSANO,NA,NA
2024-10-26 15:46:07,IL789MN,VEH003,RFD20241012089,Presente,VERDE E RAMAGLIE,VERDE PAP,UTZ017,45.7292,11.6735,NOVE,NOVE,BASSANO,240,26
2024-10-26 15:56:31,IL789MN,VEH003,RFD20241012052,Presente,VERDE E RAMAGLIE,VERDE PAP,UTZ002,45.6996,11.6387,SCHIAVON,SCHIAVON,BASSANO,1100,26
2024-10-27 07:14:51,AB123CD,VEH001,RFD20241013046,Presente,CARTA,CARTA CONT.STRADALI,UTZ035,45.3084,11.7300,GALZIGNANO TERME,GALZIGNANO TERME,RUBANO,240,26
2024-10-27 07:34:57,AB123CD,VEH001,RFD20241013129,Presente,CARTA,CARTA CONT.STRADALI,UTZ031,45.6329,11.7061,CARMIGNANO DI BRENTA,CARMIGNANO DI BRENTA,CAMPOSAMPIERO,240,26
2024-10-27 07:37:32,AB123CD,VEH001,RFD20241013167,Presente,CARTA,CARTA CONT.STRADALI,UTZ022,45.9006,11.6396,FOZA,FOZA,ASIAGO,240,26
2024-10-27 07:56:02,AB123CD,VEH001,RFD20241013130,Presente,CARTA,CARTA CONT.STRADALI,UTZ004,45.4267,11.6849,CERVARESE SANTA CROCE,CERVARESE SANTA CROCE,RUBANO,240,26
2024-10-27 08:11:39,AB123CD,VEH001,RFD20241013030,Presente,CARTA,CARTA CONT.STRADALI,UTZ001,45.6913,11.7995,ROSSANO VENETO,ROSSANO VENETO,BASSANO,1100,26
2024-10-27 08:44:33,AB123CD,VEH001,RFD20241013083,Presente,CARTA,CARTA CONT.STRADALI,UTZ030,45.3138,11.7394,GALZIGNANO TERME,GALZIGNANO TERME,RUBANO,240,26
2024-10-27 09:51:13,AB123CD,VEH001,RFD20241013172,Presente,CARTA,CARTA CONT.STRADALI,UTZ001,45.3299,11.7374,TORREGLIA,TORREGLIA,RUBANO,240,26
2024-10-27 11:41:10,AB123CD,VEH001,RFD20241027216,Non Presente,NA,CARTA CONT.STRADALI,NA,45.4482,11.7532,NA,MESTRINO,RUBANO,NA,NA
2024-10-28 06:04:27,AB123CD,VEH001,RFD20241001301,Non Presente,NA,SECCO PAP,NA,45.5658,11.9399,NA,CAMPOSAMPIERO,CAMPOSAMPIERO,NA,NA
2024-10-28 06:30:57,IL789MN,VEH003,RFD20241008208,Non Presente,NA,UMIDO PAP,NA,45.8666,11.5124,NA,ASIAGO,ASIAGO,NA,NA
2024-10-28 09:23:06,AB123CD,VEH001,RFD20241014117,Presente,SECCO,SECCO PAP,UTZ001,45.6418,11.7835,CITTADELLA,CITTADELLA,CAMPOSAMPIERO,1100,26
2024-10-28 09:31:12,EF456GH,VEH002,RFD20241028220,Non Presente,NA,CARTA CONT.STRADALI,NA,45.6487,11.8227,NA,TOMBOLO,CAMPOSAMPIERO,NA,NA
2024-10-28 09:40:27,EF456GH,VEH002,RFD20241014191,Presente,CARTA,CARTA CONT.STRADALI,UTZ005,45.3678,11.6629,ROVOLON,ROVOLON,RUBANO,1100,26
2024-10-28 13:32:02,IL789MN,VEH003,RFD20241014226,Non Presente,NA,UMIDO CONT.STRADALI,NA,45.4290,11.7857,NA,RUBANO,RUBANO,NA,NA
2024-10-28 14:26:23,OP012QR,VEH004,RFD20241014033,Presente,SECCO,SECCO PAP,UTZ006,45.8593,11.4001,ROTZO,ROTZO,ASIAGO,1100,26
2024-10-28 14:33:52,IL789MN,VEH003,RFD20241028173,Presente,UMIDO,UMIDO CONT.STRADALI,UTZ032,45.7624,11.7418,BASSANO DEL GRAPPA,BASSANO DEL GRAPPA,BASSANO,240,26
2024-10-28 15:03:03,IL789MN,VEH003,RFD20241028145,Presente,UMIDO,UMIDO CONT.STRADALI,UTZ006,45.4286,11.7849,RUBANO,RUBANO,RUBANO,240,26
2024-10-28 15:42:14,OP012QR,VEH004,RFD20241028163,Presente,SECCO,SECCO PAP,UTZ003,45.7273,11.7668,ROSA',ROSA',BASSANO,1100,26
2024-10-28 18:42:32,OP012QR,VEH004,RFD20241001301,Non Presente,NA,SECCO PAP,NA,45.5658,11.9399,NA,CAMPOSAMPIERO,CAMPOSAMPIERO,NA,NA
2024-10-29 06:08:50,IL789MN,VEH003,RFD20241001301,Non Presente,NA,UMIDO PAP,NA,45.5657,11.9399,NA,CAMPOSAMPIERO,CAMPOSAMPIERO,NA,NA
2024-10-29 07:41:44,AB123CD,VEH001,RFD20241001103,Presente,CARTA,CARTA/CARTONE PAP,UTZ013,45.5660,11.9181,CAMPOSAMPIERO,CAMPOSAMPIERO,CAMPOSAMPIERO,240,26
2024-10-29 08:19:35,AB123CD,VEH001,RFD20241001040,Presente,CARTA,CARTA/CARTONE PAP,UTZ006,45.4757,11.8479,LIMENA,LIMENA,RUBANO,240,26
2024-10-29 09:30:19,IL789MN,VEH003,RFD20241001152,Presente,UMIDO,UMIDO PAP,UTZ037,45.4372,11.9252,CADONEGHE,CADONEGHE,CAMPOSAMPIERO,240,26
2024-10-29 10:10:05,IL789MN,VEH003,RFD20241001072,Presente,UMIDO,UMIDO PAP,UTZ003,45.8084,11.5990,LUSIANA CONCO,LUSIANA CONCO,ASIAGO,240,26
2024-10-29 13:11:29,IL789MN,VEH003,RFD20241001122,Presente,PLASTICA E METALLI,PLASTICA PAP,UTZ012,45.8053,11.7261,POVE DEL GRAPPA,POVE DEL GRAPPA,BASSANO,770,26
2024-10-29 14:12:46,IL789MN,VEH003,RFD20241001158,Presente,PLASTICA E METALLI,PLASTICA PAP,UTZ034,45.6544,11.8574,SAN MARTINO DI LUPARI,SAN MARTINO DI LUPARI,CAMPOSAMPIERO,770,26
2024-10-29 14:26:30,ST345UV,VEH005,RFD20241001114,Presente,PLASTICA E METALLI,PLAST.CONT.STRADALI,UTZ005,45.8612,11.5203,ASIAGO,ASIAGO,ASIAGO,770,26
2024-10-29 14:54:27,OP012QR,VEH004,RFD20241001181,Presente,SECCO,SECCO PAP,UTZ008,45.6546,11.6825,POZZOLEONE,POZZOLEONE,BASSANO,1100,26
2024-10-29 15:04:47,OP012QR,VEH004,RFD20241015048,Presente,SECCO,SECCO PAP,UTZ030,45.4296,11.7921,RUBANO,RUBANO,RUBANO,1100,26
2024-10-29 15:23:56,OP012QR,VEH004,RFD20241001058,Presente,SECCO,SECCO PAP,UTZ035,45.3441,11.6639,TEOLO,TEOLO,RUBANO,1100,26
2024-10-29 18:08:54,ST345UV,VEH005,RFD20241001209,Non Presente,NA,PLAST.CONT.STRADALI,NA,45.6481,11.8300,NA,TOMBOLO,CAMPOSAMPIERO,NA,NA
2024-10-30 06:12:35,AB123CD,VEH001,RFD20241001301,Non Presente,NA,SECCO PAP,NA,45.5658,11.9399,NA,CAMPOSAMPIERO,CAMPOSAMPIERO,NA,NA
2024-10-30 07:13:26,AB123CD,VEH001,RFD20241002049,Presente,SECCO,SECCO PAP,UTZ003,45.3395,11.7382,TORREGLIA,TORREGLIA,RUBANO,1100,26
2024-10-30 07:47:56,EF456GH,VEH002,RFD20241002071,Presente,CARTA,CARTA CONT.STRADALI,UTZ033,45.4326,11.7849,RUBANO,RUBANO,RUBANO,1100,26
2024-10-30 09:50:38,AB123CD,VEH001,RFD20241002105,Presente,SECCO,SECCO PAP,UTZ002,45.7148,11.7669,ROSA',ROSA',BASSANO,240,26
2024-10-30 12:51:35,OP012QR,VEH004,RFD20241002203,Non Presente,NA,SECCO PAP,NA,45.3696,11.6595,NA,ROVOLON,RUBANO,NA,NA
2024-10-30 13:54:21,OP012QR,VEH004,RFD20241002094,Presente,SECCO,SECCO PAP,UTZ005,45.5787,11.9241,CAMPOSAMPIERO,CAMPOSAMPIERO,CAMPOSAMPIERO,240,26
2024-10-30 13:58:46,ST345UV,VEH005,RFD20241030153,Presente,VETRO,VETRO PAP,UTZ005,45.7238,11.6764,NOVE,NOVE,BASSANO,1100,26
2024-10-30 14:01:57,OP012QR,VEH004,RFD20241002078,Presente,SECCO,SECCO PAP,UTZ009,45.8878,11.5488,GALLIO,GALLIO,ASIAGO,1100,26
2024-10-30 14:27:14,IL789MN,VEH003,RFD20241002217,Non Presente,NA,VERDE PAP,NA,45.6308,11.6937,NA,CARMIGNANO DI BRENTA,CAMPOSAMPIERO,NA,NA
2024-10-30 14:35:02,OP012QR,VEH004,RFD20241002184,Presente,SECCO,SECCO PAP,UTZ002,45.7699,11.7359,BASSANO DEL GRAPPA,BASSANO DEL GRAPPA,BASSANO,1100,26
2024-10-30 14:39:39,OP012QR,VEH004,RFD20241030037,Presente,SECCO,SECCO PAP,UTZ014,45.8817,11.5383,GALLIO,GALLIO,ASIAGO,1100,26
2024-10-30 16:07:36,IL789MN,VEH003,RFD20241002015,Presente,VERDE E RAMAGLIE,VERDE PAP,UTZ030,45.6655,11.8190,GALLIERA VENETA,GALLIERA VENETA,CAMPOSAMPIERO,1100,26
2024-10-30 16:38:46,ST345UV,VEH005,RFD20241002053,Presente,VETRO,VETRO PAP,UTZ022,45.7622,11.7436,BASSANO DEL GRAPPA,BASSANO DEL GRAPPA,BASSANO,1100,26
2024-10-30 17:13:29,IL789MN,VEH003,RFD20241002198,Presente,VERDE E RAMAGLIE,VERDE PAP,UTZ001,45.8721,11.5268,ASIAGO,ASIAGO,ASIAGO,240,26
2024-10-30 17:27:32,IL789MN,VEH003,RFD20241030027,Presente,VERDE E RAMAGLIE,VERDE PAP,UTZ024,45.3835,11.9774,SAONARA,SAONARA,CAMPOSAMPIERO,240,26
2024-10-31 06:06:57,ST345UV,VEH005,RFD20241001301,Non Presente,NA,PULIZIA TERRIT.,NA,45.5658,11.9399,NA,CAMPOSAMPIERO,CAMPOSAMPIERO,NA,NA
2024-10-31 06:33:59,AB123CD,VEH001,RFD20241017188,Presente,CARTA,CARTA/CARTONE PAP,UTZ015,45.5558,12.0155,MASSANZAGO,MASSANZAGO,CAMPOSAMPIERO,240,26
2024-10-31 07:57:52,IL789MN,VEH003,RFD20241031225,Non Presente,NA,UMIDO PAP,NA,45.5472,11.8185,NA,CAMPO SAN MARTINO,CAMPOSAMPIERO,NA,NA
2024-10-31 08:00:33,AB123CD,VEH001,RFD20241031097,Presente,CARTA,CARTA/CARTONE PAP,UTZ011,45.6008,11.8145,SAN GIORGIO IN BOSCO,SAN GIORGIO IN BOSCO,CAMPOSAMPIERO,1100,26
2024-10-31 08:14:03,AB123CD,VEH001,RFD20241003141,Presente,CARTA,CARTA/CARTONE PAP,UTZ008,45.5759,11.7106,GAZZO,GAZZO,CAMPOSAMPIERO,1100,26
2024-10-31 09:17:29,EF456GH,VEH002,RFD20241003035,Presente,VETRO,VETRO PAP,UTZ003,45.7182,11.5991,COLCERESA,COLCERESA,BASSANO,1100,13
2024-10-31 10:13:42,EF456GH,VEH002,RFD20241003157,Presente,VETRO,VETRO PAP,UTZ013,45.4907,11.7439,CAMPODORO,CAMPODORO,RUBANO,1100,26
2024-10-31 13:11:07,IL789MN,VEH003,RFD20241003127,Presente,UMIDO,UMIDO CONT.STRADALI,UTZ001,45.7728,11.7288,BASSANO DEL GRAPPA,BASSANO DEL GRAPPA,BASSANO,240,26
2024-10-31 14:02:48,ST345UV,VEH005,RFD20241003138,Presente,PLASTICA E METALLI,PLAST.CONT.STRADALI,UTZ005,45.6086,11.6727,SAN PIETRO IN GU,SAN PIETRO IN GU,CAMPOSAMPIERO,770,26
2024-10-31 14:31:58,OP012QR,VEH004,RFD20241003061,Presente,SECCO,SECCO PAP,UTZ002,45.5341,11.9615,BORGORICCO,BORGORICCO,CAMPOSAMPIERO,1100,26
2024-10-31 16:51:51,IL789MN,VEH003,RFD20241003303,Presente,UMIDO,UMIDO CONT.STRADALI,UTZ002,45.7772,11.8055,MUSSOLENTE,MUSSOLENTE,BASSANO,240,26
2024-11-01 06:10:06,ST345UV,VEH005,RFD20241001301,Non Presente,NA,VETRO PAP,NA,45.5657,11.9398,NA,CAMPOSAMPIERO,CAMPOSAMPIERO,NA,NA
2024-11-01 06:13:17,AB123CD,VEH001,RFD20241001301,Non Presente,NA,SECCO PAP,NA,45.5658,11.9399,NA,CAMPOSAMPIERO,CAMPOSAMPIERO,NA,NA
2024-11-01 07:05:27,AB123CD,VEH001,RFD20241004065,Presente,SECCO,SECCO PAP,UTZ007,45.6155,11.6652,SAN PIETRO IN GU,SAN PIETRO IN GU,CAMPOSAMPIERO,1100,26
2024-11-01 08:29:39,AB123CD,VEH001,RFD20241004003,Presente,SECCO,SECCO PAP,UTZ008,45.4364,11.7857,RUBANO,RUBANO,RUBANO,240,26
2024-11-01 09:08:16,EF456GH,VEH002,RFD20241004123,Presente,CARTA,CARTA CONT.STRADALI,UTZ032,45.6490,11.7782,CITTADELLA,CITTADELLA,CAMPOSAMPIERO,240,26
2024-11-01 09:09:52,EF456GH,VEH002,RFD20241018161,Presente,CARTA,CARTA CONT.STRADALI,UTZ034,45.5713,11.9294,CAMPOSAMPIERO,CAMPOSAMPIERO,CAMPOSAMPIERO,1100,26
2024-11-01 10:10:21,EF456GH,VEH002,RFD20241004197,Presente,CARTA,CARTA CONT.STRADALI,UTZ018,45.8646,11.5125,ASIAGO,ASIAGO,ASIAGO,240,26
2024-11-01 10:41:41,EF456GH,VEH002,RFD20241004159,Presente,CARTA,CARTA CONT.STRADALI,UTZ004,45.4415,11.7880,RUBANO,RUBANO,RUBANO,1100,26
2024-11-01 10:57:11,EF456GH,VEH002,RFD20241004028,Presente,CARTA,CARTA CONT.STRADALI,UTZ005,45.8598,11.3939,ROTZO,ROTZO,ASIAGO,240,26
2024-11-01 11:04:00,AB123CD,VEH001,RFD20241004137,Presente,SECCO,SECCO PAP,UTZ012,45.5273,11.9710,BORGORICCO,BORGORICCO,CAMPOSAMPIERO,1100,26
2024-11-01 12:50:17,OP012QR,VEH004,RFD20241101042,Presente,SECCO,SECCO PAP,UTZ001,45.3868,11.7892,SELVAZZANO DENTRO,SELVAZZANO DENTRO,RUBANO,1100,26
2024-11-01 14:08:14,OP012QR,VEH004,RFD20241004044,Presente,SECCO,SECCO PAP,UTZ009,45.6809,11.6937,TEZZE SUL BRENTA,TEZZE SUL BRENTA,BASSANO,240,26
2024-11-01 14:39:21,IL789MN,VEH003,RFD20241004177,Presente,PLASTICA E METALLI,PLASTICA PAP,UTZ048,45.7668,11.7334,BASSANO DEL GRAPPA,BASSANO DEL GRAPPA,BASSANO,770,26
2024-11-01 16:07:54,OP012QR,VEH004,RFD20241018010,Presente,SECCO,SECCO PAP,UTZ001,45.3632,11.9848,SAONARA,SAONARA,CAMPOSAMPIERO,1100,26
2024-11-01 16:43:38,ST345UV,VEH005,RFD20241004115,Presente,VETRO,VETRO PAP,UTZ001,45.4293,11.7849,RUBANO,RUBANO,RUBANO,1100,26
2024-11-01 17:06:42,ST345UV,VEH005,RFD20241004185,Presente,VETRO,VETRO PAP,UTZ043,45.4032,11.7497,SACCOLONGO,SACCOLONGO,RUBANO,1100,26
2024-11-02 06:19:13,ST345UV,VEH005,RFD20241001301,Non Presente,NA,SERVIZI MERCATI,NA,45.5658,11.9398,NA,CAMPOSAMPIERO,CAMPOSAMPIERO,NA,NA
2024-11-02 12:26:56,OP012QR,VEH004,RFD20241005091,Presente,SECCO,SECCO PAP,UTZ016,45.5851,11.8056,SAN GIORGIO IN BOSCO,SAN GIORGIO IN BOSCO,CAMPOSAMPIERO,1100,26
2024-11-02 13:41:26,OP012QR,VEH004,RFD20241005012,Presente,SECCO,SECCO PAP,UTZ035,45.8086,11.7286,POVE DEL GRAPPA,POVE DEL GRAPPA,BASSANO,1100,26
2024-11-02 15:01:37,IL789MN,VEH003,RFD20241005169,Presente,VERDE E RAMAGLIE,VERDE PAP,UTZ008,45.6471,11.6824,POZZOLEONE,POZZOLEONE,BASSANO,240,26
2024-11-02 15:22:13,OP012QR,VEH004,RFD20241019135,Presente,SECCO,SECCO PAP,UTZ019,45.6500,11.8548,SAN MARTINO DI LUPARI,SAN MARTINO DI LUPARI,CAMPOSAMPIERO,240,26
2024-11-02 17:25:47,IL789MN,VEH003,RFD20241005064,Presente,VERDE E RAMAGLIE,VERDE PAP,UTZ010,45.3062,11.7338,GALZIGNANO TERME,GALZIGNANO TERME,RUBANO,240,26
2024-11-03 07:00:00,AB123CD,VEH001,RFD20241006101,Presente,CARTA,CARTA CONT.STRADALI,UTZ012,45.5775,11.9327,CAMPOSAMPIERO,CAMPOSAMPIERO,CAMPOSAMPIERO,1100,26
2024-11-03 07:19:14,AB123CD,VEH001,RFD20241006147,Presente,CARTA,CARTA CONT.STRADALI,UTZ003,45.3314,11.7373,TORREGLIA,TORREGLIA,RUBANO,240,26
2024-11-03 07:40:04,AB123CD,VEH001,RFD20241006174,Presente,CARTA,CARTA CONT.STRADALI,UTZ003,45.3071,11.7163,GALZIGNANO TERME,GALZIGNANO TERME,RUBANO,240,26
2024-11-03 08:48:42,AB123CD,VEH001,RFD20241006192,Presente,CARTA,CARTA CONT.STRADALI,UTZ001,45.6512,11.8275,TOMBOLO,TOMBOLO,CAMPOSAMPIERO,1100,26
2024-11-03 08:56:40,AB123CD,VEH001,RFD20241006180,Presente,CARTA,CARTA CONT.STRADALI,UTZ003,45.6360,11.7544,FONTANIVA,FONTANIVA,CAMPOSAMPIERO,240,26
2024-11-03 09:00:45,AB123CD,VEH001,RFD20241020036,Presente,CARTA,CARTA CONT.STRADALI,UTZ007,45.6520,11.7819,CITTADELLA,CITTADELLA,CAMPOSAMPIERO,1100,26
2024-11-03 09:13:43,AB123CD,VEH001,RFD20241006168,Presente,CARTA,CARTA CONT.STRADALI,UTZ003,45.5472,12.0107,MASSANZAGO,MASSANZAGO,CAMPOSAMPIERO,1100,26
2024-11-03 09:34:45,AB123CD,VEH001,RFD20241006066,Presente,CARTA,CARTA CONT.STRADALI,UTZ011,45.3104,11.7322,GALZIGNANO TERME,GALZIGNANO TERME,RUBANO,1100,26
2024-11-03 11:16:25,AB123CD,VEH001,RFD20241006134,Presente,CARTA,CARTA CONT.STRADALI,UTZ001,45.5030,11.9008,CAMPODARSEGO,CAMPODARSEGO,CAMPOSAMPIERO,240,26
2024-11-04 06:13:53,ST345UV,VEH005,RFD20241001301,Non Presente,NA,ASSISTENTE SERVIZI,NA,45.5659,11.9399,NA,CAMPOSAMPIERO,CAMPOSAMPIERO,NA,NA
2024-11-04 06:40:12,IL789MN,VEH003,RFD20241007043,Presente,UMIDO,UMIDO PAP,UTZ001,45.7955,11.7344,POVE DEL GRAPPA,POVE DEL GRAPPA,BASSANO,240,26
2024-11-04 07:05:10,AB123CD,VEH001,RFD20241007126,Presente,SECCO,SECCO PAP,UTZ001,45.6476,11.6836,POZZOLEONE,POZZOLEONE,BASSANO,1100,26
2024-11-04 08:17:21,AB123CD,VEH001,RFD20241007113,Presente,SECCO,SECCO PAP,UTZ022,45.4249,11.7899,RUBANO,RUBANO,RUBANO,1100,26
2024-11-04 08:31:53,IL789MN,VEH003,RFD20241007142,Presente,UMIDO,UMIDO PAP,UTZ001,45.3361,11.7888,MONTEGROTTO TERME,MONTEGROTTO TERME,RUBANO,770,26
2024-11-04 09:12:14,AB123CD,VEH001,RFD20241007146,Presente,SECCO,SECCO PAP,UTZ018,45.3019,11.7335,GALZIGNANO TERME,GALZIGNANO TERME,RUBANO,240,26
2024-11-04 09:57:38,OP012QR,VEH004,RFD20241016234,Non Presente,NA,SECCO PAP,NA,45.5602,11.8171,NA,CAMPO SAN MARTINO,CAMPOSAMPIERO,NA,NA
2024-11-04 10:34:35,AB123CD,VEH001,RFD20241021092,Presente,SECCO,SECCO PAP,UTZ041,45.3284,11.7923,MONTEGROTTO TERME,MONTEGROTTO TERME,RUBANO,1100,26
2024-11-04 12:27:31,OP012QR,VEH004,RFD20241007090,Presente,SECCO,SECCO PAP,UTZ021,45.7166,11.6078,COLCERESA,COLCERESA,BASSANO,1100,26
2024-11-04 12:39:24,OP012QR,VEH004,RFD20241007190,Presente,SECCO,SECCO PAP,UTZ031,45.4334,11.7795,RUBANO,RUBANO,RUBANO,1100,26
2024-11-04 13:14:31,OP012QR,VEH004,RFD20241007193,Presente,SECCO,SECCO PAP,UTZ005,45.6644,11.8335,GALLIERA VENETA,GALLIERA VENETA,CAMPOSAMPIERO,240,26
2024-11-04 13:19:07,ST345UV,VEH005,RFD20241007039,Presente,VETRO,VETRO PAP,UTZ025,45.5286,11.9681,BORGORICCO,BORGORICCO,CAMPOSAMPIERO,770,26
2024-11-04 13:49:05,IL789MN,VEH003,RFD20241007233,Non Presente,NA,UMIDO CONT.STRADALI,NA,45.3298,11.8013,NA,MONTEGROTTO TERME,RUBANO,NA,NA
2024-11-04 14:17:45,IL789MN,VEH003,RFD20241007067,Presente,UMIDO,UMIDO CONT.STRADALI,UTZ010,45.3992,11.7455,SACCOLONGO,SACCOLONGO,RUBANO,770,26
2024-11-04 15:15:10,ST345UV,VEH005,RFD20241007076,Presente,VETRO,VETRO PAP,UTZ001,45.7717,11.7306,BASSANO DEL GRAPPA,BASSANO DEL GRAPPA,BASSANO,1100,26
2024-11-04 15:22:22,ST345UV,VEH005,RFD20241007081,Presente,VETRO,VETRO PAP,UTZ003,45.7212,11.7651,ROSA',ROSA',BASSANO,1100,26
2024-11-04 15:22:45,IL789MN,VEH003,RFD20241007054,Presente,UMIDO,UMIDO CONT.STRADALI,UTZ013,45.6526,11.8166,TOMBOLO,TOMBOLO,CAMPOSAMPIERO,240,26
2024-11-04 15:23:59,IL789MN,VEH003,RFD20241007148,Presente,UMIDO,UMIDO CONT.STRADALI,UTZ025,45.7744,11.7213,BASSANO DEL GRAPPA,BASSANO DEL GRAPPA,BASSANO,240,26
2024-11-04 16:55:33,OP012QR,VEH004,RFD20241007120,Presente,SECCO,SECCO PAP,UTZ002,45.4332,11.7852,RUBANO,RUBANO,RUBANO,1100,26
2024-11-05 06:19:37,AB123CD,VEH001,RFD20241008171,Presente,CARTA,CARTA/CARTONE PAP,UTZ023,45.7279,11.7642,ROSA',ROSA',BASSANO,240,26
2024-11-05 10:36:40,IL789MN,VEH003,RFD20241008059,Presente,UMIDO,UMIDO PAP,UTZ001,45.4022,11.7941,SELVAZZANO DENTRO,SELVAZZANO DENTRO,RUBANO,240,26
2024-11-05 11:19:36,AB123CD,VEH001,RFD20241008062,Presente,CARTA,CARTA/CARTONE PAP,UTZ002,45.3629,11.6652,ROVOLON,ROVOLON,RUBANO,1100,26
2024-11-05 13:04:36,OP012QR,VEH004,RFD20241008077,Presente,SECCO,SECCO PAP,UTZ024,45.3616,11.6633,ROVOLON,ROVOLON,RUBANO,1100,26
2024-11-05 13:21:46,OP012QR,VEH004,RFD20241008155,Presente,SECCO,SECCO PAP,UTZ002,45.8754,11.5201,ASIAGO,ASIAGO,ASIAGO,240,26
2024-11-05 13:26:33,ST345UV,VEH005,RFD20241008023,Presente,PLASTICA E METALLI,PLAST.CONT.STRADALI,UTZ027,45.3019,11.7243,GALZIGNANO TERME,GALZIGNANO TERME,RUBANO,770,26
2024-11-05 14:07:13,OP012QR,VEH004,RFD20241008102,Presente,SECCO,SECCO PAP,UTZ024,45.8896,11.6268,FOZA,FOZA,ASIAGO,1100,26
2024-11-05 15:38:21,IL789MN,VEH003,RFD20241008032,Presente,PLASTICA E METALLI,PLASTICA PAP,UTZ026,45.3983,11.7486,SACCOLONGO,SACCOLONGO,RUBANO,770,26
2024-11-05 16:11:49,ST345UV,VEH005,RFD20241008187,Presente,PLASTICA E METALLI,PLAST.CONT.STRADALI,UTZ002,45.6584,11.8265,GALLIERA VENETA,GALLIERA VENETA,CAMPOSAMPIERO,770,26
2024-11-05 16:40:24,OP012QR,VEH004,RFD20241008099,Presente,SECCO,SECCO PAP,UTZ015,45.7174,11.7675,ROSA',ROSA',BASSANO,1100,26
2024-11-05 18:55:56,OP012QR,VEH004,RFD20241001301,Non Presente,NA,SECCO PAP,NA,45.5658,11.9399,NA,CAMPOSAMPIERO,CAMPOSAMPIERO,NA,NA
2024-11-06 06:16:17,AB123CD,VEH001,RFD20241001301,Non Presente,NA,SECCO PAP,NA,45.5658,11.9399,NA,CAMPOSAMPIERO,CAMPOSAMPIERO,NA,NA
2024-11-06 08:29:46,AB123CD,VEH001,RFD20241009189,Presente,SECCO,SECCO PAP,UTZ002,45.4233,11.7904,RUBANO,RUBANO,RUBANO,1100,26
2024-11-06 09:42:53,AB123CD,VEH001,RFD20241009093,Presente,SECCO,SECCO PAP,UTZ001,45.7097,11.7974,ROSSANO VENETO,ROSSANO VENETO,BASSANO,1100,26
2024-11-06 10:23:06,AB123CD,VEH001,RFD20241009106,Presente,SECCO,SECCO PAP,UTZ004,45.7671,11.7355,BASSANO DEL GRAPPA,BASSANO DEL GRAPPA,BASSANO,240,26
2024-11-06 10:32:33,AB123CD,VEH001,RFD20241009108,Presente,SECCO,SECCO PAP,UTZ003,45.6955,11.7108,TEZZE SUL BRENTA,TEZZE SUL BRENTA,BASSANO,240,26
2024-11-06 11:04:19,EF456GH,VEH002,RFD20241009218,Non Presente,NA,CARTA CONT.STRADALI,NA,45.5590,11.9135,NA,SANTA GIUSTINA IN COLLE,CAMPOSAMPIERO,NA,NA
2024-11-06 14:06:18,OP012QR,VEH004,RFD20241009107,Presente,SECCO,SECCO PAP,UTZ033,45.5707,11.9322,CAMPOSAMPIERO,CAMPOSAMPIERO,CAMPOSAMPIERO,1100,26
2024-11-06 14:15:39,IL789MN,VEH003,RFD20241009045,Presente,VERDE E RAMAGLIE,VERDE PAP,UTZ030,45.5616,12.0077,MASSANZAGO,MASSANZAGO,CAMPOSAMPIERO,240,26
2024-11-06 14:34:03,ST345UV,VEH005,RFD20241009150,Presente,VETRO,VETRO PAP,UTZ027,45.5793,11.9324,CAMPOSAMPIERO,CAMPOSAMPIERO,CAMPOSAMPIERO,1100,26
2024-11-06 14:40:54,IL789MN,VEH003,RFD20241009205,Non Presente,NA,VERDE PAP,NA,45.8679,11.5018,NA,ASIAGO,ASIAGO,NA,NA
2024-11-06 15:49:03,OP012QR,VEH004,RFD20241009140,Presente,SECCO,SECCO PAP,UTZ002,45.9449,11.7210,ENEGO,ENEGO,ASIAGO,1100,26
2024-11-06 16:04:48,OP012QR,VEH004,RFD20241009085,Presente,SECCO,SECCO PAP,UTZ016,45.4843,11.8336,LIMENA,LIMENA,RUBANO,1100,26
2024-11-07 06:22:34,AB123CD,VEH001,RFD20241001301,Non Presente,NA,CARTA/CARTONE PAP,NA,45.5659,11.9399,NA,CAMPOSAMPIERO,CAMPOSAMPIERO,NA,NA
2024-11-07 08:05:58,IL789MN,VEH003,RFD20241010068,Presente,UMIDO,UMIDO PAP,UTZ004,45.4897,11.7451,CAMPODORO,CAMPODORO,RUBANO,240,26
2024-11-07 09:46:24,AB123CD,VEH001,RFD20241010194,Presente,CARTA,CARTA/CARTONE PAP,UTZ017,45.7812,11.7309,BASSANO DEL GRAPPA,BASSANO DEL GRAPPA,BASSANO,240,26
2024-11-07 10:24:46,AB123CD,VEH001,RFD20241010013,Presente,CARTA,CARTA/CARTONE PAP,UTZ009,45.7803,11.7403,BASSANO DEL GRAPPA,BASSANO DEL GRAPPA,BASSANO,1100,26
2024-11-07 13:54:03,IL789MN,VEH003,RFD20241010178,Presente,UMIDO,UMIDO CONT.STRADALI,UTZ004,45.6588,11.8249,GALLIERA VENETA,GALLIERA VENETA,CAMPOSAMPIERO,240,26
2024-11-07 14:05:32,ST345UV,VEH005,RFD20241010022,Presente,PLASTICA E METALLI,PLAST.CONT.STRADALI,UTZ032,45.3666,11.9841,SAONARA,SAONARA,CAMPOSAMPIERO,770,26
2024-11-07 14:49:33,ST345UV,VEH005,RFD20241010154,Presente,PLASTICA E METALLI,PLAST.CONT.STRADALI,UTZ005,45.8643,11.5159,ASIAGO,ASIAGO,ASIAGO,770,26
2024-11-07 14:58:25,IL789MN,VEH003,RFD20241010109,Presente,UMIDO,UMIDO CONT.STRADALI,UTZ018,45.7769,11.7331,BASSANO DEL GRAPPA,BASSANO DEL GRAPPA,BASSANO,770,26
2024-11-07 15:00:32,IL789MN,VEH003,RFD20241010195,Presente,UMIDO,UMIDO CONT.STRADALI,UTZ049,45.3153,11.7321,GALZIGNANO TERME,GALZIGNANO TERME,RUBANO,240,26
2024-11-07 16:27:02,OP012QR,VEH004,RFD20241010074,Presente,SECCO,SECCO PAP,UTZ006,45.6266,11.7052,CARMIGNANO DI BRENTA,CARMIGNANO DI BRENTA,CAMPOSAMPIERO,1100,26
2024-11-07 17:06:25,OP012QR,VEH004,RFD20241010069,Presente,SECCO,SECCO PAP,UTZ020,45.7308,11.7589,ROSA',ROSA',BASSANO,240,26
2024-11-07 18:51:38,IL789MN,VEH003,RFD20241001301,Non Presente,NA,UMIDO CONT.STRADALI,NA,45.5658,11.9400,NA,CAMPOSAMPIERO,CAMPOSAMPIERO,NA,NA
2024-11-08 06:13:48,ST345UV,VEH005,RFD20241001301,Non Presente,NA,VETRO PAP,NA,45.5658,11.9399,NA,CAMPOSAMPIERO,CAMPOSAMPIERO,NA,NA
2024-11-08 07:15:07,AB123CD,VEH001,RFD20241011132,Presente,SECCO,SECCO PAP,UTZ001,45.5770,11.9310,CAMPOSAMPIERO,CAMPOSAMPIERO,CAMPOSAMPIERO,1100,26
2024-11-08 07:39:32,AB123CD,VEH001,RFD20241025029,Presente,SECCO,SECCO PAP,UTZ001,45.7803,11.7920,MUSSOLENTE,MUSSOLENTE,BASSANO,240,26
2024-11-08 08:12:50,EF456GH,VEH002,RFD20241011223,Non Presente,NA,CARTA CONT.STRADALI,NA,45.9025,11.6324,NA,FOZA,ASIAGO,NA,NA
2024-11-08 09:33:42,AB123CD,VEH001,RFD20241011176,Presente,SECCO,SECCO PAP,UTZ008,45.4675,11.8512,LIMENA,LIMENA,RUBANO,1100,26
2024-11-08 09:44:42,AB123CD,VEH001,RFD20241011139,Presente,SECCO,SECCO PAP,UTZ002,45.6197,11.6596,SAN PIETRO IN GU,SAN PIETRO IN GU,CAMPOSAMPIERO,1100,26
2024-11-08 11:43:40,AB123CD,VEH001,RFD20241025196,Presente,SECCO,SECCO PAP,UTZ029,45.8641,11.5202,ASIAGO,ASIAGO,ASIAGO,1100,26
2024-11-08 13:07:27,ST345UV,VEH005,RFD20241011025,Presente,VETRO,VETRO PAP,UTZ031,45.5446,11.9056,SAN GIORGIO DELLE PERTICHE,SAN GIORGIO DELLE PERTICHE,CAMPOSAMPIERO,1100,13
2024-11-08 14:09:44,OP012QR,VEH004,RFD20241011121,Presente,SECCO,SECCO PAP,UTZ015,45.4085,11.7484,SACCOLONGO,SACCOLONGO,RUBANO,1100,26
2024-11-08 15:13:32,ST345UV,VEH005,RFD20241011182,Presente,VETRO,VETRO PAP,UTZ047,45.5858,11.7048,GAZZO,GAZZO,CAMPOSAMPIERO,1100,26
2024-11-08 15:20:06,OP012QR,VEH004,RFD20241011124,Presente,SECCO,SECCO PAP,UTZ001,45.6424,11.8514,SAN MARTINO DI LUPARI,SAN MARTINO DI LUPARI,CAMPOSAMPIERO,240,26
2024-11-08 16:03:41,ST345UV,VEH005,RFD20241011125,Presente,VETRO,VETRO PAP,UTZ014,45.5742,11.9219,CAMPOSAMPIERO,CAMPOSAMPIERO,CAMPOSAMPIERO,1100,26
2024-11-08 16:18:56,IL789MN,VEH003,RFD20241011019,Presente,PLASTICA E METALLI,PLASTICA PAP,UTZ001,45.6001,12.0030,PIOMBINO DESE,PIOMBINO DESE,CAMPOSAMPIERO,770,26
2024-11-08 17:55:02,OP012QR,VEH004,RFD20241011004,Presente,SECCO,SECCO PAP,UTZ024,45.7925,11.7675,ROMANO D'EZZELINO,ROMANO D'EZZELINO,BASSANO,240,26
2024-11-09 07:26:46,AB123CD,VEH001,RFD20241012118,Presente,CARTA,CARTA/CARTONE PAP,UTZ019,45.6947,11.7071,TEZZE SUL BRENTA,TEZZE SUL BRENTA,BASSANO,1100,26
2024-11-09 07:29:21,ST345UV,VEH005,RFD20241109214,Non Presente,NA,SERVIZI MERCATI,NA,45.6046,11.7307,NA,GRANTORTO,CAMPOSAMPIERO,NA,NA
2024-11-09 12:19:27,OP012QR,VEH004,RFD20241012082,Presente,SECCO,SECCO PAP,UTZ001,45.6591,11.8290,GALLIERA VENETA,GALLIERA VENETA,CAMPOSAMPIERO,240,26
2024-11-09 13:54:16,IL789MN,VEH003,RFD20241012047,Presente,VERDE E RAMAGLIE,VERDE PAP,UTZ028,45.7547,11.7433,BASSANO DEL GRAPPA,BASSANO DEL GRAPPA,BASSANO,240,26
2024-11-09 15:49:00,IL789MN,VEH003,RFD20241012052,Presente,VERDE E RAMAGLIE,VERDE PAP,UTZ002,45.6997,11.6388,SCHIAVON,SCHIAVON,BASSANO,1100,26
2024-11-09 15:49:46,IL789MN,VEH003,RFD20241008231,Non Presente,NA,VERDE PAP,NA,45.6865,11.7003,NA,TEZZE SUL BRENTA,BASSANO,NA,NA
2024-11-09 18:45:54,AB123CD,VEH001,RFD20241001301,Non Presente,NA,CARTA/CARTONE PAP,NA,45.5658,11.9399,NA,CAMPOSAMPIERO,CAMPOSAMPIERO,NA,NA
2024-11-10 07:36:10,AB123CD,VEH001,RFD20241013130,Presente,CARTA,CARTA CONT.STRADALI,UTZ004,45.4267,11.6848,CERVARESE SANTA CROCE,CERVARESE SANTA CROCE,RUBANO,240,26
2024-11-10 07:40:21,AB123CD,VEH001,RFD20241013167,Presente,CARTA,CARTA CONT.STRADALI,UTZ022,45.9007,11.6393,FOZA,FOZA,ASIAGO,240,26
2024-11-10 08:06:30,AB123CD,VEH001,RFD20241013030,Presente,CARTA,CARTA CONT.STRADALI,UTZ001,45.6915,11.7994,ROSSANO VENETO,ROSSANO VENETO,BASSANO,1100,26
2024-11-10 08:09:38,AB123CD,VEH001,RFD20241013129,Presente,CARTA,CARTA CONT.STRADALI,UTZ031,45.6330,11.7060,CARMIGNANO DI BRENTA,CARMIGNANO DI BRENTA,CAMPOSAMPIERO,240,26
2024-11-10 08:49:46,AB123CD,VEH001,RFD20241013083,Presente,CARTA,CARTA CONT.STRADALI,UTZ030,45.3137,11.7396,GALZIGNANO TERME,GALZIGNANO TERME,RUBANO,240,26
2024-11-10 09:15:00,AB123CD,VEH001,RFD20241013172,Presente,CARTA,CARTA CONT.STRADALI,UTZ001,45.3297,11.7374,TORREGLIA,TORREGLIA,RUBANO,240,26
2024-11-11 06:02:55,EF456GH,VEH002,RFD20241001301,Non Presente,NA,CARTA CONT.STRADALI,NA,45.5658,11.9399,NA,CAMPOSAMPIERO,CAMPOSAMPIERO,NA,NA
2024-11-11 08:57:57,EF456GH,VEH002,RFD20241014011,Presente,CARTA,CARTA CONT.STRADALI,UTZ034,45.6442,11.8631,SAN MARTINO DI LUPARI,SAN MARTINO DI LUPARI,CAMPOSAMPIERO,1100,26
2024-11-11 09:23:50,AB123CD,VEH001,RFD20241014117,Presente,SECCO,SECCO PAP,UTZ001,45.6416,11.7836,CITTADELLA,CITTADELLA,CAMPOSAMPIERO,1100,26
2024-11-11 13:31:59,IL789MN,VEH003,RFD20241014226,Non Presente,NA,UMIDO CONT.STRADALI,NA,45.4291,11.7857,NA,RUBANO,RUBANO,NA,NA
2024-11-11 13:41:46,OP012QR,VEH004,RFD20241014024,Presente,SECCO,SECCO PAP,UTZ040,45.5363,11.9674,BORGORICCO,BORGORICCO,CAMPOSAMPIERO,1100,26
2024-11-11 14:35:34,OP012QR,VEH004,RFD20241014033,Presente,SECCO,SECCO PAP,UTZ006,45.8592,11.4002,ROTZO,ROTZO,ASIAGO,1100,26
2024-11-11 15:05:18,IL789MN,VEH003,RFD20241028145,Presente,UMIDO,UMIDO CONT.STRADALI,UTZ006,45.4286,11.7851,RUBANO,RUBANO,RUBANO,240,26
2024-11-11 15:21:38,IL789MN,VEH003,RFD20241028173,Presente,UMIDO,UMIDO CONT.STRADALI,UTZ032,45.7624,11.7418,BASSANO DEL GRAPPA,BASSANO DEL GRAPPA,BASSANO,240,26
2024-11-11 16:38:44,OP012QR,VEH004,RFD20241028163,Presente,SECCO,SECCO PAP,UTZ003,45.7271,11.7666,ROSA',ROSA',BASSANO,1100,26
2024-11-11 18:42:02,EF456GH,VEH002,RFD20241001301,Non Presente,NA,CARTA CONT.STRADALI,NA,45.5658,11.9399,NA,CAMPOSAMPIERO,CAMPOSAMPIERO,NA,NA
2024-11-12 07:50:54,AB123CD,VEH001,RFD20241001103,Presente,CARTA,CARTA/CARTONE PAP,UTZ013,45.5662,11.9180,CAMPOSAMPIERO,CAMPOSAMPIERO,CAMPOSAMPIERO,240,26
2024-11-12 08:51:54,AB123CD,VEH001,RFD20241001040,Presente,CARTA,CARTA/CARTONE PAP,UTZ006,45.4760,11.8479,LIMENA,LIMENA,RUBANO,240,26
2024-11-12 09:25:32,IL789MN,VEH003,RFD20241001152,Presente,UMIDO,UMIDO PAP,UTZ037,45.4375,11.9251,CADONEGHE,CADONEGHE,CAMPOSAMPIERO,240,26
2024-11-12 09:36:40,IL789MN,VEH003,RFD20241001072,Presente,UMIDO,UMIDO PAP,UTZ003,45.8085,11.5992,LUSIANA CONCO,LUSIANA CONCO,ASIAGO,240,26
2024-11-12 13:10:40,IL789MN,VEH003,RFD20241001122,Presente,PLASTICA E METALLI,PLASTICA PAP,UTZ012,45.8054,11.7262,POVE DEL GRAPPA,POVE DEL GRAPPA,BASSANO,770,26
2024-11-12 14:15:35,ST345UV,VEH005,RFD20241001114,Presente,PLASTICA E METALLI,PLAST.CONT.STRADALI,UTZ005,45.8610,11.5203,ASIAGO,ASIAGO,ASIAGO,770,26
2024-11-12 14:21:55,IL789MN,VEH003,RFD20241001158,Presente,PLASTICA E METALLI,PLASTICA PAP,UTZ034,45.6546,11.8574,SAN MARTINO DI LUPARI,SAN MARTINO DI LUPARI,CAMPOSAMPIERO,770,26
2024-11-12 14:46:06,OP012QR,VEH004,RFD20241001181,Presente,SECCO,SECCO PAP,UTZ008,45.6545,11.6828,POZZOLEONE,POZZOLEONE,BASSANO,1100,26
2024-11-12 15:13:01,OP012QR,VEH004,RFD20241015048,Presente,SECCO,SECCO PAP,UTZ030,45.4295,11.7922,RUBANO,RUBANO,RUBANO,1100,26
2024-11-12 15:25:45,OP012QR,VEH004,RFD20241001058,Presente,SECCO,SECCO PAP,UTZ035,45.3439,11.6638,TEOLO,TEOLO,RUBANO,1100,26
2024-11-12 17:32:43,ST345UV,VEH005,RFD20241001209,Non Presente,NA,PLAST.CONT.STRADALI,NA,45.6482,11.8301,NA,TOMBOLO,CAMPOSAMPIERO,NA,NA
2024-11-12 18:30:37,AB123CD,VEH001,RFD20241001301,Non Presente,NA,CARTA/CARTONE PAP,NA,45.5658,11.9399,NA,CAMPOSAMPIERO,CAMPOSAMPIERO,NA,NA
2024-11-12 18:45:44,AB123CD,VEH001,RFD20241001301,Non Presente,NA,CARTA/CARTONE PAP,NA,45.5659,11.9399,NA,CAMPOSAMPIERO,CAMPOSAMPIERO,NA,NA
2024-11-13 06:49:53,AB123CD,VEH001,RFD20241002049,Presente,SECCO,SECCO PAP,UTZ003,45.3393,11.7380,TORREGLIA,TORREGLIA,RUBANO,1100,26
2024-11-13 08:41:51,EF456GH,VEH002,RFD20241002131,Presente,CARTA,CARTA CONT.STRADALI,UTZ001,45.8910,11.6335,FOZA,FOZA,ASIAGO,240,26
2024-11-13 09:16:27,AB123CD,VEH001,RFD20241002105,Presente,SECCO,SECCO PAP,UTZ002,45.7149,11.7666,ROSA',ROSA',BASSANO,240,26
2024-11-13 09:50:19,AB123CD,VEH001,RFD20241002183,Presente,SECCO,SECCO PAP,UTZ009,45.7284,11.7950,CASSOLA,CASSOLA,BASSANO,1100,26
2024-11-13 11:43:56,AB123CD,VEH001,RFD20241002088,Presente,SECCO,SECCO PAP,UTZ005,45.7998,11.6070,LUSIANA CONCO,LUSIANA CONCO,ASIAGO,1100,26
2024-11-13 13:15:13,OP012QR,VEH004,RFD20241002094,Presente,SECCO,SECCO PAP,UTZ005,45.5785,11.9240,CAMPOSAMPIERO,CAMPOSAMPIERO,CAMPOSAMPIERO,240,26
2024-11-13 13:46:55,OP012QR,VEH004,RFD20241002203,Non Presente,NA,SECCO PAP,NA,45.3696,11.6596,NA,ROVOLON,RUBANO,NA,NA
2024-11-13 14:19:44,OP012QR,VEH004,RFD20241030037,Presente,SECCO,SECCO PAP,UTZ014,45.8816,11.5385,GALLIO,GALLIO,ASIAGO,1100,26
2024-11-13 14:50:08,IL789MN,VEH003,RFD20241002217,Non Presente,NA,VERDE PAP,NA,45.6307,11.6935,NA,CARMIGNANO DI BRENTA,CAMPOSAMPIERO,NA,NA
2024-11-13 15:00:24,ST345UV,VEH005,RFD20241002229,Non Presente,NA,VETRO PAP,NA,45.7207,11.6123,NA,COLCERESA,BASSANO,NA,NA
2024-11-13 15:01:48,OP012QR,VEH004,RFD20241002184,Presente,SECCO,SECCO PAP,UTZ002,45.7700,11.7360,BASSANO DEL GRAPPA,BASSANO DEL GRAPPA,BASSANO,1100,26
2024-11-13 15:59:19,ST345UV,VEH005,RFD20241002053,Presente,VETRO,VETRO PAP,UTZ022,45.7622,11.7437,BASSANO DEL GRAPPA,BASSANO DEL GRAPPA,BASSANO,1100,26
2024-11-13 16:14:17,IL789MN,VEH003,RFD20241002015,Presente,VERDE E RAMAGLIE,VERDE PAP,UTZ030,45.6656,11.8193,GALLIERA VENETA,GALLIERA VENETA,CAMPOSAMPIERO,1100,26
2024-11-13 16:51:48,IL789MN,VEH003,RFD20241002198,Presente,VERDE E RAMAGLIE,VERDE PAP,UTZ001,45.8723,11.5270,ASIAGO,ASIAGO,ASIAGO,240,26
2024-11-13 18:33:03,AB123CD,VEH001,RFD20241001301,Non Presente,NA,SECCO PAP,NA,45.5658,11.9399,NA,CAMPOSAMPIERO,CAMPOSAMPIERO,NA,NA
2024-11-14 06:05:45,AB123CD,VEH001,RFD20241001301,Non Presente,NA,CARTA/CARTONE PAP,NA,45.5658,11.9399,NA,CAMPOSAMPIERO,CAMPOSAMPIERO,NA,NA
2024-11-14 06:22:09,AB123CD,VEH001,RFD20241017188,Presente,CARTA,CARTA/CARTONE PAP,UTZ015,45.5559,12.0153,MASSANZAGO,MASSANZAGO,CAMPOSAMPIERO,240,26
2024-11-14 08:21:41,AB123CD,VEH001,RFD20241031097,Presente,CARTA,CARTA/CARTONE PAP,UTZ011,45.6007,11.8145,SAN GIORGIO IN BOSCO,SAN GIORGIO IN BOSCO,CAMPOSAMPIERO,1100,26
2024-11-14 08:33:03,AB123CD,VEH001,RFD20241003141,Presente,CARTA,CARTA/CARTONE PAP,UTZ008,45.5759,11.7106,GAZZO,GAZZO,CAMPOSAMPIERO,1100,26
2024-11-14 09:28:11,AB123CD,VEH001,RFD20241003096,Presente,CARTA,CARTA/CARTONE PAP,UTZ017,45.5712,11.9268,CAMPOSAMPIERO,CAMPOSAMPIERO,CAMPOSAMPIERO,1100,26
2024-11-14 10:25:32,EF456GH,VEH002,RFD20241003157,Presente,VETRO,VETRO PAP,UTZ013,45.4909,11.7439,CAMPODORO,CAMPODORO,RUBANO,1100,26
2024-11-14 12:29:05,EF456GH,VEH002,RFD20241003230,Non Presente,NA,VETRO PAP,NA,45.6961,11.6363,NA,SCHIAVON,BASSANO,NA,NA
2024-11-14 13:33:50,IL789MN,VEH003,RFD20241003127,Presente,UMIDO,UMIDO CONT.STRADALI,UTZ001,45.7727,11.7289,BASSANO DEL GRAPPA,BASSANO DEL GRAPPA,BASSANO,240,26
2024-11-14 13:45:41,ST345UV,VEH005,RFD20241003138,Presente,PLASTICA E METALLI,PLAST.CONT.STRADALI,UTZ005,45.6086,11.6730,SAN PIETRO IN GU,SAN PIETRO IN GU,CAMPOSAMPIERO,770,26
2024-11-14 14:16:57,OP012QR,VEH004,RFD20241003061,Presente,SECCO,SECCO PAP,UTZ002,45.5338,11.9614,BORGORICCO,BORGORICCO,CAMPOSAMPIERO,1100,26
2024-11-14 16:22:50,OP012QR,VEH004,RFD20241003164,Presente,SECCO,SECCO PAP,UTZ003,45.7794,11.7296,BASSANO DEL GRAPPA,BASSANO DEL GRAPPA,BASSANO,240,26
2024-11-14 16:48:21,IL789MN,VEH003,RFD20241003303,Presente,UMIDO,UMIDO CONT.STRADALI,UTZ002,45.7849,11.8035,MUSSOLENTE,MUSSOLENTE,BASSANO,240,26
2024-11-15 06:01:26,AB123CD,VEH001,RFD20241001301,Non Presente,NA,SECCO PAP,NA,45.5658,11.9399,NA,CAMPOSAMPIERO,CAMPOSAMPIERO,NA,NA
2024-11-15 06:57:31,AB123CD,VEH001,RFD20241004065,Presente,SECCO,SECCO PAP,UTZ007,45.6155,11.6651,SAN PIETRO IN GU,SAN PIETRO IN GU,CAMPOSAMPIERO,1100,26
2024-11-15 08:38:09,AB123CD,VEH001,RFD20241004003,Presente,SECCO,SECCO PAP,UTZ008,45.4365,11.7854,RUBANO,RUBANO,RUBANO,240,26
2024-11-15 08:58:28,EF456GH,VEH002,RFD20241004123,Presente,CARTA,CARTA CONT.STRADALI,UTZ032,45.6490,11.7783,CITTADELLA,CITTADELLA,CAMPOSAMPIERO,240,26
2024-11-15 09:14:34,EF456GH,VEH002,RFD20241018161,Presente,CARTA,CARTA CONT.STRADALI,UTZ034,45.5712,11.9296,CAMPOSAMPIERO,CAMPOSAMPIERO,CAMPOSAMPIERO,1100,26
2024-11-15 10:09:15,EF456GH,VEH002,RFD20241004197,Presente,CARTA,CARTA CONT.STRADALI,UTZ018,45.8646,11.5124,ASIAGO,ASIAGO,ASIAGO,240,26
2024-11-15 10:38:06,AB123CD,VEH001,RFD20241004137,Presente,SECCO,SECCO PAP,UTZ012,45.5273,11.9711,BORGORICCO,BORGORICCO,CAMPOSAMPIERO,1100,26
2024-11-15 10:46:50,EF456GH,VEH002,RFD20241004028,Presente,CARTA,CARTA CONT.STRADALI,UTZ005,45.8599,11.3940,ROTZO,ROTZO,ASIAGO,240,26
2024-11-15 10:53:57,EF456GH,VEH002,RFD20241004159,Presente,CARTA,CARTA CONT.STRADALI,UTZ004,45.4414,11.7880,RUBANO,RUBANO,RUBANO,1100,26
2024-11-15 12:10:49,OP012QR,VEH004,RFD20241101042,Presente,SECCO,SECCO PAP,UTZ001,45.3866,11.7891,SELVAZZANO DENTRO,SELVAZZANO DENTRO,RUBANO,1100,26
2024-11-15 14:08:29,OP012QR,VEH004,RFD20241004044,Presente,SECCO,SECCO PAP,UTZ009,45.6807,11.6935,TEZZE SUL BRENTA,TEZZE SUL BRENTA,BASSANO,240,26
2024-11-15 14:34:12,IL789MN,VEH003,RFD20241004177,Presente,PLASTICA E METALLI,PLASTICA PAP,UTZ048,45.7667,11.7335,BASSANO DEL GRAPPA,BASSANO DEL GRAPPA,BASSANO,770,26
2024-11-15 15:45:20,OP012QR,VEH004,RFD20241018010,Presente,SECCO,SECCO PAP,UTZ001,45.3635,11.9846,SAONARA,SAONARA,CAMPOSAMPIERO,1100,26
2024-11-15 16:05:29,ST345UV,VEH005,RFD20241004115,Presente,VETRO,VETRO PAP,UTZ001,45.4290,11.7851,RUBANO,RUBANO,RUBANO,1100,26
2024-11-15 16:54:47,ST345UV,VEH005,RFD20241003230,Non Presente,NA,VETRO PAP,NA,45.6962,11.6362,NA,SCHIAVON,BASSANO,NA,NA
2024-11-16 06:05:45,OP012QR,VEH004,RFD20241001301,Non Presente,NA,SECCO PAP,NA,45.5658,11.9399,NA,CAMPOSAMPIERO,CAMPOSAMPIERO,NA,NA
2024-11-16 12:40:23,OP012QR,VEH004,RFD20241005091,Presente,SECCO,SECCO PAP,UTZ016,45.5854,11.8055,SAN GIORGIO IN BOSCO,SAN GIORGIO IN BOSCO,CAMPOSAMPIERO,1100,26
2024-11-16 14:12:35,OP012QR,VEH004,RFD20241005012,Presente,SECCO,SECCO PAP,UTZ035,45.8087,11.7287,POVE DEL GRAPPA,POVE DEL GRAPPA,BASSANO,1100,26
2024-11-16 15:06:54,IL789MN,VEH003,RFD20241005169,Presente,VERDE E RAMAGLIE,VERDE PAP,UTZ008,45.6471,11.6824,POZZOLEONE,POZZOLEONE,BASSANO,240,26
2024-11-16 15:19:11,OP012QR,VEH004,RFD20241019135,Presente,SECCO,SECCO PAP,UTZ019,45.6500,11.8546,SAN MARTINO DI LUPARI,SAN MARTINO DI LUPARI,CAMPOSAMPIERO,240,26
2024-11-16 15:51:49,IL789MN,VEH003,RFD20241005144,Presente,VERDE E RAMAGLIE,VERDE PAP,UTZ013,45.4201,11.6828,CERVARESE SANTA CROCE,CERVARESE SANTA CROCE,RUBANO,240,26
2024-11-16 17:43:30,IL789MN,VEH003,RFD20241005064,Presente,VERDE E RAMAGLIE,VERDE PAP,UTZ010,45.3063,11.7336,GALZIGNANO TERME,GALZIGNANO TERME,RUBANO,240,26
2024-11-17 07:11:25,AB123CD,VEH001,RFD20241006147,Presente,CARTA,CARTA CONT.STRADALI,UTZ003,45.3316,11.7372,TORREGLIA,TORREGLIA,RUBANO,240,26
2024-11-17 07:16:26,AB123CD,VEH001,RFD20241006101,Presente,CARTA,CARTA CONT.STRADALI,UTZ012,45.5773,11.9330,CAMPOSAMPIERO,CAMPOSAMPIERO,CAMPOSAMPIERO,1100,26
2024-11-17 07:25:33,AB123CD,VEH001,RFD20241006174,Presente,CARTA,CARTA CONT.STRADALI,UTZ003,45.3070,11.7165,GALZIGNANO TERME,GALZIGNANO TERME,RUBANO,240,26
2024-11-17 08:37:42,AB123CD,VEH001,RFD20241006168,Presente,CARTA,CARTA CONT.STRADALI,UTZ003,45.5472,12.0104,MASSANZAGO,MASSANZAGO,CAMPOSAMPIERO,1100,26
2024-11-17 08:55:37,AB123CD,VEH001,RFD20241006192,Presente,CARTA,CARTA CONT.STRADALI,UTZ001,45.6513,11.8275,TOMBOLO,TOMBOLO,CAMPOSAMPIERO,1100,26
2024-11-17 09:00:51,AB123CD,VEH001,RFD20241020036,Presente,CARTA,CARTA CONT.STRADALI,UTZ007,45.6519,11.7820,CITTADELLA,CITTADELLA,CAMPOSAMPIERO,1100,26
2024-11-17 09:30:58,AB123CD,VEH001,RFD20241006180,Presente,CARTA,CARTA CONT.STRADALI,UTZ003,45.6363,11.7544,FONTANIVA,FONTANIVA,CAMPOSAMPIERO,240,26
2024-11-17 09:52:08,AB123CD,VEH001,RFD20241006066,Presente,CARTA,CARTA CONT.STRADALI,UTZ011,45.3104,11.7322,GALZIGNANO TERME,GALZIGNANO TERME,RUBANO,1100,26
2024-11-17 10:59:28,AB123CD,VEH001,RFD20241006134,Presente,CARTA,CARTA CONT.STRADALI,UTZ001,45.5030,11.9009,CAMPODARSEGO,CAMPODARSEGO,CAMPOSAMPIERO,240,26
2024-11-17 11:00:16,AB123CD,VEH001,RFD20241006095,Presente,CARTA,CARTA CONT.STRADALI,UTZ034,45.4857,11.7453,CAMPODORO,CAMPODORO,RUBANO,1100,26
2024-11-18 06:00:00,AB123CD,VEH001,00BD00000000000000000001,Presente,NA,SECCO PAP,SAC001,45.7669,11.7353,NA,BASSANO DEL GRAPPA,BASSANO,NA,NA
2024-11-18 06:44:23,IL789MN,VEH003,RFD20241007043,Presente,UMIDO,UMIDO PAP,UTZ001,45.7955,11.7346,POVE DEL GRAPPA,POVE DEL GRAPPA,BASSANO,240,26
2024-11-18 07:13:17,AB123CD,VEH001,RFD20241007126,Presente,SECCO,SECCO PAP,UTZ001,45.6475,11.6836,POZZOLEONE,POZZOLEONE,BASSANO,1100,26
2024-11-18 08:03:52,AB123CD,VEH001,RFD20241007113,Presente,SECCO,SECCO PAP,UTZ022,45.4248,11.7899,RUBANO,RUBANO,RUBANO,1100,26
2024-11-18 08:44:40,IL789MN,VEH003,RFD20241007142,Presente,UMIDO,UMIDO PAP,UTZ001,45.3360,11.7887,MONTEGROTTO TERME,MONTEGROTTO TERME,RUBANO,770,26
2024-11-18 09:08:21,AB123CD,VEH001,RFD20241007146,Presente,SECCO,SECCO PAP,UTZ018,45.3019,11.7335,GALZIGNANO TERME,GALZIGNANO TERME,RUBANO,240,26
2024-11-18 12:08:25,OP012QR,VEH004,RFD20241007090,Presente,SECCO,SECCO PAP,UTZ021,45.7167,11.6078,COLCERESA,COLCERESA,BASSANO,1100,26
2024-11-18 12:49:47,OP012QR,VEH004,RFD20241007193,Presente,SECCO,SECCO PAP,UTZ005,45.6645,11.8337,GALLIERA VENETA,GALLIERA VENETA,CAMPOSAMPIERO,240,26
2024-11-18 13:02:21,ST345UV,VEH005,RFD20241007039,Presente,VETRO,VETRO PAP,UTZ025,45.5288,11.9682,BORGORICCO,BORGORICCO,CAMPOSAMPIERO,770,26
2024-11-18 13:04:50,OP012QR,VEH004,RFD20241007190,Presente,SECCO,SECCO PAP,UTZ031,45.4335,11.7795,RUBANO,RUBANO,RUBANO,1100,26
2024-11-18 14:01:29,IL789MN,VEH003,RFD20241007067,Presente,UMIDO,UMIDO CONT.STRADALI,UTZ010,45.3993,11.7455,SACCOLONGO,SACCOLONGO,RUBANO,770,26
2024-11-18 14:18:50,IL789MN,VEH003,RFD20241007233,Non Presente,NA,UMIDO CONT.STRADALI,NA,45.3298,11.8014,NA,MONTEGROTTO TERME,RUBANO,NA,NA
2024-11-18 14:45:50,ST345UV,VEH005,RFD20241007076,Presente,VETRO,VETRO PAP,UTZ001,45.7718,11.7303,BASSANO DEL GRAPPA,BASSANO DEL GRAPPA,BASSANO,1100,26
2024-11-18 14:54:10,IL789MN,VEH003,RFD20241007054,Presente,UMIDO,UMIDO CONT.STRADALI,UTZ013,45.6529,11.8164,TOMBOLO,TOMBOLO,CAMPOSAMPIERO,240,26
2024-11-18 15:26:02,IL789MN,VEH003,RFD20241007148,Presente,UMIDO,UMIDO CONT.STRADALI,UTZ025,45.7745,11.7212,BASSANO DEL GRAPPA,BASSANO DEL GRAPPA,BASSANO,240,26
2024-11-18 15:35:39,IL789MN,VEH003,RFD20241009227,Non Presente,NA,UMIDO CONT.STRADALI,NA,45.8964,11.5507,NA,GALLIO,ASIAGO,NA,NA
2024-11-18 15:41:58,ST345UV,VEH005,RFD20241007081,Presente,VETRO,VETRO PAP,UTZ003,45.7216,11.7651,ROSA',ROSA',BASSANO,1100,26
2024-11-18 17:21:56,OP012QR,VEH004,RFD20241007120,Presente,SECCO,SECCO PAP,UTZ002,45.4334,11.7853,RUBANO,RUBANO,RUBANO,1100,26
2024-11-18 18:53:42,AB123CD,VEH001,RFD20241001301,Non Presente,NA,SECCO PAP,NA,45.5658,11.9399,NA,CAMPOSAMPIERO,CAMPOSAMPIERO,NA,NA
2024-11-19 08:50:25,EF456GH,VEH002,RFD20241008026,Presente,VETRO,VETRO PAP,UTZ008,45.7923,11.7304,POVE DEL GRAPPA,POVE DEL GRAPPA,BASSANO,1100,26
2024-11-19 09:05:44,AB123CD,VEH001,RFD20241022136,Presente,CARTA,CARTA/CARTONE PAP,UTZ038,45.7888,11.7572,ROMANO D'EZZELINO,ROMANO D'EZZELINO,BASSANO,240,26
2024-11-19 10:38:00,IL789MN,VEH003,RFD20241008059,Presente,UMIDO,UMIDO PAP,UTZ001,45.4023,11.7942,SELVAZZANO DENTRO,SELVAZZANO DENTRO,RUBANO,240,26
2024-11-19 10:43:28,AB123CD,VEH001,RFD20241008062,Presente,CARTA,CARTA/CARTONE PAP,UTZ002,45.3629,11.6653,ROVOLON,ROVOLON,RUBANO,1100,26
2024-11-19 12:47:19,OP012QR,VEH004,RFD20241008077,Presente,SECCO,SECCO PAP,UTZ024,45.3618,11.6635,ROVOLON,ROVOLON,RUBANO,1100,26
2024-11-19 12:58:29,OP012QR,VEH004,RFD20241008155,Presente,SECCO,SECCO PAP,UTZ002,45.8754,11.5202,ASIAGO,ASIAGO,ASIAGO,240,26
2024-11-19 13:27:02,ST345UV,VEH005,RFD20241008023,Presente,PLASTICA E METALLI,PLAST.CONT.STRADALI,UTZ027,45.3021,11.7241,GALZIGNANO TERME,GALZIGNANO TERME,RUBANO,770,26
2024-11-19 13:50:16,OP012QR,VEH004,RFD20241008102,Presente,SECCO,SECCO PAP,UTZ024,45.8898,11.6270,FOZA,FOZA,ASIAGO,1100,26
2024-11-19 15:39:11,IL789MN,VEH003,RFD20241008032,Presente,PLASTICA E METALLI,PLASTICA PAP,UTZ026,45.3984,11.7486,SACCOLONGO,SACCOLONGO,RUBANO,770,26
2024-11-19 16:06:51,ST345UV,VEH005,RFD20241008187,Presente,PLASTICA E METALLI,PLAST.CONT.STRADALI,UTZ002,45.6584,11.8266,GALLIERA VENETA,GALLIERA VENETA,CAMPOSAMPIERO,770,26
2024-11-19 16:44:30,OP012QR,VEH004,RFD20241008099,Presente,SECCO,SECCO PAP,UTZ015,45.7175,11.7675,ROSA',ROSA',BASSANO,1100,26
2024-11-19 18:48:24,ST345UV,VEH005,RFD20241001301,Non Presente,NA,PLAST.CONT.STRADALI,NA,45.5658,11.9399,NA,CAMPOSAMPIERO,CAMPOSAMPIERO,NA,NA
2024-11-20 07:23:26,AB123CD,VEH001,RFD20241009041,Presente,SECCO,SECCO PAP,UTZ001,45.5655,11.8987,SANTA GIUSTINA IN COLLE,SANTA GIUSTINA IN COLLE,CAMPOSAMPIERO,1100,26
2024-11-20 07:36:36,AB123CD,VEH001,RFD20241009128,Presente,SECCO,SECCO PAP,UTZ002,45.4111,11.7369,SACCOLONGO,SACCOLONGO,RUBANO,1100,26
2024-11-20 08:20:33,AB123CD,VEH001,RFD20241009189,Presente,SECCO,SECCO PAP,UTZ002,45.4234,11.7906,RUBANO,RUBANO,RUBANO,1100,26
2024-11-20 09:06:10,AB123CD,VEH001,RFD20241009093,Presente,SECCO,SECCO PAP,UTZ001,45.7097,11.7972,ROSSANO VENETO,ROSSANO VENETO,BASSANO,1100,26
2024-11-20 10:39:42,AB123CD,VEH001,RFD20241009106,Presente,SECCO,SECCO PAP,UTZ004,45.7672,11.7351,BASSANO DEL GRAPPA,BASSANO DEL GRAPPA,BASSANO,240,26
2024-11-20 11:11:13,AB123CD,VEH001,RFD20241009108,Presente,SECCO,SECCO PAP,UTZ003,45.6955,11.7107,TEZZE SUL BRENTA,TEZZE SUL BRENTA,BASSANO,240,26
2024-11-20 11:27:24,AB123CD,VEH001,RFD20241009227,Non Presente,NA,SECCO PAP,NA,45.8963,11.5508,NA,GALLIO,ASIAGO,NA,NA
2024-11-20 11:34:29,EF456GH,VEH002,RFD20241009218,Non Presente,NA,CARTA CONT.STRADALI,NA,45.5589,11.9136,NA,SANTA GIUSTINA IN COLLE,CAMPOSAMPIERO,NA,NA
2024-11-20 13:57:51,IL789MN,VEH003,RFD20241009045,Presente,VERDE E RAMAGLIE,VERDE PAP,UTZ030,45.5618,12.0077,MASSANZAGO,MASSANZAGO,CAMPOSAMPIERO,240,26
2024-11-20 14:18:28,ST345UV,VEH005,RFD20241009150,Presente,VETRO,VETRO PAP,UTZ027,45.5793,11.9326,CAMPOSAMPIERO,CAMPOSAMPIERO,CAMPOSAMPIERO,1100,26
2024-11-20 14:22:07,OP012QR,VEH004,RFD20241009107,Presente,SECCO,SECCO PAP,UTZ033,45.5707,11.9322,CAMPOSAMPIERO,CAMPOSAMPIERO,CAMPOSAMPIERO,1100,26
2024-11-20 15:03:20,IL789MN,VEH003,RFD20241009205,Non Presente,NA,VERDE PAP,NA,45.8680,11.5016,NA,ASIAGO,ASIAGO,NA,NA
2024-11-20 16:02:06,OP012QR,VEH004,RFD20241009085,Presente,SECCO,SECCO PAP,UTZ016,45.4842,11.8338,LIMENA,LIMENA,RUBANO,1100,26
2024-11-20 16:06:25,OP012QR,VEH004,RFD20241009140,Presente,SECCO,SECCO PAP,UTZ002,45.9450,11.7209,ENEGO,ENEGO,ASIAGO,1100,26
2024-11-20 18:47:30,IL789MN,VEH003,RFD20241001301,Non Presente,NA,VERDE PAP,NA,45.5658,11.9399,NA,CAMPOSAMPIERO,CAMPOSAMPIERO,NA,NA
2024-11-21 06:04:20,EF456GH,VEH002,RFD20241001301,Non Presente,NA,VETRO PAP,NA,45.5658,11.9399,NA,CAMPOSAMPIERO,CAMPOSAMPIERO,NA,NA
2024-11-21 08:00:28,EF456GH,VEH002,RFD20241024149,Presente,VETRO,VETRO PAP,UTZ004,45.5620,11.9087,SANTA GIUSTINA IN COLLE,SANTA GIUSTINA IN COLLE,CAMPOSAMPIERO,1100,13
2024-11-21 08:07:43,IL789MN,VEH003,RFD20241010068,Presente,UMIDO,UMIDO PAP,UTZ004,45.4898,11.7450,CAMPODORO,CAMPODORO,RUBANO,240,26
2024-11-21 09:56:21,AB123CD,VEH001,RFD20241010194,Presente,CARTA,CARTA/CARTONE PAP,UTZ017,45.7813,11.7306,BASSANO DEL GRAPPA,BASSANO DEL GRAPPA,BASSANO,240,26
2024-11-21 09:59:07,AB123CD,VEH001,RFD20241010013,Presente,CARTA,CARTA/CARTONE PAP,UTZ009,45.7804,11.7403,BASSANO DEL GRAPPA,BASSANO DEL GRAPPA,BASSANO,1100,26
2024-11-21 13:42:24,IL789MN,VEH003,RFD20241010178,Presente,UMIDO,UMIDO CONT.STRADALI,UTZ004,45.6590,11.8249,GALLIERA VENETA,GALLIERA VENETA,CAMPOSAMPIERO,240,26
2024-11-21 13:57:40,ST345UV,VEH005,RFD20241010022,Presente,PLASTICA E METALLI,PLAST.CONT.STRADALI,UTZ032,45.3664,11.9839,SAONARA,SAONARA,CAMPOSAMPIERO,770,26
2024-11-21 14:55:27,ST345UV,VEH005,RFD20241010154,Presente,PLASTICA E METALLI,PLAST.CONT.STRADALI,UTZ005,45.8642,11.5160,ASIAGO,ASIAGO,ASIAGO,770,26
2024-11-21 15:00:41,IL789MN,VEH003,RFD20241010109,Presente,UMIDO,UMIDO CONT.STRADALI,UTZ018,45.7767,11.7333,BASSANO DEL GRAPPA,BASSANO DEL GRAPPA,BASSANO,770,26
2024-11-21 15:33:33,OP012QR,VEH004,RFD20241010119,Presente,SECCO,SECCO PAP,UTZ002,45.5622,11.9075,SANTA GIUSTINA IN COLLE,SANTA GIUSTINA IN COLLE,CAMPOSAMPIERO,1100,26
2024-11-21 15:38:45,ST345UV,VEH005,RFD20241010079,Presente,PLASTICA E METALLI,PLAST.CONT.STRADALI,UTZ004,45.8871,11.6251,FOZA,FOZA,ASIAGO,770,26
2024-11-21 16:27:58,OP012QR,VEH004,RFD20241010074,Presente,SECCO,SECCO PAP,UTZ006,45.6265,11.7051,CARMIGNANO DI BRENTA,CARMIGNANO DI BRENTA,CAMPOSAMPIERO,1100,26
2024-11-21 17:06:50,OP012QR,VEH004,RFD20241010069,Presente,SECCO,SECCO PAP,UTZ020,45.7309,11.7590,ROSA',ROSA',BASSANO,240,26
2024-11-21 18:53:05,IL789MN,VEH003,RFD20241001301,Non Presente,NA,UMIDO CONT.STRADALI,NA,45.5658,11.9399,NA,CAMPOSAMPIERO,CAMPOSAMPIERO,NA,NA
2024-11-22 07:59:51,AB123CD,VEH001,RFD20241025029,Presente,SECCO,SECCO PAP,UTZ001,45.7803,11.7921,MUSSOLENTE,MUSSOLENTE,BASSANO,240,26
2024-11-22 08:36:56,EF456GH,VEH002,RFD20241011223,Non Presente,NA,CARTA CONT.STRADALI,NA,45.9026,11.6325,NA,FOZA,ASIAGO,NA,NA
2024-11-22 09:23:51,AB123CD,VEH001,RFD20241011139,Presente,SECCO,SECCO PAP,UTZ002,45.6198,11.6596,SAN PIETRO IN GU,SAN PIETRO IN GU,CAMPOSAMPIERO,1100,26
2024-11-22 10:10:43,AB123CD,VEH001,RFD20241011176,Presente,SECCO,SECCO PAP,UTZ008,45.4677,11.8516,LIMENA,LIMENA,RUBANO,1100,26
2024-11-22 12:16:25,AB123CD,VEH001,RFD20241025196,Presente,SECCO,SECCO PAP,UTZ029,45.8643,11.5204,ASIAGO,ASIAGO,ASIAGO,1100,26
2024-11-22 13:36:29,ST345UV,VEH005,RFD20241025087,Presente,VETRO,VETRO PAP,UTZ021,45.4923,11.8970,CAMPODARSEGO,CAMPODARSEGO,CAMPOSAMPIERO,1100,13
2024-11-22 14:02:00,ST345UV,VEH005,RFD20241025175,Presente,VETRO,VETRO PAP,UTZ006,45.4898,11.7535,CAMPODORO,CAMPODORO,RUBANO,1100,13
2024-11-22 14:12:15,OP012QR,VEH004,RFD20241011121,Presente,SECCO,SECCO PAP,UTZ015,45.4086,11.7483,SACCOLONGO,SACCOLONGO,RUBANO,1100,26
2024-11-22 14:56:27,ST345UV,VEH005,RFD20241011182,Presente,VETRO,VETRO PAP,UTZ047,45.5858,11.7048,GAZZO,GAZZO,CAMPOSAMPIERO,1100,26
2024-11-22 15:06:36,ST345UV,VEH005,RFD20241025031,Presente,VETRO,VETRO PAP,UTZ026,45.7761,11.7460,BASSANO DEL GRAPPA,BASSANO DEL GRAPPA,BASSANO,1100,13
2024-11-22 15:15:57,ST345UV,VEH005,RFD20241025060,Presente,VETRO,VETRO PAP,UTZ003,45.3335,11.7955,MONTEGROTTO TERME,MONTEGROTTO TERME,RUBANO,1100,13
2024-11-22 15:23:59,OP012QR,VEH004,RFD20241011124,Presente,SECCO,SECCO PAP,UTZ001,45.6427,11.8511,SAN MARTINO DI LUPARI,SAN MARTINO DI LUPARI,CAMPOSAMPIERO,240,26
2024-11-22 16:11:57,IL789MN,VEH003,RFD20241011019,Presente,PLASTICA E METALLI,PLASTICA PAP,UTZ001,45.6002,12.0033,PIOMBINO DESE,PIOMBINO DESE,CAMPOSAMPIERO,770,26
2024-11-22 16:55:17,IL789MN,VEH003,RFD20241025075,Presente,PLASTICA E METALLI,PLASTICA PAP,UTZ001,45.7968,11.7437,ROMANO D'EZZELINO,ROMANO D'EZZELINO,BASSANO,770,26
2024-11-22 17:50:33,OP012QR,VEH004,RFD20241011004,Presente,SECCO,SECCO PAP,UTZ024,45.7924,11.7673,ROMANO D'EZZELINO,ROMANO D'EZZELINO,BASSANO,240,26
2024-11-22 18:58:27,IL789MN,VEH003,RFD20241001301,Non Presente,NA,PLASTICA PAP,NA,45.5658,11.9398,NA,CAMPOSAMPIERO,CAMPOSAMPIERO,NA,NA
2024-11-23 06:05:23,EF456GH,VEH002,RFD20241001301,Non Presente,NA,VETRO PAP,NA,45.5658,11.9399,NA,CAMPOSAMPIERO,CAMPOSAMPIERO,NA,NA
2024-11-23 07:22:46,AB123CD,VEH001,RFD20241012118,Presente,CARTA,CARTA/CARTONE PAP,UTZ019,45.6947,11.7071,TEZZE SUL BRENTA,TEZZE SUL BRENTA,BASSANO,1100,26
2024-11-23 08:53:06,AB123CD,VEH001,RFD20241012116,Presente,CARTA,CARTA/CARTONE PAP,UTZ009,45.3959,11.7909,SELVAZZANO DENTRO,SELVAZZANO DENTRO,RUBANO,240,26
2024-11-23 12:12:44,OP012QR,VEH004,RFD20241012082,Presente,SECCO,SECCO PAP,UTZ001,45.6592,11.8292,GALLIERA VENETA,GALLIERA VENETA,CAMPOSAMPIERO,240,26
2024-11-23 14:36:26,IL789MN,VEH003,RFD20241012047,Presente,VERDE E RAMAGLIE,VERDE PAP,UTZ028,45.7546,11.7432,BASSANO DEL GRAPPA,BASSANO DEL GRAPPA,BASSANO,240,26
2024-11-23 15:44:35,IL789MN,VEH003,RFD20241012052,Presente,VERDE E RAMAGLIE,VERDE PAP,UTZ002,45.6997,11.6386,SCHIAVON,SCHIAVON,BASSANO,1100,26
2024-11-23 15:55:25,IL789MN,VEH003,RFD20241008231,Non Presente,NA,VERDE PAP,NA,45.6865,11.7001,NA,TEZZE SUL BRENTA,BASSANO,NA,NA
2024-11-23 15:58:27,IL789MN,VEH003,RFD20241012089,Presente,VERDE E RAMAGLIE,VERDE PAP,UTZ017,45.7291,11.6734,NOVE,NOVE,BASSANO,240,26
2024-11-23 18:56:14,OP012QR,VEH004,RFD20241001301,Non Presente,NA,SECCO PAP,NA,45.5658,11.9399,NA,CAMPOSAMPIERO,CAMPOSAMPIERO,NA,NA
2024-11-24 07:11:38,AB123CD,VEH001,RFD20241013046,Presente,CARTA,CARTA CONT.STRADALI,UTZ035,45.3086,11.7296,GALZIGNANO TERME,GALZIGNANO TERME,RUBANO,240,26
2024-11-24 07:49:07,AB123CD,VEH001,RFD20241013130,Presente,CARTA,CARTA CONT.STRADALI,UTZ004,45.4267,11.6850,CERVARESE SANTA CROCE,CERVARESE SANTA CROCE,RUBANO,240,26
2024-11-24 07:51:06,AB123CD,VEH001,RFD20241013129,Presente,CARTA,CARTA CONT.STRADALI,UTZ031,45.6327,11.7061,CARMIGNANO DI BRENTA,CARMIGNANO DI BRENTA,CAMPOSAMPIERO,240,26
2024-11-24 08:01:12,AB123CD,VEH001,RFD20241013030,Presente,CARTA,CARTA CONT.STRADALI,UTZ001,45.6913,11.7994,ROSSANO VENETO,ROSSANO VENETO,BASSANO,1100,26
2024-11-24 08:01:42,AB123CD,VEH001,RFD20241013167,Presente,CARTA,CARTA CONT.STRADALI,UTZ022,45.9005,11.6394,FOZA,FOZA,ASIAGO,240,26
2024-11-24 08:06:25,AB123CD,VEH001,RFD20241016234,Non Presente,NA,CARTA CONT.STRADALI,NA,45.5600,11.8171,NA,CAMPO SAN MARTINO,CAMPOSAMPIERO,NA,NA
2024-11-24 08:18:59,AB123CD,VEH001,RFD20241013083,Presente,CARTA,CARTA CONT.STRADALI,UTZ030,45.3137,11.7394,GALZIGNANO TERME,GALZIGNANO TERME,RUBANO,240,26
2024-11-24 09:13:59,AB123CD,VEH001,RFD20241013172,Presente,CARTA,CARTA CONT.STRADALI,UTZ001,45.3301,11.7375,TORREGLIA,TORREGLIA,RUBANO,240,26
2024-11-25 06:09:16,EF456GH,VEH002,RFD20241001301,Non Presente,NA,CARTA CONT.STRADALI,NA,45.5658,11.9398,NA,CAMPOSAMPIERO,CAMPOSAMPIERO,NA,NA
2024-11-25 06:11:22,EF456GH,VEH002,RFD20241001301,Non Presente,NA,CARTA CONT.STRADALI,NA,45.5658,11.9399,NA,CAMPOSAMPIERO,CAMPOSAMPIERO,NA,NA
2024-11-25 08:54:53,EF456GH,VEH002,RFD20241014011,Presente,CARTA,CARTA CONT.STRADALI,UTZ034,45.6441,11.8630,SAN MARTINO DI LUPARI,SAN MARTINO DI LUPARI,CAMPOSAMPIERO,1100,26
2024-11-25 09:31:53,EF456GH,VEH002,RFD20241014191,Presente,CARTA,CARTA CONT.STRADALI,UTZ005,45.3677,11.6629,ROVOLON,ROVOLON,RUBANO,1100,26
2024-11-25 09:57:26,AB123CD,VEH001,RFD20241014117,Presente,SECCO,SECCO PAP,UTZ001,45.6417,11.7837,CITTADELLA,CITTADELLA,CAMPOSAMPIERO,1100,26
2024-11-25 13:46:39,OP012QR,VEH004,RFD20241014024,Presente,SECCO,SECCO PAP,UTZ040,45.5362,11.9674,BORGORICCO,BORGORICCO,CAMPOSAMPIERO,1100,26
2024-11-25 14:13:50,OP012QR,VEH004,RFD20241014033,Presente,SECCO,SECCO PAP,UTZ006,45.8594,11.4003,ROTZO,ROTZO,ASIAGO,1100,26
2024-11-25 15:09:58,IL789MN,VEH003,RFD20241028173,Presente,UMIDO,UMIDO CONT.STRADALI,UTZ032,45.7623,11.7418,BASSANO DEL GRAPPA,BASSANO DEL GRAPPA,BASSANO,240,26
2024-11-25 15:23:21,IL789MN,VEH003,RFD20241028145,Presente,UMIDO,UMIDO CONT.STRADALI,UTZ006,45.4284,11.7852,RUBANO,RUBANO,RUBANO,240,26
2024-11-26 06:00:19,EF456GH,VEH002,RFD20241001301,Non Presente,NA,VETRO PAP,NA,45.5658,11.9399,NA,CAMPOSAMPIERO,CAMPOSAMPIERO,NA,NA
2024-11-26 07:52:35,AB123CD,VEH001,RFD20241001103,Presente,CARTA,CARTA/CARTONE PAP,UTZ013,45.5661,11.9181,CAMPOSAMPIERO,CAMPOSAMPIERO,CAMPOSAMPIERO,240,26
2024-11-26 09:25:30,IL789MN,VEH003,RFD20241001072,Presente,UMIDO,UMIDO PAP,UTZ003,45.8086,11.5993,LUSIANA CONCO,LUSIANA CONCO,ASIAGO,240,26
2024-11-26 09:57:53,IL789MN,VEH003,RFD20241001152,Presente,UMIDO,UMIDO PAP,UTZ037,45.4372,11.9252,CADONEGHE,CADONEGHE,CAMPOSAMPIERO,240,26
2024-11-26 13:33:00,IL789MN,VEH003,RFD20241001122,Presente,PLASTICA E METALLI,PLASTICA PAP,UTZ012,45.8052,11.7263,POVE DEL GRAPPA,POVE DEL GRAPPA,BASSANO,770,26
2024-11-26 13:53:13,ST345UV,VEH005,RFD20241001114,Presente,PLASTICA E METALLI,PLAST.CONT.STRADALI,UTZ005,45.8612,11.5203,ASIAGO,ASIAGO,ASIAGO,770,26
2024-11-26 14:08:16,IL789MN,VEH003,RFD20241001158,Presente,PLASTICA E METALLI,PLASTICA PAP,UTZ034,45.6544,11.8575,SAN MARTINO DI LUPARI,SAN MARTINO DI LUPARI,CAMPOSAMPIERO,770,26
2024-11-26 14:51:17,OP012QR,VEH004,RFD20241001181,Presente,SECCO,SECCO PAP,UTZ008,45.6545,11.6825,POZZOLEONE,POZZOLEONE,BASSANO,1100,26
2024-11-26 15:28:45,OP012QR,VEH004,RFD20241001058,Presente,SECCO,SECCO PAP,UTZ035,45.3440,11.6640,TEOLO,TEOLO,RUBANO,1100,26
2024-11-26 15:49:53,OP012QR,VEH004,RFD20241015048,Presente,SECCO,SECCO PAP,UTZ030,45.4293,11.7920,RUBANO,RUBANO,RUBANO,1100,26
2024-11-26 18:14:19,ST345UV,VEH005,RFD20241001209,Non Presente,NA,PLAST.CONT.STRADALI,NA,45.6482,11.8299,NA,TOMBOLO,CAMPOSAMPIERO,NA,NA
2024-11-27 06:21:55,ST345UV,VEH005,RFD20241001301,Non Presente,NA,ASSISTENTE SERVIZI,NA,45.5658,11.9398,NA,CAMPOSAMPIERO,CAMPOSAMPIERO,NA,NA
2024-11-27 07:13:36,AB123CD,VEH001,RFD20241002049,Presente,SECCO,SECCO PAP,UTZ003,45.3394,11.7381,TORREGLIA,TORREGLIA,RUBANO,1100,26
2024-11-27 09:02:11,EF456GH,VEH002,RFD20241002131,Presente,CARTA,CARTA CONT.STRADALI,UTZ001,45.8910,11.6337,FOZA,FOZA,ASIAGO,240,26
2024-11-27 09:27:59,AB123CD,VEH001,RFD20241002105,Presente,SECCO,SECCO PAP,UTZ002,45.7147,11.7667,ROSA',ROSA',BASSANO,240,26
2024-11-27 09:41:35,AB123CD,VEH001,RFD20241002183,Presente,SECCO,SECCO PAP,UTZ009,45.7284,11.7950,CASSOLA,CASSOLA,BASSANO,1100,26
2024-11-27 09:54:18,EF456GH,VEH002,RFD20241002073,Presente,CARTA,CARTA CONT.STRADALI,UTZ050,45.4021,11.7537,SACCOLONGO,SACCOLONGO,RUBANO,1100,26
2024-11-27 11:29:01,AB123CD,VEH001,RFD20241002088,Presente,SECCO,SECCO PAP,UTZ005,45.7999,11.6068,LUSIANA CONCO,LUSIANA CONCO,ASIAGO,1100,26
2024-11-27 12:41:13,OP012QR,VEH004,RFD20241002203,Non Presente,NA,SECCO PAP,NA,45.3697,11.6596,NA,ROVOLON,RUBANO,NA,NA
2024-11-27 13:28:30,OP012QR,VEH004,RFD20241002078,Presente,SECCO,SECCO PAP,UTZ009,45.8880,11.5487,GALLIO,GALLIO,ASIAGO,1100,26
2024-11-27 14:04:43,OP012QR,VEH004,RFD20241002094,Presente,SECCO,SECCO PAP,UTZ005,45.5787,11.9239,CAMPOSAMPIERO,CAMPOSAMPIERO,CAMPOSAMPIERO,240,26
2024-11-27 14:10:05,OP012QR,VEH004,RFD20241002184,Presente,SECCO,SECCO PAP,UTZ002,45.7700,11.7359,BASSANO DEL GRAPPA,BASSANO DEL GRAPPA,BASSANO,1100,26
2024-11-27 14:45:28,OP012QR,VEH004,RFD20241030037,Presente,SECCO,SECCO PAP,UTZ014,45.8816,11.5385,GALLIO,GALLIO,ASIAGO,1100,26
2024-11-27 15:30:03,IL789MN,VEH003,RFD20241002015,Presente,VERDE E RAMAGLIE,VERDE PAP,UTZ030,45.6658,11.8190,GALLIERA VENETA,GALLIERA VENETA,CAMPOSAMPIERO,1100,26
2024-11-27 16:22:56,ST345UV,VEH005,RFD20241002053,Presente,VETRO,VETRO PAP,UTZ022,45.7622,11.7437,BASSANO DEL GRAPPA,BASSANO DEL GRAPPA,BASSANO,1100,26
2024-11-27 16:59:29,IL789MN,VEH003,RFD20241002198,Presente,VERDE E RAMAGLIE,VERDE PAP,UTZ001,45.8720,11.5267,ASIAGO,ASIAGO,ASIAGO,240,26
2024-11-27 17:29:07,IL789MN,VEH003,RFD20241030027,Presente,VERDE E RAMAGLIE,VERDE PAP,UTZ024,45.3836,11.9773,SAONARA,SAONARA,CAMPOSAMPIERO,240,26
2024-11-28 06:01:38,OP012QR,VEH004,RFD20241001301,Non Presente,NA,SECCO PAP,NA,45.5658,11.9399,NA,CAMPOSAMPIERO,CAMPOSAMPIERO,NA,NA
2024-11-28 08:27:51,AB123CD,VEH001,RFD20241003141,Presente,CARTA,CARTA/CARTONE PAP,UTZ008,45.5759,11.7104,GAZZO,GAZZO,CAMPOSAMPIERO,1100,26
2024-11-28 08:37:42,AB123CD,VEH001,RFD20241031097,Presente,CARTA,CARTA/CARTONE PAP,UTZ011,45.6010,11.8144,SAN GIORGIO IN BOSCO,SAN GIORGIO IN BOSCO,CAMPOSAMPIERO,1100,26
2024-11-28 09:19:29,EF456GH,VEH002,RFD20241003035,Presente,VETRO,VETRO PAP,UTZ003,45.7184,11.5992,COLCERESA,COLCERESA,BASSANO,1100,13
2024-11-28 10:31:09,EF456GH,VEH002,RFD20241003157,Presente,VETRO,VETRO PAP,UTZ013,45.4910,11.7439,CAMPODORO,CAMPODORO,RUBANO,1100,26
2024-11-28 12:25:41,EF456GH,VEH002,RFD20241003230,Non Presente,NA,VETRO PAP,NA,45.6960,11.6362,NA,SCHIAVON,BASSANO,NA,NA
2024-11-28 13:33:57,ST345UV,VEH005,RFD20241003138,Presente,PLASTICA E METALLI,PLAST.CONT.STRADALI,UTZ005,45.6087,11.6728,SAN PIETRO IN GU,SAN PIETRO IN GU,CAMPOSAMPIERO,770,26
2024-11-28 13:57:03,IL789MN,VEH003,RFD20241003127,Presente,UMIDO,UMIDO CONT.STRADALI,UTZ001,45.7728,11.7287,BASSANO DEL GRAPPA,BASSANO DEL GRAPPA,BASSANO,240,26
2024-11-28 14:02:17,OP012QR,VEH004,RFD20241003061,Presente,SECCO,SECCO PAP,UTZ002,45.5340,11.9614,BORGORICCO,BORGORICCO,CAMPOSAMPIERO,1100,26
2024-11-28 16:09:39,OP012QR,VEH004,RFD20241003164,Presente,SECCO,SECCO PAP,UTZ003,45.7794,11.7294,BASSANO DEL GRAPPA,BASSANO DEL GRAPPA,BASSANO,240,26
2024-11-28 17:06:13,IL789MN,VEH003,RFD20241003303,Presente,UMIDO,UMIDO CONT.STRADALI,UTZ002,45.7753,11.8023,MUSSOLENTE,MUSSOLENTE,BASSANO,240,26
2024-11-29 06:40:33,AB123CD,VEH001,RFD20241004065,Presente,SECCO,SECCO PAP,UTZ007,45.6155,11.6651,SAN PIETRO IN GU,SAN PIETRO IN GU,CAMPOSAMPIERO,1100,26
2024-11-29 08:53:01,AB123CD,VEH001,RFD20241004003,Presente,SECCO,SECCO PAP,UTZ008,45.4362,11.7856,RUBANO,RUBANO,RUBANO,240,26
2024-11-29 09:07:50,EF456GH,VEH002,RFD20241004123,Presente,CARTA,CARTA CONT.STRADALI,UTZ032,45.6490,11.7781,CITTADELLA,CITTADELLA,CAMPOSAMPIERO,240,26
2024-11-29 09:27:52,EF456GH,VEH002,RFD20241018161,Presente,CARTA,CARTA CONT.STRADALI,UTZ034,45.5713,11.9297,CAMPOSAMPIERO,CAMPOSAMPIERO,CAMPOSAMPIERO,1100,26
2024-11-29 10:17:22,EF456GH,VEH002,RFD20241004028,Presente,CARTA,CARTA CONT.STRADALI,UTZ005,45.8599,11.3939,ROTZO,ROTZO,ASIAGO,240,26
2024-11-29 10:32:32,EF456GH,VEH002,RFD20241004197,Presente,CARTA,CARTA CONT.STRADALI,UTZ018,45.8647,11.5124,ASIAGO,ASIAGO,ASIAGO,240,26
2024-11-29 10:50:17,AB123CD,VEH001,RFD20241004137,Presente,SECCO,SECCO PAP,UTZ012,45.5272,11.9710,BORGORICCO,BORGORICCO,CAMPOSAMPIERO,1100,26
2024-11-29 10:56:19,EF456GH,VEH002,RFD20241004159,Presente,CARTA,CARTA CONT.STRADALI,UTZ004,45.4415,11.7879,RUBANO,RUBANO,RUBANO,1100,26
2024-11-29 14:55:43,IL789MN,VEH003,RFD20241004177,Presente,PLASTICA E METALLI,PLASTICA PAP,UTZ048,45.7665,11.7336,BASSANO DEL GRAPPA,BASSANO DEL GRAPPA,BASSANO,770,26
2024-11-29 15:00:12,OP012QR,VEH004,RFD20241018010,Presente,SECCO,SECCO PAP,UTZ001,45.3632,11.9846,SAONARA,SAONARA,CAMPOSAMPIERO,1100,26
2024-11-29 16:34:41,ST345UV,VEH005,RFD20241004115,Presente,VETRO,VETRO PAP,UTZ001,45.4292,11.7848,RUBANO,RUBANO,RUBANO,1100,26
2024-11-29 17:20:55,ST345UV,VEH005,RFD20241004185,Presente,VETRO,VETRO PAP,UTZ043,45.4031,11.7498,SACCOLONGO,SACCOLONGO,RUBANO,1100,26
2024-11-29 18:55:12,EF456GH,VEH002,RFD20241001301,Non Presente,NA,CARTA CONT.STRADALI,NA,45.5658,11.9399,NA,CAMPOSAMPIERO,CAMPOSAMPIERO,NA,NA
2024-11-30 06:16:41,AB123CD,VEH001,RFD20241001301,Non Presente,NA,CARTA/CARTONE PAP,NA,45.5659,11.9399,NA,CAMPOSAMPIERO,CAMPOSAMPIERO,NA,NA
2024-11-30 06:21:29,AB123CD,VEH001,RFD20241001301,Non Presente,NA,CARTA/CARTONE PAP,NA,45.5658,11.9399,NA,CAMPOSAMPIERO,CAMPOSAMPIERO,NA,NA
2024-11-30 12:29:49,OP012QR,VEH004,RFD20241005091,Presente,SECCO,SECCO PAP,UTZ016,45.5853,11.8054,SAN GIORGIO IN BOSCO,SAN GIORGIO IN BOSCO,CAMPOSAMPIERO,1100,26
2024-11-30 14:08:26,OP012QR,VEH004,RFD20241005012,Presente,SECCO,SECCO PAP,UTZ035,45.8086,11.7285,POVE DEL GRAPPA,POVE DEL GRAPPA,BASSANO,1100,26
2024-11-30 15:10:11,OP012QR,VEH004,RFD20241019135,Presente,SECCO,SECCO PAP,UTZ019,45.6501,11.8545,SAN MARTINO DI LUPARI,SAN MARTINO DI LUPARI,CAMPOSAMPIERO,240,26
2024-11-30 15:13:59,IL789MN,VEH003,RFD20241005169,Presente,VERDE E RAMAGLIE,VERDE PAP,UTZ008,45.6470,11.6823,POZZOLEONE,POZZOLEONE,BASSANO,240,26
2024-11-30 16:30:28,IL789MN,VEH003,RFD20241005144,Presente,VERDE E RAMAGLIE,VERDE PAP,UTZ013,45.4202,11.6828,CERVARESE SANTA CROCE,CERVARESE SANTA CROCE,RUBANO,240,26
2024-11-30 17:32:49,IL789MN,VEH003,RFD20241005064,Presente,VERDE E RAMAGLIE,VERDE PAP,UTZ010,45.3062,11.7337,GALZIGNANO TERME,GALZIGNANO TERME,RUBANO,240,26
2024-12-01 07:05:18,AB123CD,VEH001,RFD20241006147,Presente,CARTA,CARTA CONT.STRADALI,UTZ003,45.3314,11.7375,TORREGLIA,TORREGLIA,RUBANO,240,26
2024-12-01 07:18:35,AB123CD,VEH001,RFD20241006101,Presente,CARTA,CARTA CONT.STRADALI,UTZ012,45.5777,11.9330,CAMPOSAMPIERO,CAMPOSAMPIERO,CAMPOSAMPIERO,1100,26
2024-12-01 08:09:25,AB123CD,VEH001,RFD20241006174,Presente,CARTA,CARTA CONT.STRADALI,UTZ003,45.3068,11.7165,GALZIGNANO TERME,GALZIGNANO TERME,RUBANO,240,26
2024-12-01 08:37:03,AB123CD,VEH001,RFD20241006168,Presente,CARTA,CARTA CONT.STRADALI,UTZ003,45.5470,12.0106,MASSANZAGO,MASSANZAGO,CAMPOSAMPIERO,1100,26
2024-12-01 09:02:12,AB123CD,VEH001,RFD20241020036,Presente,CARTA,CARTA CONT.STRADALI,UTZ007,45.6521,11.7817,CITTADELLA,CITTADELLA,CAMPOSAMPIERO,1100,26
2024-12-01 09:06:57,AB123CD,VEH001,RFD20241006192,Presente,CARTA,CARTA CONT.STRADALI,UTZ001,45.6510,11.8275,TOMBOLO,TOMBOLO,CAMPOSAMPIERO,1100,26
2024-12-01 09:51:02,AB123CD,VEH001,RFD20241006180,Presente,CARTA,CARTA CONT.STRADALI,UTZ003,45.6359,11.7542,FONTANIVA,FONTANIVA,CAMPOSAMPIERO,240,26
2024-12-01 09:51:30,AB123CD,VEH001,RFD20241006066,Presente,CARTA,CARTA CONT.STRADALI,UTZ011,45.3106,11.7321,GALZIGNANO TERME,GALZIGNANO TERME,RUBANO,1100,26
2024-12-01 10:57:03,AB123CD,VEH001,RFD20241006095,Presente,CARTA,CARTA CONT.STRADALI,UTZ034,45.4857,11.7453,CAMPODORO,CAMPODORO,RUBANO,1100,26
2024-12-02 06:17:20,OP012QR,VEH004,RFD20241001301,Non Presente,NA,SECCO PAP,NA,45.5658,11.9399,NA,CAMPOSAMPIERO,CAMPOSAMPIERO,NA,NA
2024-12-02 06:55:54,AB123CD,VEH001,RFD20241007126,Presente,SECCO,SECCO PAP,UTZ001,45.6476,11.6838,POZZOLEONE,POZZOLEONE,BASSANO,1100,26
2024-12-02 08:10:41,IL789MN,VEH003,RFD20241007142,Presente,UMIDO,UMIDO PAP,UTZ001,45.3361,11.7886,MONTEGROTTO TERME,MONTEGROTTO TERME,RUBANO,770,26
2024-12-02 08:23:47,AB123CD,VEH001,RFD20241007113,Presente,SECCO,SECCO PAP,UTZ022,45.4248,11.7898,RUBANO,RUBANO,RUBANO,1100,26
2024-12-02 08:58:35,AB123CD,VEH001,RFD20241007146,Presente,SECCO,SECCO PAP,UTZ018,45.3017,11.7334,GALZIGNANO TERME,GALZIGNANO TERME,RUBANO,240,26
2024-12-02 12:37:54,OP012QR,VEH004,RFD20241007190,Presente,SECCO,SECCO PAP,UTZ031,45.4336,11.7794,RUBANO,RUBANO,RUBANO,1100,26
2024-12-02 12:38:50,OP012QR,VEH004,RFD20241007090,Presente,SECCO,SECCO PAP,UTZ021,45.7168,11.6079,COLCERESA,COLCERESA,BASSANO,1100,26
2024-12-02 12:58:22,OP012QR,VEH004,RFD20241007193,Presente,SECCO,SECCO PAP,UTZ005,45.6645,11.8335,GALLIERA VENETA,GALLIERA VENETA,CAMPOSAMPIERO,240,26
2024-12-02 13:41:10,IL789MN,VEH003,RFD20241007067,Presente,UMIDO,UMIDO CONT.STRADALI,UTZ010,45.3994,11.7455,SACCOLONGO,SACCOLONGO,RUBANO,770,26
2024-12-02 14:02:40,ST345UV,VEH005,RFD20241007039,Presente,VETRO,VETRO PAP,UTZ025,45.5287,11.9682,BORGORICCO,BORGORICCO,CAMPOSAMPIERO,770,26
2024-12-02 14:18:03,IL789MN,VEH003,RFD20241007233,Non Presente,NA,UMIDO CONT.STRADALI,NA,45.3299,11.8016,NA,MONTEGROTTO TERME,RUBANO,NA,NA
2024-12-02 14:53:37,IL789MN,VEH003,RFD20241007054,Presente,UMIDO,UMIDO CONT.STRADALI,UTZ013,45.6527,11.8166,TOMBOLO,TOMBOLO,CAMPOSAMPIERO,240,26
2024-12-02 15:13:53,ST345UV,VEH005,RFD20241007076,Presente,VETRO,VETRO PAP,UTZ001,45.7717,11.7306,BASSANO DEL GRAPPA,BASSANO DEL GRAPPA,BASSANO,1100,26
2024-12-02 15:15:20,IL789MN,VEH003,RFD20241007148,Presente,UMIDO,UMIDO CONT.STRADALI,UTZ025,45.7745,11.7212,BASSANO DEL GRAPPA,BASSANO DEL GRAPPA,BASSANO,240,26
2024-12-02 15:21:59,ST345UV,VEH005,RFD20241007081,Presente,VETRO,VETRO PAP,UTZ003,45.7216,11.7650,ROSA',ROSA',BASSANO,1100,26
2024-12-02 16:45:53,OP012QR,VEH004,RFD20241007120,Presente,SECCO,SECCO PAP,UTZ002,45.4335,11.7852,RUBANO,RUBANO,RUBANO,1100,26
2024-12-03 06:04:45,IL789MN,VEH003,RFD20241001301,Non Presente,NA,UMIDO PAP,NA,45.5658,11.9399,NA,CAMPOSAMPIERO,CAMPOSAMPIERO,NA,NA
2024-12-03 06:13:40,OP012QR,VEH004,RFD20241001301,Non Presente,NA,SECCO PAP,NA,45.5658,11.9399,NA,CAMPOSAMPIERO,CAMPOSAMPIERO,NA,NA
2024-12-03 06:23:09,AB123CD,VEH001,RFD20241008171,Presente,CARTA,CARTA/CARTONE PAP,UTZ023,45.7279,11.7642,ROSA',ROSA',BASSANO,240,26
2024-12-03 08:41:27,EF456GH,VEH002,RFD20241008026,Presente,VETRO,VETRO PAP,UTZ008,45.7923,11.7303,POVE DEL GRAPPA,POVE DEL GRAPPA,BASSANO,1100,26
2024-12-03 08:50:28,AB123CD,VEH001,RFD20241022136,Presente,CARTA,CARTA/CARTONE PAP,UTZ038,45.7888,11.7570,ROMANO D'EZZELINO,ROMANO D'EZZELINO,BASSANO,240,26
2024-12-03 10:19:07,IL789MN,VEH003,RFD20241008059,Presente,UMIDO,UMIDO PAP,UTZ001,45.4022,11.7942,SELVAZZANO DENTRO,SELVAZZANO DENTRO,RUBANO,240,26
2024-12-03 11:08:35,AB123CD,VEH001,RFD20241008062,Presente,CARTA,CARTA/CARTONE PAP,UTZ002,45.3628,11.6653,ROVOLON,ROVOLON,RUBANO,1100,26
2024-12-03 12:43:14,OP012QR,VEH004,RFD20241008077,Presente,SECCO,SECCO PAP,UTZ024,45.3618,11.6636,ROVOLON,ROVOLON,RUBANO,1100,26
2024-12-03 12:57:50,OP012QR,VEH004,RFD20241008155,Presente,SECCO,SECCO PAP,UTZ002,45.8754,11.5204,ASIAGO,ASIAGO,ASIAGO,240,26
2024-12-03 13:39:38,ST345UV,VEH005,RFD20241008023,Presente,PLASTICA E METALLI,PLAST.CONT.STRADALI,UTZ027,45.3022,11.7241,GALZIGNANO TERME,GALZIGNANO TERME,RUBANO,770,26
2024-12-03 14:06:31,OP012QR,VEH004,RFD20241008102,Presente,SECCO,SECCO PAP,UTZ024,45.8898,11.6271,FOZA,FOZA,ASIAGO,1100,26
2024-12-03 15:50:30,IL789MN,VEH003,RFD20241008032,Presente,PLASTICA E METALLI,PLASTICA PAP,UTZ026,45.3983,11.7486,SACCOLONGO,SACCOLONGO,RUBANO,770,26
2024-12-03 16:12:01,ST345UV,VEH005,RFD20241008187,Presente,PLASTICA E METALLI,PLAST.CONT.STRADALI,UTZ002,45.6585,11.8266,GALLIERA VENETA,GALLIERA VENETA,CAMPOSAMPIERO,770,26
2024-12-03 16:51:47,OP012QR,VEH004,RFD20241008099,Presente,SECCO,SECCO PAP,UTZ015,45.7175,11.7676,ROSA',ROSA',BASSANO,1100,26
2024-12-04 07:09:33,AB123CD,VEH001,RFD20241009151,Presente,SECCO,SECCO PAP,UTZ026,45.5940,11.9393,LOREGGIA,LOREGGIA,CAMPOSAMPIERO,240,26
2024-12-04 07:26:55,AB123CD,VEH001,RFD20241009041,Presente,SECCO,SECCO PAP,UTZ001,45.5654,11.8986,SANTA GIUSTINA IN COLLE,SANTA GIUSTINA IN COLLE,CAMPOSAMPIERO,1100,26
2024-12-04 07:33:38,AB123CD,VEH001,RFD20241009128,Presente,SECCO,SECCO PAP,UTZ002,45.4112,11.7371,SACCOLONGO,SACCOLONGO,RUBANO,1100,26
2024-12-04 08:19:21,AB123CD,VEH001,RFD20241009189,Presente,SECCO,SECCO PAP,UTZ002,45.4233,11.7903,RUBANO,RUBANO,RUBANO,1100,26
2024-12-04 09:40:05,AB123CD,VEH001,RFD20241009093,Presente,SECCO,SECCO PAP,UTZ001,45.7097,11.7973,ROSSANO VENETO,ROSSANO VENETO,BASSANO,1100,26
2024-12-04 09:40:45,AB123CD,VEH001,RFD20241009111,Presente,SECCO,SECCO PAP,UTZ042,45.6085,11.6744,SAN PIETRO IN GU,SAN PIETRO IN GU,CAMPOSAMPIERO,240,26
2024-12-04 10:35:58,AB123CD,VEH001,RFD20241009108,Presente,SECCO,SECCO PAP,UTZ003,45.6955,11.7107,TEZZE SUL BRENTA,TEZZE SUL BRENTA,BASSANO,240,26
2024-12-04 10:39:45,AB123CD,VEH001,RFD20241009106,Presente,SECCO,SECCO PAP,UTZ004,45.7674,11.7354,BASSANO DEL GRAPPA,BASSANO DEL GRAPPA,BASSANO,240,26
2024-12-04 11:20:29,EF456GH,VEH002,RFD20241009218,Non Presente,NA,CARTA CONT.STRADALI,NA,45.5589,11.9137,NA,SANTA GIUSTINA IN COLLE,CAMPOSAMPIERO,NA,NA
2024-12-04 13:37:47,OP012QR,VEH004,RFD20241009107,Presente,SECCO,SECCO PAP,UTZ033,45.5709,11.9323,CAMPOSAMPIERO,CAMPOSAMPIERO,CAMPOSAMPIERO,1100,26
2024-12-04 13:54:53,ST345UV,VEH005,RFD20241009150,Presente,VETRO,VETRO PAP,UTZ027,45.5793,11.9325,CAMPOSAMPIERO,CAMPOSAMPIERO,CAMPOSAMPIERO,1100,26
2024-12-04 14:33:00,IL789MN,VEH003,RFD20241009045,Presente,VERDE E RAMAGLIE,VERDE PAP,UTZ030,45.5619,12.0077,MASSANZAGO,MASSANZAGO,CAMPOSAMPIERO,240,26
2024-12-04 14:45:44,IL789MN,VEH003,RFD20241009205,Non Presente,NA,VERDE PAP,NA,45.8679,11.5017,NA,ASIAGO,ASIAGO,NA,NA
2024-12-04 15:45:17,OP012QR,VEH004,RFD20241009085,Presente,SECCO,SECCO PAP,UTZ016,45.4845,11.8337,LIMENA,LIMENA,RUBANO,1100,26
2024-12-04 16:33:52,OP012QR,VEH004,RFD20241009140,Presente,SECCO,SECCO PAP,UTZ002,45.9448,11.7209,ENEGO,ENEGO,ASIAGO,1100,26
2024-12-04 18:46:58,IL789MN,VEH003,RFD20241001301,Non Presente,NA,VERDE PAP,NA,45.5657,11.9398,NA,CAMPOSAMPIERO,CAMPOSAMPIERO,NA,NA
2024-12-04 18:56:50,ST345UV,VEH005,RFD20241001301,Non Presente,NA,VETRO PAP,NA,45.5658,11.9399,NA,CAMPOSAMPIERO,CAMPOSAMPIERO,NA,NA
2024-12-05 06:18:26,OP012QR,VEH004,RFD20241001301,Non Presente,NA,SECCO PAP,NA,45.5658,11.9398,NA,CAMPOSAMPIERO,CAMPOSAMPIERO,NA,NA
2024-12-05 07:39:04,IL789MN,VEH003,RFD20241010068,Presente,UMIDO,UMIDO PAP,UTZ004,45.4898,11.7450,CAMPODORO,CAMPODORO,RUBANO,240,26
2024-12-05 10:05:25,AB123CD,VEH001,RFD20241010013,Presente,CARTA,CARTA/CARTONE PAP,UTZ009,45.7803,11.7403,BASSANO DEL GRAPPA,BASSANO DEL GRAPPA,BASSANO,1100,26
2024-12-05 13:51:30,ST345UV,VEH005,RFD20241010022,Presente,PLASTICA E METALLI,PLAST.CONT.STRADALI,UTZ032,45.3667,11.9841,SAONARA,SAONARA,CAMPOSAMPIERO,770,26
2024-12-05 13:52:05,IL789MN,VEH003,RFD20241010178,Presente,UMIDO,UMIDO CONT.STRADALI,UTZ004,45.6588,11.8249,GALLIERA VENETA,GALLIERA VENETA,CAMPOSAMPIERO,240,26
2024-12-05 14:53:31,IL789MN,VEH003,RFD20241010109,Presente,UMIDO,UMIDO CONT.STRADALI,UTZ018,45.7769,11.7332,BASSANO DEL GRAPPA,BASSANO DEL GRAPPA,BASSANO,770,26
2024-12-05 14:55:34,IL789MN,VEH003,RFD20241010195,Presente,UMIDO,UMIDO CONT.STRADALI,UTZ049,45.3154,11.7323,GALZIGNANO TERME,GALZIGNANO TERME,RUBANO,240,26
2024-12-05 15:20:54,ST345UV,VEH005,RFD20241010154,Presente,PLASTICA E METALLI,PLAST.CONT.STRADALI,UTZ005,45.8643,11.5159,ASIAGO,ASIAGO,ASIAGO,770,26
2024-12-05 15:42:58,OP012QR,VEH004,RFD20241010119,Presente,SECCO,SECCO PAP,UTZ002,45.5624,11.9074,SANTA GIUSTINA IN COLLE,SANTA GIUSTINA IN COLLE,CAMPOSAMPIERO,1100,26
2024-12-05 16:03:55,OP012QR,VEH004,RFD20241010074,Presente,SECCO,SECCO PAP,UTZ006,45.6266,11.7051,CARMIGNANO DI BRENTA,CARMIGNANO DI BRENTA,CAMPOSAMPIERO,1100,26
2024-12-05 16:48:16,OP012QR,VEH004,RFD20241010069,Presente,SECCO,SECCO PAP,UTZ020,45.7309,11.7591,ROSA',ROSA',BASSANO,240,26
2024-12-06 06:21:24,EF456GH,VEH002,RFD20241001301,Non Presente,NA,CARTA CONT.STRADALI,NA,45.5658,11.9399,NA,CAMPOSAMPIERO,CAMPOSAMPIERO,NA,NA
2024-12-06 06:58:07,AB123CD,VEH001,RFD20241011132,Presente,SECCO,SECCO PAP,UTZ001,45.5772,11.9311,CAMPOSAMPIERO,CAMPOSAMPIERO,CAMPOSAMPIERO,1100,26
2024-12-06 07:56:03,AB123CD,VEH001,RFD20241025029,Presente,SECCO,SECCO PAP,UTZ001,45.7805,11.7922,MUSSOLENTE,MUSSOLENTE,BASSANO,240,26
2024-12-06 08:16:37,EF456GH,VEH002,RFD20241011223,Non Presente,NA,CARTA CONT.STRADALI,NA,45.9023,11.6324,NA,FOZA,ASIAGO,NA,NA
2024-12-06 09:39:30,AB123CD,VEH001,RFD20241011139,Presente,SECCO,SECCO PAP,UTZ002,45.6196,11.6596,SAN PIETRO IN GU,SAN PIETRO IN GU,CAMPOSAMPIERO,1100,26
2024-12-06 09:48:01,AB123CD,VEH001,RFD20241011176,Presente,SECCO,SECCO PAP,UTZ008,45.4679,11.8516,LIMENA,LIMENA,RUBANO,1100,26
2024-12-06 11:41:41,AB123CD,VEH001,RFD20241025196,Presente,SECCO,SECCO PAP,UTZ029,45.8642,11.5204,ASIAGO,ASIAGO,ASIAGO,1100,26
2024-12-06 13:33:43,ST345UV,VEH005,RFD20241011025,Presente,VETRO,VETRO PAP,UTZ031,45.5446,11.9054,SAN GIORGIO DELLE PERTICHE,SAN GIORGIO DELLE PERTICHE,CAMPOSAMPIERO,1100,13
2024-12-06 14:01:47,OP012QR,VEH004,RFD20241011121,Presente,SECCO,SECCO PAP,UTZ015,45.4086,11.7483,SACCOLONGO,SACCOLONGO,RUBANO,1100,26
2024-12-06 14:57:42,ST345UV,VEH005,RFD20241011182,Presente,VETRO,VETRO PAP,UTZ047,45.5859,11.7048,GAZZO,GAZZO,CAMPOSAMPIERO,1100,26
2024-12-06 15:14:47,OP012QR,VEH004,RFD20241011124,Presente,SECCO,SECCO PAP,UTZ001,45.6427,11.8514,SAN MARTINO DI LUPARI,SAN MARTINO DI LUPARI,CAMPOSAMPIERO,240,26
2024-12-06 15:34:12,ST345UV,VEH005,RFD20241011125,Presente,VETRO,VETRO PAP,UTZ014,45.5744,11.9218,CAMPOSAMPIERO,CAMPOSAMPIERO,CAMPOSAMPIERO,1100,26
2024-12-06 16:19:11,IL789MN,VEH003,RFD20241011019,Presente,PLASTICA E METALLI,PLASTICA PAP,UTZ001,45.6000,12.0032,PIOMBINO DESE,PIOMBINO DESE,CAMPOSAMPIERO,770,26
2024-12-06 17:01:13,IL789MN,VEH003,RFD20241025075,Presente,PLASTICA E METALLI,PLASTICA PAP,UTZ001,45.7966,11.7438,ROMANO D'EZZELINO,ROMANO D'EZZELINO,BASSANO,770,26
2024-12-06 17:57:58,OP012QR,VEH004,RFD20241011004,Presente,SECCO,SECCO PAP,UTZ024,45.7921,11.7674,ROMANO D'EZZELINO,ROMANO D'EZZELINO,BASSANO,240,26
2024-12-06 18:43:46,IL789MN,VEH003,RFD20241001301,Non Presente,NA,PLASTICA PAP,NA,45.5658,11.9399,NA,CAMPOSAMPIERO,CAMPOSAMPIERO,NA,NA
2024-12-07 06:18:02,ST345UV,VEH005,RFD20241001301,Non Presente,NA,SERVIZI MERCATI,NA,45.5658,11.9399,NA,CAMPOSAMPIERO,CAMPOSAMPIERO,NA,NA
2024-12-07 07:44:52,AB123CD,VEH001,RFD20241012118,Presente,CARTA,CARTA/CARTONE PAP,UTZ019,45.6946,11.7072,TEZZE SUL BRENTA,TEZZE SUL BRENTA,BASSANO,1100,26
2024-12-07 09:17:23,AB123CD,VEH001,RFD20241012116,Presente,CARTA,CARTA/CARTONE PAP,UTZ009,45.3959,11.7911,SELVAZZANO DENTRO,SELVAZZANO DENTRO,RUBANO,240,26
2024-12-07 12:04:09,OP012QR,VEH004,RFD20241012082,Presente,SECCO,SECCO PAP,UTZ001,45.6592,11.8291,GALLIERA VENETA,GALLIERA VENETA,CAMPOSAMPIERO,240,26
2024-12-07 14:07:20,IL789MN,VEH003,RFD20241012047,Presente,VERDE E RAMAGLIE,VERDE PAP,UTZ028,45.7547,11.7433,BASSANO DEL GRAPPA,BASSANO DEL GRAPPA,BASSANO,240,26
2024-12-07 15:49:35,IL789MN,VEH003,RFD20241008231,Non Presente,NA,VERDE PAP,NA,45.6864,11.7001,NA,TEZZE SUL BRENTA,BASSANO,NA,NA
2024-12-07 15:54:16,IL789MN,VEH003,RFD20241012052,Presente,VERDE E RAMAGLIE,VERDE PAP,UTZ002,45.6995,11.6387,SCHIAVON,SCHIAVON,BASSANO,1100,26
2024-12-07 15:57:09,IL789MN,VEH003,RFD20241012089,Presente,VERDE E RAMAGLIE,VERDE PAP,UTZ017,45.7289,11.6733,NOVE,NOVE,BASSANO,240,26
2024-12-08 07:18:49,AB123CD,VEH001,RFD20241013046,Presente,CARTA,CARTA CONT.STRADALI,UTZ035,45.3083,11.7300,GALZIGNANO TERME,GALZIGNANO TERME,RUBANO,240,26
2024-12-08 07:33:55,AB123CD,VEH001,RFD20241013167,Presente,CARTA,CARTA CONT.STRADALI,UTZ022,45.9008,11.6394,FOZA,FOZA,ASIAGO,240,26
2024-12-08 07:46:32,AB123CD,VEH001,RFD20241013129,Presente,CARTA,CARTA CONT.STRADALI,UTZ031,45.6330,11.7061,CARMIGNANO DI BRENTA,CARMIGNANO DI BRENTA,CAMPOSAMPIERO,240,26
2024-12-08 08:11:52,AB123CD,VEH001,RFD20241013030,Presente,CARTA,CARTA CONT.STRADALI,UTZ001,45.6913,11.7997,ROSSANO VENETO,ROSSANO VENETO,BASSANO,1100,26
2024-12-08 08:17:41,AB123CD,VEH001,RFD20241013130,Presente,CARTA,CARTA CONT.STRADALI,UTZ004,45.4267,11.6849,CERVARESE SANTA CROCE,CERVARESE SANTA CROCE,RUBANO,240,26
2024-12-08 08:39:31,AB123CD,VEH001,RFD20241013083,Presente,CARTA,CARTA CONT.STRADALI,UTZ030,45.3138,11.7398,GALZIGNANO TERME,GALZIGNANO TERME,RUBANO,240,26
2024-12-08 09:29:06,AB123CD,VEH001,RFD20241013172,Presente,CARTA,CARTA CONT.STRADALI,UTZ001,45.3299,11.7372,TORREGLIA,TORREGLIA,RUBANO,240,26
2024-12-09 06:09:44,OP012QR,VEH004,RFD20241001301,Non Presente,NA,SECCO PAP,NA,45.5658,11.9399,NA,CAMPOSAMPIERO,CAMPOSAMPIERO,NA,NA
2024-12-09 06:49:57,AB123CD,VEH001,RFD20241209202,Non Presente,NA,SECCO PAP,NA,45.3982,11.7415,NA,SACCOLONGO,RUBANO,NA,NA
2024-12-09 08:46:31,EF456GH,VEH002,RFD20241014011,Presente,CARTA,CARTA CONT.STRADALI,UTZ034,45.6442,11.8628,SAN MARTINO DI LUPARI,SAN MARTINO DI LUPARI,CAMPOSAMPIERO,1100,26
2024-12-09 10:00:42,EF456GH,VEH002,RFD20241014191,Presente,CARTA,CARTA CONT.STRADALI,UTZ005,45.3678,11.6630,ROVOLON,ROVOLON,RUBANO,1100,26
2024-12-09 14:12:17,OP012QR,VEH004,RFD20241014033,Presente,SECCO,SECCO PAP,UTZ006,45.8593,11.4003,ROTZO,ROTZO,ASIAGO,1100,26
2024-12-09 14:39:44,IL789MN,VEH003,RFD20241028173,Presente,UMIDO,UMIDO CONT.STRADALI,UTZ032,45.7625,11.7418,BASSANO DEL GRAPPA,BASSANO DEL GRAPPA,BASSANO,240,26
2024-12-09 15:02:01,IL789MN,VEH003,RFD20241028145,Presente,UMIDO,UMIDO CONT.STRADALI,UTZ006,45.4282,11.7851,RUBANO,RUBANO,RUBANO,240,26
2024-12-09 16:54:47,OP012QR,VEH004,RFD20241028163,Presente,SECCO,SECCO PAP,UTZ003,45.7273,11.7666,ROSA',ROSA',BASSANO,1100,26
2024-12-10 06:03:35,IL789MN,VEH003,RFD20241001301,Non Presente,NA,UMIDO PAP,NA,45.5657,11.9399,NA,CAMPOSAMPIERO,CAMPOSAMPIERO,NA,NA
2024-12-10 08:10:24,AB123CD,VEH001,RFD20241001103,Presente,CARTA,CARTA/CARTONE PAP,UTZ013,45.5661,11.9180,CAMPOSAMPIERO,CAMPOSAMPIERO,CAMPOSAMPIERO,240,26
2024-12-10 08:49:47,AB123CD,VEH001,RFD20241001040,Presente,CARTA,CARTA/CARTONE PAP,UTZ006,45.4758,11.8478,LIMENA,LIMENA,RUBANO,240,26
2024-12-10 09:28:51,IL789MN,VEH003,RFD20241001072,Presente,UMIDO,UMIDO PAP,UTZ003,45.8083,11.5991,LUSIANA CONCO,LUSIANA CONCO,ASIAGO,240,26
2024-12-10 09:41:23,IL789MN,VEH003,RFD20241001152,Presente,UMIDO,UMIDO PAP,UTZ037,45.4374,11.9253,CADONEGHE,CADONEGHE,CAMPOSAMPIERO,240,26
2024-12-10 10:12:08,EF456GH,VEH002,RFD20241210020,Presente,VETRO,VETRO PAP,UTZ006,45.5346,11.9098,SAN GIORGIO DELLE PERTICHE,SAN GIORGIO DELLE PERTICHE,CAMPOSAMPIERO,770,13
2024-12-10 14:12:34,IL789MN,VEH003,RFD20241001158,Presente,PLASTICA E METALLI,PLASTICA PAP,UTZ034,45.6544,11.8574,SAN MARTINO DI LUPARI,SAN MARTINO DI LUPARI,CAMPOSAMPIERO,770,26
2024-12-10 14:13:44,ST345UV,VEH005,RFD20241001114,Presente,PLASTICA E METALLI,PLAST.CONT.STRADALI,UTZ005,45.8612,11.5203,ASIAGO,ASIAGO,ASIAGO,770,26
2024-12-10 15:00:24,OP012QR,VEH004,RFD20241001058,Presente,SECCO,SECCO PAP,UTZ035,45.3439,11.6636,TEOLO,TEOLO,RUBANO,1100,26
2024-12-10 15:00:32,OP012QR,VEH004,RFD20241001181,Presente,SECCO,SECCO PAP,UTZ008,45.6543,11.6827,POZZOLEONE,POZZOLEONE,BASSANO,1100,26
2024-12-10 15:10:17,OP012QR,VEH004,RFD20241015048,Presente,SECCO,SECCO PAP,UTZ030,45.4295,11.7920,RUBANO,RUBANO,RUBANO,1100,26
2024-12-10 17:59:52,ST345UV,VEH005,RFD20241001209,Non Presente,NA,PLAST.CONT.STRADALI,NA,45.6482,11.8298,NA,TOMBOLO,CAMPOSAMPIERO,NA,NA
2024-12-11 06:21:36,AB123CD,VEH001,RFD20241001301,Non Presente,NA,SECCO PAP,NA,45.5658,11.9399,NA,CAMPOSAMPIERO,CAMPOSAMPIERO,NA,NA
2024-12-11 06:50:17,AB123CD,VEH001,RFD20241002049,Presente,SECCO,SECCO PAP,UTZ003,45.3394,11.7383,TORREGLIA,TORREGLIA,RUBANO,1100,26
2024-12-11 07:23:14,EF456GH,VEH002,RFD20241002071,Presente,CARTA,CARTA CONT.STRADALI,UTZ033,45.4326,11.7845,RUBANO,RUBANO,RUBANO,1100,26
2024-12-11 08:53:30,EF456GH,VEH002,RFD20241002131,Presente,CARTA,CARTA CONT.STRADALI,UTZ001,45.8910,11.6337,FOZA,FOZA,ASIAGO,240,26
2024-12-11 10:12:28,AB123CD,VEH001,RFD20241002183,Presente,SECCO,SECCO PAP,UTZ009,45.7283,11.7949,CASSOLA,CASSOLA,BASSANO,1100,26
2024-12-11 10:12:38,ST345UV,VEH005,RFD20241007233,Non Presente,NA,ASSISTENTE SERVIZI,NA,45.3296,11.8016,NA,MONTEGROTTO TERME,RUBANO,NA,NA
2024-12-11 10:39:48,EF456GH,VEH002,RFD20241002073,Presente,CARTA,CARTA CONT.STRADALI,UTZ050,45.4021,11.7536,SACCOLONGO,SACCOLONGO,RUBANO,1100,26
2024-12-11 13:37:42,OP012QR,VEH004,RFD20241002203,Non Presente,NA,SECCO PAP,NA,45.3698,11.6595,NA,ROVOLON,RUBANO,NA,NA
2024-12-11 13:58:31,OP012QR,VEH004,RFD20241002078,Presente,SECCO,SECCO PAP,UTZ009,45.8879,11.5489,GALLIO,GALLIO,ASIAGO,1100,26
2024-12-11 14:13:20,OP012QR,VEH004,RFD20241030037,Presente,SECCO,SECCO PAP,UTZ014,45.8814,11.5385,GALLIO,GALLIO,ASIAGO,1100,26
2024-12-11 14:28:53,OP012QR,VEH004,RFD20241002094,Presente,SECCO,SECCO PAP,UTZ005,45.5786,11.9238,CAMPOSAMPIERO,CAMPOSAMPIERO,CAMPOSAMPIERO,240,26
2024-12-11 14:30:59,IL789MN,VEH003,RFD20241002217,Non Presente,NA,VERDE PAP,NA,45.6308,11.6935,NA,CARMIGNANO DI BRENTA,CAMPOSAMPIERO,NA,NA
2024-12-11 14:52:30,OP012QR,VEH004,RFD20241002184,Presente,SECCO,SECCO PAP,UTZ002,45.7698,11.7359,BASSANO DEL GRAPPA,BASSANO DEL GRAPPA,BASSANO,1100,26
2024-12-11 14:55:20,ST345UV,VEH005,RFD20241002229,Non Presente,NA,VETRO PAP,NA,45.7207,11.6122,NA,COLCERESA,BASSANO,NA,NA
2024-12-11 16:15:17,IL789MN,VEH003,RFD20241002015,Presente,VERDE E RAMAGLIE,VERDE PAP,UTZ030,45.6656,11.8191,GALLIERA VENETA,GALLIERA VENETA,CAMPOSAMPIERO,1100,26
2024-12-11 16:50:33,ST345UV,VEH005,RFD20241002053,Presente,VETRO,VETRO PAP,UTZ022,45.7623,11.7436,BASSANO DEL GRAPPA,BASSANO DEL GRAPPA,BASSANO,1100,26
2024-12-11 16:55:22,IL789MN,VEH003,RFD20241002198,Presente,VERDE E RAMAGLIE,VERDE PAP,UTZ001,45.8723,11.5268,ASIAGO,ASIAGO,ASIAGO,240,26
2024-12-11 17:34:48,IL789MN,VEH003,RFD20241030027,Presente,VERDE E RAMAGLIE,VERDE PAP,UTZ024,45.3836,11.9775,SAONARA,SAONARA,CAMPOSAMPIERO,240,26
2024-12-12 06:41:58,AB123CD,VEH001,RFD20241017188,Presente,CARTA,CARTA/CARTONE PAP,UTZ015,45.5559,12.0156,MASSANZAGO,MASSANZAGO,CAMPOSAMPIERO,240,26
2024-12-12 08:13:12,AB123CD,VEH001,RFD20241003141,Presente,CARTA,CARTA/CARTONE PAP,UTZ008,45.5760,11.7105,GAZZO,GAZZO,CAMPOSAMPIERO,1100,26
2024-12-12 08:13:42,AB123CD,VEH001,RFD20241031097,Presente,CARTA,CARTA/CARTONE PAP,UTZ011,45.6009,11.8142,SAN GIORGIO IN BOSCO,SAN GIORGIO IN BOSCO,CAMPOSAMPIERO,1100,26
2024-12-12 08:41:30,EF456GH,VEH002,RFD20241017034,Presente,VETRO,VETRO PAP,UTZ036,45.7636,11.7390,BASSANO DEL GRAPPA,BASSANO DEL GRAPPA,BASSANO,1100,13
2024-12-12 09:06:27,AB123CD,VEH001,RFD20241003096,Presente,CARTA,CARTA/CARTONE PAP,UTZ017,45.5710,11.9267,CAMPOSAMPIERO,CAMPOSAMPIERO,CAMPOSAMPIERO,1100,26
2024-12-12 10:20:55,EF456GH,VEH002,RFD20241003157,Presente,VETRO,VETRO PAP,UTZ013,45.4908,11.7441,CAMPODORO,CAMPODORO,RUBANO,1100,26
2024-12-12 12:32:44,EF456GH,VEH002,RFD20241003230,Non Presente,NA,VETRO PAP,NA,45.6960,11.6362,NA,SCHIAVON,BASSANO,NA,NA
2024-12-12 13:19:24,IL789MN,VEH003,RFD20241003127,Presente,UMIDO,UMIDO CONT.STRADALI,UTZ001,45.7727,11.7288,BASSANO DEL GRAPPA,BASSANO DEL GRAPPA,BASSANO,240,26
2024-12-12 13:43:01,ST345UV,VEH005,RFD20241003138,Presente,PLASTICA E METALLI,PLAST.CONT.STRADALI,UTZ005,45.6088,11.6729,SAN PIETRO IN GU,SAN PIETRO IN GU,CAMPOSAMPIERO,770,26
2024-12-12 14:35:34,OP012QR,VEH004,RFD20241003061,Presente,SECCO,SECCO PAP,UTZ002,45.5338,11.9613,BORGORICCO,BORGORICCO,CAMPOSAMPIERO,1100,26
2024-12-12 16:24:24,OP012QR,VEH004,RFD20241003164,Presente,SECCO,SECCO PAP,UTZ003,45.7795,11.7296,BASSANO DEL GRAPPA,BASSANO DEL GRAPPA,BASSANO,240,26
2024-12-12 16:54:00,IL789MN,VEH003,RFD20241003303,Presente,UMIDO,UMIDO CONT.STRADALI,UTZ002,45.7792,11.8104,MUSSOLENTE,MUSSOLENTE,BASSANO,240,26
2024-12-12 18:38:43,OP012QR,VEH004,RFD20241001301,Non Presente,NA,SECCO PAP,NA,45.5658,11.9399,NA,CAMPOSAMPIERO,CAMPOSAMPIERO,NA,NA
2024-12-12 18:47:59,ST345UV,VEH005,RFD20241001301,Non Presente,NA,PLAST.CONT.STRADALI,NA,45.5658,11.9399,NA,CAMPOSAMPIERO,CAMPOSAMPIERO,NA,NA
2024-12-13 06:14:16,EF456GH,VEH002,RFD20241001301,Non Presente,NA,CARTA CONT.STRADALI,NA,45.5658,11.9400,NA,CAMPOSAMPIERO,CAMPOSAMPIERO,NA,NA
2024-12-13 08:28:03,EF456GH,VEH002,RFD20241004123,Presente,CARTA,CARTA CONT.STRADALI,UTZ032,45.6491,11.7783,CITTADELLA,CITTADELLA,CAMPOSAMPIERO,240,26
2024-12-13 08:48:10,AB123CD,VEH001,RFD20241004003,Presente,SECCO,SECCO PAP,UTZ008,45.4364,11.7855,RUBANO,RUBANO,RUBANO,240,26
2024-12-13 09:24:01,EF456GH,VEH002,RFD20241018161,Presente,CARTA,CARTA CONT.STRADALI,UTZ034,45.5713,11.9295,CAMPOSAMPIERO,CAMPOSAMPIERO,CAMPOSAMPIERO,1100,26
2024-12-13 10:42:43,EF456GH,VEH002,RFD20241004197,Presente,CARTA,CARTA CONT.STRADALI,UTZ018,45.8644,11.5126,ASIAGO,ASIAGO,ASIAGO,240,26
2024-12-13 10:52:01,AB123CD,VEH001,RFD20241004137,Presente,SECCO,SECCO PAP,UTZ012,45.5274,11.9708,BORGORICCO,BORGORICCO,CAMPOSAMPIERO,1100,26
2024-12-13 10:52:39,EF456GH,VEH002,RFD20241004028,Presente,CARTA,CARTA CONT.STRADALI,UTZ005,45.8598,11.3938,ROTZO,ROTZO,ASIAGO,240,26
2024-12-13 11:17:06,EF456GH,VEH002,RFD20241004159,Presente,CARTA,CARTA CONT.STRADALI,UTZ004,45.4415,11.7881,RUBANO,RUBANO,RUBANO,1100,26
2024-12-13 12:44:57,OP012QR,VEH004,RFD20241101042,Presente,SECCO,SECCO PAP,UTZ001,45.3868,11.7892,SELVAZZANO DENTRO,SELVAZZANO DENTRO,RUBANO,1100,26
2024-12-13 13:42:08,OP012QR,VEH004,RFD20241004044,Presente,SECCO,SECCO PAP,UTZ009,45.6808,11.6939,TEZZE SUL BRENTA,TEZZE SUL BRENTA,BASSANO,240,26
2024-12-13 14:43:39,IL789MN,VEH003,RFD20241004177,Presente,PLASTICA E METALLI,PLASTICA PAP,UTZ048,45.7667,11.7334,BASSANO DEL GRAPPA,BASSANO DEL GRAPPA,BASSANO,770,26
2024-12-13 15:26:11,OP012QR,VEH004,RFD20241018010,Presente,SECCO,SECCO PAP,UTZ001,45.3633,11.9847,SAONARA,SAONARA,CAMPOSAMPIERO,1100,26
2024-12-13 17:10:42,ST345UV,VEH005,RFD20241004185,Presente,VETRO,VETRO PAP,UTZ043,45.4033,11.7496,SACCOLONGO,SACCOLONGO,RUBANO,1100,26
2024-12-14 06:08:24,AB123CD,VEH001,RFD20241001301,Non Presente,NA,CARTA/CARTONE PAP,NA,45.5658,11.9398,NA,CAMPOSAMPIERO,CAMPOSAMPIERO,NA,NA
2024-12-14 12:32:30,OP012QR,VEH004,RFD20241005091,Presente,SECCO,SECCO PAP,UTZ016,45.5852,11.8056,SAN GIORGIO IN BOSCO,SAN GIORGIO IN BOSCO,CAMPOSAMPIERO,1100,26
2024-12-14 14:04:25,OP012QR,VEH004,RFD20241005012,Presente,SECCO,SECCO PAP,UTZ035,45.8087,11.7284,POVE DEL GRAPPA,POVE DEL GRAPPA,BASSANO,1100,26
2024-12-14 14:56:52,OP012QR,VEH004,RFD20241019135,Presente,SECCO,SECCO PAP,UTZ019,45.6500,11.8546,SAN MARTINO DI LUPARI,SAN MARTINO DI LUPARI,CAMPOSAMPIERO,240,26
2024-12-14 15:32:08,IL789MN,VEH003,RFD20241005169,Presente,VERDE E RAMAGLIE,VERDE PAP,UTZ008,45.6472,11.6824,POZZOLEONE,POZZOLEONE,BASSANO,240,26
2024-12-14 16:18:29,IL789MN,VEH003,RFD20241005144,Presente,VERDE E RAMAGLIE,VERDE PAP,UTZ013,45.4201,11.6829,CERVARESE SANTA CROCE,CERVARESE SANTA CROCE,RUBANO,240,26
2024-12-14 17:37:09,IL789MN,VEH003,RFD20241005064,Presente,VERDE E RAMAGLIE,VERDE PAP,UTZ010,45.3062,11.7337,GALZIGNANO TERME,GALZIGNANO TERME,RUBANO,240,26
2024-12-15 07:19:58,AB123CD,VEH001,RFD20241006101,Presente,CARTA,CARTA CONT.STRADALI,UTZ012,45.5773,11.9329,CAMPOSAMPIERO,CAMPOSAMPIERO,CAMPOSAMPIERO,1100,26
2024-12-15 07:23:11,AB123CD,VEH001,RFD20241006147,Presente,CARTA,CARTA CONT.STRADALI,UTZ003,45.3315,11.7372,TORREGLIA,TORREGLIA,RUBANO,240,26
2024-12-15 07:55:55,AB123CD,VEH001,RFD20241006174,Presente,CARTA,CARTA CONT.STRADALI,UTZ003,45.3071,11.7164,GALZIGNANO TERME,GALZIGNANO TERME,RUBANO,240,26
2024-12-15 08:26:48,AB123CD,VEH001,RFD20241006168,Presente,CARTA,CARTA CONT.STRADALI,UTZ003,45.5469,12.0106,MASSANZAGO,MASSANZAGO,CAMPOSAMPIERO,1100,26
2024-12-15 08:51:45,AB123CD,VEH001,RFD20241006192,Presente,CARTA,CARTA CONT.STRADALI,UTZ001,45.6511,11.8276,TOMBOLO,TOMBOLO,CAMPOSAMPIERO,1100,26
2024-12-15 09:05:37,AB123CD,VEH001,RFD20241020036,Presente,CARTA,CARTA CONT.STRADALI,UTZ007,45.6519,11.7819,CITTADELLA,CITTADELLA,CAMPOSAMPIERO,1100,26
2024-12-15 09:50:03,AB123CD,VEH001,RFD20241006066,Presente,CARTA,CARTA CONT.STRADALI,UTZ011,45.3104,11.7320,GALZIGNANO TERME,GALZIGNANO TERME,RUBANO,1100,26
2024-12-15 10:33:41,AB123CD,VEH001,RFD20241006134,Presente,CARTA,CARTA CONT.STRADALI,UTZ001,45.5032,11.9010,CAMPODARSEGO,CAMPODARSEGO,CAMPOSAMPIERO,240,26
2024-12-15 11:11:31,AB123CD,VEH001,RFD20241006095,Presente,CARTA,CARTA CONT.STRADALI,UTZ034,45.4856,11.7455,CAMPODORO,CAMPODORO,RUBANO,1100,26
2024-12-16 06:36:13,IL789MN,VEH003,RFD20241007043,Presente,UMIDO,UMIDO PAP,UTZ001,45.7954,11.7347,POVE DEL GRAPPA,POVE DEL GRAPPA,BASSANO,240,26
2024-12-16 07:29:02,AB123CD,VEH001,RFD20241007126,Presente,SECCO,SECCO PAP,UTZ001,45.6475,11.6837,POZZOLEONE,POZZOLEONE,BASSANO,1100,26
2024-12-16 07:44:21,AB123CD,VEH001,RFD20241007113,Presente,SECCO,SECCO PAP,UTZ022,45.4247,11.7899,RUBANO,RUBANO,RUBANO,1100,26
2024-12-16 08:34:26,IL789MN,VEH003,RFD20241007142,Presente,UMIDO,UMIDO PAP,UTZ001,45.3360,11.7885,MONTEGROTTO TERME,MONTEGROTTO TERME,RUBANO,770,26
2024-12-16 09:24:50,AB123CD,VEH001,RFD20241007146,Presente,SECCO,SECCO PAP,UTZ018,45.3021,11.7336,GALZIGNANO TERME,GALZIGNANO TERME,RUBANO,240,26
2024-12-16 09:51:09,AB123CD,VEH001,RFD20241021092,Presente,SECCO,SECCO PAP,UTZ041,45.3283,11.7922,MONTEGROTTO TERME,MONTEGROTTO TERME,RUBANO,1100,26
2024-12-16 12:13:24,OP012QR,VEH004,RFD20241007090,Presente,SECCO,SECCO PAP,UTZ021,45.7166,11.6077,COLCERESA,COLCERESA,BASSANO,1100,26
2024-12-16 12:43:41,OP012QR,VEH004,RFD20241007193,Presente,SECCO,SECCO PAP,UTZ005,45.6646,11.8336,GALLIERA VENETA,GALLIERA VENETA,CAMPOSAMPIERO,240,26
2024-12-16 13:15:45,ST345UV,VEH005,RFD20241007039,Presente,VETRO,VETRO PAP,UTZ025,45.5287,11.9681,BORGORICCO,BORGORICCO,CAMPOSAMPIERO,770,26
2024-12-16 14:01:31,IL789MN,VEH003,RFD20241007067,Presente,UMIDO,UMIDO CONT.STRADALI,UTZ010,45.3994,11.7455,SACCOLONGO,SACCOLONGO,RUBANO,770,26
2024-12-16 14:04:42,IL789MN,VEH003,RFD20241007233,Non Presente,NA,UMIDO CONT.STRADALI,NA,45.3299,11.8014,NA,MONTEGROTTO TERME,RUBANO,NA,NA
2024-12-16 15:02:57,IL789MN,VEH003,RFD20241007054,Presente,UMIDO,UMIDO CONT.STRADALI,UTZ013,45.6529,11.8165,TOMBOLO,TOMBOLO,CAMPOSAMPIERO,240,26
2024-12-16 15:04:55,ST345UV,VEH005,RFD20241007076,Presente,VETRO,VETRO PAP,UTZ001,45.7717,11.7307,BASSANO DEL GRAPPA,BASSANO DEL GRAPPA,BASSANO,1100,26
2024-12-16 15:19:40,IL789MN,VEH003,RFD20241007148,Presente,UMIDO,UMIDO CONT.STRADALI,UTZ025,45.7747,11.7214,BASSANO DEL GRAPPA,BASSANO DEL GRAPPA,BASSANO,240,26
2024-12-16 15:31:40,ST345UV,VEH005,RFD20241007081,Presente,VETRO,VETRO PAP,UTZ003,45.7213,11.7650,ROSA',ROSA',BASSANO,1100,26
2024-12-16 17:06:49,OP012QR,VEH004,RFD20241007120,Presente,SECCO,SECCO PAP,UTZ002,45.4333,11.7854,RUBANO,RUBANO,RUBANO,1100,26
2024-12-16 18:30:40,OP012QR,VEH004,RFD20241001301,Non Presente,NA,SECCO PAP,NA,45.5658,11.9399,NA,CAMPOSAMPIERO,CAMPOSAMPIERO,NA,NA
2024-12-17 06:07:48,IL789MN,VEH003,RFD20241001301,Non Presente,NA,UMIDO PAP,NA,45.5658,11.9399,NA,CAMPOSAMPIERO,CAMPOSAMPIERO,NA,NA
2024-12-17 06:28:33,AB123CD,VEH001,RFD20241008171,Presente,CARTA,CARTA/CARTONE PAP,UTZ023,45.7279,11.7641,ROSA',ROSA',BASSANO,240,26
2024-12-17 08:41:13,EF456GH,VEH002,RFD20241008026,Presente,VETRO,VETRO PAP,UTZ008,45.7922,11.7306,POVE DEL GRAPPA,POVE DEL GRAPPA,BASSANO,1100,26
2024-12-17 09:12:44,AB123CD,VEH001,RFD20241022136,Presente,CARTA,CARTA/CARTONE PAP,UTZ038,45.7887,11.7573,ROMANO D'EZZELINO,ROMANO D'EZZELINO,BASSANO,240,26
2024-12-17 10:13:26,IL789MN,VEH003,RFD20241008059,Presente,UMIDO,UMIDO PAP,UTZ001,45.4022,11.7942,SELVAZZANO DENTRO,SELVAZZANO DENTRO,RUBANO,240,26
2024-12-17 10:22:36,AB123CD,VEH001,RFD20241008062,Presente,CARTA,CARTA/CARTONE PAP,UTZ002,45.3628,11.6654,ROVOLON,ROVOLON,RUBANO,1100,26
2024-12-17 12:47:37,OP012QR,VEH004,RFD20241008077,Presente,SECCO,SECCO PAP,UTZ024,45.3617,11.6637,ROVOLON,ROVOLON,RUBANO,1100,26
2024-12-17 12:49:05,OP012QR,VEH004,RFD20241008155,Presente,SECCO,SECCO PAP,UTZ002,45.8753,11.5201,ASIAGO,ASIAGO,ASIAGO,240,26
2024-12-17 13:14:11,ST345UV,VEH005,RFD20241008023,Presente,PLASTICA E METALLI,PLAST.CONT.STRADALI,UTZ027,45.3021,11.7244,GALZIGNANO TERME,GALZIGNANO TERME,RUBANO,770,26
2024-12-17 13:59:10,OP012QR,VEH004,RFD20241008102,Presente,SECCO,SECCO PAP,UTZ024,45.8898,11.6270,FOZA,FOZA,ASIAGO,1100,26
2024-12-17 15:19:55,IL789MN,VEH003,RFD20241008032,Presente,PLASTICA E METALLI,PLASTICA PAP,UTZ026,45.3984,11.7485,SACCOLONGO,SACCOLONGO,RUBANO,770,26
2024-12-17 16:09:01,ST345UV,VEH005,RFD20241008187,Presente,PLASTICA E METALLI,PLAST.CONT.STRADALI,UTZ002,45.6585,11.8264,GALLIERA VENETA,GALLIERA VENETA,CAMPOSAMPIERO,770,26
2024-12-17 16:34:29,OP012QR,VEH004,RFD20241008099,Presente,SECCO,SECCO PAP,UTZ015,45.7175,11.7675,ROSA',ROSA',BASSANO,1100,26
2024-12-18 06:13:18,IL789MN,VEH003,RFD20241001301,Non Presente,NA,UMIDO PAP,NA,45.5658,11.9400,NA,CAMPOSAMPIERO,CAMPOSAMPIERO,NA,NA
2024-12-18 07:08:18,AB123CD,VEH001,RFD20241009151,Presente,SECCO,SECCO PAP,UTZ026,45.5942,11.9394,LOREGGIA,LOREGGIA,CAMPOSAMPIERO,240,26
2024-12-18 07:41:22,AB123CD,VEH001,RFD20241009041,Presente,SECCO,SECCO PAP,UTZ001,45.5653,11.8985,SANTA GIUSTINA IN COLLE,SANTA GIUSTINA IN COLLE,CAMPOSAMPIERO,1100,26
2024-12-18 08:04:38,AB123CD,VEH001,RFD20241009128,Presente,SECCO,SECCO PAP,UTZ002,45.4109,11.7369,SACCOLONGO,SACCOLONGO,RUBANO,1100,26
2024-12-18 08:42:55,AB123CD,VEH001,RFD20241009189,Presente,SECCO,SECCO PAP,UTZ002,45.4234,11.7902,RUBANO,RUBANO,RUBANO,1100,26
2024-12-18 09:42:13,AB123CD,VEH001,RFD20241009111,Presente,SECCO,SECCO PAP,UTZ042,45.6087,11.6742,SAN PIETRO IN GU,SAN PIETRO IN GU,CAMPOSAMPIERO,240,26
2024-12-18 09:48:57,AB123CD,VEH001,RFD20241009093,Presente,SECCO,SECCO PAP,UTZ001,45.7098,11.7970,ROSSANO VENETO,ROSSANO VENETO,BASSANO,1100,26
2024-12-18 10:40:25,AB123CD,VEH001,RFD20241009106,Presente,SECCO,SECCO PAP,UTZ004,45.7672,11.7352,BASSANO DEL GRAPPA,BASSANO DEL GRAPPA,BASSANO,240,26
2024-12-18 10:41:34,AB123CD,VEH001,RFD20241009108,Presente,SECCO,SECCO PAP,UTZ003,45.6955,11.7108,TEZZE SUL BRENTA,TEZZE SUL BRENTA,BASSANO,240,26
2024-12-18 11:17:15,AB123CD,VEH001,RFD20241009227,Non Presente,NA,SECCO PAP,NA,45.8962,11.5507,NA,GALLIO,ASIAGO,NA,NA
2024-12-18 11:29:53,EF456GH,VEH002,RFD20241009218,Non Presente,NA,CARTA CONT.STRADALI,NA,45.5590,11.9136,NA,SANTA GIUSTINA IN COLLE,CAMPOSAMPIERO,NA,NA
2024-12-18 13:59:13,ST345UV,VEH005,RFD20241009150,Presente,VETRO,VETRO PAP,UTZ027,45.5793,11.9323,CAMPOSAMPIERO,CAMPOSAMPIERO,CAMPOSAMPIERO,1100,26
2024-12-18 14:06:00,OP012QR,VEH004,RFD20241009107,Presente,SECCO,SECCO PAP,UTZ033,45.5707,11.9321,CAMPOSAMPIERO,CAMPOSAMPIERO,CAMPOSAMPIERO,1100,26
2024-12-18 14:28:27,IL789MN,VEH003,RFD20241009045,Presente,VERDE E RAMAGLIE,VERDE PAP,UTZ030,45.5619,12.0079,MASSANZAGO,MASSANZAGO,CAMPOSAMPIERO,240,26
2024-12-18 14:34:18,IL789MN,VEH003,RFD20241009205,Non Presente,NA,VERDE PAP,NA,45.8678,11.5018,NA,ASIAGO,ASIAGO,NA,NA
2024-12-18 15:36:35,OP012QR,VEH004,RFD20241009085,Presente,SECCO,SECCO PAP,UTZ016,45.4844,11.8337,LIMENA,LIMENA,RUBANO,1100,26
2024-12-18 15:51:20,OP012QR,VEH004,RFD20241009140,Presente,SECCO,SECCO PAP,UTZ002,45.9449,11.7209,ENEGO,ENEGO,ASIAGO,1100,26
2024-12-19 06:12:01,OP012QR,VEH004,RFD20241001301,Non Presente,NA,SECCO PAP,NA,45.5658,11.9399,NA,CAMPOSAMPIERO,CAMPOSAMPIERO,NA,NA
2024-12-19 08:14:53,EF456GH,VEH002,RFD20241024149,Presente,VETRO,VETRO PAP,UTZ004,45.5621,11.9086,SANTA GIUSTINA IN COLLE,SANTA GIUSTINA IN COLLE,CAMPOSAMPIERO,1100,13
2024-12-19 08:16:10,IL789MN,VEH003,RFD20241010068,Presente,UMIDO,UMIDO PAP,UTZ004,45.4897,11.7449,CAMPODORO,CAMPODORO,RUBANO,240,26
2024-12-19 09:47:56,AB123CD,VEH001,RFD20241010194,Presente,CARTA,CARTA/CARTONE PAP,UTZ017,45.7814,11.7308,BASSANO DEL GRAPPA,BASSANO DEL GRAPPA,BASSANO,240,26
2024-12-19 10:30:05,AB123CD,VEH001,RFD20241010013,Presente,CARTA,CARTA/CARTONE PAP,UTZ009,45.7804,11.7402,BASSANO DEL GRAPPA,BASSANO DEL GRAPPA,BASSANO,1100,26
2024-12-19 13:24:28,IL789MN,VEH003,RFD20241010178,Presente,UMIDO,UMIDO CONT.STRADALI,UTZ004,45.6591,11.8249,GALLIERA VENETA,GALLIERA VENETA,CAMPOSAMPIERO,240,26
2024-12-19 13:39:16,ST345UV,VEH005,RFD20241010022,Presente,PLASTICA E METALLI,PLAST.CONT.STRADALI,UTZ032,45.3666,11.9840,SAONARA,SAONARA,CAMPOSAMPIERO,770,26
2024-12-19 14:33:00,IL789MN,VEH003,RFD20241010109,Presente,UMIDO,UMIDO CONT.STRADALI,UTZ018,45.7767,11.7332,BASSANO DEL GRAPPA,BASSANO DEL GRAPPA,BASSANO,770,26
2024-12-19 14:57:12,IL789MN,VEH003,RFD20241008208,Non Presente,NA,UMIDO CONT.STRADALI,NA,45.8666,11.5124,NA,ASIAGO,ASIAGO,NA,NA
2024-12-19 15:08:45,ST345UV,VEH005,RFD20241010079,Presente,PLASTICA E METALLI,PLAST.CONT.STRADALI,UTZ004,45.8870,11.6251,FOZA,FOZA,ASIAGO,770,26
2024-12-19 15:12:15,ST345UV,VEH005,RFD20241010154,Presente,PLASTICA E METALLI,PLAST.CONT.STRADALI,UTZ005,45.8641,11.5162,ASIAGO,ASIAGO,ASIAGO,770,26
2024-12-19 15:15:34,IL789MN,VEH003,RFD20241010195,Presente,UMIDO,UMIDO CONT.STRADALI,UTZ049,45.3154,11.7321,GALZIGNANO TERME,GALZIGNANO TERME,RUBANO,240,26
2024-12-19 15:37:04,OP012QR,VEH004,RFD20241010119,Presente,SECCO,SECCO PAP,UTZ002,45.5625,11.9076,SANTA GIUSTINA IN COLLE,SANTA GIUSTINA IN COLLE,CAMPOSAMPIERO,1100,26
2024-12-19 16:53:10,OP012QR,VEH004,RFD20241010074,Presente,SECCO,SECCO PAP,UTZ006,45.6264,11.7050,CARMIGNANO DI BRENTA,CARMIGNANO DI BRENTA,CAMPOSAMPIERO,1100,26
2024-12-19 16:53:14,OP012QR,VEH004,RFD20241010069,Presente,SECCO,SECCO PAP,UTZ020,45.7311,11.7590,ROSA',ROSA',BASSANO,240,26
2024-12-19 17:46:53,ST345UV,VEH005,RFD20241016234,Non Presente,NA,PLAST.CONT.STRADALI,NA,45.5603,11.8170,NA,CAMPO SAN MARTINO,CAMPOSAMPIERO,NA,NA
2024-12-20 06:04:39,IL789MN,VEH003,RFD20241001301,Non Presente,NA,UMIDO PAP,NA,45.5658,11.9399,NA,CAMPOSAMPIERO,CAMPOSAMPIERO,NA,NA
2024-12-20 07:19:13,AB123CD,VEH001,RFD20241011132,Presente,SECCO,SECCO PAP,UTZ001,45.5773,11.9308,CAMPOSAMPIERO,CAMPOSAMPIERO,CAMPOSAMPIERO,1100,26
2024-12-20 08:24:09,EF456GH,VEH002,RFD20241011223,Non Presente,NA,CARTA CONT.STRADALI,NA,45.9023,11.6324,NA,FOZA,ASIAGO,NA,NA
2024-12-20 08:28:50,AB123CD,VEH001,RFD20241025029,Presente,SECCO,SECCO PAP,UTZ001,45.7803,11.7921,MUSSOLENTE,MUSSOLENTE,BASSANO,240,26
2024-12-20 09:33:25,AB123CD,VEH001,RFD20241011139,Presente,SECCO,SECCO PAP,UTZ002,45.6198,11.6597,SAN PIETRO IN GU,SAN PIETRO IN GU,CAMPOSAMPIERO,1100,26
2024-12-20 09:54:02,AB123CD,VEH001,RFD20241011176,Presente,SECCO,SECCO PAP,UTZ008,45.4678,11.8515,LIMENA,LIMENA,RUBANO,1100,26
2024-12-20 11:51:47,AB123CD,VEH001,RFD20241025196,Presente,SECCO,SECCO PAP,UTZ029,45.8643,11.5202,ASIAGO,ASIAGO,ASIAGO,1100,26
2024-12-20 13:28:20,ST345UV,VEH005,RFD20241025087,Presente,VETRO,VETRO PAP,UTZ021,45.4923,11.8970,CAMPODARSEGO,CAMPODARSEGO,CAMPOSAMPIERO,1100,13
2024-12-20 14:02:34,OP012QR,VEH004,RFD20241011121,Presente,SECCO,SECCO PAP,UTZ015,45.4087,11.7482,SACCOLONGO,SACCOLONGO,RUBANO,1100,26
2024-12-20 14:13:35,ST345UV,VEH005,RFD20241025175,Presente,VETRO,VETRO PAP,UTZ006,45.4901,11.7533,CAMPODORO,CAMPODORO,RUBANO,1100,13
2024-12-20 15:00:39,ST345UV,VEH005,RFD20241025031,Presente,VETRO,VETRO PAP,UTZ026,45.7758,11.7461,BASSANO DEL GRAPPA,BASSANO DEL GRAPPA,BASSANO,1100,13
2024-12-20 15:15:26,ST345UV,VEH005,RFD20241011182,Presente,VETRO,VETRO PAP,UTZ047,45.5856,11.7048,GAZZO,GAZZO,CAMPOSAMPIERO,1100,26
2024-12-20 15:18:55,OP012QR,VEH004,RFD20241011124,Presente,SECCO,SECCO PAP,UTZ001,45.6425,11.8516,SAN MARTINO DI LUPARI,SAN MARTINO DI LUPARI,CAMPOSAMPIERO,240,26
2024-12-20 16:07:16,ST345UV,VEH005,RFD20241011125,Presente,VETRO,VETRO PAP,UTZ014,45.5743,11.9219,CAMPOSAMPIERO,CAMPOSAMPIERO,CAMPOSAMPIERO,1100,26
2024-12-20 16:20:14,IL789MN,VEH003,RFD20241011019,Presente,PLASTICA E METALLI,PLASTICA PAP,UTZ001,45.6002,12.0032,PIOMBINO DESE,PIOMBINO DESE,CAMPOSAMPIERO,770,26
2024-12-20 16:41:34,IL789MN,VEH003,RFD20241025075,Presente,PLASTICA E METALLI,PLASTICA PAP,UTZ001,45.7966,11.7437,ROMANO D'EZZELINO,ROMANO D'EZZELINO,BASSANO,770,26
2024-12-20 17:54:07,OP012QR,VEH004,RFD20241011004,Presente,SECCO,SECCO PAP,UTZ024,45.7920,11.7672,ROMANO D'EZZELINO,ROMANO D'EZZELINO,BASSANO,240,26
2024-12-20 18:46:01,EF456GH,VEH002,RFD20241001301,Non Presente,NA,CARTA CONT.STRADALI,NA,45.5658,11.9399,NA,CAMPOSAMPIERO,CAMPOSAMPIERO,NA,NA
2024-12-21 06:01:24,ST345UV,VEH005,RFD20241001301,Non Presente,NA,SERVIZI MERCATI,NA,45.5658,11.9399,NA,CAMPOSAMPIERO,CAMPOSAMPIERO,NA,NA
2024-12-21 07:43:18,AB123CD,VEH001,RFD20241012118,Presente,CARTA,CARTA/CARTONE PAP,UTZ019,45.6945,11.7071,TEZZE SUL BRENTA,TEZZE SUL BRENTA,BASSANO,1100,26
2024-12-21 08:55:52,AB123CD,VEH001,RFD20241012116,Presente,CARTA,CARTA/CARTONE PAP,UTZ009,45.3961,11.7910,SELVAZZANO DENTRO,SELVAZZANO DENTRO,RUBANO,240,26
2024-12-21 12:01:09,OP012QR,VEH004,RFD20241012082,Presente,SECCO,SECCO PAP,UTZ001,45.6590,11.8291,GALLIERA VENETA,GALLIERA VENETA,CAMPOSAMPIERO,240,26
2024-12-21 13:56:21,IL789MN,VEH003,RFD20241012047,Presente,VERDE E RAMAGLIE,VERDE PAP,UTZ028,45.7549,11.7434,BASSANO DEL GRAPPA,BASSANO DEL GRAPPA,BASSANO,240,26
2024-12-21 15:51:25,IL789MN,VEH003,RFD20241012052,Presente,VERDE E RAMAGLIE,VERDE PAP,UTZ002,45.6999,11.6388,SCHIAVON,SCHIAVON,BASSANO,1100,26
2024-12-21 15:54:07,IL789MN,VEH003,RFD20241012089,Presente,VERDE E RAMAGLIE,VERDE PAP,UTZ017,45.7289,11.6733,NOVE,NOVE,BASSANO,240,26
2024-12-22 07:10:44,AB123CD,VEH001,RFD20241013046,Presente,CARTA,CARTA CONT.STRADALI,UTZ035,45.3082,11.7298,GALZIGNANO TERME,GALZIGNANO TERME,RUBANO,240,26
2024-12-22 07:30:51,AB123CD,VEH001,RFD20241013167,Presente,CARTA,CARTA CONT.STRADALI,UTZ022,45.9008,11.6394,FOZA,FOZA,ASIAGO,240,26
2024-12-22 07:34:02,AB123CD,VEH001,RFD20241013129,Presente,CARTA,CARTA CONT.STRADALI,UTZ031,45.6328,11.7062,CARMIGNANO DI BRENTA,CARMIGNANO DI BRENTA,CAMPOSAMPIERO,240,26
2024-12-22 07:50:12,AB123CD,VEH001,RFD20241013130,Presente,CARTA,CARTA CONT.STRADALI,UTZ004,45.4268,11.6850,CERVARESE SANTA CROCE,CERVARESE SANTA CROCE,RUBANO,240,26
2024-12-22 07:56:22,AB123CD,VEH001,RFD20241013030,Presente,CARTA,CARTA CONT.STRADALI,UTZ001,45.6913,11.7994,ROSSANO VENETO,ROSSANO VENETO,BASSANO,1100,26
2024-12-22 08:37:45,AB123CD,VEH001,RFD20241013083,Presente,CARTA,CARTA CONT.STRADALI,UTZ030,45.3139,11.7394,GALZIGNANO TERME,GALZIGNANO TERME,RUBANO,240,26
2024-12-22 09:35:29,AB123CD,VEH001,RFD20241013172,Presente,CARTA,CARTA CONT.STRADALI,UTZ001,45.3301,11.7373,TORREGLIA,TORREGLIA,RUBANO,240,26
2024-12-23 06:22:31,EF456GH,VEH002,RFD20241001301,Non Presente,NA,CARTA CONT.STRADALI,NA,45.5658,11.9399,NA,CAMPOSAMPIERO,CAMPOSAMPIERO,NA,NA
2024-12-23 06:24:19,IL789MN,VEH003,RFD20241008208,Non Presente,NA,UMIDO PAP,NA,45.8667,11.5124,NA,ASIAGO,ASIAGO,NA,NA
2024-12-23 08:44:59,EF456GH,VEH002,RFD20241014011,Presente,CARTA,CARTA CONT.STRADALI,UTZ034,45.6442,11.8629,SAN MARTINO DI LUPARI,SAN MARTINO DI LUPARI,CAMPOSAMPIERO,1100,26
2024-12-23 10:04:25,AB123CD,VEH001,RFD20241014117,Presente,SECCO,SECCO PAP,UTZ001,45.6418,11.7837,CITTADELLA,CITTADELLA,CAMPOSAMPIERO,1100,26
2024-12-23 13:23:11,OP012QR,VEH004,RFD20241014024,Presente,SECCO,SECCO PAP,UTZ040,45.5363,11.9673,BORGORICCO,BORGORICCO,CAMPOSAMPIERO,1100,26
2024-12-23 13:40:29,OP012QR,VEH004,RFD20241014033,Presente,SECCO,SECCO PAP,UTZ006,45.8594,11.4002,ROTZO,ROTZO,ASIAGO,1100,26
2024-12-23 14:40:30,IL789MN,VEH003,RFD20241028173,Presente,UMIDO,UMIDO CONT.STRADALI,UTZ032,45.7625,11.7419,BASSANO DEL GRAPPA,BASSANO DEL GRAPPA,BASSANO,240,26
2024-12-23 14:52:43,IL789MN,VEH003,RFD20241028145,Presente,UMIDO,UMIDO CONT.STRADALI,UTZ006,45.4286,11.7851,RUBANO,RUBANO,RUBANO,240,26
2024-12-24 06:11:04,EF456GH,VEH002,RFD20241001301,Non Presente,NA,VETRO PAP,NA,45.5658,11.9399,NA,CAMPOSAMPIERO,CAMPOSAMPIERO,NA,NA
2024-12-24 07:20:50,AB123CD,VEH001,RFD20241001103,Presente,CARTA,CARTA/CARTONE PAP,UTZ013,45.5659,11.9182,CAMPOSAMPIERO,CAMPOSAMPIERO,CAMPOSAMPIERO,240,26
2024-12-24 08:51:22,AB123CD,VEH001,RFD20241001040,Presente,CARTA,CARTA/CARTONE PAP,UTZ006,45.4760,11.8481,LIMENA,LIMENA,RUBANO,240,26
2024-12-24 09:21:11,IL789MN,VEH003,RFD20241001072,Presente,UMIDO,UMIDO PAP,UTZ003,45.8084,11.5991,LUSIANA CONCO,LUSIANA CONCO,ASIAGO,240,26
2024-12-24 10:04:53,IL789MN,VEH003,RFD20241001152,Presente,UMIDO,UMIDO PAP,UTZ037,45.4374,11.9253,CADONEGHE,CADONEGHE,CAMPOSAMPIERO,240,26
2024-12-24 13:16:13,IL789MN,VEH003,RFD20241001122,Presente,PLASTICA E METALLI,PLASTICA PAP,UTZ012,45.8053,11.7263,POVE DEL GRAPPA,POVE DEL GRAPPA,BASSANO,770,26
2024-12-24 14:23:42,IL789MN,VEH003,RFD20241001158,Presente,PLASTICA E METALLI,PLASTICA PAP,UTZ034,45.6545,11.8574,SAN MARTINO DI LUPARI,SAN MARTINO DI LUPARI,CAMPOSAMPIERO,770,26
2024-12-24 14:33:35,ST345UV,VEH005,RFD20241001114,Presente,PLASTICA E METALLI,PLAST.CONT.STRADALI,UTZ005,45.8609,11.5204,ASIAGO,ASIAGO,ASIAGO,770,26
2024-12-24 14:53:37,OP012QR,VEH004,RFD20241001181,Presente,SECCO,SECCO PAP,UTZ008,45.6547,11.6828,POZZOLEONE,POZZOLEONE,BASSANO,1100,26
2024-12-24 15:07:18,OP012QR,VEH004,RFD20241015048,Presente,SECCO,SECCO PAP,UTZ030,45.4295,11.7921,RUBANO,RUBANO,RUBANO,1100,26
2024-12-24 15:25:50,OP012QR,VEH004,RFD20241001058,Presente,SECCO,SECCO PAP,UTZ035,45.3441,11.6638,TEOLO,TEOLO,RUBANO,1100,26
2024-12-24 17:39:17,ST345UV,VEH005,RFD20241001209,Non Presente,NA,PLAST.CONT.STRADALI,NA,45.6481,11.8297,NA,TOMBOLO,CAMPOSAMPIERO,NA,NA
2024-12-25 06:13:34,AB123CD,VEH001,RFD20241002049,Presente,SECCO,SECCO PAP,UTZ003,45.3394,11.7381,TORREGLIA,TORREGLIA,RUBANO,1100,26
2024-12-25 06:15:59,EF456GH,VEH002,RFD20241001301,Non Presente,NA,CARTA CONT.STRADALI,NA,45.5658,11.9399,NA,CAMPOSAMPIERO,CAMPOSAMPIERO,NA,NA
2024-12-25 09:08:29,AB123CD,VEH001,RFD20241002105,Presente,SECCO,SECCO PAP,UTZ002,45.7148,11.7667,ROSA',ROSA',BASSANO,240,26
2024-12-25 10:10:18,EF456GH,VEH002,RFD20241002073,Presente,CARTA,CARTA CONT.STRADALI,UTZ050,45.4020,11.7534,SACCOLONGO,SACCOLONGO,RUBANO,1100,26
2024-12-25 10:31:18,ST345UV,VEH005,RFD20241009205,Non Presente,NA,ASSISTENTE SERVIZI,NA,45.8678,11.5018,NA,ASIAGO,ASIAGO,NA,NA
2024-12-25 10:33:17,AB123CD,VEH001,RFD20241002183,Presente,SECCO,SECCO PAP,UTZ009,45.7283,11.7949,CASSOLA,CASSOLA,BASSANO,1100,26
2024-12-25 11:26:00,AB123CD,VEH001,RFD20241002088,Presente,SECCO,SECCO PAP,UTZ005,45.7999,11.6070,LUSIANA CONCO,LUSIANA CONCO,ASIAGO,1100,26
2024-12-25 13:33:33,OP012QR,VEH004,RFD20241002078,Presente,SECCO,SECCO PAP,UTZ009,45.8879,11.5488,GALLIO,GALLIO,ASIAGO,1100,26
2024-12-25 13:48:42,OP012QR,VEH004,RFD20241002094,Presente,SECCO,SECCO PAP,UTZ005,45.5786,11.9239,CAMPOSAMPIERO,CAMPOSAMPIERO,CAMPOSAMPIERO,240,26
2024-12-25 14:12:49,IL789MN,VEH003,RFD20241002217,Non Presente,NA,VERDE PAP,NA,45.6306,11.6935,NA,CARMIGNANO DI BRENTA,CAMPOSAMPIERO,NA,NA
2024-12-25 14:17:50,OP012QR,VEH004,RFD20241002184,Presente,SECCO,SECCO PAP,UTZ002,45.7698,11.7360,BASSANO DEL GRAPPA,BASSANO DEL GRAPPA,BASSANO,1100,26
2024-12-25 14:42:49,OP012QR,VEH004,RFD20241030037,Presente,SECCO,SECCO PAP,UTZ014,45.8815,11.5385,GALLIO,GALLIO,ASIAGO,1100,26
2024-12-25 16:29:31,IL789MN,VEH003,RFD20241002015,Presente,VERDE E RAMAGLIE,VERDE PAP,UTZ030,45.6655,11.8193,GALLIERA VENETA,GALLIERA VENETA,CAMPOSAMPIERO,1100,26
2024-12-25 16:57:19,IL789MN,VEH003,RFD20241002198,Presente,VERDE E RAMAGLIE,VERDE PAP,UTZ001,45.8723,11.5269,ASIAGO,ASIAGO,ASIAGO,240,26
2024-12-25 17:23:28,IL789MN,VEH003,RFD20241030027,Presente,VERDE E RAMAGLIE,VERDE PAP,UTZ024,45.3837,11.9775,SAONARA,SAONARA,CAMPOSAMPIERO,240,26
2024-12-26 06:18:34,EF456GH,VEH002,RFD20241001301,Non Presente,NA,VETRO PAP,NA,45.5659,11.9399,NA,CAMPOSAMPIERO,CAMPOSAMPIERO,NA,NA
2024-12-26 06:28:59,AB123CD,VEH001,RFD20241017188,Presente,CARTA,CARTA/CARTONE PAP,UTZ015,45.5558,12.0155,MASSANZAGO,MASSANZAGO,CAMPOSAMPIERO,240,26
2024-12-26 07:50:37,IL789MN,VEH003,RFD20241226156,Presente,UMIDO,UMIDO PAP,UTZ001,45.8916,11.6308,FOZA,FOZA,ASIAGO,240,26
2024-12-26 10:10:03,EF456GH,VEH002,RFD20241003157,Presente,VETRO,VETRO PAP,UTZ013,45.4909,11.7441,CAMPODORO,CAMPODORO,RUBANO,1100,26
2024-12-26 12:28:24,EF456GH,VEH002,RFD20241003230,Non Presente,NA,VETRO PAP,NA,45.6960,11.6363,NA,SCHIAVON,BASSANO,NA,NA
2024-12-26 13:00:00,IL789MN,VEH003,RFD20241003127,Presente,UMIDO,UMIDO CONT.STRADALI,UTZ001,45.7728,11.7288,BASSANO DEL GRAPPA,BASSANO DEL GRAPPA,BASSANO,240,26
2024-12-26 13:58:20,OP012QR,VEH004,RFD20241003061,Presente,SECCO,SECCO PAP,UTZ002,45.5341,11.9616,BORGORICCO,BORGORICCO,CAMPOSAMPIERO,1100,26
2024-12-26 13:58:50,ST345UV,VEH005,RFD20241003138,Presente,PLASTICA E METALLI,PLAST.CONT.STRADALI,UTZ005,45.6088,11.6726,SAN PIETRO IN GU,SAN PIETRO IN GU,CAMPOSAMPIERO,770,26
2024-12-26 16:17:54,OP012QR,VEH004,RFD20241003164,Presente,SECCO,SECCO PAP,UTZ003,45.7794,11.7294,BASSANO DEL GRAPPA,BASSANO DEL GRAPPA,BASSANO,240,26
2024-12-26 17:15:30,IL789MN,VEH003,RFD20241003303,Presente,UMIDO,UMIDO CONT.STRADALI,UTZ002,45.7780,11.8062,MUSSOLENTE,MUSSOLENTE,BASSANO,240,26
2024-12-27 08:41:43,EF456GH,VEH002,RFD20241018161,Presente,CARTA,CARTA CONT.STRADALI,UTZ034,45.5715,11.9295,CAMPOSAMPIERO,CAMPOSAMPIERO,CAMPOSAMPIERO,1100,26
2024-12-27 08:52:13,EF456GH,VEH002,RFD20241004123,Presente,CARTA,CARTA CONT.STRADALI,UTZ032,45.6488,11.7781,CITTADELLA,CITTADELLA,CAMPOSAMPIERO,240,26
2024-12-27 10:24:57,EF456GH,VEH002,RFD20241004197,Presente,CARTA,CARTA CONT.STRADALI,UTZ018,45.8646,11.5123,ASIAGO,ASIAGO,ASIAGO,240,26
2024-12-27 10:35:34,EF456GH,VEH002,RFD20241004159,Presente,CARTA,CARTA CONT.STRADALI,UTZ004,45.4415,11.7882,RUBANO,RUBANO,RUBANO,1100,26
2024-12-27 11:21:55,EF456GH,VEH002,RFD20241004028,Presente,CARTA,CARTA CONT.STRADALI,UTZ005,45.8599,11.3940,ROTZO,ROTZO,ASIAGO,240,26
2024-12-27 13:54:37,OP012QR,VEH004,RFD20241004044,Presente,SECCO,SECCO PAP,UTZ009,45.6807,11.6937,TEZZE SUL BRENTA,TEZZE SUL BRENTA,BASSANO,240,26
2024-12-27 14:22:48,IL789MN,VEH003,RFD20241004177,Presente,PLASTICA E METALLI,PLASTICA PAP,UTZ048,45.7667,11.7336,BASSANO DEL GRAPPA,BASSANO DEL GRAPPA,BASSANO,770,26
2024-12-27 15:41:10,OP012QR,VEH004,RFD20241018010,Presente,SECCO,SECCO PAP,UTZ001,45.3634,11.9845,SAONARA,SAONARA,CAMPOSAMPIERO,1100,26
2024-12-27 16:35:06,ST345UV,VEH005,RFD20241004115,Presente,VETRO,VETRO PAP,UTZ001,45.4291,11.7849,RUBANO,RUBANO,RUBANO,1100,26
2024-12-27 18:43:29,ST345UV,VEH005,RFD20241001301,Non Presente,NA,VETRO PAP,NA,45.5658,11.9399,NA,CAMPOSAMPIERO,CAMPOSAMPIERO,NA,NA
2024-12-28 06:11:05,EF456GH,VEH002,RFD20241001301,Non Presente,NA,VETRO PAP,NA,45.5658,11.9399,NA,CAMPOSAMPIERO,CAMPOSAMPIERO,NA,NA
2024-12-28 13:45:02,OP012QR,VEH004,RFD20241005012,Presente,SECCO,SECCO PAP,UTZ035,45.8085,11.7284,POVE DEL GRAPPA,POVE DEL GRAPPA,BASSANO,1100,26
2024-12-28 14:55:18,IL789MN,VEH003,RFD20241005169,Presente,VERDE E RAMAGLIE,VERDE PAP,UTZ008,45.6471,11.6824,POZZOLEONE,POZZOLEONE,BASSANO,240,26
2024-12-28 15:29:34,IL789MN,VEH003,RFD20241005144,Presente,VERDE E RAMAGLIE,VERDE PAP,UTZ013,45.4201,11.6827,CERVARESE SANTA CROCE,CERVARESE SANTA CROCE,RUBANO,240,26
2024-12-28 15:29:45,OP012QR,VEH004,RFD20241019135,Presente,SECCO,SECCO PAP,UTZ019,45.6500,11.8548,SAN MARTINO DI LUPARI,SAN MARTINO DI LUPARI,CAMPOSAMPIERO,240,26
2024-12-28 17:49:16,IL789MN,VEH003,RFD20241005064,Presente,VERDE E RAMAGLIE,VERDE PAP,UTZ010,45.3061,11.7337,GALZIGNANO TERME,GALZIGNANO TERME,RUBANO,240,26
2024-12-29 07:27:01,AB123CD,VEH001,RFD20241006101,Presente,CARTA,CARTA CONT.STRADALI,UTZ012,45.5773,11.9329,CAMPOSAMPIERO,CAMPOSAMPIERO,CAMPOSAMPIERO,1100,26
2024-12-29 07:37:37,AB123CD,VEH001,RFD20241006147,Presente,CARTA,CARTA CONT.STRADALI,UTZ003,45.3315,11.7375,TORREGLIA,TORREGLIA,RUBANO,240,26
2024-12-29 07:44:12,AB123CD,VEH001,RFD20241006174,Presente,CARTA,CARTA CONT.STRADALI,UTZ003,45.3071,11.7164,GALZIGNANO TERME,GALZIGNANO TERME,RUBANO,240,26
2024-12-29 08:49:25,AB123CD,VEH001,RFD20241006168,Presente,CARTA,CARTA CONT.STRADALI,UTZ003,45.5473,12.0105,MASSANZAGO,MASSANZAGO,CAMPOSAMPIERO,1100,26
2024-12-29 08:50:37,AB123CD,VEH001,RFD20241020036,Presente,CARTA,CARTA CONT.STRADALI,UTZ007,45.6521,11.7819,CITTADELLA,CITTADELLA,CAMPOSAMPIERO,1100,26
2024-12-29 09:02:31,AB123CD,VEH001,RFD20241006192,Presente,CARTA,CARTA CONT.STRADALI,UTZ001,45.6510,11.8274,TOMBOLO,TOMBOLO,CAMPOSAMPIERO,1100,26
2024-12-29 09:27:46,AB123CD,VEH001,RFD20241006180,Presente,CARTA,CARTA CONT.STRADALI,UTZ003,45.6358,11.7542,FONTANIVA,FONTANIVA,CAMPOSAMPIERO,240,26
2024-12-29 09:31:37,AB123CD,VEH001,RFD20241006066,Presente,CARTA,CARTA CONT.STRADALI,UTZ011,45.3104,11.7321,GALZIGNANO TERME,GALZIGNANO TERME,RUBANO,1100,26
2024-12-29 11:27:57,AB123CD,VEH001,RFD20241006095,Presente,CARTA,CARTA CONT.STRADALI,UTZ034,45.4855,11.7452,CAMPODORO,CAMPODORO,RUBANO,1100,26
2024-12-30 06:14:39,ST345UV,VEH005,RFD20241001301,Non Presente,NA,ASSISTENTE SERVIZI,NA,45.5658,11.9400,NA,CAMPOSAMPIERO,CAMPOSAMPIERO,NA,NA
2024-12-30 06:50:50,IL789MN,VEH003,RFD20241007043,Presente,UMIDO,UMIDO PAP,UTZ001,45.7955,11.7346,POVE DEL GRAPPA,POVE DEL GRAPPA,BASSANO,240,26
2024-12-30 07:14:14,AB123CD,VEH001,RFD20241007126,Presente,SECCO,SECCO PAP,UTZ001,45.6477,11.6835,POZZOLEONE,POZZOLEONE,BASSANO,1100,26
2024-12-30 07:43:04,AB123CD,VEH001,RFD20241007113,Presente,SECCO,SECCO PAP,UTZ022,45.4248,11.7899,RUBANO,RUBANO,RUBANO,1100,26
2024-12-30 08:21:57,IL789MN,VEH003,RFD20241007142,Presente,UMIDO,UMIDO PAP,UTZ001,45.3362,11.7887,MONTEGROTTO TERME,MONTEGROTTO TERME,RUBANO,770,26
2024-12-30 09:48:22,AB123CD,VEH001,RFD20241007146,Presente,SECCO,SECCO PAP,UTZ018,45.3018,11.7334,GALZIGNANO TERME,GALZIGNANO TERME,RUBANO,240,26
2024-12-30 12:05:18,OP012QR,VEH004,RFD20241007090,Presente,SECCO,SECCO PAP,UTZ021,45.7168,11.6079,COLCERESA,COLCERESA,BASSANO,1100,26
2024-12-30 12:21:30,OP012QR,VEH004,RFD20241016234,Non Presente,NA,SECCO PAP,NA,45.5602,11.8173,NA,CAMPO SAN MARTINO,CAMPOSAMPIERO,NA,NA
2024-12-30 12:54:20,OP012QR,VEH004,RFD20241007190,Presente,SECCO,SECCO PAP,UTZ031,45.4335,11.7794,RUBANO,RUBANO,RUBANO,1100,26
2024-12-30 13:24:20,ST345UV,VEH005,RFD20241007039,Presente,VETRO,VETRO PAP,UTZ025,45.5286,11.9682,BORGORICCO,BORGORICCO,CAMPOSAMPIERO,770,26
2024-12-30 13:36:50,IL789MN,VEH003,RFD20241007067,Presente,UMIDO,UMIDO CONT.STRADALI,UTZ010,45.3994,11.7455,SACCOLONGO,SACCOLONGO,RUBANO,770,26
2024-12-30 14:55:53,ST345UV,VEH005,RFD20241007076,Presente,VETRO,VETRO PAP,UTZ001,45.7719,11.7304,BASSANO DEL GRAPPA,BASSANO DEL GRAPPA,BASSANO,1100,26
2024-12-30 15:14:03,IL789MN,VEH003,RFD20241007054,Presente,UMIDO,UMIDO CONT.STRADALI,UTZ013,45.6527,11.8166,TOMBOLO,TOMBOLO,CAMPOSAMPIERO,240,26
2024-12-30 15:29:09,ST345UV,VEH005,RFD20241007081,Presente,VETRO,VETRO PAP,UTZ003,45.7213,11.7649,ROSA',ROSA',BASSANO,1100,26
2024-12-30 15:31:22,IL789MN,VEH003,RFD20241007148,Presente,UMIDO,UMIDO CONT.STRADALI,UTZ025,45.7743,11.7212,BASSANO DEL GRAPPA,BASSANO DEL GRAPPA,BASSANO,240,26
2024-12-30 17:21:58,OP012QR,VEH004,RFD20241007120,Presente,SECCO,SECCO PAP,UTZ002,45.4334,11.7854,RUBANO,RUBANO,RUBANO,1100,26
2024-12-31 06:00:00,AB123CD,VEH001,RFD20241008171,Presente,CARTA,CARTA/CARTONE PAP,UTZ023,45.7279,11.7644,ROSA',ROSA',BASSANO,240,26
2024-12-31 06:17:20,IL789MN,VEH003,RFD20241001301,Non Presente,NA,UMIDO PAP,NA,45.5657,11.9399,NA,CAMPOSAMPIERO,CAMPOSAMPIERO,NA,NA
2024-12-31 08:41:44,EF456GH,VEH002,RFD20241008026,Presente,VETRO,VETRO PAP,UTZ008,45.7924,11.7306,POVE DEL GRAPPA,POVE DEL GRAPPA,BASSANO,1100,26
2024-12-31 09:16:56,AB123CD,VEH001,RFD20241022136,Presente,CARTA,CARTA/CARTONE PAP,UTZ038,45.7886,11.7569,ROMANO D'EZZELINO,ROMANO D'EZZELINO,BASSANO,240,26
2024-12-31 10:08:21,IL789MN,VEH003,RFD20241008059,Presente,UMIDO,UMIDO PAP,UTZ001,45.4022,11.7944,SELVAZZANO DENTRO,SELVAZZANO DENTRO,RUBANO,240,26
2024-12-31 10:28:49,AB123CD,VEH001,RFD20241008062,Presente,CARTA,CARTA/CARTONE PAP,UTZ002,45.3628,11.6656,ROVOLON,ROVOLON,RUBANO,1100,26
2024-12-31 12:50:47,OP012QR,VEH004,RFD20241008077,Presente,SECCO,SECCO PAP,UTZ024,45.3616,11.6635,ROVOLON,ROVOLON,RUBANO,1100,26
2024-12-31 13:05:01,ST345UV,VEH005,RFD20241008023,Presente,PLASTICA E METALLI,PLAST.CONT.STRADALI,UTZ027,45.3023,11.7244,GALZIGNANO TERME,GALZIGNANO TERME,RUBANO,770,26
2024-12-31 13:19:08,OP012QR,VEH004,RFD20241008102,Presente,SECCO,SECCO PAP,UTZ024,45.8897,11.6268,FOZA,FOZA,ASIAGO,1100,26
2024-12-31 16:03:00,IL789MN,VEH003,RFD20241008032,Presente,PLASTICA E METALLI,PLASTICA PAP,UTZ026,45.3983,11.7484,SACCOLONGO,SACCOLONGO,RUBANO,770,26
2024-12-31 16:16:19,ST345UV,VEH005,RFD20241008187,Presente,PLASTICA E METALLI,PLAST.CONT.STRADALI,UTZ002,45.6584,11.8265,GALLIERA VENETA,GALLIERA VENETA,CAMPOSAMPIERO,770,26
2025-01-01 06:12:47,EF456GH,VEH002,RFD20241001301,Non Presente,NA,CARTA CONT.STRADALI,NA,45.5658,11.9399,NA,CAMPOSAMPIERO,CAMPOSAMPIERO,NA,NA
2025-01-01 06:40:26,AB123CD,VEH001,RFD20241009151,Presente,SECCO,SECCO PAP,UTZ026,45.5940,11.9393,LOREGGIA,LOREGGIA,CAMPOSAMPIERO,240,26
2025-01-01 07:35:23,AB123CD,VEH001,RFD20241009128,Presente,SECCO,SECCO PAP,UTZ002,45.4108,11.7372,SACCOLONGO,SACCOLONGO,RUBANO,1100,26
2025-01-01 08:31:10,AB123CD,VEH001,RFD20241009189,Presente,SECCO,SECCO PAP,UTZ002,45.4234,11.7904,RUBANO,RUBANO,RUBANO,1100,26
2025-01-01 08:49:02,AB123CD,VEH001,RFD20241009111,Presente,SECCO,SECCO PAP,UTZ042,45.6086,11.6741,SAN PIETRO IN GU,SAN PIETRO IN GU,CAMPOSAMPIERO,240,26
2025-01-01 09:43:16,AB123CD,VEH001,RFD20241009093,Presente,SECCO,SECCO PAP,UTZ001,45.7099,11.7973,ROSSANO VENETO,ROSSANO VENETO,BASSANO,1100,26
2025-01-01 10:29:10,AB123CD,VEH001,RFD20241009106,Presente,SECCO,SECCO PAP,UTZ004,45.7671,11.7353,BASSANO DEL GRAPPA,BASSANO DEL GRAPPA,BASSANO,240,26
2025-01-01 10:32:31,AB123CD,VEH001,RFD20241009108,Presente,SECCO,SECCO PAP,UTZ003,45.6954,11.7106,TEZZE SUL BRENTA,TEZZE SUL BRENTA,BASSANO,240,26
2025-01-01 11:37:03,EF456GH,VEH002,RFD20241009218,Non Presente,NA,CARTA CONT.STRADALI,NA,45.5590,11.9135,NA,SANTA GIUSTINA IN COLLE,CAMPOSAMPIERO,NA,NA
2025-01-01 13:45:58,OP012QR,VEH004,RFD20241009107,Presente,SECCO,SECCO PAP,UTZ033,45.5707,11.9322,CAMPOSAMPIERO,CAMPOSAMPIERO,CAMPOSAMPIERO,1100,26
2025-01-01 14:17:13,IL789MN,VEH003,RFD20241009045,Presente,VERDE E RAMAGLIE,VERDE PAP,UTZ030,45.5618,12.0078,MASSANZAGO,MASSANZAGO,CAMPOSAMPIERO,240,26
2025-01-01 14:31:04,ST345UV,VEH005,RFD20241009150,Presente,VETRO,VETRO PAP,UTZ027,45.5792,11.9326,CAMPOSAMPIERO,CAMPOSAMPIERO,CAMPOSAMPIERO,1100,26
2025-01-01 14:46:52,IL789MN,VEH003,RFD20241009205,Non Presente,NA,VERDE PAP,NA,45.8680,11.5016,NA,ASIAGO,ASIAGO,NA,NA
2025-01-01 15:38:57,OP012QR,VEH004,RFD20241009085,Presente,SECCO,SECCO PAP,UTZ016,45.4844,11.8337,LIMENA,LIMENA,RUBANO,1100,26
2025-01-01 15:45:35,OP012QR,VEH004,RFD20241009140,Presente,SECCO,SECCO PAP,UTZ002,45.9449,11.7211,ENEGO,ENEGO,ASIAGO,1100,26
2025-01-02 06:04:45,IL789MN,VEH003,RFD20241001301,Non Presente,NA,UMIDO PAP,NA,45.5658,11.9399,NA,CAMPOSAMPIERO,CAMPOSAMPIERO,NA,NA
2025-01-02 08:03:36,IL789MN,VEH003,RFD20241010068,Presente,UMIDO,UMIDO PAP,UTZ004,45.4899,11.7450,CAMPODORO,CAMPODORO,RUBANO,240,26
2025-01-02 09:32:17,AB123CD,VEH001,RFD20241010194,Presente,CARTA,CARTA/CARTONE PAP,UTZ017,45.7812,11.7308,BASSANO DEL GRAPPA,BASSANO DEL GRAPPA,BASSANO,240,26
2025-01-02 09:56:08,AB123CD,VEH001,RFD20241010013,Presente,CARTA,CARTA/CARTONE PAP,UTZ009,45.7803,11.7403,BASSANO DEL GRAPPA,BASSANO DEL GRAPPA,BASSANO,1100,26
2025-01-02 10:26:53,ST345UV,VEH005,RFD20241014226,Non Presente,NA,PULIZIA TERRIT.,NA,45.4291,11.7856,NA,RUBANO,RUBANO,NA,NA
2025-01-02 14:01:58,IL789MN,VEH003,RFD20241010178,Presente,UMIDO,UMIDO CONT.STRADALI,UTZ004,45.6591,11.8249,GALLIERA VENETA,GALLIERA VENETA,CAMPOSAMPIERO,240,26
2025-01-02 14:11:09,ST345UV,VEH005,RFD20241010022,Presente,PLASTICA E METALLI,PLAST.CONT.STRADALI,UTZ032,45.3664,11.9841,SAONARA,SAONARA,CAMPOSAMPIERO,770,26
2025-01-02 14:32:26,IL789MN,VEH003,RFD20241010109,Presente,UMIDO,UMIDO CONT.STRADALI,UTZ018,45.7767,11.7333,BASSANO DEL GRAPPA,BASSANO DEL GRAPPA,BASSANO,770,26
2025-01-02 15:03:17,ST345UV,VEH005,RFD20241010154,Presente,PLASTICA E METALLI,PLAST.CONT.STRADALI,UTZ005,45.8641,11.5159,ASIAGO,ASIAGO,ASIAGO,770,26
2025-01-02 15:19:18,IL789MN,VEH003,RFD20241010195,Presente,UMIDO,UMIDO CONT.STRADALI,UTZ049,45.3153,11.7321,GALZIGNANO TERME,GALZIGNANO TERME,RUBANO,240,26
2025-01-02 15:28:22,ST345UV,VEH005,RFD20241010079,Presente,PLASTICA E METALLI,PLAST.CONT.STRADALI,UTZ004,45.8872,11.6251,FOZA,FOZA,ASIAGO,770,26
2025-01-02 16:07:36,OP012QR,VEH004,RFD20241010074,Presente,SECCO,SECCO PAP,UTZ006,45.6267,11.7052,CARMIGNANO DI BRENTA,CARMIGNANO DI BRENTA,CAMPOSAMPIERO,1100,26
2025-01-03 06:22:53,OP012QR,VEH004,RFD20241001301,Non Presente,NA,SECCO PAP,NA,45.5658,11.9399,NA,CAMPOSAMPIERO,CAMPOSAMPIERO,NA,NA
2025-01-03 07:06:55,AB123CD,VEH001,RFD20241011132,Presente,SECCO,SECCO PAP,UTZ001,45.5773,11.9309,CAMPOSAMPIERO,CAMPOSAMPIERO,CAMPOSAMPIERO,1100,26
2025-01-03 08:15:41,EF456GH,VEH002,RFD20241011223,Non Presente,NA,CARTA CONT.STRADALI,NA,45.9026,11.6322,NA,FOZA,ASIAGO,NA,NA
2025-01-03 09:25:40,AB123CD,VEH001,RFD20241011176,Presente,SECCO,SECCO PAP,UTZ008,45.4677,11.8515,LIMENA,LIMENA,RUBANO,1100,26
2025-01-03 09:51:55,AB123CD,VEH001,RFD20241011139,Presente,SECCO,SECCO PAP,UTZ002,45.6196,11.6595,SAN PIETRO IN GU,SAN PIETRO IN GU,CAMPOSAMPIERO,1100,26
2025-01-03 11:07:53,AB123CD,VEH001,RFD20241025196,Presente,SECCO,SECCO PAP,UTZ029,45.8643,11.5204,ASIAGO,ASIAGO,ASIAGO,1100,26
2025-01-03 13:42:50,ST345UV,VEH005,RFD20241011025,Presente,VETRO,VETRO PAP,UTZ031,45.5447,11.9053,SAN GIORGIO DELLE PERTICHE,SAN GIORGIO DELLE PERTICHE,CAMPOSAMPIERO,1100,13
2025-01-03 14:45:20,OP012QR,VEH004,RFD20241011124,Presente,SECCO,SECCO PAP,UTZ001,45.6425,11.8512,SAN MARTINO DI LUPARI,SAN MARTINO DI LUPARI,CAMPOSAMPIERO,240,26
2025-01-03 15:01:29,IL789MN,VEH003,RFD20241014226,Non Presente,NA,PLASTICA PAP,NA,45.4290,11.7858,NA,RUBANO,RUBANO,NA,NA
2025-01-03 15:16:19,ST345UV,VEH005,RFD20241011182,Presente,VETRO,VETRO PAP,UTZ047,45.5859,11.7046,GAZZO,GAZZO,CAMPOSAMPIERO,1100,26
2025-01-03 16:17:45,IL789MN,VEH003,RFD20241011019,Presente,PLASTICA E METALLI,PLASTICA PAP,UTZ001,45.6002,12.0031,PIOMBINO DESE,PIOMBINO DESE,CAMPOSAMPIERO,770,26
2025-01-03 16:35:52,ST345UV,VEH005,RFD20241011125,Presente,VETRO,VETRO PAP,UTZ014,45.5744,11.9218,CAMPOSAMPIERO,CAMPOSAMPIERO,CAMPOSAMPIERO,1100,26
2025-01-03 16:38:08,IL789MN,VEH003,RFD20241025075,Presente,PLASTICA E METALLI,PLASTICA PAP,UTZ001,45.7967,11.7437,ROMANO D'EZZELINO,ROMANO D'EZZELINO,BASSANO,770,26
2025-01-04 06:12:52,OP012QR,VEH004,RFD20241001301,Non Presente,NA,SECCO PAP,NA,45.5658,11.9399,NA,CAMPOSAMPIERO,CAMPOSAMPIERO,NA,NA
2025-01-04 07:24:45,AB123CD,VEH001,RFD20241012118,Presente,CARTA,CARTA/CARTONE PAP,UTZ019,45.6944,11.7070,TEZZE SUL BRENTA,TEZZE SUL BRENTA,BASSANO,1100,26
2025-01-04 08:57:51,AB123CD,VEH001,RFD20241012116,Presente,CARTA,CARTA/CARTONE PAP,UTZ009,45.3959,11.7910,SELVAZZANO DENTRO,SELVAZZANO DENTRO,RUBANO,240,26
2025-01-04 14:05:09,IL789MN,VEH003,RFD20241012047,Presente,VERDE E RAMAGLIE,VERDE PAP,UTZ028,45.7549,11.7433,BASSANO DEL GRAPPA,BASSANO DEL GRAPPA,BASSANO,240,26
2025-01-04 14:46:42,IL789MN,VEH003,RFD20241008231,Non Presente,NA,VERDE PAP,NA,45.6867,11.7000,NA,TEZZE SUL BRENTA,BASSANO,NA,NA
2025-01-04 15:17:23,IL789MN,VEH003,RFD20241012089,Presente,VERDE E RAMAGLIE,VERDE PAP,UTZ017,45.7290,11.6733,NOVE,NOVE,BASSANO,240,26
2025-01-04 16:01:29,IL789MN,VEH003,RFD20241012052,Presente,VERDE E RAMAGLIE,VERDE PAP,UTZ002,45.6996,11.6386,SCHIAVON,SCHIAVON,BASSANO,1100,26
2025-01-05 07:00:00,AB123CD,VEH001,RFD20241013046,Presente,CARTA,CARTA CONT.STRADALI,UTZ035,45.3083,11.7298,GALZIGNANO TERME,GALZIGNANO TERME,RUBANO,240,26
2025-01-05 08:03:49,AB123CD,VEH001,RFD20241013130,Presente,CARTA,CARTA CONT.STRADALI,UTZ004,45.4266,11.6851,CERVARESE SANTA CROCE,CERVARESE SANTA CROCE,RUBANO,240,26
2025-01-05 08:06:05,AB123CD,VEH001,RFD20241013129,Presente,CARTA,CARTA CONT.STRADALI,UTZ031,45.6327,11.7061,CARMIGNANO DI BRENTA,CARMIGNANO DI BRENTA,CAMPOSAMPIERO,240,26
2025-01-05 08:14:02,AB123CD,VEH001,RFD20241013030,Presente,CARTA,CARTA CONT.STRADALI,UTZ001,45.6913,11.7997,ROSSANO VENETO,ROSSANO VENETO,BASSANO,1100,26
2025-01-05 08:16:46,AB123CD,VEH001,RFD20241013083,Presente,CARTA,CARTA CONT.STRADALI,UTZ030,45.3137,11.7394,GALZIGNANO TERME,GALZIGNANO TERME,RUBANO,240,26
2025-01-05 08:22:09,AB123CD,VEH001,RFD20241013167,Presente,CARTA,CARTA CONT.STRADALI,UTZ022,45.9008,11.6393,FOZA,FOZA,ASIAGO,240,26
2025-01-05 08:49:11,AB123CD,VEH001,RFD20241013172,Presente,CARTA,CARTA CONT.STRADALI,UTZ001,45.3300,11.7372,TORREGLIA,TORREGLIA,RUBANO,240,26
2025-01-06 06:09:10,AB123CD,VEH001,RFD20241001301,Non Presente,NA,SECCO PAP,NA,45.5659,11.9399,NA,CAMPOSAMPIERO,CAMPOSAMPIERO,NA,NA
2025-01-06 06:31:14,IL789MN,VEH003,RFD20241008208,Non Presente,NA,UMIDO PAP,NA,45.8667,11.5123,NA,ASIAGO,ASIAGO,NA,NA
2025-01-06 08:57:37,EF456GH,VEH002,RFD20241014011,Presente,CARTA,CARTA CONT.STRADALI,UTZ034,45.6441,11.8632,SAN MARTINO DI LUPARI,SAN MARTINO DI LUPARI,CAMPOSAMPIERO,1100,26
2025-01-06 09:33:24,AB123CD,VEH001,RFD20241014117,Presente,SECCO,SECCO PAP,UTZ001,45.6417,11.7835,CITTADELLA,CITTADELLA,CAMPOSAMPIERO,1100,26
2025-01-06 09:37:41,EF456GH,VEH002,RFD20241014191,Presente,CARTA,CARTA CONT.STRADALI,UTZ005,45.3679,11.6628,ROVOLON,ROVOLON,RUBANO,1100,26
2025-01-06 13:10:29,IL789MN,VEH003,RFD20241014226,Non Presente,NA,UMIDO CONT.STRADALI,NA,45.4293,11.7857,NA,RUBANO,RUBANO,NA,NA
2025-01-06 13:39:07,OP012QR,VEH004,RFD20241008208,Non Presente,NA,SECCO PAP,NA,45.8665,11.5122,NA,ASIAGO,ASIAGO,NA,NA
2025-01-06 14:02:10,OP012QR,VEH004,RFD20241014033,Presente,SECCO,SECCO PAP,UTZ006,45.8592,11.4004,ROTZO,ROTZO,ASIAGO,1100,26
2025-01-06 14:38:34,IL789MN,VEH003,RFD20241028145,Presente,UMIDO,UMIDO CONT.STRADALI,UTZ006,45.4283,11.7853,RUBANO,RUBANO,RUBANO,240,26
2025-01-06 15:36:30,IL789MN,VEH003,RFD20241028173,Presente,UMIDO,UMIDO CONT.STRADALI,UTZ032,45.7626,11.7419,BASSANO DEL GRAPPA,BASSANO DEL GRAPPA,BASSANO,240,26
2025-01-07 06:14:49,ST345UV,VEH005,RFD20241001301,Non Presente,NA,PULIZIA TERRIT.,NA,45.5658,11.9399,NA,CAMPOSAMPIERO,CAMPOSAMPIERO,NA,NA
2025-01-07 07:41:13,AB123CD,VEH001,RFD20241001103,Presente,CARTA,CARTA/CARTONE PAP,UTZ013,45.5659,11.9181,CAMPOSAMPIERO,CAMPOSAMPIERO,CAMPOSAMPIERO,240,26
2025-01-07 08:05:09,AB123CD,VEH001,RFD20241014226,Non Presente,NA,CARTA/CARTONE PAP,NA,45.4291,11.7856,NA,RUBANO,RUBANO,NA,NA
2025-01-07 09:28:34,IL789MN,VEH003,RFD20241001072,Presente,UMIDO,UMIDO PAP,UTZ003,45.8086,11.5992,LUSIANA CONCO,LUSIANA CONCO,ASIAGO,240,26
2025-01-07 09:40:52,EF456GH,VEH002,RFD20241210020,Presente,VETRO,VETRO PAP,UTZ006,45.5345,11.9097,SAN GIORGIO DELLE PERTICHE,SAN GIORGIO DELLE PERTICHE,CAMPOSAMPIERO,770,13
2025-01-07 09:54:01,IL789MN,VEH003,RFD20241001152,Presente,UMIDO,UMIDO PAP,UTZ037,45.4375,11.9253,CADONEGHE,CADONEGHE,CAMPOSAMPIERO,240,26
2025-01-07 13:33:39,IL789MN,VEH003,RFD20241001122,Presente,PLASTICA E METALLI,PLASTICA PAP,UTZ012,45.8053,11.7262,POVE DEL GRAPPA,POVE DEL GRAPPA,BASSANO,770,26
2025-01-07 14:17:14,ST345UV,VEH005,RFD20241001114,Presente,PLASTICA E METALLI,PLAST.CONT.STRADALI,UTZ005,45.8610,11.5202,ASIAGO,ASIAGO,ASIAGO,770,26
2025-01-07 14:23:56,IL789MN,VEH003,RFD20241001158,Presente,PLASTICA E METALLI,PLASTICA PAP,UTZ034,45.6545,11.8573,SAN MARTINO DI LUPARI,SAN MARTINO DI LUPARI,CAMPOSAMPIERO,770,26
2025-01-07 14:43:38,OP012QR,VEH004,RFD20241001181,Presente,SECCO,SECCO PAP,UTZ008,45.6544,11.6827,POZZOLEONE,POZZOLEONE,BASSANO,1100,26
2025-01-07 15:32:32,OP012QR,VEH004,RFD20241015048,Presente,SECCO,SECCO PAP,UTZ030,45.4295,11.7921,RUBANO,RUBANO,RUBANO,1100,26
2025-01-07 15:48:39,OP012QR,VEH004,RFD20241001058,Presente,SECCO,SECCO PAP,UTZ035,45.3440,11.6640,TEOLO,TEOLO,RUBANO,1100,26
2025-01-07 18:04:04,ST345UV,VEH005,RFD20241001209,Non Presente,NA,PLAST.CONT.STRADALI,NA,45.6484,11.8299,NA,TOMBOLO,CAMPOSAMPIERO,NA,NA
2025-01-08 06:20:38,IL789MN,VEH003,RFD20241001301,Non Presente,NA,UMIDO PAP,NA,45.5658,11.9399,NA,CAMPOSAMPIERO,CAMPOSAMPIERO,NA,NA
2025-01-08 06:22:56,AB123CD,VEH001,RFD20241002049,Presente,SECCO,SECCO PAP,UTZ003,45.3393,11.7381,TORREGLIA,TORREGLIA,RUBANO,1100,26
2025-01-08 08:15:50,EF456GH,VEH002,RFD20241002071,Presente,CARTA,CARTA CONT.STRADALI,UTZ033,45.4328,11.7847,RUBANO,RUBANO,RUBANO,1100,26
2025-01-08 09:12:55,EF456GH,VEH002,RFD20241002131,Presente,CARTA,CARTA CONT.STRADALI,UTZ001,45.8910,11.6337,FOZA,FOZA,ASIAGO,240,26
2025-01-08 10:14:01,AB123CD,VEH001,RFD20241002105,Presente,SECCO,SECCO PAP,UTZ002,45.7148,11.7666,ROSA',ROSA',BASSANO,240,26
2025-01-08 10:18:18,EF456GH,VEH002,RFD20241002073,Presente,CARTA,CARTA CONT.STRADALI,UTZ050,45.4021,11.7538,SACCOLONGO,SACCOLONGO,RUBANO,1100,26
2025-01-08 10:33:11,AB123CD,VEH001,RFD20241002183,Presente,SECCO,SECCO PAP,UTZ009,45.7284,11.7951,CASSOLA,CASSOLA,BASSANO,1100,26
2025-01-08 11:14:51,AB123CD,VEH001,RFD20241002088,Presente,SECCO,SECCO PAP,UTZ005,45.7999,11.6068,LUSIANA CONCO,LUSIANA CONCO,ASIAGO,1100,26
2025-01-08 12:48:12,OP012QR,VEH004,RFD20241002203,Non Presente,NA,SECCO PAP,NA,45.3696,11.6594,NA,ROVOLON,RUBANO,NA,NA
2025-01-08 13:51:10,OP012QR,VEH004,RFD20241002078,Presente,SECCO,SECCO PAP,UTZ009,45.8880,11.5489,GALLIO,GALLIO,ASIAGO,1100,26
2025-01-08 14:08:19,OP012QR,VEH004,RFD20241002094,Presente,SECCO,SECCO PAP,UTZ005,45.5788,11.9239,CAMPOSAMPIERO,CAMPOSAMPIERO,CAMPOSAMPIERO,240,26
2025-01-08 14:48:11,OP012QR,VEH004,RFD20241002184,Presente,SECCO,SECCO PAP,UTZ002,45.7699,11.7360,BASSANO DEL GRAPPA,BASSANO DEL GRAPPA,BASSANO,1100,26
2025-01-08 15:08:14,OP012QR,VEH004,RFD20241030037,Presente,SECCO,SECCO PAP,UTZ014,45.8816,11.5384,GALLIO,GALLIO,ASIAGO,1100,26
2025-01-08 16:08:51,ST345UV,VEH005,RFD20241002053,Presente,VETRO,VETRO PAP,UTZ022,45.7622,11.7437,BASSANO DEL GRAPPA,BASSANO DEL GRAPPA,BASSANO,1100,26
2025-01-08 16:11:27,IL789MN,VEH003,RFD20241002015,Presente,VERDE E RAMAGLIE,VERDE PAP,UTZ030,45.6654,11.8193,GALLIERA VENETA,GALLIERA VENETA,CAMPOSAMPIERO,1100,26
2025-01-08 17:11:37,IL789MN,VEH003,RFD20241030027,Presente,VERDE E RAMAGLIE,VERDE PAP,UTZ024,45.3836,11.9774,SAONARA,SAONARA,CAMPOSAMPIERO,240,26
2025-01-08 17:16:02,IL789MN,VEH003,RFD20241002198,Presente,VERDE E RAMAGLIE,VERDE PAP,UTZ001,45.8720,11.5269,ASIAGO,ASIAGO,ASIAGO,240,26
2025-01-09 08:50:56,AB123CD,VEH001,RFD20241003141,Presente,CARTA,CARTA/CARTONE PAP,UTZ008,45.5760,11.7105,GAZZO,GAZZO,CAMPOSAMPIERO,1100,26
2025-01-09 09:03:42,EF456GH,VEH002,RFD20241017034,Presente,VETRO,VETRO PAP,UTZ036,45.7635,11.7392,BASSANO DEL GRAPPA,BASSANO DEL GRAPPA,BASSANO,1100,13
2025-01-09 09:22:14,AB123CD,VEH001,RFD20241003096,Presente,CARTA,CARTA/CARTONE PAP,UTZ017,45.5712,11.9266,CAMPOSAMPIERO,CAMPOSAMPIERO,CAMPOSAMPIERO,1100,26
2025-01-09 10:46:00,EF456GH,VEH002,RFD20241003157,Presente,VETRO,VETRO PAP,UTZ013,45.4909,11.7441,CAMPODORO,CAMPODORO,RUBANO,1100,26
2025-01-09 13:45:07,IL789MN,VEH003,RFD20241003127,Presente,UMIDO,UMIDO CONT.STRADALI,UTZ001,45.7726,11.7287,BASSANO DEL GRAPPA,BASSANO DEL GRAPPA,BASSANO,240,26
2025-01-09 14:04:47,ST345UV,VEH005,RFD20241003138,Presente,PLASTICA E METALLI,PLAST.CONT.STRADALI,UTZ005,45.6087,11.6728,SAN PIETRO IN GU,SAN PIETRO IN GU,CAMPOSAMPIERO,770,26
2025-01-09 14:08:22,OP012QR,VEH004,RFD20241003061,Presente,SECCO,SECCO PAP,UTZ002,45.5340,11.9612,BORGORICCO,BORGORICCO,CAMPOSAMPIERO,1100,26
2025-01-09 16:26:25,OP012QR,VEH004,RFD20241003164,Presente,SECCO,SECCO PAP,UTZ003,45.7795,11.7294,BASSANO DEL GRAPPA,BASSANO DEL GRAPPA,BASSANO,240,26
2025-01-09 17:06:13,IL789MN,VEH003,RFD20241003303,Presente,UMIDO,UMIDO CONT.STRADALI,UTZ002,45.7784,11.8115,MUSSOLENTE,MUSSOLENTE,BASSANO,240,26
2025-01-09 18:54:44,OP012QR,VEH004,RFD20241001301,Non Presente,NA,SECCO PAP,NA,45.5658,11.9399,NA,CAMPOSAMPIERO,CAMPOSAMPIERO,NA,NA
2025-01-10 06:02:59,AB123CD,VEH001,RFD20241001301,Non Presente,NA,SECCO PAP,NA,45.5657,11.9400,NA,CAMPOSAMPIERO,CAMPOSAMPIERO,NA,NA
2025-01-10 06:31:10,AB123CD,VEH001,RFD20241004065,Presente,SECCO,SECCO PAP,UTZ007,45.6155,11.6652,SAN PIETRO IN GU,SAN PIETRO IN GU,CAMPOSAMPIERO,1100,26
2025-01-10 08:14:47,AB123CD,VEH001,RFD20241004003,Presente,SECCO,SECCO PAP,UTZ008,45.4364,11.7856,RUBANO,RUBANO,RUBANO,240,26
2025-01-10 09:15:24,EF456GH,VEH002,RFD20241004123,Presente,CARTA,CARTA CONT.STRADALI,UTZ032,45.6489,11.7783,CITTADELLA,CITTADELLA,CAMPOSAMPIERO,240,26
2025-01-10 09:33:38,EF456GH,VEH002,RFD20241018161,Presente,CARTA,CARTA CONT.STRADALI,UTZ034,45.5714,11.9294,CAMPOSAMPIERO,CAMPOSAMPIERO,CAMPOSAMPIERO,1100,26
2025-01-10 10:12:18,EF456GH,VEH002,RFD20241004197,Presente,CARTA,CARTA CONT.STRADALI,UTZ018,45.8648,11.5126,ASIAGO,ASIAGO,ASIAGO,240,26
2025-01-10 10:29:01,EF456GH,VEH002,RFD20241004159,Presente,CARTA,CARTA CONT.STRADALI,UTZ004,45.4415,11.7880,RUBANO,RUBANO,RUBANO,1100,26
2025-01-10 10:40:40,EF456GH,VEH002,RFD20241004028,Presente,CARTA,CARTA CONT.STRADALI,UTZ005,45.8595,11.3939,ROTZO,ROTZO,ASIAGO,240,26
2025-01-10 10:57:30,AB123CD,VEH001,RFD20241004137,Presente,SECCO,SECCO PAP,UTZ012,45.5270,11.9710,BORGORICCO,BORGORICCO,CAMPOSAMPIERO,1100,26
2025-01-10 12:00:00,OP012QR,VEH004,RFD20241101042,Presente,SECCO,SECCO PAP,UTZ001,45.3868,11.7891,SELVAZZANO DENTRO,SELVAZZANO DENTRO,RUBANO,1100,26
2025-01-10 14:49:30,IL789MN,VEH003,RFD20241004177,Presente,PLASTICA E METALLI,PLASTICA PAP,UTZ048,45.7666,11.7335,BASSANO DEL GRAPPA,BASSANO DEL GRAPPA,BASSANO,770,26
2025-01-10 15:28:46,OP012QR,VEH004,RFD20241018010,Presente,SECCO,SECCO PAP,UTZ001,45.3634,11.9847,SAONARA,SAONARA,CAMPOSAMPIERO,1100,26
2025-01-10 16:22:27,ST345UV,VEH005,RFD20241004115,Presente,VETRO,VETRO PAP,UTZ001,45.4293,11.7851,RUBANO,RUBANO,RUBANO,1100,26
2025-01-10 16:47:28,ST345UV,VEH005,RFD20241004185,Presente,VETRO,VETRO PAP,UTZ043,45.4032,11.7497,SACCOLONGO,SACCOLONGO,RUBANO,1100,26
2025-01-11 06:15:44,ST345UV,VEH005,RFD20241001301,Non Presente,NA,SERVIZI MERCATI,NA,45.5658,11.9399,NA,CAMPOSAMPIERO,CAMPOSAMPIERO,NA,NA
2025-01-11 06:19:22,EF456GH,VEH002,RFD20241001301,Non Presente,NA,VETRO PAP,NA,45.5658,11.9399,NA,CAMPOSAMPIERO,CAMPOSAMPIERO,NA,NA
2025-01-11 12:23:57,OP012QR,VEH004,RFD20241005091,Presente,SECCO,SECCO PAP,UTZ016,45.5854,11.8054,SAN GIORGIO IN BOSCO,SAN GIORGIO IN BOSCO,CAMPOSAMPIERO,1100,26
2025-01-11 13:48:55,OP012QR,VEH004,RFD20241005012,Presente,SECCO,SECCO PAP,UTZ035,45.8086,11.7284,POVE DEL GRAPPA,POVE DEL GRAPPA,BASSANO,1100,26
2025-01-11 14:51:01,IL789MN,VEH003,RFD20241005169,Presente,VERDE E RAMAGLIE,VERDE PAP,UTZ008,45.6470,11.6823,POZZOLEONE,POZZOLEONE,BASSANO,240,26
2025-01-11 15:53:04,IL789MN,VEH003,RFD20241005144,Presente,VERDE E RAMAGLIE,VERDE PAP,UTZ013,45.4201,11.6828,CERVARESE SANTA CROCE,CERVARESE SANTA CROCE,RUBANO,240,26
2025-01-11 17:24:36,IL789MN,VEH003,RFD20241005064,Presente,VERDE E RAMAGLIE,VERDE PAP,UTZ010,45.3061,11.7338,GALZIGNANO TERME,GALZIGNANO TERME,RUBANO,240,26
2025-01-12 07:02:40,AB123CD,VEH001,RFD20241006101,Presente,CARTA,CARTA CONT.STRADALI,UTZ012,45.5777,11.9329,CAMPOSAMPIERO,CAMPOSAMPIERO,CAMPOSAMPIERO,1100,26
2025-01-12 07:58:51,AB123CD,VEH001,RFD20241006174,Presente,CARTA,CARTA CONT.STRADALI,UTZ003,45.3068,11.7166,GALZIGNANO TERME,GALZIGNANO TERME,RUBANO,240,26
2025-01-12 08:49:40,AB123CD,VEH001,RFD20241006168,Presente,CARTA,CARTA CONT.STRADALI,UTZ003,45.5471,12.0105,MASSANZAGO,MASSANZAGO,CAMPOSAMPIERO,1100,26
2025-01-12 08:52:49,AB123CD,VEH001,RFD20241006180,Presente,CARTA,CARTA CONT.STRADALI,UTZ003,45.6361,11.7544,FONTANIVA,FONTANIVA,CAMPOSAMPIERO,240,26
2025-01-12 08:54:19,AB123CD,VEH001,RFD20241006007,Presente,CARTA,CARTA CONT.STRADALI,UTZ001,45.7103,11.7936,ROSSANO VENETO,ROSSANO VENETO,BASSANO,240,26
2025-01-12 08:56:55,AB123CD,VEH001,RFD20241020036,Presente,CARTA,CARTA CONT.STRADALI,UTZ007,45.6521,11.7820,CITTADELLA,CITTADELLA,CAMPOSAMPIERO,1100,26
2025-01-12 09:10:16,AB123CD,VEH001,RFD20241006192,Presente,CARTA,CARTA CONT.STRADALI,UTZ001,45.6509,11.8274,TOMBOLO,TOMBOLO,CAMPOSAMPIERO,1100,26
2025-01-12 09:30:48,AB123CD,VEH001,RFD20241006066,Presente,CARTA,CARTA CONT.STRADALI,UTZ011,45.3105,11.7323,GALZIGNANO TERME,GALZIGNANO TERME,RUBANO,1100,26
2025-01-12 10:39:42,AB123CD,VEH001,RFD20241006134,Presente,CARTA,CARTA CONT.STRADALI,UTZ001,45.5030,11.9010,CAMPODARSEGO,CAMPODARSEGO,CAMPOSAMPIERO,240,26
2025-01-12 11:06:46,AB123CD,VEH001,RFD20241006095,Presente,CARTA,CARTA CONT.STRADALI,UTZ034,45.4857,11.7453,CAMPODORO,CAMPODORO,RUBANO,1100,26
2025-01-13 06:20:03,IL789MN,VEH003,RFD20241007043,Presente,UMIDO,UMIDO PAP,UTZ001,45.7956,11.7345,POVE DEL GRAPPA,POVE DEL GRAPPA,BASSANO,240,26
2025-01-13 07:07:01,AB123CD,VEH001,RFD20241007126,Presente,SECCO,SECCO PAP,UTZ001,45.6476,11.6836,POZZOLEONE,POZZOLEONE,BASSANO,1100,26
2025-01-13 07:57:57,AB123CD,VEH001,RFD20241007113,Presente,SECCO,SECCO PAP,UTZ022,45.4249,11.7899,RUBANO,RUBANO,RUBANO,1100,26
2025-01-13 08:34:09,IL789MN,VEH003,RFD20241007142,Presente,UMIDO,UMIDO PAP,UTZ001,45.3360,11.7887,MONTEGROTTO TERME,MONTEGROTTO TERME,RUBANO,770,26
2025-01-13 09:24:38,AB123CD,VEH001,RFD20241007146,Presente,SECCO,SECCO PAP,UTZ018,45.3018,11.7335,GALZIGNANO TERME,GALZIGNANO TERME,RUBANO,240,26
2025-01-13 12:07:26,OP012QR,VEH004,RFD20241007090,Presente,SECCO,SECCO PAP,UTZ021,45.7165,11.6077,COLCERESA,COLCERESA,BASSANO,1100,26
2025-01-13 12:26:11,OP012QR,VEH004,RFD20241007190,Presente,SECCO,SECCO PAP,UTZ031,45.4335,11.7794,RUBANO,RUBANO,RUBANO,1100,26
2025-01-13 13:11:50,OP012QR,VEH004,RFD20241007193,Presente,SECCO,SECCO PAP,UTZ005,45.6645,11.8335,GALLIERA VENETA,GALLIERA VENETA,CAMPOSAMPIERO,240,26
2025-01-13 13:47:51,IL789MN,VEH003,RFD20241007067,Presente,UMIDO,UMIDO CONT.STRADALI,UTZ010,45.3994,11.7456,SACCOLONGO,SACCOLONGO,RUBANO,770,26
2025-01-13 14:03:03,ST345UV,VEH005,RFD20241007039,Presente,VETRO,VETRO PAP,UTZ025,45.5287,11.9684,BORGORICCO,BORGORICCO,CAMPOSAMPIERO,770,26
2025-01-13 14:04:48,IL789MN,VEH003,RFD20241007233,Non Presente,NA,UMIDO CONT.STRADALI,NA,45.3299,11.8014,NA,MONTEGROTTO TERME,RUBANO,NA,NA
2025-01-13 14:56:53,ST345UV,VEH005,RFD20241007076,Presente,VETRO,VETRO PAP,UTZ001,45.7717,11.7305,BASSANO DEL GRAPPA,BASSANO DEL GRAPPA,BASSANO,1100,26
2025-01-13 14:59:25,IL789MN,VEH003,RFD20241007054,Presente,UMIDO,UMIDO CONT.STRADALI,UTZ013,45.6529,11.8165,TOMBOLO,TOMBOLO,CAMPOSAMPIERO,240,26
2025-01-13 15:24:40,IL789MN,VEH003,RFD20241007148,Presente,UMIDO,UMIDO CONT.STRADALI,UTZ025,45.7743,11.7214,BASSANO DEL GRAPPA,BASSANO DEL GRAPPA,BASSANO,240,26
2025-01-13 15:41:28,ST345UV,VEH005,RFD20241007081,Presente,VETRO,VETRO PAP,UTZ003,45.7211,11.7651,ROSA',ROSA',BASSANO,1100,26
2025-01-13 17:25:34,OP012QR,VEH004,RFD20241007120,Presente,SECCO,SECCO PAP,UTZ002,45.4334,11.7851,RUBANO,RUBANO,RUBANO,1100,26
2025-01-13 18:44:30,OP012QR,VEH004,RFD20241001301,Non Presente,NA,SECCO PAP,NA,45.5658,11.9399,NA,CAMPOSAMPIERO,CAMPOSAMPIERO,NA,NA
2025-01-14 06:11:14,AB123CD,VEH001,RFD20241008171,Presente,CARTA,CARTA/CARTONE PAP,UTZ023,45.7282,11.7643,ROSA',ROSA',BASSANO,240,26
2025-01-14 06:14:36,OP012QR,VEH004,RFD20241001301,Non Presente,NA,SECCO PAP,NA,45.5657,11.9399,NA,CAMPOSAMPIERO,CAMPOSAMPIERO,NA,NA
2025-01-14 08:53:36,AB123CD,VEH001,RFD20241022136,Presente,CARTA,CARTA/CARTONE PAP,UTZ038,45.7886,11.7571,ROMANO D'EZZELINO,ROMANO D'EZZELINO,BASSANO,240,26
2025-01-14 09:07:57,EF456GH,VEH002,RFD20241008026,Presente,VETRO,VETRO PAP,UTZ008,45.7923,11.7306,POVE DEL GRAPPA,POVE DEL GRAPPA,BASSANO,1100,26
2025-01-14 10:29:00,AB123CD,VEH001,RFD20241008062,Presente,CARTA,CARTA/CARTONE PAP,UTZ002,45.3629,11.6655,ROVOLON,ROVOLON,RUBANO,1100,26
2025-01-14 10:34:41,IL789MN,VEH003,RFD20241008059,Presente,UMIDO,UMIDO PAP,UTZ001,45.4022,11.7943,SELVAZZANO DENTRO,SELVAZZANO DENTRO,RUBANO,240,26
2025-01-14 12:45:13,OP012QR,VEH004,RFD20241008077,Presente,SECCO,SECCO PAP,UTZ024,45.3617,11.6635,ROVOLON,ROVOLON,RUBANO,1100,26
2025-01-14 13:13:48,ST345UV,VEH005,RFD20241008023,Presente,PLASTICA E METALLI,PLAST.CONT.STRADALI,UTZ027,45.3020,11.7242,GALZIGNANO TERME,GALZIGNANO TERME,RUBANO,770,26
2025-01-14 13:20:57,OP012QR,VEH004,RFD20241008155,Presente,SECCO,SECCO PAP,UTZ002,45.8754,11.5202,ASIAGO,ASIAGO,ASIAGO,240,26
2025-01-14 13:40:11,OP012QR,VEH004,RFD20241008102,Presente,SECCO,SECCO PAP,UTZ024,45.8899,11.6269,FOZA,FOZA,ASIAGO,1100,26
2025-01-14 15:41:56,IL789MN,VEH003,RFD20241008032,Presente,PLASTICA E METALLI,PLASTICA PAP,UTZ026,45.3981,11.7487,SACCOLONGO,SACCOLONGO,RUBANO,770,26
2025-01-14 16:19:38,ST345UV,VEH005,RFD20241008187,Presente,PLASTICA E METALLI,PLAST.CONT.STRADALI,UTZ002,45.6584,11.8265,GALLIERA VENETA,GALLIERA VENETA,CAMPOSAMPIERO,770,26
2025-01-14 16:24:05,OP012QR,VEH004,RFD20241008099,Presente,SECCO,SECCO PAP,UTZ015,45.7174,11.7677,ROSA',ROSA',BASSANO,1100,26
2025-01-15 06:55:38,AB123CD,VEH001,RFD20241009151,Presente,SECCO,SECCO PAP,UTZ026,45.5939,11.9394,LOREGGIA,LOREGGIA,CAMPOSAMPIERO,240,26
2025-01-15 07:47:02,AB123CD,VEH001,RFD20241009041,Presente,SECCO,SECCO PAP,UTZ001,45.5654,11.8987,SANTA GIUSTINA IN COLLE,SANTA GIUSTINA IN COLLE,CAMPOSAMPIERO,1100,26
2025-01-15 08:00:52,AB123CD,VEH001,RFD20241009128,Presente,SECCO,SECCO PAP,UTZ002,45.4111,11.7370,SACCOLONGO,SACCOLONGO,RUBANO,1100,26
2025-01-15 08:38:08,AB123CD,VEH001,RFD20241009189,Presente,SECCO,SECCO PAP,UTZ002,45.4232,11.7901,RUBANO,RUBANO,RUBANO,1100,26
2025-01-15 09:26:43,AB123CD,VEH001,RFD20241009111,Presente,SECCO,SECCO PAP,UTZ042,45.6085,11.6742,SAN PIETRO IN GU,SAN PIETRO IN GU,CAMPOSAMPIERO,240,26
2025-01-15 09:39:21,AB123CD,VEH001,RFD20241009093,Presente,SECCO,SECCO PAP,UTZ001,45.7098,11.7972,ROSSANO VENETO,ROSSANO VENETO,BASSANO,1100,26
2025-01-15 10:34:35,AB123CD,VEH001,RFD20241009106,Presente,SECCO,SECCO PAP,UTZ004,45.7670,11.7354,BASSANO DEL GRAPPA,BASSANO DEL GRAPPA,BASSANO,240,26
2025-01-15 10:49:05,AB123CD,VEH001,RFD20241009227,Non Presente,NA,SECCO PAP,NA,45.8964,11.5508,NA,GALLIO,ASIAGO,NA,NA
2025-01-15 11:13:36,AB123CD,VEH001,RFD20241009108,Presente,SECCO,SECCO PAP,UTZ003,45.6954,11.7107,TEZZE SUL BRENTA,TEZZE SUL BRENTA,BASSANO,240,26
2025-01-15 11:15:00,EF456GH,VEH002,RFD20241009218,Non Presente,NA,CARTA CONT.STRADALI,NA,45.5589,11.9135,NA,SANTA GIUSTINA IN COLLE,CAMPOSAMPIERO,NA,NA
2025-01-15 13:58:37,ST345UV,VEH005,RFD20241009150,Presente,VETRO,VETRO PAP,UTZ027,45.5794,11.9324,CAMPOSAMPIERO,CAMPOSAMPIERO,CAMPOSAMPIERO,1100,26
2025-01-15 14:01:33,OP012QR,VEH004,RFD20241009107,Presente,SECCO,SECCO PAP,UTZ033,45.5706,11.9321,CAMPOSAMPIERO,CAMPOSAMPIERO,CAMPOSAMPIERO,1100,26
2025-01-15 14:48:27,IL789MN,VEH003,RFD20241009205,Non Presente,NA,VERDE PAP,NA,45.8678,11.5017,NA,ASIAGO,ASIAGO,NA,NA
2025-01-15 15:38:24,OP012QR,VEH004,RFD20241009085,Presente,SECCO,SECCO PAP,UTZ016,45.4844,11.8335,LIMENA,LIMENA,RUBANO,1100,26
2025-01-15 16:25:25,OP012QR,VEH004,RFD20241009140,Presente,SECCO,SECCO PAP,UTZ002,45.9450,11.7212,ENEGO,ENEGO,ASIAGO,1100,26
2025-01-15 18:52:13,OP012QR,VEH004,RFD20241001301,Non Presente,NA,SECCO PAP,NA,45.5657,11.9399,NA,CAMPOSAMPIERO,CAMPOSAMPIERO,NA,NA
2025-01-16 06:15:00,AB123CD,VEH001,RFD20241001301,Non Presente,NA,CARTA/CARTONE PAP,NA,45.5658,11.9399,NA,CAMPOSAMPIERO,CAMPOSAMPIERO,NA,NA
2025-01-16 08:12:29,IL789MN,VEH003,RFD20241010068,Presente,UMIDO,UMIDO PAP,UTZ004,45.4896,11.7451,CAMPODORO,CAMPODORO,RUBANO,240,26
2025-01-16 10:08:35,AB123CD,VEH001,RFD20241010194,Presente,CARTA,CARTA/CARTONE PAP,UTZ017,45.7813,11.7309,BASSANO DEL GRAPPA,BASSANO DEL GRAPPA,BASSANO,240,26
2025-01-16 10:20:52,AB123CD,VEH001,RFD20241010013,Presente,CARTA,CARTA/CARTONE PAP,UTZ009,45.7805,11.7403,BASSANO DEL GRAPPA,BASSANO DEL GRAPPA,BASSANO,1100,26
2025-01-16 14:05:50,IL789MN,VEH003,RFD20241010178,Presente,UMIDO,UMIDO CONT.STRADALI,UTZ004,45.6590,11.8251,GALLIERA VENETA,GALLIERA VENETA,CAMPOSAMPIERO,240,26
2025-01-16 14:12:07,ST345UV,VEH005,RFD20241010022,Presente,PLASTICA E METALLI,PLAST.CONT.STRADALI,UTZ032,45.3665,11.9841,SAONARA,SAONARA,CAMPOSAMPIERO,770,26
2025-01-16 14:42:30,OP012QR,VEH004,RFD20241027216,Non Presente,NA,SECCO PAP,NA,45.4482,11.7531,NA,MESTRINO,RUBANO,NA,NA
2025-01-16 14:55:52,IL789MN,VEH003,RFD20241010195,Presente,UMIDO,UMIDO CONT.STRADALI,UTZ049,45.3154,11.7322,GALZIGNANO TERME,GALZIGNANO TERME,RUBANO,240,26
2025-01-16 14:56:21,IL789MN,VEH003,RFD20241010109,Presente,UMIDO,UMIDO CONT.STRADALI,UTZ018,45.7768,11.7331,BASSANO DEL GRAPPA,BASSANO DEL GRAPPA,BASSANO,770,26
2025-01-16 15:19:48,OP012QR,VEH004,RFD20241010119,Presente,SECCO,SECCO PAP,UTZ002,45.5623,11.9076,SANTA GIUSTINA IN COLLE,SANTA GIUSTINA IN COLLE,CAMPOSAMPIERO,1100,26
2025-01-16 15:23:51,ST345UV,VEH005,RFD20241010079,Presente,PLASTICA E METALLI,PLAST.CONT.STRADALI,UTZ004,45.8871,11.6252,FOZA,FOZA,ASIAGO,770,26
2025-01-16 15:29:36,ST345UV,VEH005,RFD20241010154,Presente,PLASTICA E METALLI,PLAST.CONT.STRADALI,UTZ005,45.8643,11.5160,ASIAGO,ASIAGO,ASIAGO,770,26
2025-01-16 16:48:24,OP012QR,VEH004,RFD20241010074,Presente,SECCO,SECCO PAP,UTZ006,45.6264,11.7052,CARMIGNANO DI BRENTA,CARMIGNANO DI BRENTA,CAMPOSAMPIERO,1100,26
2025-01-16 16:48:57,OP012QR,VEH004,RFD20241010069,Presente,SECCO,SECCO PAP,UTZ020,45.7310,11.7590,ROSA',ROSA',BASSANO,240,26
2025-01-17 06:13:12,EF456GH,VEH002,RFD20241001301,Non Presente,NA,CARTA CONT.STRADALI,NA,45.5659,11.9399,NA,CAMPOSAMPIERO,CAMPOSAMPIERO,NA,NA
2025-01-17 06:53:19,AB123CD,VEH001,RFD20241011132,Presente,SECCO,SECCO PAP,UTZ001,45.5772,11.9310,CAMPOSAMPIERO,CAMPOSAMPIERO,CAMPOSAMPIERO,1100,26
2025-01-17 07:53:38,AB123CD,VEH001,RFD20241009227,Non Presente,NA,SECCO PAP,NA,45.8965,11.5508,NA,GALLIO,ASIAGO,NA,NA
2025-01-17 08:10:01,EF456GH,VEH002,RFD20241011223,Non Presente,NA,CARTA CONT.STRADALI,NA,45.9025,11.6323,NA,FOZA,ASIAGO,NA,NA
2025-01-17 08:19:04,AB123CD,VEH001,RFD20241025029,Presente,SECCO,SECCO PAP,UTZ001,45.7801,11.7921,MUSSOLENTE,MUSSOLENTE,BASSANO,240,26
2025-01-17 09:12:05,IL789MN,VEH003,RFD20241031225,Non Presente,NA,UMIDO PAP,NA,45.5473,11.8188,NA,CAMPO SAN MARTINO,CAMPOSAMPIERO,NA,NA
2025-01-17 09:28:47,AB123CD,VEH001,RFD20241011139,Presente,SECCO,SECCO PAP,UTZ002,45.6196,11.6597,SAN PIETRO IN GU,SAN PIETRO IN GU,CAMPOSAMPIERO,1100,26
2025-01-17 12:01:48,AB123CD,VEH001,RFD20241025196,Presente,SECCO,SECCO PAP,UTZ029,45.8644,11.5203,ASIAGO,ASIAGO,ASIAGO,1100,26
2025-01-17 13:41:08,OP012QR,VEH004,RFD20241011121,Presente,SECCO,SECCO PAP,UTZ015,45.4087,11.7483,SACCOLONGO,SACCOLONGO,RUBANO,1100,26
2025-01-17 13:53:28,ST345UV,VEH005,RFD20241025175,Presente,VETRO,VETRO PAP,UTZ006,45.4899,11.7536,CAMPODORO,CAMPODORO,RUBANO,1100,13
2025-01-17 14:04:09,ST345UV,VEH005,RFD20241025087,Presente,VETRO,VETRO PAP,UTZ021,45.4923,11.8968,CAMPODARSEGO,CAMPODARSEGO,CAMPOSAMPIERO,1100,13
2025-01-17 14:51:24,ST345UV,VEH005,RFD20241025060,Presente,VETRO,VETRO PAP,UTZ003,45.3334,11.7958,MONTEGROTTO TERME,MONTEGROTTO TERME,RUBANO,1100,13
2025-01-17 14:53:46,ST345UV,VEH005,RFD20241011182,Presente,VETRO,VETRO PAP,UTZ047,45.5858,11.7047,GAZZO,GAZZO,CAMPOSAMPIERO,1100,26
2025-01-17 14:59:29,ST345UV,VEH005,RFD20241025031,Presente,VETRO,VETRO PAP,UTZ026,45.7759,11.7461,BASSANO DEL GRAPPA,BASSANO DEL GRAPPA,BASSANO,1100,13
2025-01-17 15:44:32,ST345UV,VEH005,RFD20241011125,Presente,VETRO,VETRO PAP,UTZ014,45.5744,11.9220,CAMPOSAMPIERO,CAMPOSAMPIERO,CAMPOSAMPIERO,1100,26
2025-01-17 16:28:33,IL789MN,VEH003,RFD20241011019,Presente,PLASTICA E METALLI,PLASTICA PAP,UTZ001,45.6001,12.0032,PIOMBINO DESE,PIOMBINO DESE,CAMPOSAMPIERO,770,26
2025-01-17 16:34:56,IL789MN,VEH003,RFD20241025075,Presente,PLASTICA E METALLI,PLASTICA PAP,UTZ001,45.7966,11.7437,ROMANO D'EZZELINO,ROMANO D'EZZELINO,BASSANO,770,26
2025-01-17 17:40:47,OP012QR,VEH004,RFD20241011004,Presente,SECCO,SECCO PAP,UTZ024,45.7922,11.7673,ROMANO D'EZZELINO,ROMANO D'EZZELINO,BASSANO,240,26
2025-01-18 07:19:04,AB123CD,VEH001,RFD20241012118,Presente,CARTA,CARTA/CARTONE PAP,UTZ019,45.6943,11.7069,TEZZE SUL BRENTA,TEZZE SUL BRENTA,BASSANO,1100,26
2025-01-18 09:02:53,AB123CD,VEH001,RFD20241012116,Presente,CARTA,CARTA/CARTONE PAP,UTZ009,45.3961,11.7910,SELVAZZANO DENTRO,SELVAZZANO DENTRO,RUBANO,240,26
2025-01-18 12:03:49,OP012QR,VEH004,RFD20241012082,Presente,SECCO,SECCO PAP,UTZ001,45.6589,11.8291,GALLIERA VENETA,GALLIERA VENETA,CAMPOSAMPIERO,240,26
2025-01-18 14:26:46,IL789MN,VEH003,RFD20241012047,Presente,VERDE E RAMAGLIE,VERDE PAP,UTZ028,45.7547,11.7432,BASSANO DEL GRAPPA,BASSANO DEL GRAPPA,BASSANO,240,26
2025-01-18 15:09:25,OP012QR,VEH004,RFD20241007233,Non Presente,NA,SECCO PAP,NA,45.3298,11.8013,NA,MONTEGROTTO TERME,RUBANO,NA,NA
2025-01-18 15:31:39,IL789MN,VEH003,RFD20241012052,Presente,VERDE E RAMAGLIE,VERDE PAP,UTZ002,45.6996,11.6389,SCHIAVON,SCHIAVON,BASSANO,1100,26
2025-01-18 15:41:24,IL789MN,VEH003,RFD20241012089,Presente,VERDE E RAMAGLIE,VERDE PAP,UTZ017,45.7288,11.6733,NOVE,NOVE,BASSANO,240,26
2025-01-18 15:45:13,IL789MN,VEH003,RFD20241008231,Non Presente,NA,VERDE PAP,NA,45.6867,11.7002,NA,TEZZE SUL BRENTA,BASSANO,NA,NA
2025-01-18 18:45:43,IL789MN,VEH003,RFD20241001301,Non Presente,NA,VERDE PAP,NA,45.5657,11.9399,NA,CAMPOSAMPIERO,CAMPOSAMPIERO,NA,NA
2025-01-19 07:17:19,AB123CD,VEH001,RFD20241013046,Presente,CARTA,CARTA CONT.STRADALI,UTZ035,45.3084,11.7299,GALZIGNANO TERME,GALZIGNANO TERME,RUBANO,240,26
2025-01-19 07:41:58,AB123CD,VEH001,RFD20241013167,Presente,CARTA,CARTA CONT.STRADALI,UTZ022,45.9006,11.6393,FOZA,FOZA,ASIAGO,240,26
2025-01-19 07:46:28,AB123CD,VEH001,RFD20241013130,Presente,CARTA,CARTA CONT.STRADALI,UTZ004,45.4268,11.6850,CERVARESE SANTA CROCE,CERVARESE SANTA CROCE,RUBANO,240,26
2025-01-19 07:57:29,AB123CD,VEH001,RFD20241013129,Presente,CARTA,CARTA CONT.STRADALI,UTZ031,45.6327,11.7063,CARMIGNANO DI BRENTA,CARMIGNANO DI BRENTA,CAMPOSAMPIERO,240,26
2025-01-19 08:14:10,AB123CD,VEH001,RFD20241013030,Presente,CARTA,CARTA CONT.STRADALI,UTZ001,45.6914,11.7998,ROSSANO VENETO,ROSSANO VENETO,BASSANO,1100,26
2025-01-19 08:45:47,AB123CD,VEH001,RFD20241013083,Presente,CARTA,CARTA CONT.STRADALI,UTZ030,45.3137,11.7396,GALZIGNANO TERME,GALZIGNANO TERME,RUBANO,240,26
2025-01-19 09:02:47,AB123CD,VEH001,RFD20241013172,Presente,CARTA,CARTA CONT.STRADALI,UTZ001,45.3302,11.7373,TORREGLIA,TORREGLIA,RUBANO,240,26
2025-01-20 07:20:28,IL789MN,VEH003,RFD20241008208,Non Presente,NA,UMIDO PAP,NA,45.8666,11.5123,NA,ASIAGO,ASIAGO,NA,NA
2025-01-20 08:50:25,EF456GH,VEH002,RFD20241014011,Presente,CARTA,CARTA CONT.STRADALI,UTZ034,45.6444,11.8628,SAN MARTINO DI LUPARI,SAN MARTINO DI LUPARI,CAMPOSAMPIERO,1100,26
2025-01-20 09:30:47,AB123CD,VEH001,RFD20241014117,Presente,SECCO,SECCO PAP,UTZ001,45.6417,11.7835,CITTADELLA,CITTADELLA,CAMPOSAMPIERO,1100,26
2025-01-20 09:47:55,EF456GH,VEH002,RFD20241014191,Presente,CARTA,CARTA CONT.STRADALI,UTZ005,45.3678,11.6628,ROVOLON,ROVOLON,RUBANO,1100,26
2025-01-20 14:45:35,IL789MN,VEH003,RFD20241028145,Presente,UMIDO,UMIDO CONT.STRADALI,UTZ006,45.4285,11.7851,RUBANO,RUBANO,RUBANO,240,26
2025-01-20 14:53:14,IL789MN,VEH003,RFD20241028173,Presente,UMIDO,UMIDO CONT.STRADALI,UTZ032,45.7626,11.7416,BASSANO DEL GRAPPA,BASSANO DEL GRAPPA,BASSANO,240,26
2025-01-20 16:20:35,OP012QR,VEH004,RFD20241028163,Presente,SECCO,SECCO PAP,UTZ003,45.7273,11.7666,ROSA',ROSA',BASSANO,1100,26
2025-01-20 18:31:38,ST345UV,VEH005,RFD20241001301,Non Presente,NA,VETRO PAP,NA,45.5657,11.9399,NA,CAMPOSAMPIERO,CAMPOSAMPIERO,NA,NA
2025-01-21 06:18:35,IL789MN,VEH003,RFD20241001301,Non Presente,NA,UMIDO PAP,NA,45.5658,11.9399,NA,CAMPOSAMPIERO,CAMPOSAMPIERO,NA,NA
2025-01-21 07:57:52,AB123CD,VEH001,RFD20241001103,Presente,CARTA,CARTA/CARTONE PAP,UTZ013,45.5662,11.9179,CAMPOSAMPIERO,CAMPOSAMPIERO,CAMPOSAMPIERO,240,26
2025-01-21 08:20:02,AB123CD,VEH001,RFD20241001040,Presente,CARTA,CARTA/CARTONE PAP,UTZ006,45.4759,11.8478,LIMENA,LIMENA,RUBANO,240,26
2025-01-21 09:41:17,IL789MN,VEH003,RFD20241001072,Presente,UMIDO,UMIDO PAP,UTZ003,45.8086,11.5991,LUSIANA CONCO,LUSIANA CONCO,ASIAGO,240,26
2025-01-21 09:51:09,IL789MN,VEH003,RFD20241001152,Presente,UMIDO,UMIDO PAP,UTZ037,45.4376,11.9252,CADONEGHE,CADONEGHE,CAMPOSAMPIERO,240,26
2025-01-21 13:02:16,IL789MN,VEH003,RFD20241001122,Presente,PLASTICA E METALLI,PLASTICA PAP,UTZ012,45.8052,11.7263,POVE DEL GRAPPA,POVE DEL GRAPPA,BASSANO,770,26
2025-01-21 14:31:54,ST345UV,VEH005,RFD20241001114,Presente,PLASTICA E METALLI,PLAST.CONT.STRADALI,UTZ005,45.8609,11.5203,ASIAGO,ASIAGO,ASIAGO,770,26
2025-01-21 14:33:47,OP012QR,VEH004,RFD20241001181,Presente,SECCO,SECCO PAP,UTZ008,45.6545,11.6827,POZZOLEONE,POZZOLEONE,BASSANO,1100,26
2025-01-21 14:35:10,IL789MN,VEH003,RFD20241001158,Presente,PLASTICA E METALLI,PLASTICA PAP,UTZ034,45.6545,11.8575,SAN MARTINO DI LUPARI,SAN MARTINO DI LUPARI,CAMPOSAMPIERO,770,26
2025-01-21 15:22:29,OP012QR,VEH004,RFD20241015048,Presente,SECCO,SECCO PAP,UTZ030,45.4293,11.7922,RUBANO,RUBANO,RUBANO,1100,26
2025-01-21 15:53:35,OP012QR,VEH004,RFD20241001058,Presente,SECCO,SECCO PAP,UTZ035,45.3438,11.6636,TEOLO,TEOLO,RUBANO,1100,26
2025-01-21 17:04:10,ST345UV,VEH005,RFD20241001209,Non Presente,NA,PLAST.CONT.STRADALI,NA,45.6484,11.8300,NA,TOMBOLO,CAMPOSAMPIERO,NA,NA
2025-01-22 06:06:57,IL789MN,VEH003,RFD20241001301,Non Presente,NA,UMIDO PAP,NA,45.5658,11.9400,NA,CAMPOSAMPIERO,CAMPOSAMPIERO,NA,NA
2025-01-22 06:56:08,AB123CD,VEH001,RFD20241002049,Presente,SECCO,SECCO PAP,UTZ003,45.3393,11.7382,TORREGLIA,TORREGLIA,RUBANO,1100,26
2025-01-22 07:31:30,EF456GH,VEH002,RFD20241002071,Presente,CARTA,CARTA CONT.STRADALI,UTZ033,45.4327,11.7846,RUBANO,RUBANO,RUBANO,1100,26
2025-01-22 09:19:21,EF456GH,VEH002,RFD20241002073,Presente,CARTA,CARTA CONT.STRADALI,UTZ050,45.4022,11.7537,SACCOLONGO,SACCOLONGO,RUBANO,1100,26
2025-01-22 09:21:43,EF456GH,VEH002,RFD20241002131,Presente,CARTA,CARTA CONT.STRADALI,UTZ001,45.8910,11.6337,FOZA,FOZA,ASIAGO,240,26
2025-01-22 09:33:59,AB123CD,VEH001,RFD20241002105,Presente,SECCO,SECCO PAP,UTZ002,45.7146,11.7668,ROSA',ROSA',BASSANO,240,26
2025-01-22 10:21:11,AB123CD,VEH001,RFD20241002183,Presente,SECCO,SECCO PAP,UTZ009,45.7282,11.7950,CASSOLA,CASSOLA,BASSANO,1100,26
2025-01-22 11:53:26,AB123CD,VEH001,RFD20241002088,Presente,SECCO,SECCO PAP,UTZ005,45.7998,11.6067,LUSIANA CONCO,LUSIANA CONCO,ASIAGO,1100,26
2025-01-22 13:27:53,OP012QR,VEH004,RFD20241002203,Non Presente,NA,SECCO PAP,NA,45.3696,11.6596,NA,ROVOLON,RUBANO,NA,NA
2025-01-22 13:47:23,OP012QR,VEH004,RFD20241002078,Presente,SECCO,SECCO PAP,UTZ009,45.8880,11.5487,GALLIO,GALLIO,ASIAGO,1100,26
2025-01-22 14:16:48,IL789MN,VEH003,RFD20241002217,Non Presente,NA,VERDE PAP,NA,45.6307,11.6936,NA,CARMIGNANO DI BRENTA,CAMPOSAMPIERO,NA,NA
2025-01-22 14:35:25,ST345UV,VEH005,RFD20241002229,Non Presente,NA,VETRO PAP,NA,45.7207,11.6122,NA,COLCERESA,BASSANO,NA,NA
2025-01-22 14:41:56,OP012QR,VEH004,RFD20241002184,Presente,SECCO,SECCO PAP,UTZ002,45.7697,11.7361,BASSANO DEL GRAPPA,BASSANO DEL GRAPPA,BASSANO,1100,26
2025-01-22 14:47:08,IL789MN,VEH003,RFD20241016234,Non Presente,NA,VERDE PAP,NA,45.5601,11.8172,NA,CAMPO SAN MARTINO,CAMPOSAMPIERO,NA,NA
2025-01-22 14:49:25,OP012QR,VEH004,RFD20241002094,Presente,SECCO,SECCO PAP,UTZ005,45.5788,11.9240,CAMPOSAMPIERO,CAMPOSAMPIERO,CAMPOSAMPIERO,240,26
2025-01-22 15:03:53,OP012QR,VEH004,RFD20241030037,Presente,SECCO,SECCO PAP,UTZ014,45.8815,11.5387,GALLIO,GALLIO,ASIAGO,1100,26
2025-01-22 16:16:51,ST345UV,VEH005,RFD20241002053,Presente,VETRO,VETRO PAP,UTZ022,45.7620,11.7437,BASSANO DEL GRAPPA,BASSANO DEL GRAPPA,BASSANO,1100,26
2025-01-22 16:36:35,IL789MN,VEH003,RFD20241002198,Presente,VERDE E RAMAGLIE,VERDE PAP,UTZ001,45.8721,11.5267,ASIAGO,ASIAGO,ASIAGO,240,26
2025-01-22 17:40:42,IL789MN,VEH003,RFD20241030027,Presente,VERDE E RAMAGLIE,VERDE PAP,UTZ024,45.3837,11.9774,SAONARA,SAONARA,CAMPOSAMPIERO,240,26
2025-01-23 06:06:22,EF456GH,VEH002,RFD20241001301,Non Presente,NA,VETRO PAP,NA,45.5659,11.9399,NA,CAMPOSAMPIERO,CAMPOSAMPIERO,NA,NA
2025-01-23 06:07:25,EF456GH,VEH002,RFD20241001301,Non Presente,NA,VETRO PAP,NA,45.5658,11.9399,NA,CAMPOSAMPIERO,CAMPOSAMPIERO,NA,NA
2025-01-23 07:05:38,AB123CD,VEH001,RFD20241017188,Presente,CARTA,CARTA/CARTONE PAP,UTZ015,45.5558,12.0155,MASSANZAGO,MASSANZAGO,CAMPOSAMPIERO,240,26
2025-01-23 08:24:24,AB123CD,VEH001,RFD20241003141,Presente,CARTA,CARTA/CARTONE PAP,UTZ008,45.5761,11.7105,GAZZO,GAZZO,CAMPOSAMPIERO,1100,26
2025-01-23 08:38:36,IL789MN,VEH003,RFD20250123207,Non Presente,NA,UMIDO PAP,NA,45.5926,11.9398,NA,LOREGGIA,CAMPOSAMPIERO,NA,NA
2025-01-23 08:39:56,AB123CD,VEH001,RFD20241031097,Presente,CARTA,CARTA/CARTONE PAP,UTZ011,45.6008,11.8145,SAN GIORGIO IN BOSCO,SAN GIORGIO IN BOSCO,CAMPOSAMPIERO,1100,26
2025-01-23 09:24:08,AB123CD,VEH001,RFD20241003096,Presente,CARTA,CARTA/CARTONE PAP,UTZ017,45.5711,11.9265,CAMPOSAMPIERO,CAMPOSAMPIERO,CAMPOSAMPIERO,1100,26
2025-01-23 10:23:01,EF456GH,VEH002,RFD20241003157,Presente,VETRO,VETRO PAP,UTZ013,45.4909,11.7440,CAMPODORO,CAMPODORO,RUBANO,1100,26
2025-01-23 10:31:00,EF456GH,VEH002,RFD20250123212,Non Presente,NA,VETRO PAP,NA,45.4273,11.7902,NA,RUBANO,RUBANO,NA,NA
2025-01-23 12:46:30,EF456GH,VEH002,RFD20241003230,Non Presente,NA,VETRO PAP,NA,45.6961,11.6363,NA,SCHIAVON,BASSANO,NA,NA
2025-01-23 13:39:32,IL789MN,VEH003,RFD20241003127,Presente,UMIDO,UMIDO CONT.STRADALI,UTZ001,45.7726,11.7290,BASSANO DEL GRAPPA,BASSANO DEL GRAPPA,BASSANO,240,26
2025-01-23 14:07:38,ST345UV,VEH005,RFD20241003138,Presente,PLASTICA E METALLI,PLAST.CONT.STRADALI,UTZ005,45.6087,11.6728,SAN PIETRO IN GU,SAN PIETRO IN GU,CAMPOSAMPIERO,770,26
2025-01-23 14:32:52,OP012QR,VEH004,RFD20241003061,Presente,SECCO,SECCO PAP,UTZ002,45.5341,11.9616,BORGORICCO,BORGORICCO,CAMPOSAMPIERO,1100,26
2025-01-23 16:29:56,OP012QR,VEH004,RFD20241003164,Presente,SECCO,SECCO PAP,UTZ003,45.7795,11.7296,BASSANO DEL GRAPPA,BASSANO DEL GRAPPA,BASSANO,240,26
2025-01-23 16:42:23,IL789MN,VEH003,RFD20241003303,Presente,UMIDO,UMIDO CONT.STRADALI,UTZ002,45.7873,11.8088,MUSSOLENTE,MUSSOLENTE,BASSANO,240,26
2025-01-24 06:08:00,IL789MN,VEH003,RFD20241001301,Non Presente,NA,UMIDO PAP,NA,45.5658,11.9400,NA,CAMPOSAMPIERO,CAMPOSAMPIERO,NA,NA
2025-01-24 08:32:48,EF456GH,VEH002,RFD20241004123,Presente,CARTA,CARTA CONT.STRADALI,UTZ032,45.6490,11.7781,CITTADELLA,CITTADELLA,CAMPOSAMPIERO,240,26
2025-01-24 08:36:43,AB123CD,VEH001,RFD20241004003,Presente,SECCO,SECCO PAP,UTZ008,45.4363,11.7855,RUBANO,RUBANO,RUBANO,240,26
2025-01-24 10:38:15,AB123CD,VEH001,RFD20241004137,Presente,SECCO,SECCO PAP,UTZ012,45.5274,11.9712,BORGORICCO,BORGORICCO,CAMPOSAMPIERO,1100,26
2025-01-24 10:45:32,EF456GH,VEH002,RFD20241004159,Presente,CARTA,CARTA CONT.STRADALI,UTZ004,45.4412,11.7882,RUBANO,RUBANO,RUBANO,1100,26
2025-01-24 10:49:12,EF456GH,VEH002,RFD20241004197,Presente,CARTA,CARTA CONT.STRADALI,UTZ018,45.8647,11.5125,ASIAGO,ASIAGO,ASIAGO,240,26
2025-01-24 11:24:10,EF456GH,VEH002,RFD20241004028,Presente,CARTA,CARTA CONT.STRADALI,UTZ005,45.8597,11.3938,ROTZO,ROTZO,ASIAGO,240,26
2025-01-24 12:06:30,OP012QR,VEH004,RFD20241101042,Presente,SECCO,SECCO PAP,UTZ001,45.3868,11.7892,SELVAZZANO DENTRO,SELVAZZANO DENTRO,RUBANO,1100,26
2025-01-24 14:02:39,OP012QR,VEH004,RFD20241004044,Presente,SECCO,SECCO PAP,UTZ009,45.6809,11.6937,TEZZE SUL BRENTA,TEZZE SUL BRENTA,BASSANO,240,26
2025-01-24 15:28:44,OP012QR,VEH004,RFD20241018010,Presente,SECCO,SECCO PAP,UTZ001,45.3632,11.9847,SAONARA,SAONARA,CAMPOSAMPIERO,1100,26
2025-01-24 16:44:13,ST345UV,VEH005,RFD20241004115,Presente,VETRO,VETRO PAP,UTZ001,45.4290,11.7847,RUBANO,RUBANO,RUBANO,1100,26
2025-01-24 16:50:21,ST345UV,VEH005,RFD20241004185,Presente,VETRO,VETRO PAP,UTZ043,45.4033,11.7497,SACCOLONGO,SACCOLONGO,RUBANO,1100,26
2025-01-25 06:14:58,AB123CD,VEH001,RFD20241001301,Non Presente,NA,CARTA/CARTONE PAP,NA,45.5658,11.9398,NA,CAMPOSAMPIERO,CAMPOSAMPIERO,NA,NA
2025-01-25 12:38:06,OP012QR,VEH004,RFD20241005091,Presente,SECCO,SECCO PAP,UTZ016,45.5851,11.8054,SAN GIORGIO IN BOSCO,SAN GIORGIO IN BOSCO,CAMPOSAMPIERO,1100,26
2025-01-25 14:03:31,OP012QR,VEH004,RFD20241005012,Presente,SECCO,SECCO PAP,UTZ035,45.8088,11.7286,POVE DEL GRAPPA,POVE DEL GRAPPA,BASSANO,1100,26
2025-01-25 15:17:29,IL789MN,VEH003,RFD20241005169,Presente,VERDE E RAMAGLIE,VERDE PAP,UTZ008,45.6471,11.6823,POZZOLEONE,POZZOLEONE,BASSANO,240,26
2025-01-25 15:33:57,OP012QR,VEH004,RFD20241019135,Presente,SECCO,SECCO PAP,UTZ019,45.6499,11.8547,SAN MARTINO DI LUPARI,SAN MARTINO DI LUPARI,CAMPOSAMPIERO,240,26
2025-01-25 16:35:59,IL789MN,VEH003,RFD20241005144,Presente,VERDE E RAMAGLIE,VERDE PAP,UTZ013,45.4200,11.6830,CERVARESE SANTA CROCE,CERVARESE SANTA CROCE,RUBANO,240,26
2025-01-25 17:26:12,IL789MN,VEH003,RFD20241005064,Presente,VERDE E RAMAGLIE,VERDE PAP,UTZ010,45.3062,11.7336,GALZIGNANO TERME,GALZIGNANO TERME,RUBANO,240,26
2025-01-26 07:00:00,AB123CD,VEH001,RFD20241006101,Presente,CARTA,CARTA CONT.STRADALI,UTZ012,45.5775,11.9328,CAMPOSAMPIERO,CAMPOSAMPIERO,CAMPOSAMPIERO,1100,26
2025-01-26 07:21:22,AB123CD,VEH001,RFD20241006147,Presente,CARTA,CARTA CONT.STRADALI,UTZ003,45.3314,11.7375,TORREGLIA,TORREGLIA,RUBANO,240,26
2025-01-26 08:10:58,AB123CD,VEH001,RFD20241006174,Presente,CARTA,CARTA CONT.STRADALI,UTZ003,45.3070,11.7164,GALZIGNANO TERME,GALZIGNANO TERME,RUBANO,240,26
2025-01-26 08:21:11,AB123CD,VEH001,RFD20241006192,Presente,CARTA,CARTA CONT.STRADALI,UTZ001,45.6511,11.8273,TOMBOLO,TOMBOLO,CAMPOSAMPIERO,1100,26
2025-01-26 08:45:00,AB123CD,VEH001,RFD20241020036,Presente,CARTA,CARTA CONT.STRADALI,UTZ007,45.6521,11.7818,CITTADELLA,CITTADELLA,CAMPOSAMPIERO,1100,26
2025-01-26 08:51:50,AB123CD,VEH001,RFD20241006168,Presente,CARTA,CARTA CONT.STRADALI,UTZ003,45.5472,12.0107,MASSANZAGO,MASSANZAGO,CAMPOSAMPIERO,1100,26
2025-01-26 09:55:34,AB123CD,VEH001,RFD20241006180,Presente,CARTA,CARTA CONT.STRADALI,UTZ003,45.6361,11.7545,FONTANIVA,FONTANIVA,CAMPOSAMPIERO,240,26
2025-01-26 09:59:22,AB123CD,VEH001,RFD20241006066,Presente,CARTA,CARTA CONT.STRADALI,UTZ011,45.3103,11.7321,GALZIGNANO TERME,GALZIGNANO TERME,RUBANO,1100,26
2025-01-26 10:29:13,AB123CD,VEH001,RFD20241006134,Presente,CARTA,CARTA CONT.STRADALI,UTZ001,45.5031,11.9008,CAMPODARSEGO,CAMPODARSEGO,CAMPOSAMPIERO,240,26
2025-01-26 11:07:19,AB123CD,VEH001,RFD20241006095,Presente,CARTA,CARTA CONT.STRADALI,UTZ034,45.4855,11.7451,CAMPODORO,CAMPODORO,RUBANO,1100,26
2025-01-27 06:06:26,IL789MN,VEH003,RFD20241001301,Non Presente,NA,UMIDO PAP,NA,45.5658,11.9399,NA,CAMPOSAMPIERO,CAMPOSAMPIERO,NA,NA
2025-01-27 06:22:17,IL789MN,VEH003,RFD20241007043,Presente,UMIDO,UMIDO PAP,UTZ001,45.7955,11.7347,POVE DEL GRAPPA,POVE DEL GRAPPA,BASSANO,240,26
2025-01-27 07:29:44,AB123CD,VEH001,RFD20241007126,Presente,SECCO,SECCO PAP,UTZ001,45.6476,11.6838,POZZOLEONE,POZZOLEONE,BASSANO,1100,26
2025-01-27 08:34:09,IL789MN,VEH003,RFD20241007142,Presente,UMIDO,UMIDO PAP,UTZ001,45.3360,11.7887,MONTEGROTTO TERME,MONTEGROTTO TERME,RUBANO,770,26
2025-01-27 09:33:45,AB123CD,VEH001,RFD20241007146,Presente,SECCO,SECCO PAP,UTZ018,45.3018,11.7335,GALZIGNANO TERME,GALZIGNANO TERME,RUBANO,240,26
2025-01-27 12:00:12,OP012QR,VEH004,RFD20241007090,Presente,SECCO,SECCO PAP,UTZ021,45.7167,11.6076,COLCERESA,COLCERESA,BASSANO,1100,26
2025-01-27 13:00:33,OP012QR,VEH004,RFD20241007190,Presente,SECCO,SECCO PAP,UTZ031,45.4337,11.7794,RUBANO,RUBANO,RUBANO,1100,26
2025-01-27 13:31:56,ST345UV,VEH005,RFD20241007039,Presente,VETRO,VETRO PAP,UTZ025,45.5287,11.9683,BORGORICCO,BORGORICCO,CAMPOSAMPIERO,770,26
2025-01-27 13:35:45,IL789MN,VEH003,RFD20241007067,Presente,UMIDO,UMIDO CONT.STRADALI,UTZ010,45.3993,11.7457,SACCOLONGO,SACCOLONGO,RUBANO,770,26
2025-01-27 14:48:42,ST345UV,VEH005,RFD20241007076,Presente,VETRO,VETRO PAP,UTZ001,45.7718,11.7305,BASSANO DEL GRAPPA,BASSANO DEL GRAPPA,BASSANO,1100,26
2025-01-27 15:15:55,ST345UV,VEH005,RFD20241007081,Presente,VETRO,VETRO PAP,UTZ003,45.7215,11.7650,ROSA',ROSA',BASSANO,1100,26
2025-01-27 15:26:58,IL789MN,VEH003,RFD20241007148,Presente,UMIDO,UMIDO CONT.STRADALI,UTZ025,45.7744,11.7214,BASSANO DEL GRAPPA,BASSANO DEL GRAPPA,BASSANO,240,26
2025-01-27 15:40:21,IL789MN,VEH003,RFD20241007054,Presente,UMIDO,UMIDO CONT.STRADALI,UTZ013,45.6528,11.8166,TOMBOLO,TOMBOLO,CAMPOSAMPIERO,240,26
2025-01-27 17:08:24,OP012QR,VEH004,RFD20241007120,Presente,SECCO,SECCO PAP,UTZ002,45.4334,11.7854,RUBANO,RUBANO,RUBANO,1100,26
2025-01-28 06:00:00,AB123CD,VEH001,RFD20241008171,Presente,CARTA,CARTA/CARTONE PAP,UTZ023,45.7279,11.7640,ROSA',ROSA',BASSANO,240,26
2025-01-28 06:19:18,OP012QR,VEH004,RFD20241001301,Non Presente,NA,SECCO PAP,NA,45.5658,11.9399,NA,CAMPOSAMPIERO,CAMPOSAMPIERO,NA,NA
2025-01-28 08:17:16,EF456GH,VEH002,RFD20241008026,Presente,VETRO,VETRO PAP,UTZ008,45.7923,11.7304,POVE DEL GRAPPA,POVE DEL GRAPPA,BASSANO,1100,26
2025-01-28 08:37:11,AB123CD,VEH001,RFD20241022136,Presente,CARTA,CARTA/CARTONE PAP,UTZ038,45.7887,11.7571,ROMANO D'EZZELINO,ROMANO D'EZZELINO,BASSANO,240,26
2025-01-28 10:26:43,IL789MN,VEH003,RFD20241008059,Presente,UMIDO,UMIDO PAP,UTZ001,45.4022,11.7943,SELVAZZANO DENTRO,SELVAZZANO DENTRO,RUBANO,240,26
2025-01-28 11:02:06,AB123CD,VEH001,RFD20241008062,Presente,CARTA,CARTA/CARTONE PAP,UTZ002,45.3629,11.6655,ROVOLON,ROVOLON,RUBANO,1100,26
2025-01-28 13:00:28,ST345UV,VEH005,RFD20241008023,Presente,PLASTICA E METALLI,PLAST.CONT.STRADALI,UTZ027,45.3020,11.7243,GALZIGNANO TERME,GALZIGNANO TERME,RUBANO,770,26
2025-01-28 13:09:33,OP012QR,VEH004,RFD20241008155,Presente,SECCO,SECCO PAP,UTZ002,45.8754,11.5204,ASIAGO,ASIAGO,ASIAGO,240,26
2025-01-28 13:27:12,OP012QR,VEH004,RFD20241008077,Presente,SECCO,SECCO PAP,UTZ024,45.3615,11.6636,ROVOLON,ROVOLON,RUBANO,1100,26
2025-01-28 14:03:45,OP012QR,VEH004,RFD20241008102,Presente,SECCO,SECCO PAP,UTZ024,45.8898,11.6268,FOZA,FOZA,ASIAGO,1100,26
2025-01-28 15:38:26,ST345UV,VEH005,RFD20241008187,Presente,PLASTICA E METALLI,PLAST.CONT.STRADALI,UTZ002,45.6584,11.8266,GALLIERA VENETA,GALLIERA VENETA,CAMPOSAMPIERO,770,26
2025-01-28 15:57:24,IL789MN,VEH003,RFD20241008032,Presente,PLASTICA E METALLI,PLASTICA PAP,UTZ026,45.3982,11.7486,SACCOLONGO,SACCOLONGO,RUBANO,770,26
2025-01-28 17:10:17,OP012QR,VEH004,RFD20241008099,Presente,SECCO,SECCO PAP,UTZ015,45.7175,11.7679,ROSA',ROSA',BASSANO,1100,26
2025-01-29 06:14:20,OP012QR,VEH004,RFD20241001301,Non Presente,NA,SECCO PAP,NA,45.5658,11.9399,NA,CAMPOSAMPIERO,CAMPOSAMPIERO,NA,NA
2025-01-29 07:00:29,AB123CD,VEH001,RFD20241009151,Presente,SECCO,SECCO PAP,UTZ026,45.5939,11.9396,LOREGGIA,LOREGGIA,CAMPOSAMPIERO,240,26
2025-01-29 08:11:11,AB123CD,VEH001,RFD20241009128,Presente,SECCO,SECCO PAP,UTZ002,45.4112,11.7371,SACCOLONGO,SACCOLONGO,RUBANO,1100,26
2025-01-29 08:18:16,AB123CD,VEH001,RFD20241009189,Presente,SECCO,SECCO PAP,UTZ002,45.4232,11.7903,RUBANO,RUBANO,RUBANO,1100,26
2025-01-29 09:32:58,AB123CD,VEH001,RFD20241009111,Presente,SECCO,SECCO PAP,UTZ042,45.6084,11.6743,SAN PIETRO IN GU,SAN PIETRO IN GU,CAMPOSAMPIERO,240,26
2025-01-29 09:38:11,AB123CD,VEH001,RFD20241009093,Presente,SECCO,SECCO PAP,UTZ001,45.7099,11.7972,ROSSANO VENETO,ROSSANO VENETO,BASSANO,1100,26
2025-01-29 10:06:17,EF456GH,VEH002,RFD20250129179,Presente,CARTA,CARTA CONT.STRADALI,UTZ002,45.6440,11.8305,TOMBOLO,TOMBOLO,CAMPOSAMPIERO,1100,26
2025-01-29 10:44:47,AB123CD,VEH001,RFD20241009106,Presente,SECCO,SECCO PAP,UTZ004,45.7672,11.7353,BASSANO DEL GRAPPA,BASSANO DEL GRAPPA,BASSANO,240,26
2025-01-29 11:13:23,AB123CD,VEH001,RFD20241009108,Presente,SECCO,SECCO PAP,UTZ003,45.6956,11.7106,TEZZE SUL BRENTA,TEZZE SUL BRENTA,BASSANO,240,26
2025-01-29 11:21:03,EF456GH,VEH002,RFD20241009218,Non Presente,NA,CARTA CONT.STRADALI,NA,45.5590,11.9137,NA,SANTA GIUSTINA IN COLLE,CAMPOSAMPIERO,NA,NA
2025-01-29 14:13:03,IL789MN,VEH003,RFD20241009045,Presente,VERDE E RAMAGLIE,VERDE PAP,UTZ030,45.5617,12.0077,MASSANZAGO,MASSANZAGO,CAMPOSAMPIERO,240,26
2025-01-29 14:13:14,OP012QR,VEH004,RFD20241009107,Presente,SECCO,SECCO PAP,UTZ033,45.5707,11.9321,CAMPOSAMPIERO,CAMPOSAMPIERO,CAMPOSAMPIERO,1100,26
2025-01-29 14:19:23,ST345UV,VEH005,RFD20241009150,Presente,VETRO,VETRO PAP,UTZ027,45.5792,11.9325,CAMPOSAMPIERO,CAMPOSAMPIERO,CAMPOSAMPIERO,1100,26
2025-01-29 14:38:13,IL789MN,VEH003,RFD20241009205,Non Presente,NA,VERDE PAP,NA,45.8679,11.5015,NA,ASIAGO,ASIAGO,NA,NA
2025-01-29 16:09:25,OP012QR,VEH004,RFD20241009140,Presente,SECCO,SECCO PAP,UTZ002,45.9450,11.7212,ENEGO,ENEGO,ASIAGO,1100,26
2025-01-30 06:06:07,OP012QR,VEH004,RFD20241001301,Non Presente,NA,SECCO PAP,NA,45.5658,11.9399,NA,CAMPOSAMPIERO,CAMPOSAMPIERO,NA,NA
2025-01-30 07:45:01,IL789MN,VEH003,RFD20241010068,Presente,UMIDO,UMIDO PAP,UTZ004,45.4898,11.7451,CAMPODORO,CAMPODORO,RUBANO,240,26
2025-01-30 09:39:32,AB123CD,VEH001,RFD20241010194,Presente,CARTA,CARTA/CARTONE PAP,UTZ017,45.7814,11.7309,BASSANO DEL GRAPPA,BASSANO DEL GRAPPA,BASSANO,240,26
2025-01-30 10:35:16,AB123CD,VEH001,RFD20241010013,Presente,CARTA,CARTA/CARTONE PAP,UTZ009,45.7805,11.7403,BASSANO DEL GRAPPA,BASSANO DEL GRAPPA,BASSANO,1100,26
2025-01-30 13:42:55,ST345UV,VEH005,RFD20241010022,Presente,PLASTICA E METALLI,PLAST.CONT.STRADALI,UTZ032,45.3665,11.9838,SAONARA,SAONARA,CAMPOSAMPIERO,770,26
2025-01-30 14:59:55,IL789MN,VEH003,RFD20241010109,Presente,UMIDO,UMIDO CONT.STRADALI,UTZ018,45.7767,11.7331,BASSANO DEL GRAPPA,BASSANO DEL GRAPPA,BASSANO,770,26
2025-01-30 15:04:13,IL789MN,VEH003,RFD20241010195,Presente,UMIDO,UMIDO CONT.STRADALI,UTZ049,45.3153,11.7321,GALZIGNANO TERME,GALZIGNANO TERME,RUBANO,240,26
2025-01-30 15:22:15,ST345UV,VEH005,RFD20241010154,Presente,PLASTICA E METALLI,PLAST.CONT.STRADALI,UTZ005,45.8640,11.5162,ASIAGO,ASIAGO,ASIAGO,770,26
2025-01-30 15:26:22,ST345UV,VEH005,RFD20241010079,Presente,PLASTICA E METALLI,PLAST.CONT.STRADALI,UTZ004,45.8869,11.6249,FOZA,FOZA,ASIAGO,770,26
2025-01-30 15:28:25,ST345UV,VEH005,RFD20241002206,Non Presente,NA,PLAST.CONT.STRADALI,NA,45.5685,11.9064,NA,SANTA GIUSTINA IN COLLE,CAMPOSAMPIERO,NA,NA
2025-01-30 15:49:53,OP012QR,VEH004,RFD20241010119,Presente,SECCO,SECCO PAP,UTZ002,45.5623,11.9074,SANTA GIUSTINA IN COLLE,SANTA GIUSTINA IN COLLE,CAMPOSAMPIERO,1100,26
2025-01-30 16:40:51,OP012QR,VEH004,RFD20241010074,Presente,SECCO,SECCO PAP,UTZ006,45.6266,11.7050,CARMIGNANO DI BRENTA,CARMIGNANO DI BRENTA,CAMPOSAMPIERO,1100,26
2025-01-30 16:52:35,OP012QR,VEH004,RFD20241010069,Presente,SECCO,SECCO PAP,UTZ020,45.7309,11.7590,ROSA',ROSA',BASSANO,240,26
2025-01-31 06:17:17,EF456GH,VEH002,RFD20241001301,Non Presente,NA,CARTA CONT.STRADALI,NA,45.5657,11.9399,NA,CAMPOSAMPIERO,CAMPOSAMPIERO,NA,NA
2025-01-31 07:26:38,AB123CD,VEH001,RFD20241011132,Presente,SECCO,SECCO PAP,UTZ001,45.5771,11.9308,CAMPOSAMPIERO,CAMPOSAMPIERO,CAMPOSAMPIERO,1100,26
2025-01-31 08:31:55,EF456GH,VEH002,RFD20241011223,Non Presente,NA,CARTA CONT.STRADALI,NA,45.9024,11.6324,NA,FOZA,ASIAGO,NA,NA
2025-01-31 09:40:11,AB123CD,VEH001,RFD20241011176,Presente,SECCO,SECCO PAP,UTZ008,45.4678,11.8513,LIMENA,LIMENA,RUBANO,1100,26
2025-01-31 11:45:11,AB123CD,VEH001,RFD20241025196,Presente,SECCO,SECCO PAP,UTZ029,45.8643,11.5203,ASIAGO,ASIAGO,ASIAGO,1100,26
2025-01-31 13:59:58,OP012QR,VEH004,RFD20241011121,Presente,SECCO,SECCO PAP,UTZ015,45.4086,11.7483,SACCOLONGO,SACCOLONGO,RUBANO,1100,26
2025-01-31 14:45:30,ST345UV,VEH005,RFD20241011182,Presente,VETRO,VETRO PAP,UTZ047,45.5857,11.7045,GAZZO,GAZZO,CAMPOSAMPIERO,1100,26
2025-01-31 15:31:06,ST345UV,VEH005,RFD20241011125,Presente,VETRO,VETRO PAP,UTZ014,45.5743,11.9219,CAMPOSAMPIERO,CAMPOSAMPIERO,CAMPOSAMPIERO,1100,26
2025-01-31 15:35:54,OP012QR,VEH004,RFD20241011124,Presente,SECCO,SECCO PAP,UTZ001,45.6424,11.8513,SAN MARTINO DI LUPARI,SAN MARTINO DI LUPARI,CAMPOSAMPIERO,240,26
2025-01-31 16:35:13,IL789MN,VEH003,RFD20241011019,Presente,PLASTICA E METALLI,PLASTICA PAP,UTZ001,45.6001,12.0031,PIOMBINO DESE,PIOMBINO DESE,CAMPOSAMPIERO,770,26
2025-01-31 16:48:03,IL789MN,VEH003,RFD20241025075,Presente,PLASTICA E METALLI,PLASTICA PAP,UTZ001,45.7967,11.7437,ROMANO D'EZZELINO,ROMANO D'EZZELINO,BASSANO,770,26
2025-01-31 17:42:41,OP012QR,VEH004,RFD20241011004,Presente,SECCO,SECCO PAP,UTZ024,45.7923,11.7674,ROMANO D'EZZELINO,ROMANO D'EZZELINO,BASSANO,240,26
2025-02-01 07:43:56,AB123CD,VEH001,RFD20241012118,Presente,CARTA,CARTA/CARTONE PAP,UTZ019,45.6945,11.7071,TEZZE SUL BRENTA,TEZZE SUL BRENTA,BASSANO,1100,26
2025-02-01 08:54:45,AB123CD,VEH001,RFD20241012116,Presente,CARTA,CARTA/CARTONE PAP,UTZ009,45.3958,11.7910,SELVAZZANO DENTRO,SELVAZZANO DENTRO,RUBANO,240,26
2025-02-01 12:36:29,OP012QR,VEH004,RFD20241012082,Presente,SECCO,SECCO PAP,UTZ001,45.6591,11.8290,GALLIERA VENETA,GALLIERA VENETA,CAMPOSAMPIERO,240,26
2025-02-01 14:05:36,IL789MN,VEH003,RFD20241012047,Presente,VERDE E RAMAGLIE,VERDE PAP,UTZ028,45.7548,11.7433,BASSANO DEL GRAPPA,BASSANO DEL GRAPPA,BASSANO,240,26
2025-02-01 15:28:20,IL789MN,VEH003,RFD20241008231,Non Presente,NA,VERDE PAP,NA,45.6867,11.7000,NA,TEZZE SUL BRENTA,BASSANO,NA,NA
2025-02-01 15:49:30,IL789MN,VEH003,RFD20241012089,Presente,VERDE E RAMAGLIE,VERDE PAP,UTZ017,45.7290,11.6734,NOVE,NOVE,BASSANO,240,26
2025-02-01 15:56:05,IL789MN,VEH003,RFD20241012052,Presente,VERDE E RAMAGLIE,VERDE PAP,UTZ002,45.6997,11.6387,SCHIAVON,SCHIAVON,BASSANO,1100,26
2025-02-01 18:39:35,IL789MN,VEH003,RFD20241001301,Non Presente,NA,VERDE PAP,NA,45.5658,11.9399,NA,CAMPOSAMPIERO,CAMPOSAMPIERO,NA,NA
2025-02-02 07:24:13,AB123CD,VEH001,RFD20241013030,Presente,CARTA,CARTA CONT.STRADALI,UTZ001,45.6915,11.7993,ROSSANO VENETO,ROSSANO VENETO,BASSANO,1100,26
2025-02-02 08:00:21,AB123CD,VEH001,RFD20241013130,Presente,CARTA,CARTA CONT.STRADALI,UTZ004,45.4269,11.6850,CERVARESE SANTA CROCE,CERVARESE SANTA CROCE,RUBANO,240,26
2025-02-02 08:17:08,AB123CD,VEH001,RFD20241013129,Presente,CARTA,CARTA CONT.STRADALI,UTZ031,45.6328,11.7062,CARMIGNANO DI BRENTA,CARMIGNANO DI BRENTA,CAMPOSAMPIERO,240,26
2025-02-02 08:40:00,AB123CD,VEH001,RFD20241013083,Presente,CARTA,CARTA CONT.STRADALI,UTZ030,45.3137,11.7396,GALZIGNANO TERME,GALZIGNANO TERME,RUBANO,240,26
2025-02-03 06:36:38,IL789MN,VEH003,RFD20241008208,Non Presente,NA,UMIDO PAP,NA,45.8668,11.5124,NA,ASIAGO,ASIAGO,NA,NA
2025-02-03 08:43:17,AB123CD,VEH001,RFD20250203051,Presente,SECCO,SECCO PAP,UTZ003,45.6500,11.8270,TOMBOLO,TOMBOLO,CAMPOSAMPIERO,1100,26
2025-02-03 09:13:54,EF456GH,VEH002,RFD20241014011,Presente,CARTA,CARTA CONT.STRADALI,UTZ034,45.6442,11.8631,SAN MARTINO DI LUPARI,SAN MARTINO DI LUPARI,CAMPOSAMPIERO,1100,26
2025-02-03 09:15:30,AB123CD,VEH001,RFD20241014117,Presente,SECCO,SECCO PAP,UTZ001,45.6416,11.7836,CITTADELLA,CITTADELLA,CAMPOSAMPIERO,1100,26
2025-02-03 09:43:48,IL789MN,VEH003,RFD20241008208,Non Presente,NA,UMIDO PAP,NA,45.8666,11.5122,NA,ASIAGO,ASIAGO,NA,NA
2025-02-03 09:58:03,EF456GH,VEH002,RFD20241014191,Presente,CARTA,CARTA CONT.STRADALI,UTZ005,45.3680,11.6628,ROVOLON,ROVOLON,RUBANO,1100,26
2025-02-03 13:13:19,OP012QR,VEH004,RFD20241014024,Presente,SECCO,SECCO PAP,UTZ040,45.5360,11.9671,BORGORICCO,BORGORICCO,CAMPOSAMPIERO,1100,26
2025-02-03 13:59:17,OP012QR,VEH004,RFD20241014033,Presente,SECCO,SECCO PAP,UTZ006,45.8595,11.4003,ROTZO,ROTZO,ASIAGO,1100,26
2025-02-03 14:49:54,IL789MN,VEH003,RFD20241028173,Presente,UMIDO,UMIDO CONT.STRADALI,UTZ032,45.7625,11.7419,BASSANO DEL GRAPPA,BASSANO DEL GRAPPA,BASSANO,240,26
2025-02-03 14:51:28,IL789MN,VEH003,RFD20241028145,Presente,UMIDO,UMIDO CONT.STRADALI,UTZ006,45.4285,11.7850,RUBANO,RUBANO,RUBANO,240,26
2025-02-03 17:24:00,OP012QR,VEH004,RFD20250203302,Presente,SECCO,SECCO PAP,UTZ002,45.7350,11.6923,MAROSTICA,BASSANO DEL GRAPPA,BASSANO,1100,26
2025-02-03 18:27:58,OP012QR,VEH004,RFD20250203302,Presente,SECCO,SECCO PAP,UTZ002,45.7292,11.6848,MAROSTICA,NOVE,BASSANO,1100,26
2025-02-03 18:33:23,EF456GH,VEH002,RFD20241001301,Non Presente,NA,CARTA CONT.STRADALI,NA,45.5658,11.9399,NA,CAMPOSAMPIERO,CAMPOSAMPIERO,NA,NA
2025-02-03 18:55:44,IL789MN,VEH003,RFD20241001301,Non Presente,NA,UMIDO CONT.STRADALI,NA,45.5658,11.9399,NA,CAMPOSAMPIERO,CAMPOSAMPIERO,NA,NA
2025-02-04 06:16:04,ST345UV,VEH005,RFD20241001301,Non Presente,NA,PULIZIA TERRIT.,NA,45.5658,11.9399,NA,CAMPOSAMPIERO,CAMPOSAMPIERO,NA,NA
2025-02-04 08:09:34,AB123CD,VEH001,RFD20241001103,Presente,CARTA,CARTA/CARTONE PAP,UTZ013,45.5661,11.9181,CAMPOSAMPIERO,CAMPOSAMPIERO,CAMPOSAMPIERO,240,26
2025-02-04 08:22:52,AB123CD,VEH001,RFD20241001040,Presente,CARTA,CARTA/CARTONE PAP,UTZ006,45.4760,11.8481,LIMENA,LIMENA,RUBANO,240,26
2025-02-04 09:21:31,IL789MN,VEH003,RFD20241001072,Presente,UMIDO,UMIDO PAP,UTZ003,45.8086,11.5993,LUSIANA CONCO,LUSIANA CONCO,ASIAGO,240,26
2025-02-04 10:01:13,IL789MN,VEH003,RFD20241001152,Presente,UMIDO,UMIDO PAP,UTZ037,45.4374,11.9252,CADONEGHE,CADONEGHE,CAMPOSAMPIERO,240,26
2025-02-04 10:07:01,EF456GH,VEH002,RFD20241210020,Presente,VETRO,VETRO PAP,UTZ006,45.5347,11.9098,SAN GIORGIO DELLE PERTICHE,SAN GIORGIO DELLE PERTICHE,CAMPOSAMPIERO,770,13
2025-02-04 12:51:59,OP012QR,VEH004,RFD20250203302,Presente,SECCO,SECCO PAP,UTZ002,45.7322,11.6724,MAROSTICA,MAROSTICA,BASSANO,1100,26
2025-02-04 13:00:00,IL789MN,VEH003,RFD20241001122,Presente,PLASTICA E METALLI,PLASTICA PAP,UTZ012,45.8052,11.7264,POVE DEL GRAPPA,POVE DEL GRAPPA,BASSANO,770,26
2025-02-04 13:55:43,OP012QR,VEH004,RFD20250203302,Presente,SECCO,SECCO PAP,UTZ002,45.7353,11.6928,MAROSTICA,BASSANO DEL GRAPPA,BASSANO,1100,26
2025-02-04 14:09:25,ST345UV,VEH005,RFD20241001114,Presente,PLASTICA E METALLI,PLAST.CONT.STRADALI,UTZ005,45.8610,11.5205,ASIAGO,ASIAGO,ASIAGO,770,26
2025-02-04 14:18:35,OP012QR,VEH004,RFD20241001181,Presente,SECCO,SECCO PAP,UTZ008,45.6547,11.6829,POZZOLEONE,POZZOLEONE,BASSANO,1100,26
2025-02-04 14:35:56,IL789MN,VEH003,RFD20241001158,Presente,PLASTICA E METALLI,PLASTICA PAP,UTZ034,45.6545,11.8574,SAN MARTINO DI LUPARI,SAN MARTINO DI LUPARI,CAMPOSAMPIERO,770,26
2025-02-04 15:05:40,OP012QR,VEH004,RFD20241015048,Presente,SECCO,SECCO PAP,UTZ030,45.4296,11.7920,RUBANO,RUBANO,RUBANO,1100,26
2025-02-04 15:45:59,OP012QR,VEH004,RFD20241001058,Presente,SECCO,SECCO PAP,UTZ035,45.3441,11.6637,TEOLO,TEOLO,RUBANO,1100,26
2025-02-04 17:28:39,ST345UV,VEH005,RFD20241001209,Non Presente,NA,PLAST.CONT.STRADALI,NA,45.6481,11.8302,NA,TOMBOLO,CAMPOSAMPIERO,NA,NA
2025-02-05 06:06:26,IL789MN,VEH003,RFD20241001301,Non Presente,NA,UMIDO PAP,NA,45.5658,11.9399,NA,CAMPOSAMPIERO,CAMPOSAMPIERO,NA,NA
2025-02-05 08:15:12,EF456GH,VEH002,RFD20241002071,Presente,CARTA,CARTA CONT.STRADALI,UTZ033,45.4326,11.7846,RUBANO,RUBANO,RUBANO,1100,26
2025-02-05 09:07:55,AB123CD,VEH001,RFD20241002105,Presente,SECCO,SECCO PAP,UTZ002,45.7147,11.7669,ROSA',ROSA',BASSANO,240,26
2025-02-05 09:10:55,EF456GH,VEH002,RFD20241002131,Presente,CARTA,CARTA CONT.STRADALI,UTZ001,45.8910,11.6335,FOZA,FOZA,ASIAGO,240,26
2025-02-05 10:04:12,AB123CD,VEH001,RFD20250205056,Presente,SECCO,SECCO PAP,UTZ001,45.5196,11.8283,CURTAROLO,CURTAROLO,CAMPOSAMPIERO,240,26
2025-02-05 10:18:49,AB123CD,VEH001,RFD20241002183,Presente,SECCO,SECCO PAP,UTZ009,45.7284,11.7950,CASSOLA,CASSOLA,BASSANO,1100,26
2025-02-05 12:08:28,AB123CD,VEH001,RFD20241002088,Presente,SECCO,SECCO PAP,UTZ005,45.7999,11.6068,LUSIANA CONCO,LUSIANA CONCO,ASIAGO,1100,26
2025-02-05 12:15:18,OP012QR,VEH004,RFD20250203302,Presente,SECCO,SECCO PAP,UTZ002,45.7367,11.6672,MAROSTICA,MAROSTICA,BASSANO,1100,26
2025-02-05 12:38:22,OP012QR,VEH004,RFD20250203302,Presente,SECCO,SECCO PAP,UTZ002,45.7347,11.6921,MAROSTICA,BASSANO DEL GRAPPA,BASSANO,1100,26
2025-02-05 13:06:13,OP012QR,VEH004,RFD20241002203,Non Presente,NA,SECCO PAP,NA,45.3696,11.6595,NA,ROVOLON,RUBANO,NA,NA
2025-02-05 13:49:12,OP012QR,VEH004,RFD20241002078,Presente,SECCO,SECCO PAP,UTZ009,45.8881,11.5489,GALLIO,GALLIO,ASIAGO,1100,26
2025-02-05 14:08:37,OP012QR,VEH004,RFD20241002094,Presente,SECCO,SECCO PAP,UTZ005,45.5788,11.9240,CAMPOSAMPIERO,CAMPOSAMPIERO,CAMPOSAMPIERO,240,26
2025-02-05 14:32:54,IL789MN,VEH003,RFD20241016234,Non Presente,NA,VERDE PAP,NA,45.5601,11.8170,NA,CAMPO SAN MARTINO,CAMPOSAMPIERO,NA,NA
2025-02-05 14:41:16,IL789MN,VEH003,RFD20241002217,Non Presente,NA,VERDE PAP,NA,45.6307,11.6935,NA,CARMIGNANO DI BRENTA,CAMPOSAMPIERO,NA,NA
2025-02-05 14:51:41,OP012QR,VEH004,RFD20241002184,Presente,SECCO,SECCO PAP,UTZ002,45.7699,11.7359,BASSANO DEL GRAPPA,BASSANO DEL GRAPPA,BASSANO,1100,26
2025-02-05 16:17:24,IL789MN,VEH003,RFD20241002015,Presente,VERDE E RAMAGLIE,VERDE PAP,UTZ030,45.6656,11.8191,GALLIERA VENETA,GALLIERA VENETA,CAMPOSAMPIERO,1100,26
2025-02-05 16:42:10,IL789MN,VEH003,RFD20241002198,Presente,VERDE E RAMAGLIE,VERDE PAP,UTZ001,45.8722,11.5268,ASIAGO,ASIAGO,ASIAGO,240,26
2025-02-05 16:43:44,ST345UV,VEH005,RFD20241002053,Presente,VETRO,VETRO PAP,UTZ022,45.7624,11.7436,BASSANO DEL GRAPPA,BASSANO DEL GRAPPA,BASSANO,1100,26
2025-02-05 17:48:31,IL789MN,VEH003,RFD20241030027,Presente,VERDE E RAMAGLIE,VERDE PAP,UTZ024,45.3836,11.9775,SAONARA,SAONARA,CAMPOSAMPIERO,240,26
2025-02-05 18:31:36,IL789MN,VEH003,RFD20241001301,Non Presente,NA,VERDE PAP,NA,45.5658,11.9399,NA,CAMPOSAMPIERO,CAMPOSAMPIERO,NA,NA
2025-02-06 06:08:46,IL789MN,VEH003,RFD20241001301,Non Presente,NA,UMIDO PAP,NA,45.5658,11.9399,NA,CAMPOSAMPIERO,CAMPOSAMPIERO,NA,NA
2025-02-06 06:36:50,AB123CD,VEH001,RFD20241017188,Presente,CARTA,CARTA/CARTONE PAP,UTZ015,45.5560,12.0156,MASSANZAGO,MASSANZAGO,CAMPOSAMPIERO,240,26
2025-02-06 08:27:09,AB123CD,VEH001,RFD20241031097,Presente,CARTA,CARTA/CARTONE PAP,UTZ011,45.6008,11.8143,SAN GIORGIO IN BOSCO,SAN GIORGIO IN BOSCO,CAMPOSAMPIERO,1100,26
2025-02-06 08:54:47,EF456GH,VEH002,RFD20241017034,Presente,VETRO,VETRO PAP,UTZ036,45.7637,11.7389,BASSANO DEL GRAPPA,BASSANO DEL GRAPPA,BASSANO,1100,13
2025-02-06 09:03:00,AB123CD,VEH001,RFD20241003096,Presente,CARTA,CARTA/CARTONE PAP,UTZ017,45.5710,11.9267,CAMPOSAMPIERO,CAMPOSAMPIERO,CAMPOSAMPIERO,1100,26
2025-02-06 10:32:20,EF456GH,VEH002,RFD20241003157,Presente,VETRO,VETRO PAP,UTZ013,45.4909,11.7441,CAMPODORO,CAMPODORO,RUBANO,1100,26
2025-02-06 12:19:36,EF456GH,VEH002,RFD20241003230,Non Presente,NA,VETRO PAP,NA,45.6961,11.6362,NA,SCHIAVON,BASSANO,NA,NA
2025-02-06 12:32:19,OP012QR,VEH004,RFD20250203302,Presente,SECCO,SECCO PAP,UTZ002,45.7376,11.6659,MAROSTICA,MAROSTICA,BASSANO,1100,26
2025-02-06 13:24:25,IL789MN,VEH003,RFD20241003127,Presente,UMIDO,UMIDO CONT.STRADALI,UTZ001,45.7727,11.7289,BASSANO DEL GRAPPA,BASSANO DEL GRAPPA,BASSANO,240,26
2025-02-06 14:05:13,ST345UV,VEH005,RFD20241003138,Presente,PLASTICA E METALLI,PLAST.CONT.STRADALI,UTZ005,45.6086,11.6728,SAN PIETRO IN GU,SAN PIETRO IN GU,CAMPOSAMPIERO,770,26
2025-02-06 14:06:31,OP012QR,VEH004,RFD20241003061,Presente,SECCO,SECCO PAP,UTZ002,45.5339,11.9613,BORGORICCO,BORGORICCO,CAMPOSAMPIERO,1100,26
2025-02-06 14:43:34,OP012QR,VEH004,RFD20250203302,Presente,SECCO,SECCO PAP,UTZ002,45.7375,11.6958,MAROSTICA,BASSANO DEL GRAPPA,BASSANO,1100,26
2025-02-06 16:33:08,OP012QR,VEH004,RFD20241003164,Presente,SECCO,SECCO PAP,UTZ003,45.7796,11.7295,BASSANO DEL GRAPPA,BASSANO DEL GRAPPA,BASSANO,240,26
2025-02-06 17:05:54,IL789MN,VEH003,RFD20241003303,Presente,UMIDO,UMIDO CONT.STRADALI,UTZ002,45.7760,11.8089,MUSSOLENTE,MUSSOLENTE,BASSANO,240,26
2025-02-07 06:13:09,EF456GH,VEH002,RFD20241001301,Non Presente,NA,CARTA CONT.STRADALI,NA,45.5658,11.9399,NA,CAMPOSAMPIERO,CAMPOSAMPIERO,NA,NA
2025-02-07 06:24:10,AB123CD,VEH001,RFD20241004065,Presente,SECCO,SECCO PAP,UTZ007,45.6155,11.6651,SAN PIETRO IN GU,SAN PIETRO IN GU,CAMPOSAMPIERO,1100,26
2025-02-07 07:03:09,AB123CD,VEH001,RFD20250207211,Non Presente,NA,SECCO PAP,NA,45.7171,11.6853,NA,NOVE,BASSANO,NA,NA
2025-02-07 08:14:48,AB123CD,VEH001,RFD20241004003,Presente,SECCO,SECCO PAP,UTZ008,45.4365,11.7853,RUBANO,RUBANO,RUBANO,240,26
2025-02-07 08:52:57,EF456GH,VEH002,RFD20241004123,Presente,CARTA,CARTA CONT.STRADALI,UTZ032,45.6490,11.7784,CITTADELLA,CITTADELLA,CAMPOSAMPIERO,240,26
2025-02-07 09:24:37,EF456GH,VEH002,RFD20241018161,Presente,CARTA,CARTA CONT.STRADALI,UTZ034,45.5716,11.9295,CAMPOSAMPIERO,CAMPOSAMPIERO,CAMPOSAMPIERO,1100,26
2025-02-07 10:39:08,AB123CD,VEH001,RFD20241004137,Presente,SECCO,SECCO PAP,UTZ012,45.5274,11.9709,BORGORICCO,BORGORICCO,CAMPOSAMPIERO,1100,26
2025-02-07 10:46:24,EF456GH,VEH002,RFD20241004028,Presente,CARTA,CARTA CONT.STRADALI,UTZ005,45.8599,11.3942,ROTZO,ROTZO,ASIAGO,240,26
2025-02-07 10:48:01,EF456GH,VEH002,RFD20241004159,Presente,CARTA,CARTA CONT.STRADALI,UTZ004,45.4413,11.7880,RUBANO,RUBANO,RUBANO,1100,26
2025-02-07 15:04:06,IL789MN,VEH003,RFD20241004177,Presente,PLASTICA E METALLI,PLASTICA PAP,UTZ048,45.7667,11.7334,BASSANO DEL GRAPPA,BASSANO DEL GRAPPA,BASSANO,770,26
2025-02-07 15:48:20,OP012QR,VEH004,RFD20241018010,Presente,SECCO,SECCO PAP,UTZ001,45.3634,11.9845,SAONARA,SAONARA,CAMPOSAMPIERO,1100,26
2025-02-07 16:13:32,ST345UV,VEH005,RFD20241004115,Presente,VETRO,VETRO PAP,UTZ001,45.4292,11.7849,RUBANO,RUBANO,RUBANO,1100,26
2025-02-07 16:51:48,ST345UV,VEH005,RFD20241004185,Presente,VETRO,VETRO PAP,UTZ043,45.4031,11.7500,SACCOLONGO,SACCOLONGO,RUBANO,1100,26
2025-02-07 16:52:47,OP012QR,VEH004,RFD20250203302,Presente,SECCO,SECCO PAP,UTZ002,45.7307,11.6739,MAROSTICA,NOVE,BASSANO,1100,26
2025-02-07 18:29:33,OP012QR,VEH004,RFD20250203302,Presente,SECCO,SECCO PAP,UTZ002,45.7448,11.6576,MAROSTICA,MAROSTICA,BASSANO,1100,26
2025-02-07 18:32:20,OP012QR,VEH004,RFD20241001301,Non Presente,NA,SECCO PAP,NA,45.5658,11.9399,NA,CAMPOSAMPIERO,CAMPOSAMPIERO,NA,NA
2025-02-08 06:11:01,IL789MN,VEH003,RFD20241001301,Non Presente,NA,UMIDO PAP,NA,45.5658,11.9399,NA,CAMPOSAMPIERO,CAMPOSAMPIERO,NA,NA
2025-02-08 08:23:18,AB123CD,VEH001,RFD20250208143,Presente,CARTA,CARTA/CARTONE PAP,UTZ009,45.6126,12.0045,PIOMBINO DESE,PIOMBINO DESE,CAMPOSAMPIERO,240,26
2025-02-08 09:50:37,AB123CD,VEH001,RFD20241009218,Non Presente,NA,CARTA/CARTONE PAP,NA,45.5589,11.9136,NA,SANTA GIUSTINA IN COLLE,CAMPOSAMPIERO,NA,NA
2025-02-08 12:53:14,OP012QR,VEH004,RFD20250203302,Presente,SECCO,SECCO PAP,UTZ002,45.7267,11.6818,MAROSTICA,NOVE,BASSANO,1100,26
2025-02-08 12:57:06,OP012QR,VEH004,RFD20250203302,Presente,SECCO,SECCO PAP,UTZ002,45.7358,11.6932,MAROSTICA,BASSANO DEL GRAPPA,BASSANO,1100,26
2025-02-08 14:10:50,OP012QR,VEH004,RFD20241005012,Presente,SECCO,SECCO PAP,UTZ035,45.8085,11.7286,POVE DEL GRAPPA,POVE DEL GRAPPA,BASSANO,1100,26
2025-02-08 14:48:01,IL789MN,VEH003,RFD20241005169,Presente,VERDE E RAMAGLIE,VERDE PAP,UTZ008,45.6473,11.6823,POZZOLEONE,POZZOLEONE,BASSANO,240,26
2025-02-08 15:32:25,OP012QR,VEH004,RFD20241019135,Presente,SECCO,SECCO PAP,UTZ019,45.6500,11.8546,SAN MARTINO DI LUPARI,SAN MARTINO DI LUPARI,CAMPOSAMPIERO,240,26
2025-02-08 15:47:12,IL789MN,VEH003,RFD20241005144,Presente,VERDE E RAMAGLIE,VERDE PAP,UTZ013,45.4202,11.6831,CERVARESE SANTA CROCE,CERVARESE SANTA CROCE,RUBANO,240,26
2025-02-08 17:13:53,IL789MN,VEH003,RFD20241005064,Presente,VERDE E RAMAGLIE,VERDE PAP,UTZ010,45.3060,11.7337,GALZIGNANO TERME,GALZIGNANO TERME,RUBANO,240,26
2025-02-09 07:09:30,AB123CD,VEH001,RFD20241006101,Presente,CARTA,CARTA CONT.STRADALI,UTZ012,45.5777,11.9330,CAMPOSAMPIERO,CAMPOSAMPIERO,CAMPOSAMPIERO,1100,26
2025-02-09 07:14:21,AB123CD,VEH001,RFD20241006147,Presente,CARTA,CARTA CONT.STRADALI,UTZ003,45.3313,11.7374,TORREGLIA,TORREGLIA,RUBANO,240,26
2025-02-09 08:06:54,AB123CD,VEH001,RFD20250209219,Non Presente,NA,CARTA CONT.STRADALI,NA,45.8736,11.5140,NA,ASIAGO,ASIAGO,NA,NA
2025-02-09 08:18:23,AB123CD,VEH001,RFD20241006168,Presente,CARTA,CARTA CONT.STRADALI,UTZ003,45.5472,12.0105,MASSANZAGO,MASSANZAGO,CAMPOSAMPIERO,1100,26
2025-02-09 08:55:36,AB123CD,VEH001,RFD20241020036,Presente,CARTA,CARTA CONT.STRADALI,UTZ007,45.6521,11.7821,CITTADELLA,CITTADELLA,CAMPOSAMPIERO,1100,26
2025-02-09 09:00:32,AB123CD,VEH001,RFD20241006192,Presente,CARTA,CARTA CONT.STRADALI,UTZ001,45.6510,11.8274,TOMBOLO,TOMBOLO,CAMPOSAMPIERO,1100,26
2025-02-09 09:03:14,AB123CD,VEH001,RFD20241006180,Presente,CARTA,CARTA CONT.STRADALI,UTZ003,45.6361,11.7541,FONTANIVA,FONTANIVA,CAMPOSAMPIERO,240,26
2025-02-09 09:46:41,AB123CD,VEH001,RFD20241006066,Presente,CARTA,CARTA CONT.STRADALI,UTZ011,45.3103,11.7322,GALZIGNANO TERME,GALZIGNANO TERME,RUBANO,1100,26
2025-02-09 09:59:54,AB123CD,VEH001,RFD20241003230,Non Presente,NA,CARTA CONT.STRADALI,NA,45.6959,11.6362,NA,SCHIAVON,BASSANO,NA,NA
2025-02-09 10:38:45,AB123CD,VEH001,RFD20241006095,Presente,CARTA,CARTA CONT.STRADALI,UTZ034,45.4856,11.7454,CAMPODORO,CAMPODORO,RUBANO,1100,26
2025-02-10 06:12:58,IL789MN,VEH003,RFD20241001301,Non Presente,NA,UMIDO PAP,NA,45.5658,11.9399,NA,CAMPOSAMPIERO,CAMPOSAMPIERO,NA,NA
2025-02-10 06:18:32,ST345UV,VEH005,RFD20241001301,Non Presente,NA,ASSISTENTE SERVIZI,NA,45.5658,11.9398,NA,CAMPOSAMPIERO,CAMPOSAMPIERO,NA,NA
2025-02-10 06:24:46,IL789MN,VEH003,RFD20241007043,Presente,UMIDO,UMIDO PAP,UTZ001,45.7956,11.7348,POVE DEL GRAPPA,POVE DEL GRAPPA,BASSANO,240,26
2025-02-10 06:50:15,AB123CD,VEH001,RFD20241007126,Presente,SECCO,SECCO PAP,UTZ001,45.6477,11.6838,POZZOLEONE,POZZOLEONE,BASSANO,1100,26
2025-02-10 07:43:27,AB123CD,VEH001,RFD20241007113,Presente,SECCO,SECCO PAP,UTZ022,45.4247,11.7899,RUBANO,RUBANO,RUBANO,1100,26
2025-02-10 08:24:29,IL789MN,VEH003,RFD20241007142,Presente,UMIDO,UMIDO PAP,UTZ001,45.3359,11.7886,MONTEGROTTO TERME,MONTEGROTTO TERME,RUBANO,770,26
2025-02-10 09:24:51,AB123CD,VEH001,RFD20241007146,Presente,SECCO,SECCO PAP,UTZ018,45.3018,11.7332,GALZIGNANO TERME,GALZIGNANO TERME,RUBANO,240,26
2025-02-10 12:27:30,OP012QR,VEH004,RFD20241007090,Presente,SECCO,SECCO PAP,UTZ021,45.7166,11.6078,COLCERESA,COLCERESA,BASSANO,1100,26
2025-02-10 13:01:23,OP012QR,VEH004,RFD20241007193,Presente,SECCO,SECCO PAP,UTZ005,45.6646,11.8335,GALLIERA VENETA,GALLIERA VENETA,CAMPOSAMPIERO,240,26
2025-02-10 13:16:59,OP012QR,VEH004,RFD20241007190,Presente,SECCO,SECCO PAP,UTZ031,45.4336,11.7794,RUBANO,RUBANO,RUBANO,1100,26
2025-02-10 13:34:49,ST345UV,VEH005,RFD20241007039,Presente,VETRO,VETRO PAP,UTZ025,45.5287,11.9682,BORGORICCO,BORGORICCO,CAMPOSAMPIERO,770,26
2025-02-10 13:35:02,IL789MN,VEH003,RFD20241007067,Presente,UMIDO,UMIDO CONT.STRADALI,UTZ010,45.3993,11.7455,SACCOLONGO,SACCOLONGO,RUBANO,770,26
2025-02-10 13:38:25,OP012QR,VEH004,RFD20250203302,Presente,SECCO,SECCO PAP,UTZ002,45.7426,11.7026,MAROSTICA,BASSANO DEL GRAPPA,BASSANO,1100,26
2025-02-10 15:12:57,IL789MN,VEH003,RFD20241007054,Presente,UMIDO,UMIDO CONT.STRADALI,UTZ013,45.6525,11.8164,TOMBOLO,TOMBOLO,CAMPOSAMPIERO,240,26
2025-02-10 15:17:13,OP012QR,VEH004,RFD20250203302,Presente,SECCO,SECCO PAP,UTZ002,45.7375,11.6664,MAROSTICA,MAROSTICA,BASSANO,1100,26
2025-02-10 15:27:47,ST345UV,VEH005,RFD20241007081,Presente,VETRO,VETRO PAP,UTZ003,45.7214,11.7652,ROSA',ROSA',BASSANO,1100,26
2025-02-10 15:37:47,IL789MN,VEH003,RFD20241007148,Presente,UMIDO,UMIDO CONT.STRADALI,UTZ025,45.7744,11.7214,BASSANO DEL GRAPPA,BASSANO DEL GRAPPA,BASSANO,240,26
2025-02-10 17:05:48,OP012QR,VEH004,RFD20241007120,Presente,SECCO,SECCO PAP,UTZ002,45.4333,11.7853,RUBANO,RUBANO,RUBANO,1100,26
2025-02-11 06:09:32,IL789MN,VEH003,RFD20241001301,Non Presente,NA,UMIDO PAP,NA,45.5657,11.9399,NA,CAMPOSAMPIERO,CAMPOSAMPIERO,NA,NA
2025-02-11 08:27:57,EF456GH,VEH002,RFD20241008026,Presente,VETRO,VETRO PAP,UTZ008,45.7924,11.7304,POVE DEL GRAPPA,POVE DEL GRAPPA,BASSANO,1100,26
2025-02-11 08:59:59,AB123CD,VEH001,RFD20241022136,Presente,CARTA,CARTA/CARTONE PAP,UTZ038,45.7886,11.7570,ROMANO D'EZZELINO,ROMANO D'EZZELINO,BASSANO,240,26
2025-02-11 10:34:08,IL789MN,VEH003,RFD20241008059,Presente,UMIDO,UMIDO PAP,UTZ001,45.4022,11.7944,SELVAZZANO DENTRO,SELVAZZANO DENTRO,RUBANO,240,26
2025-02-11 10:56:31,AB123CD,VEH001,RFD20241008062,Presente,CARTA,CARTA/CARTONE PAP,UTZ002,45.3630,11.6653,ROVOLON,ROVOLON,RUBANO,1100,26
2025-02-11 12:55:43,OP012QR,VEH004,RFD20241008077,Presente,SECCO,SECCO PAP,UTZ024,45.3620,11.6635,ROVOLON,ROVOLON,RUBANO,1100,26
2025-02-11 13:11:16,OP012QR,VEH004,RFD20241008155,Presente,SECCO,SECCO PAP,UTZ002,45.8757,11.5203,ASIAGO,ASIAGO,ASIAGO,240,26
2025-02-11 13:31:24,OP012QR,VEH004,RFD20241008102,Presente,SECCO,SECCO PAP,UTZ024,45.8899,11.6269,FOZA,FOZA,ASIAGO,1100,26
2025-02-11 14:32:03,OP012QR,VEH004,RFD20250203302,Presente,SECCO,SECCO PAP,UTZ002,45.7419,11.7018,MAROSTICA,BASSANO DEL GRAPPA,BASSANO,1100,26
2025-02-11 15:21:20,IL789MN,VEH003,RFD20241008032,Presente,PLASTICA E METALLI,PLASTICA PAP,UTZ026,45.3983,11.7484,SACCOLONGO,SACCOLONGO,RUBANO,770,26
2025-02-11 16:05:31,ST345UV,VEH005,RFD20241008187,Presente,PLASTICA E METALLI,PLAST.CONT.STRADALI,UTZ002,45.6584,11.8266,GALLIERA VENETA,GALLIERA VENETA,CAMPOSAMPIERO,770,26
2025-02-11 16:27:00,OP012QR,VEH004,RFD20241008099,Presente,SECCO,SECCO PAP,UTZ015,45.7176,11.7677,ROSA',ROSA',BASSANO,1100,26
2025-02-11 18:56:01,OP012QR,VEH004,RFD20250203302,Presente,SECCO,SECCO PAP,UTZ002,45.7264,11.6812,MAROSTICA,NOVE,BASSANO,1100,26
2025-02-12 06:11:53,OP012QR,VEH004,RFD20241001301,Non Presente,NA,SECCO PAP,NA,45.5658,11.9400,NA,CAMPOSAMPIERO,CAMPOSAMPIERO,NA,NA
2025-02-12 06:53:01,AB123CD,VEH001,RFD20241009151,Presente,SECCO,SECCO PAP,UTZ026,45.5941,11.9393,LOREGGIA,LOREGGIA,CAMPOSAMPIERO,240,26
2025-02-12 07:35:24,AB123CD,VEH001,RFD20241009041,Presente,SECCO,SECCO PAP,UTZ001,45.5654,11.8987,SANTA GIUSTINA IN COLLE,SANTA GIUSTINA IN COLLE,CAMPOSAMPIERO,1100,26
2025-02-12 07:49:00,AB123CD,VEH001,RFD20241009128,Presente,SECCO,SECCO PAP,UTZ002,45.4110,11.7369,SACCOLONGO,SACCOLONGO,RUBANO,1100,26
2025-02-12 08:21:43,IL789MN,VEH003,RFD20241008231,Non Presente,NA,UMIDO PAP,NA,45.6866,11.7001,NA,TEZZE SUL BRENTA,BASSANO,NA,NA
2025-02-12 08:24:50,AB123CD,VEH001,RFD20241009189,Presente,SECCO,SECCO PAP,UTZ002,45.4235,11.7903,RUBANO,RUBANO,RUBANO,1100,26
2025-02-12 09:20:22,AB123CD,VEH001,RFD20241009111,Presente,SECCO,SECCO PAP,UTZ042,45.6084,11.6744,SAN PIETRO IN GU,SAN PIETRO IN GU,CAMPOSAMPIERO,240,26
2025-02-12 09:28:45,AB123CD,VEH001,RFD20241009093,Presente,SECCO,SECCO PAP,UTZ001,45.7099,11.7969,ROSSANO VENETO,ROSSANO VENETO,BASSANO,1100,26
2025-02-12 10:24:49,AB123CD,VEH001,RFD20241009106,Presente,SECCO,SECCO PAP,UTZ004,45.7671,11.7355,BASSANO DEL GRAPPA,BASSANO DEL GRAPPA,BASSANO,240,26
2025-02-12 10:42:21,AB123CD,VEH001,RFD20241009108,Presente,SECCO,SECCO PAP,UTZ003,45.6955,11.7106,TEZZE SUL BRENTA,TEZZE SUL BRENTA,BASSANO,240,26
2025-02-12 10:50:02,EF456GH,VEH002,RFD20241009218,Non Presente,NA,CARTA CONT.STRADALI,NA,45.5589,11.9137,NA,SANTA GIUSTINA IN COLLE,CAMPOSAMPIERO,NA,NA
2025-02-12 12:01:37,OP012QR,VEH004,RFD20250203302,Presente,SECCO,SECCO PAP,UTZ002,45.7329,11.6712,MAROSTICA,MAROSTICA,BASSANO,1100,26
2025-02-12 14:03:14,ST345UV,VEH005,RFD20241009150,Presente,VETRO,VETRO PAP,UTZ027,45.5792,11.9325,CAMPOSAMPIERO,CAMPOSAMPIERO,CAMPOSAMPIERO,1100,26
2025-02-12 14:14:47,OP012QR,VEH004,RFD20241009107,Presente,SECCO,SECCO PAP,UTZ033,45.5708,11.9322,CAMPOSAMPIERO,CAMPOSAMPIERO,CAMPOSAMPIERO,1100,26
2025-02-12 14:21:59,IL789MN,VEH003,RFD20241009045,Presente,VERDE E RAMAGLIE,VERDE PAP,UTZ030,45.5617,12.0077,MASSANZAGO,MASSANZAGO,CAMPOSAMPIERO,240,26
2025-02-12 15:00:44,IL789MN,VEH003,RFD20241009205,Non Presente,NA,VERDE PAP,NA,45.8678,11.5017,NA,ASIAGO,ASIAGO,NA,NA
2025-02-12 15:40:31,OP012QR,VEH004,RFD20241009140,Presente,SECCO,SECCO PAP,UTZ002,45.9448,11.7210,ENEGO,ENEGO,ASIAGO,1100,26
2025-02-12 16:03:33,OP012QR,VEH004,RFD20241009085,Presente,SECCO,SECCO PAP,UTZ016,45.4843,11.8337,LIMENA,LIMENA,RUBANO,1100,26
2025-02-12 17:04:13,ST345UV,VEH005,RFD20250212021,Presente,VETRO,VETRO PAP,UTZ014,45.5702,11.9332,CAMPOSAMPIERO,CAMPOSAMPIERO,CAMPOSAMPIERO,1100,26
2025-02-12 18:53:22,OP012QR,VEH004,RFD20250203302,Presente,SECCO,SECCO PAP,UTZ002,45.7386,11.6647,MAROSTICA,MAROSTICA,BASSANO,1100,26
2025-02-13 08:19:08,EF456GH,VEH002,RFD20241024149,Presente,VETRO,VETRO PAP,UTZ004,45.5620,11.9087,SANTA GIUSTINA IN COLLE,SANTA GIUSTINA IN COLLE,CAMPOSAMPIERO,1100,13
2025-02-13 08:19:41,IL789MN,VEH003,RFD20241010068,Presente,UMIDO,UMIDO PAP,UTZ004,45.4897,11.7450,CAMPODORO,CAMPODORO,RUBANO,240,26
2025-02-13 10:14:25,AB123CD,VEH001,RFD20241010013,Presente,CARTA,CARTA/CARTONE PAP,UTZ009,45.7804,11.7401,BASSANO DEL GRAPPA,BASSANO DEL GRAPPA,BASSANO,1100,26
2025-02-13 13:57:25,ST345UV,VEH005,RFD20241010022,Presente,PLASTICA E METALLI,PLAST.CONT.STRADALI,UTZ032,45.3667,11.9838,SAONARA,SAONARA,CAMPOSAMPIERO,770,26
2025-02-13 14:30:53,IL789MN,VEH003,RFD20241010109,Presente,UMIDO,UMIDO CONT.STRADALI,UTZ018,45.7767,11.7332,BASSANO DEL GRAPPA,BASSANO DEL GRAPPA,BASSANO,770,26
2025-02-13 14:41:11,IL789MN,VEH003,RFD20241011223,Non Presente,NA,UMIDO CONT.STRADALI,NA,45.9023,11.6322,NA,FOZA,ASIAGO,NA,NA
2025-02-13 14:52:57,IL789MN,VEH003,RFD20241014226,Non Presente,NA,UMIDO CONT.STRADALI,NA,45.4291,11.7855,NA,RUBANO,RUBANO,NA,NA
2025-02-13 15:01:07,IL789MN,VEH003,RFD20241010195,Presente,UMIDO,UMIDO CONT.STRADALI,UTZ049,45.3155,11.7319,GALZIGNANO TERME,GALZIGNANO TERME,RUBANO,240,26
2025-02-13 15:24:50,ST345UV,VEH005,RFD20241010154,Presente,PLASTICA E METALLI,PLAST.CONT.STRADALI,UTZ005,45.8642,11.5162,ASIAGO,ASIAGO,ASIAGO,770,26
2025-02-13 15:26:49,OP012QR,VEH004,RFD20250203302,Presente,SECCO,SECCO PAP,UTZ002,45.7431,11.7034,MAROSTICA,BASSANO DEL GRAPPA,BASSANO,1100,26
2025-02-13 15:53:45,OP012QR,VEH004,RFD20241010119,Presente,SECCO,SECCO PAP,UTZ002,45.5623,11.9075,SANTA GIUSTINA IN COLLE,SANTA GIUSTINA IN COLLE,CAMPOSAMPIERO,1100,26
2025-02-13 17:04:36,OP012QR,VEH004,RFD20241010069,Presente,SECCO,SECCO PAP,UTZ020,45.7310,11.7590,ROSA',ROSA',BASSANO,240,26
2025-02-13 17:37:09,OP012QR,VEH004,RFD20250203302,Presente,SECCO,SECCO PAP,UTZ002,45.7288,11.6844,MAROSTICA,NOVE,BASSANO,1100,26
2025-02-13 18:47:07,AB123CD,VEH001,RFD20241001301,Non Presente,NA,CARTA/CARTONE PAP,NA,45.5658,11.9399,NA,CAMPOSAMPIERO,CAMPOSAMPIERO,NA,NA
2025-02-14 06:07:27,IL789MN,VEH003,RFD20241001301,Non Presente,NA,UMIDO PAP,NA,45.5658,11.9398,NA,CAMPOSAMPIERO,CAMPOSAMPIERO,NA,NA
2025-02-14 07:32:29,AB123CD,VEH001,RFD20241011132,Presente,SECCO,SECCO PAP,UTZ001,45.5771,11.9310,CAMPOSAMPIERO,CAMPOSAMPIERO,CAMPOSAMPIERO,1100,26
2025-02-14 08:36:39,EF456GH,VEH002,RFD20241011223,Non Presente,NA,CARTA CONT.STRADALI,NA,45.9023,11.6323,NA,FOZA,ASIAGO,NA,NA
2025-02-14 09:12:25,AB123CD,VEH001,RFD20241011139,Presente,SECCO,SECCO PAP,UTZ002,45.6197,11.6597,SAN PIETRO IN GU,SAN PIETRO IN GU,CAMPOSAMPIERO,1100,26
2025-02-14 09:35:30,AB123CD,VEH001,RFD20241011176,Presente,SECCO,SECCO PAP,UTZ008,45.4676,11.8514,LIMENA,LIMENA,RUBANO,1100,26
2025-02-14 09:44:04,IL789MN,VEH003,RFD20241003230,Non Presente,NA,UMIDO PAP,NA,45.6959,11.6361,NA,SCHIAVON,BASSANO,NA,NA
2025-02-14 11:31:46,AB123CD,VEH001,RFD20241025196,Presente,SECCO,SECCO PAP,UTZ029,45.8642,11.5202,ASIAGO,ASIAGO,ASIAGO,1100,26
2025-02-14 13:49:00,ST345UV,VEH005,RFD20241025175,Presente,VETRO,VETRO PAP,UTZ006,45.4901,11.7534,CAMPODORO,CAMPODORO,RUBANO,1100,13
2025-02-14 14:44:41,ST345UV,VEH005,RFD20241011182,Presente,VETRO,VETRO PAP,UTZ047,45.5855,11.7046,GAZZO,GAZZO,CAMPOSAMPIERO,1100,26
2025-02-14 15:23:03,ST345UV,VEH005,RFD20241025060,Presente,VETRO,VETRO PAP,UTZ003,45.3333,11.7955,MONTEGROTTO TERME,MONTEGROTTO TERME,RUBANO,1100,13
2025-02-14 15:25:53,OP012QR,VEH004,RFD20241011124,Presente,SECCO,SECCO PAP,UTZ001,45.6424,11.8514,SAN MARTINO DI LUPARI,SAN MARTINO DI LUPARI,CAMPOSAMPIERO,240,26
2025-02-14 15:40:45,ST345UV,VEH005,RFD20241011125,Presente,VETRO,VETRO PAP,UTZ014,45.5744,11.9218,CAMPOSAMPIERO,CAMPOSAMPIERO,CAMPOSAMPIERO,1100,26
2025-02-14 16:09:57,IL789MN,VEH003,RFD20241011019,Presente,PLASTICA E METALLI,PLASTICA PAP,UTZ001,45.6003,12.0033,PIOMBINO DESE,PIOMBINO DESE,CAMPOSAMPIERO,770,26
2025-02-14 16:29:46,IL789MN,VEH003,RFD20241025075,Presente,PLASTICA E METALLI,PLASTICA PAP,UTZ001,45.7967,11.7437,ROMANO D'EZZELINO,ROMANO D'EZZELINO,BASSANO,770,26
2025-02-14 17:29:22,OP012QR,VEH004,RFD20250203302,Presente,SECCO,SECCO PAP,UTZ002,45.7350,11.6693,MAROSTICA,MAROSTICA,BASSANO,1100,26
2025-02-14 18:01:15,OP012QR,VEH004,RFD20241011004,Presente,SECCO,SECCO PAP,UTZ024,45.7921,11.7674,ROMANO D'EZZELINO,ROMANO D'EZZELINO,BASSANO,240,26
2025-02-14 18:40:40,AB123CD,VEH001,RFD20241001301,Non Presente,NA,SECCO PAP,NA,45.5658,11.9399,NA,CAMPOSAMPIERO,CAMPOSAMPIERO,NA,NA
2025-02-14 18:52:23,OP012QR,VEH004,RFD20250203302,Presente,SECCO,SECCO PAP,UTZ002,45.7438,11.7041,MAROSTICA,BASSANO DEL GRAPPA,BASSANO,1100,26
2025-02-15 06:01:50,IL789MN,VEH003,RFD20241001301,Non Presente,NA,UMIDO PAP,NA,45.5658,11.9399,NA,CAMPOSAMPIERO,CAMPOSAMPIERO,NA,NA
2025-02-15 07:35:12,AB123CD,VEH001,RFD20241012118,Presente,CARTA,CARTA/CARTONE PAP,UTZ019,45.6943,11.7071,TEZZE SUL BRENTA,TEZZE SUL BRENTA,BASSANO,1100,26
2025-02-15 08:30:42,IL789MN,VEH003,RFD20250215084,Presente,UMIDO,UMIDO PAP,UTZ022,45.6087,11.7352,GRANTORTO,GRANTORTO,CAMPOSAMPIERO,240,26
2025-02-15 12:00:00,OP012QR,VEH004,RFD20241012082,Presente,SECCO,SECCO PAP,UTZ001,45.6591,11.8292,GALLIERA VENETA,GALLIERA VENETA,CAMPOSAMPIERO,240,26
2025-02-15 12:04:01,OP012QR,VEH004,RFD20250203302,Presente,SECCO,SECCO PAP,UTZ002,45.7418,11.7014,MAROSTICA,BASSANO DEL GRAPPA,BASSANO,1100,26
2025-02-15 13:38:29,OP012QR,VEH004,RFD20250203302,Presente,SECCO,SECCO PAP,UTZ002,45.7310,11.6868,MAROSTICA,NOVE,BASSANO,1100,26
2025-02-15 14:07:57,IL789MN,VEH003,RFD20241012047,Presente,VERDE E RAMAGLIE,VERDE PAP,UTZ028,45.7546,11.7432,BASSANO DEL GRAPPA,BASSANO DEL GRAPPA,BASSANO,240,26
2025-02-15 15:27:11,IL789MN,VEH003,RFD20241008231,Non Presente,NA,VERDE PAP,NA,45.6868,11.7000,NA,TEZZE SUL BRENTA,BASSANO,NA,NA
2025-02-15 15:46:35,IL789MN,VEH003,RFD20241012089,Presente,VERDE E RAMAGLIE,VERDE PAP,UTZ017,45.7291,11.6734,NOVE,NOVE,BASSANO,240,26
2025-02-15 15:49:40,IL789MN,VEH003,RFD20241012052,Presente,VERDE E RAMAGLIE,VERDE PAP,UTZ002,45.6997,11.6387,SCHIAVON,SCHIAVON,BASSANO,1100,26
2025-02-15 18:58:00,ST345UV,VEH005,RFD20241001301,Non Presente,NA,SERVIZI MERCATI,NA,45.5657,11.9399,NA,CAMPOSAMPIERO,CAMPOSAMPIERO,NA,NA
2025-02-16 07:58:52,AB123CD,VEH001,RFD20241013130,Presente,CARTA,CARTA CONT.STRADALI,UTZ004,45.4267,11.6850,CERVARESE SANTA CROCE,CERVARESE SANTA CROCE,RUBANO,240,26
2025-02-16 08:09:37,AB123CD,VEH001,RFD20241013030,Presente,CARTA,CARTA CONT.STRADALI,UTZ001,45.6914,11.7996,ROSSANO VENETO,ROSSANO VENETO,BASSANO,1100,26
2025-02-16 08:20:12,AB123CD,VEH001,RFD20241013083,Presente,CARTA,CARTA CONT.STRADALI,UTZ030,45.3138,11.7395,GALZIGNANO TERME,GALZIGNANO TERME,RUBANO,240,26
2025-02-16 09:17:37,AB123CD,VEH001,RFD20241013172,Presente,CARTA,CARTA CONT.STRADALI,UTZ001,45.3299,11.7373,TORREGLIA,TORREGLIA,RUBANO,240,26
2025-02-17 07:48:23,AB123CD,VEH001,RFD20241109214,Non Presente,NA,SECCO PAP,NA,45.6046,11.7310,NA,GRANTORTO,CAMPOSAMPIERO,NA,NA
2025-02-17 07:58:38,AB123CD,VEH001,RFD20250203051,Presente,SECCO,SECCO PAP,UTZ003,45.6500,11.8269,TOMBOLO,TOMBOLO,CAMPOSAMPIERO,1100,26
2025-02-17 08:48:54,AB123CD,VEH001,RFD20241014117,Presente,SECCO,SECCO PAP,UTZ001,45.6416,11.7837,CITTADELLA,CITTADELLA,CAMPOSAMPIERO,1100,26
2025-02-17 09:20:25,EF456GH,VEH002,RFD20241014011,Presente,CARTA,CARTA CONT.STRADALI,UTZ034,45.6443,11.8630,SAN MARTINO DI LUPARI,SAN MARTINO DI LUPARI,CAMPOSAMPIERO,1100,26
2025-02-17 09:53:06,EF456GH,VEH002,RFD20241014191,Presente,CARTA,CARTA CONT.STRADALI,UTZ005,45.3679,11.6629,ROVOLON,ROVOLON,RUBANO,1100,26
2025-02-17 12:42:58,OP012QR,VEH004,RFD20250203302,Presente,SECCO,SECCO PAP,UTZ002,45.7364,11.6943,MAROSTICA,BASSANO DEL GRAPPA,BASSANO,1100,26
2025-02-17 13:17:26,OP012QR,VEH004,RFD20241014024,Presente,SECCO,SECCO PAP,UTZ040,45.5363,11.9674,BORGORICCO,BORGORICCO,CAMPOSAMPIERO,1100,26
2025-02-17 14:07:21,OP012QR,VEH004,RFD20250203302,Presente,SECCO,SECCO PAP,UTZ002,45.7402,11.6629,MAROSTICA,MAROSTICA,BASSANO,1100,26
2025-02-17 14:32:27,OP012QR,VEH004,RFD20241014033,Presente,SECCO,SECCO PAP,UTZ006,45.8593,11.4001,ROTZO,ROTZO,ASIAGO,1100,26
2025-02-17 14:46:36,IL789MN,VEH003,RFD20241028173,Presente,UMIDO,UMIDO CONT.STRADALI,UTZ032,45.7625,11.7417,BASSANO DEL GRAPPA,BASSANO DEL GRAPPA,BASSANO,240,26
2025-02-17 18:34:33,EF456GH,VEH002,RFD20241001301,Non Presente,NA,CARTA CONT.STRADALI,NA,45.5658,11.9398,NA,CAMPOSAMPIERO,CAMPOSAMPIERO,NA,NA
2025-02-18 06:01:38,AB123CD,VEH001,RFD20241001301,Non Presente,NA,CARTA/CARTONE PAP,NA,45.5658,11.9399,NA,CAMPOSAMPIERO,CAMPOSAMPIERO,NA,NA
2025-02-18 06:07:35,OP012QR,VEH004,RFD20241001301,Non Presente,NA,SECCO PAP,NA,45.5657,11.9399,NA,CAMPOSAMPIERO,CAMPOSAMPIERO,NA,NA
2025-02-18 09:33:38,IL789MN,VEH003,RFD20241001072,Presente,UMIDO,UMIDO PAP,UTZ003,45.8086,11.5990,LUSIANA CONCO,LUSIANA CONCO,ASIAGO,240,26
2025-02-18 09:54:30,IL789MN,VEH003,RFD20241001152,Presente,UMIDO,UMIDO PAP,UTZ037,45.4374,11.9253,CADONEGHE,CADONEGHE,CAMPOSAMPIERO,240,26
2025-02-18 13:09:12,IL789MN,VEH003,RFD20241001122,Presente,PLASTICA E METALLI,PLASTICA PAP,UTZ012,45.8053,11.7261,POVE DEL GRAPPA,POVE DEL GRAPPA,BASSANO,770,26
2025-02-18 14:15:52,ST345UV,VEH005,RFD20241001114,Presente,PLASTICA E METALLI,PLAST.CONT.STRADALI,UTZ005,45.8610,11.5203,ASIAGO,ASIAGO,ASIAGO,770,26
2025-02-18 14:32:04,IL789MN,VEH003,RFD20241001158,Presente,PLASTICA E METALLI,PLASTICA PAP,UTZ034,45.6543,11.8572,SAN MARTINO DI LUPARI,SAN MARTINO DI LUPARI,CAMPOSAMPIERO,770,26
2025-02-18 14:50:54,OP012QR,VEH004,RFD20241001181,Presente,SECCO,SECCO PAP,UTZ008,45.6546,11.6829,POZZOLEONE,POZZOLEONE,BASSANO,1100,26
2025-02-18 15:09:55,OP012QR,VEH004,RFD20241015048,Presente,SECCO,SECCO PAP,UTZ030,45.4295,11.7922,RUBANO,RUBANO,RUBANO,1100,26
2025-02-18 15:15:30,OP012QR,VEH004,RFD20241001058,Presente,SECCO,SECCO PAP,UTZ035,45.3439,11.6638,TEOLO,TEOLO,RUBANO,1100,26
2025-02-18 15:40:12,ST345UV,VEH005,RFD20241002206,Non Presente,NA,PLAST.CONT.STRADALI,NA,45.5685,11.9064,NA,SANTA GIUSTINA IN COLLE,CAMPOSAMPIERO,NA,NA
2025-02-18 15:40:43,OP012QR,VEH004,RFD20250203302,Presente,SECCO,SECCO PAP,UTZ002,45.7310,11.6872,MAROSTICA,NOVE,BASSANO,1100,26
2025-02-18 17:32:47,ST345UV,VEH005,RFD20241001209,Non Presente,NA,PLAST.CONT.STRADALI,NA,45.6480,11.8300,NA,TOMBOLO,CAMPOSAMPIERO,NA,NA
2025-02-18 18:48:15,OP012QR,VEH004,RFD20250203302,Presente,SECCO,SECCO PAP,UTZ002,45.7441,11.7042,MAROSTICA,BASSANO DEL GRAPPA,BASSANO,1100,26
2025-02-19 06:09:45,IL789MN,VEH003,RFD20241001301,Non Presente,NA,UMIDO PAP,NA,45.5658,11.9399,NA,CAMPOSAMPIERO,CAMPOSAMPIERO,NA,NA
2025-02-19 06:16:01,EF456GH,VEH002,RFD20241001301,Non Presente,NA,CARTA CONT.STRADALI,NA,45.5658,11.9399,NA,CAMPOSAMPIERO,CAMPOSAMPIERO,NA,NA
2025-02-19 06:40:29,AB123CD,VEH001,RFD20241002049,Presente,SECCO,SECCO PAP,UTZ003,45.3394,11.7382,TORREGLIA,TORREGLIA,RUBANO,1100,26
2025-02-19 08:02:26,EF456GH,VEH002,RFD20241002071,Presente,CARTA,CARTA CONT.STRADALI,UTZ033,45.4327,11.7846,RUBANO,RUBANO,RUBANO,1100,26
2025-02-19 08:45:28,EF456GH,VEH002,RFD20241002131,Presente,CARTA,CARTA CONT.STRADALI,UTZ001,45.8910,11.6337,FOZA,FOZA,ASIAGO,240,26
2025-02-19 09:33:56,AB123CD,VEH001,RFD20241002105,Presente,SECCO,SECCO PAP,UTZ002,45.7148,11.7668,ROSA',ROSA',BASSANO,240,26
2025-02-19 09:57:57,AB123CD,VEH001,RFD20250205056,Presente,SECCO,SECCO PAP,UTZ001,45.5196,11.8283,CURTAROLO,CURTAROLO,CAMPOSAMPIERO,240,26
2025-02-19 10:14:22,EF456GH,VEH002,RFD20241002073,Presente,CARTA,CARTA CONT.STRADALI,UTZ050,45.4022,11.7536,SACCOLONGO,SACCOLONGO,RUBANO,1100,26
2025-02-19 10:16:23,AB123CD,VEH001,RFD20241002183,Presente,SECCO,SECCO PAP,UTZ009,45.7284,11.7950,CASSOLA,CASSOLA,BASSANO,1100,26
2025-02-19 11:27:40,AB123CD,VEH001,RFD20241002088,Presente,SECCO,SECCO PAP,UTZ005,45.7998,11.6068,LUSIANA CONCO,LUSIANA CONCO,ASIAGO,1100,26
2025-02-19 13:20:46,OP012QR,VEH004,RFD20241002203,Non Presente,NA,SECCO PAP,NA,45.3696,11.6596,NA,ROVOLON,RUBANO,NA,NA
2025-02-19 13:38:32,OP012QR,VEH004,RFD20241002078,Presente,SECCO,SECCO PAP,UTZ009,45.8880,11.5488,GALLIO,GALLIO,ASIAGO,1100,26
2025-02-19 13:54:33,OP012QR,VEH004,RFD20241002094,Presente,SECCO,SECCO PAP,UTZ005,45.5787,11.9239,CAMPOSAMPIERO,CAMPOSAMPIERO,CAMPOSAMPIERO,240,26
2025-02-19 14:28:45,IL789MN,VEH003,RFD20241016234,Non Presente,NA,VERDE PAP,NA,45.5603,11.8170,NA,CAMPO SAN MARTINO,CAMPOSAMPIERO,NA,NA
2025-02-19 14:45:32,ST345UV,VEH005,RFD20241002229,Non Presente,NA,VETRO PAP,NA,45.7206,11.6122,NA,COLCERESA,BASSANO,NA,NA
2025-02-19 15:03:03,OP012QR,VEH004,RFD20241030037,Presente,SECCO,SECCO PAP,UTZ014,45.8817,11.5385,GALLIO,GALLIO,ASIAGO,1100,26
2025-02-19 15:32:08,OP012QR,VEH004,RFD20250203302,Presente,SECCO,SECCO PAP,UTZ002,45.7439,11.6587,MAROSTICA,MAROSTICA,BASSANO,1100,26
2025-02-19 16:20:37,ST345UV,VEH005,RFD20241002053,Presente,VETRO,VETRO PAP,UTZ022,45.7622,11.7437,BASSANO DEL GRAPPA,BASSANO DEL GRAPPA,BASSANO,1100,26
2025-02-19 16:28:55,IL789MN,VEH003,RFD20241002015,Presente,VERDE E RAMAGLIE,VERDE PAP,UTZ030,45.6657,11.8192,GALLIERA VENETA,GALLIERA VENETA,CAMPOSAMPIERO,1100,26
2025-02-19 16:53:19,IL789MN,VEH003,RFD20241002198,Presente,VERDE E RAMAGLIE,VERDE PAP,UTZ001,45.8722,11.5266,ASIAGO,ASIAGO,ASIAGO,240,26
2025-02-19 17:28:27,IL789MN,VEH003,RFD20241030027,Presente,VERDE E RAMAGLIE,VERDE PAP,UTZ024,45.3838,11.9774,SAONARA,SAONARA,CAMPOSAMPIERO,240,26
2025-02-19 18:54:03,OP012QR,VEH004,RFD20250203302,Presente,SECCO,SECCO PAP,UTZ002,45.7430,11.7029,MAROSTICA,BASSANO DEL GRAPPA,BASSANO,1100,26
2025-02-20 06:16:03,OP012QR,VEH004,RFD20241001301,Non Presente,NA,SECCO PAP,NA,45.5658,11.9399,NA,CAMPOSAMPIERO,CAMPOSAMPIERO,NA,NA
2025-02-20 06:52:04,AB123CD,VEH001,RFD20241017188,Presente,CARTA,CARTA/CARTONE PAP,UTZ015,45.5559,12.0156,MASSANZAGO,MASSANZAGO,CAMPOSAMPIERO,240,26
2025-02-20 08:15:32,AB123CD,VEH001,RFD20241003141,Presente,CARTA,CARTA/CARTONE PAP,UTZ008,45.5760,11.7105,GAZZO,GAZZO,CAMPOSAMPIERO,1100,26
2025-02-20 08:53:51,AB123CD,VEH001,RFD20241003096,Presente,CARTA,CARTA/CARTONE PAP,UTZ017,45.5711,11.9267,CAMPOSAMPIERO,CAMPOSAMPIERO,CAMPOSAMPIERO,1100,26
2025-02-20 09:23:20,EF456GH,VEH002,RFD20241003035,Presente,VETRO,VETRO PAP,UTZ003,45.7182,11.5989,COLCERESA,COLCERESA,BASSANO,1100,13
2025-02-20 10:27:37,EF456GH,VEH002,RFD20241003157,Presente,VETRO,VETRO PAP,UTZ013,45.4908,11.7439,CAMPODORO,CAMPODORO,RUBANO,1100,26
2025-02-20 10:27:53,EF456GH,VEH002,RFD20250123212,Non Presente,NA,VETRO PAP,NA,45.4274,11.7900,NA,RUBANO,RUBANO,NA,NA
2025-02-20 12:50:28,EF456GH,VEH002,RFD20241003230,Non Presente,NA,VETRO PAP,NA,45.6960,11.6363,NA,SCHIAVON,BASSANO,NA,NA
2025-02-20 13:35:22,IL789MN,VEH003,RFD20241003127,Presente,UMIDO,UMIDO CONT.STRADALI,UTZ001,45.7727,11.7287,BASSANO DEL GRAPPA,BASSANO DEL GRAPPA,BASSANO,240,26
2025-02-20 13:37:23,ST345UV,VEH005,RFD20241003138,Presente,PLASTICA E METALLI,PLAST.CONT.STRADALI,UTZ005,45.6086,11.6725,SAN PIETRO IN GU,SAN PIETRO IN GU,CAMPOSAMPIERO,770,26
2025-02-20 14:23:11,OP012QR,VEH004,RFD20241003061,Presente,SECCO,SECCO PAP,UTZ002,45.5339,11.9614,BORGORICCO,BORGORICCO,CAMPOSAMPIERO,1100,26
2025-02-20 15:45:04,OP012QR,VEH004,RFD20250203302,Presente,SECCO,SECCO PAP,UTZ002,45.7316,11.6880,MAROSTICA,NOVE,BASSANO,1100,26
2025-02-20 16:30:36,OP012QR,VEH004,RFD20241003164,Presente,SECCO,SECCO PAP,UTZ003,45.7795,11.7295,BASSANO DEL GRAPPA,BASSANO DEL GRAPPA,BASSANO,240,26
2025-02-20 17:27:53,IL789MN,VEH003,RFD20241003303,Presente,UMIDO,UMIDO CONT.STRADALI,UTZ002,45.7802,11.8087,MUSSOLENTE,MUSSOLENTE,BASSANO,240,26
2025-02-20 18:33:05,OP012QR,VEH004,RFD20250203302,Presente,SECCO,SECCO PAP,UTZ002,45.7303,11.6865,MAROSTICA,NOVE,BASSANO,1100,26
2025-02-20 18:43:47,IL789MN,VEH003,RFD20241001301,Non Presente,NA,UMIDO CONT.STRADALI,NA,45.5658,11.9399,NA,CAMPOSAMPIERO,CAMPOSAMPIERO,NA,NA
2025-02-21 06:15:20,OP012QR,VEH004,RFD20241001301,Non Presente,NA,SECCO PAP,NA,45.5658,11.9399,NA,CAMPOSAMPIERO,CAMPOSAMPIERO,NA,NA
2025-02-21 06:40:54,AB123CD,VEH001,RFD20241004065,Presente,SECCO,SECCO PAP,UTZ007,45.6154,11.6652,SAN PIETRO IN GU,SAN PIETRO IN GU,CAMPOSAMPIERO,1100,26
2025-02-21 07:18:30,AB123CD,VEH001,RFD20250207211,Non Presente,NA,SECCO PAP,NA,45.7172,11.6852,NA,NOVE,BASSANO,NA,NA
2025-02-21 08:08:09,AB123CD,VEH001,RFD20241004003,Presente,SECCO,SECCO PAP,UTZ008,45.4364,11.7856,RUBANO,RUBANO,RUBANO,240,26
2025-02-21 08:54:02,EF456GH,VEH002,RFD20241004123,Presente,CARTA,CARTA CONT.STRADALI,UTZ032,45.6488,11.7782,CITTADELLA,CITTADELLA,CAMPOSAMPIERO,240,26
2025-02-21 09:12:35,EF456GH,VEH002,RFD20241018161,Presente,CARTA,CARTA CONT.STRADALI,UTZ034,45.5714,11.9294,CAMPOSAMPIERO,CAMPOSAMPIERO,CAMPOSAMPIERO,1100,26
2025-02-21 09:37:42,EF456GH,VEH002,RFD20250221038,Presente,CARTA,CARTA CONT.STRADALI,UTZ005,45.6902,11.6328,SCHIAVON,SCHIAVON,BASSANO,240,26
2025-02-21 10:17:22,EF456GH,VEH002,RFD20241004197,Presente,CARTA,CARTA CONT.STRADALI,UTZ018,45.8647,11.5124,ASIAGO,ASIAGO,ASIAGO,240,26
2025-02-21 10:19:23,AB123CD,VEH001,RFD20241004137,Presente,SECCO,SECCO PAP,UTZ012,45.5272,11.9709,BORGORICCO,BORGORICCO,CAMPOSAMPIERO,1100,26
2025-02-21 10:24:04,EF456GH,VEH002,RFD20241004159,Presente,CARTA,CARTA CONT.STRADALI,UTZ004,45.4416,11.7879,RUBANO,RUBANO,RUBANO,1100,26
2025-02-21 11:09:06,EF456GH,VEH002,RFD20241004028,Presente,CARTA,CARTA CONT.STRADALI,UTZ005,45.8597,11.3941,ROTZO,ROTZO,ASIAGO,240,26
2025-02-21 12:04:23,OP012QR,VEH004,RFD20250203302,Presente,SECCO,SECCO PAP,UTZ002,45.7423,11.6602,MAROSTICA,MAROSTICA,BASSANO,1100,26
2025-02-21 14:19:58,IL789MN,VEH003,RFD20241004177,Presente,PLASTICA E METALLI,PLASTICA PAP,UTZ048,45.7666,11.7336,BASSANO DEL GRAPPA,BASSANO DEL GRAPPA,BASSANO,770,26
2025-02-21 15:44:46,OP012QR,VEH004,RFD20241018010,Presente,SECCO,SECCO PAP,UTZ001,45.3633,11.9845,SAONARA,SAONARA,CAMPOSAMPIERO,1100,26
2025-02-21 16:06:01,ST345UV,VEH005,RFD20241004115,Presente,VETRO,VETRO PAP,UTZ001,45.4293,11.7849,RUBANO,RUBANO,RUBANO,1100,26
2025-02-21 17:18:18,ST345UV,VEH005,RFD20241004185,Presente,VETRO,VETRO PAP,UTZ043,45.4034,11.7496,SACCOLONGO,SACCOLONGO,RUBANO,1100,26
2025-02-21 17:51:24,OP012QR,VEH004,RFD20250203302,Presente,SECCO,SECCO PAP,UTZ002,45.7432,11.7034,MAROSTICA,BASSANO DEL GRAPPA,BASSANO,1100,26
2025-02-22 06:08:53,ST345UV,VEH005,RFD20241001301,Non Presente,NA,SERVIZI MERCATI,NA,45.5658,11.9399,NA,CAMPOSAMPIERO,CAMPOSAMPIERO,NA,NA
2025-02-22 09:07:33,AB123CD,VEH001,RFD20250208143,Presente,CARTA,CARTA/CARTONE PAP,UTZ009,45.6125,12.0044,PIOMBINO DESE,PIOMBINO DESE,CAMPOSAMPIERO,240,26
2025-02-22 12:33:29,OP012QR,VEH004,RFD20241005091,Presente,SECCO,SECCO PAP,UTZ016,45.5854,11.8056,SAN GIORGIO IN BOSCO,SAN GIORGIO IN BOSCO,CAMPOSAMPIERO,1100,26
2025-02-22 14:00:46,OP012QR,VEH004,RFD20241005012,Presente,SECCO,SECCO PAP,UTZ035,45.8088,11.7285,POVE DEL GRAPPA,POVE DEL GRAPPA,BASSANO,1100,26
2025-02-22 14:50:38,OP012QR,VEH004,RFD20250203302,Presente,SECCO,SECCO PAP,UTZ002,45.7400,11.6990,MAROSTICA,BASSANO DEL GRAPPA,BASSANO,1100,26
2025-02-22 14:54:25,IL789MN,VEH003,RFD20241005169,Presente,VERDE E RAMAGLIE,VERDE PAP,UTZ008,45.6473,11.6825,POZZOLEONE,POZZOLEONE,BASSANO,240,26
2025-02-22 15:27:23,OP012QR,VEH004,RFD20241019135,Presente,SECCO,SECCO PAP,UTZ019,45.6500,11.8546,SAN MARTINO DI LUPARI,SAN MARTINO DI LUPARI,CAMPOSAMPIERO,240,26
2025-02-22 16:03:46,IL789MN,VEH003,RFD20241005144,Presente,VERDE E RAMAGLIE,VERDE PAP,UTZ013,45.4201,11.6829,CERVARESE SANTA CROCE,CERVARESE SANTA CROCE,RUBANO,240,26
2025-02-22 17:54:32,IL789MN,VEH003,RFD20241005064,Presente,VERDE E RAMAGLIE,VERDE PAP,UTZ010,45.3062,11.7337,GALZIGNANO TERME,GALZIGNANO TERME,RUBANO,240,26
2025-02-22 18:53:07,OP012QR,VEH004,RFD20250203302,Presente,SECCO,SECCO PAP,UTZ002,45.7311,11.6739,MAROSTICA,MAROSTICA,BASSANO,1100,26
2025-02-23 07:07:15,AB123CD,VEH001,RFD20241006101,Presente,CARTA,CARTA CONT.STRADALI,UTZ012,45.5776,11.9332,CAMPOSAMPIERO,CAMPOSAMPIERO,CAMPOSAMPIERO,1100,26
2025-02-23 07:17:36,AB123CD,VEH001,RFD20241006147,Presente,CARTA,CARTA CONT.STRADALI,UTZ003,45.3314,11.7373,TORREGLIA,TORREGLIA,RUBANO,240,26
2025-02-23 08:12:32,AB123CD,VEH001,RFD20241006174,Presente,CARTA,CARTA CONT.STRADALI,UTZ003,45.3070,11.7164,GALZIGNANO TERME,GALZIGNANO TERME,RUBANO,240,26
2025-02-23 08:15:53,AB123CD,VEH001,RFD20241006168,Presente,CARTA,CARTA CONT.STRADALI,UTZ003,45.5470,12.0103,MASSANZAGO,MASSANZAGO,CAMPOSAMPIERO,1100,26
2025-02-23 08:48:42,AB123CD,VEH001,RFD20241006192,Presente,CARTA,CARTA CONT.STRADALI,UTZ001,45.6508,11.8274,TOMBOLO,TOMBOLO,CAMPOSAMPIERO,1100,26
2025-02-23 09:25:22,AB123CD,VEH001,RFD20241006066,Presente,CARTA,CARTA CONT.STRADALI,UTZ011,45.3105,11.7320,GALZIGNANO TERME,GALZIGNANO TERME,RUBANO,1100,26
2025-02-23 09:33:17,AB123CD,VEH001,RFD20241006180,Presente,CARTA,CARTA CONT.STRADALI,UTZ003,45.6360,11.7541,FONTANIVA,FONTANIVA,CAMPOSAMPIERO,240,26
2025-02-24 06:22:48,OP012QR,VEH004,RFD20241001301,Non Presente,NA,SECCO PAP,NA,45.5658,11.9399,NA,CAMPOSAMPIERO,CAMPOSAMPIERO,NA,NA
2025-02-24 07:18:50,AB123CD,VEH001,RFD20241007126,Presente,SECCO,SECCO PAP,UTZ001,45.6476,11.6836,POZZOLEONE,POZZOLEONE,BASSANO,1100,26
2025-02-24 08:23:14,IL789MN,VEH003,RFD20241007142,Presente,UMIDO,UMIDO PAP,UTZ001,45.3361,11.7885,MONTEGROTTO TERME,MONTEGROTTO TERME,RUBANO,770,26
2025-02-24 08:33:28,AB123CD,VEH001,RFD20241007113,Presente,SECCO,SECCO PAP,UTZ022,45.4248,11.7899,RUBANO,RUBANO,RUBANO,1100,26
2025-02-24 09:12:06,AB123CD,VEH001,RFD20241007146,Presente,SECCO,SECCO PAP,UTZ018,45.3018,11.7336,GALZIGNANO TERME,GALZIGNANO TERME,RUBANO,240,26
2025-02-24 12:12:26,OP012QR,VEH004,RFD20241007090,Presente,SECCO,SECCO PAP,UTZ021,45.7166,11.6077,COLCERESA,COLCERESA,BASSANO,1100,26
2025-02-24 12:22:51,OP012QR,VEH004,RFD20241007190,Presente,SECCO,SECCO PAP,UTZ031,45.4336,11.7794,RUBANO,RUBANO,RUBANO,1100,26
2025-02-24 13:18:01,OP012QR,VEH004,RFD20241007193,Presente,SECCO,SECCO PAP,UTZ005,45.6644,11.8336,GALLIERA VENETA,GALLIERA VENETA,CAMPOSAMPIERO,240,26
2025-02-24 13:35:35,ST345UV,VEH005,RFD20241007039,Presente,VETRO,VETRO PAP,UTZ025,45.5285,11.9681,BORGORICCO,BORGORICCO,CAMPOSAMPIERO,770,26
2025-02-24 13:39:26,OP012QR,VEH004,RFD20250203302,Presente,SECCO,SECCO PAP,UTZ002,45.7302,11.6858,MAROSTICA,NOVE,BASSANO,1100,26
2025-02-24 13:43:31,IL789MN,VEH003,RFD20241007067,Presente,UMIDO,UMIDO CONT.STRADALI,UTZ010,45.3996,11.7454,SACCOLONGO,SACCOLONGO,RUBANO,770,26
2025-02-24 13:52:54,IL789MN,VEH003,RFD20241007233,Non Presente,NA,UMIDO CONT.STRADALI,NA,45.3298,11.8013,NA,MONTEGROTTO TERME,RUBANO,NA,NA
2025-02-24 15:04:44,IL789MN,VEH003,RFD20241007148,Presente,UMIDO,UMIDO CONT.STRADALI,UTZ025,45.7744,11.7214,BASSANO DEL GRAPPA,BASSANO DEL GRAPPA,BASSANO,240,26
2025-02-24 15:07:14,ST345UV,VEH005,RFD20241007081,Presente,VETRO,VETRO PAP,UTZ003,45.7213,11.7650,ROSA',ROSA',BASSANO,1100,26
2025-02-24 15:08:35,IL789MN,VEH003,RFD20241007054,Presente,UMIDO,UMIDO CONT.STRADALI,UTZ013,45.6526,11.8166,TOMBOLO,TOMBOLO,CAMPOSAMPIERO,240,26
2025-02-24 15:26:48,ST345UV,VEH005,RFD20241007076,Presente,VETRO,VETRO PAP,UTZ001,45.7717,11.7305,BASSANO DEL GRAPPA,BASSANO DEL GRAPPA,BASSANO,1100,26
2025-02-24 16:23:44,OP012QR,VEH004,RFD20250203302,Presente,SECCO,SECCO PAP,UTZ002,45.7277,11.6777,MAROSTICA,NOVE,BASSANO,1100,26
2025-02-24 17:05:07,OP012QR,VEH004,RFD20241007120,Presente,SECCO,SECCO PAP,UTZ002,45.4334,11.7852,RUBANO,RUBANO,RUBANO,1100,26
2025-02-24 18:37:03,OP012QR,VEH004,RFD20241001301,Non Presente,NA,SECCO PAP,NA,45.5657,11.9400,NA,CAMPOSAMPIERO,CAMPOSAMPIERO,NA,NA
2025-02-25 06:21:00,OP012QR,VEH004,RFD20241001301,Non Presente,NA,SECCO PAP,NA,45.5658,11.9399,NA,CAMPOSAMPIERO,CAMPOSAMPIERO,NA,NA
2025-02-25 08:38:00,EF456GH,VEH002,RFD20241008026,Presente,VETRO,VETRO PAP,UTZ008,45.7924,11.7305,POVE DEL GRAPPA,POVE DEL GRAPPA,BASSANO,1100,26
2025-02-25 08:58:06,AB123CD,VEH001,RFD20241022136,Presente,CARTA,CARTA/CARTONE PAP,UTZ038,45.7886,11.7572,ROMANO D'EZZELINO,ROMANO D'EZZELINO,BASSANO,240,26
2025-02-25 09:21:53,IL789MN,VEH003,RFD20241209202,Non Presente,NA,UMIDO PAP,NA,45.3981,11.7416,NA,SACCOLONGO,RUBANO,NA,NA
2025-02-25 10:48:17,AB123CD,VEH001,RFD20241008062,Presente,CARTA,CARTA/CARTONE PAP,UTZ002,45.3628,11.6655,ROVOLON,ROVOLON,RUBANO,1100,26
2025-02-25 11:01:15,IL789MN,VEH003,RFD20241008059,Presente,UMIDO,UMIDO PAP,UTZ001,45.4022,11.7942,SELVAZZANO DENTRO,SELVAZZANO DENTRO,RUBANO,240,26
2025-02-25 12:53:30,OP012QR,VEH004,RFD20241008155,Presente,SECCO,SECCO PAP,UTZ002,45.8752,11.5203,ASIAGO,ASIAGO,ASIAGO,240,26
2025-02-25 12:56:20,OP012QR,VEH004,RFD20241008077,Presente,SECCO,SECCO PAP,UTZ024,45.3617,11.6634,ROVOLON,ROVOLON,RUBANO,1100,26
2025-02-25 13:02:51,ST345UV,VEH005,RFD20241008023,Presente,PLASTICA E METALLI,PLAST.CONT.STRADALI,UTZ027,45.3022,11.7242,GALZIGNANO TERME,GALZIGNANO TERME,RUBANO,770,26
2025-02-25 13:07:32,OP012QR,VEH004,RFD20250203302,Presente,SECCO,SECCO PAP,UTZ002,45.7439,11.7041,MAROSTICA,BASSANO DEL GRAPPA,BASSANO,1100,26
2025-02-25 13:39:12,OP012QR,VEH004,RFD20241008102,Presente,SECCO,SECCO PAP,UTZ024,45.8897,11.6270,FOZA,FOZA,ASIAGO,1100,26
2025-02-25 15:45:18,IL789MN,VEH003,RFD20241008032,Presente,PLASTICA E METALLI,PLASTICA PAP,UTZ026,45.3982,11.7486,SACCOLONGO,SACCOLONGO,RUBANO,770,26
2025-02-25 15:59:57,ST345UV,VEH005,RFD20241008187,Presente,PLASTICA E METALLI,PLAST.CONT.STRADALI,UTZ002,45.6584,11.8266,GALLIERA VENETA,GALLIERA VENETA,CAMPOSAMPIERO,770,26
2025-02-25 16:34:08,OP012QR,VEH004,RFD20241008099,Presente,SECCO,SECCO PAP,UTZ015,45.7174,11.7676,ROSA',ROSA',BASSANO,1100,26
2025-02-25 17:51:09,OP012QR,VEH004,RFD20250203302,Presente,SECCO,SECCO PAP,UTZ002,45.7399,11.6987,MAROSTICA,BASSANO DEL GRAPPA,BASSANO,1100,26
2025-02-26 06:19:50,EF456GH,VEH002,RFD20241001301,Non Presente,NA,CARTA CONT.STRADALI,NA,45.5658,11.9399,NA,CAMPOSAMPIERO,CAMPOSAMPIERO,NA,NA
2025-02-26 06:20:17,AB123CD,VEH001,RFD20241001301,Non Presente,NA,SECCO PAP,NA,45.5658,11.9399,NA,CAMPOSAMPIERO,CAMPOSAMPIERO,NA,NA
2025-02-26 06:40:31,AB123CD,VEH001,RFD20241009151,Presente,SECCO,SECCO PAP,UTZ026,45.5940,11.9395,LOREGGIA,LOREGGIA,CAMPOSAMPIERO,240,26
2025-02-26 07:15:14,AB123CD,VEH001,RFD20241009041,Presente,SECCO,SECCO PAP,UTZ001,45.5653,11.8988,SANTA GIUSTINA IN COLLE,SANTA GIUSTINA IN COLLE,CAMPOSAMPIERO,1100,26
2025-02-26 07:39:05,AB123CD,VEH001,RFD20241009128,Presente,SECCO,SECCO PAP,UTZ002,45.4111,11.7371,SACCOLONGO,SACCOLONGO,RUBANO,1100,26
2025-02-26 08:46:38,AB123CD,VEH001,RFD20241009189,Presente,SECCO,SECCO PAP,UTZ002,45.4235,11.7903,RUBANO,RUBANO,RUBANO,1100,26
2025-02-26 09:29:01,AB123CD,VEH001,RFD20241009111,Presente,SECCO,SECCO PAP,UTZ042,45.6087,11.6742,SAN PIETRO IN GU,SAN PIETRO IN GU,CAMPOSAMPIERO,240,26
2025-02-26 09:43:59,AB123CD,VEH001,RFD20241009093,Presente,SECCO,SECCO PAP,UTZ001,45.7097,11.7973,ROSSANO VENETO,ROSSANO VENETO,BASSANO,1100,26
2025-02-26 10:52:12,AB123CD,VEH001,RFD20241009108,Presente,SECCO,SECCO PAP,UTZ003,45.6956,11.7109,TEZZE SUL BRENTA,TEZZE SUL BRENTA,BASSANO,240,26
2025-02-26 10:55:22,AB123CD,VEH001,RFD20241009106,Presente,SECCO,SECCO PAP,UTZ004,45.7672,11.7351,BASSANO DEL GRAPPA,BASSANO DEL GRAPPA,BASSANO,240,26
2025-02-26 11:10:45,AB123CD,VEH001,RFD20241009227,Non Presente,NA,SECCO PAP,NA,45.8963,11.5508,NA,GALLIO,ASIAGO,NA,NA
2025-02-26 11:46:34,EF456GH,VEH002,RFD20241009218,Non Presente,NA,CARTA CONT.STRADALI,NA,45.5589,11.9137,NA,SANTA GIUSTINA IN COLLE,CAMPOSAMPIERO,NA,NA
2025-02-26 12:54:30,OP012QR,VEH004,RFD20250203302,Presente,SECCO,SECCO PAP,UTZ002,45.7295,11.6850,MAROSTICA,NOVE,BASSANO,1100,26
2025-02-26 14:17:20,OP012QR,VEH004,RFD20241009107,Presente,SECCO,SECCO PAP,UTZ033,45.5708,11.9322,CAMPOSAMPIERO,CAMPOSAMPIERO,CAMPOSAMPIERO,1100,26
2025-02-26 14:24:39,ST345UV,VEH005,RFD20241009150,Presente,VETRO,VETRO PAP,UTZ027,45.5792,11.9327,CAMPOSAMPIERO,CAMPOSAMPIERO,CAMPOSAMPIERO,1100,26
2025-02-26 14:42:08,IL789MN,VEH003,RFD20241009045,Presente,VERDE E RAMAGLIE,VERDE PAP,UTZ030,45.5617,12.0079,MASSANZAGO,MASSANZAGO,CAMPOSAMPIERO,240,26
2025-02-26 15:34:06,OP012QR,VEH004,RFD20241009140,Presente,SECCO,SECCO PAP,UTZ002,45.9447,11.7210,ENEGO,ENEGO,ASIAGO,1100,26
2025-02-26 15:38:45,OP012QR,VEH004,RFD20241009085,Presente,SECCO,SECCO PAP,UTZ016,45.4844,11.8338,LIMENA,LIMENA,RUBANO,1100,26
2025-02-26 17:24:39,OP012QR,VEH004,RFD20250203302,Presente,SECCO,SECCO PAP,UTZ002,45.7369,11.6949,MAROSTICA,BASSANO DEL GRAPPA,BASSANO,1100,26
2025-02-27 08:24:10,IL789MN,VEH003,RFD20241010068,Presente,UMIDO,UMIDO PAP,UTZ004,45.4898,11.7450,CAMPODORO,CAMPODORO,RUBANO,240,26
2025-02-27 10:02:43,AB123CD,VEH001,RFD20241010194,Presente,CARTA,CARTA/CARTONE PAP,UTZ017,45.7815,11.7307,BASSANO DEL GRAPPA,BASSANO DEL GRAPPA,BASSANO,240,26
2025-02-27 10:16:37,AB123CD,VEH001,RFD20241010013,Presente,CARTA,CARTA/CARTONE PAP,UTZ009,45.7803,11.7404,BASSANO DEL GRAPPA,BASSANO DEL GRAPPA,BASSANO,1100,26
2025-02-27 13:25:30,IL789MN,VEH003,RFD20241010178,Presente,UMIDO,UMIDO CONT.STRADALI,UTZ004,45.6587,11.8249,GALLIERA VENETA,GALLIERA VENETA,CAMPOSAMPIERO,240,26
2025-02-27 14:12:27,ST345UV,VEH005,RFD20241010022,Presente,PLASTICA E METALLI,PLAST.CONT.STRADALI,UTZ032,45.3665,11.9841,SAONARA,SAONARA,CAMPOSAMPIERO,770,26
2025-02-27 14:46:40,IL789MN,VEH003,RFD20241010109,Presente,UMIDO,UMIDO CONT.STRADALI,UTZ018,45.7769,11.7333,BASSANO DEL GRAPPA,BASSANO DEL GRAPPA,BASSANO,770,26
2025-02-27 15:09:03,ST345UV,VEH005,RFD20241010154,Presente,PLASTICA E METALLI,PLAST.CONT.STRADALI,UTZ005,45.8642,11.5160,ASIAGO,ASIAGO,ASIAGO,770,26
2025-02-27 15:19:53,IL789MN,VEH003,RFD20241010195,Presente,UMIDO,UMIDO CONT.STRADALI,UTZ049,45.3154,11.7319,GALZIGNANO TERME,GALZIGNANO TERME,RUBANO,240,26
2025-02-27 15:36:04,ST345UV,VEH005,RFD20241010079,Presente,PLASTICA E METALLI,PLAST.CONT.STRADALI,UTZ004,45.8872,11.6251,FOZA,FOZA,ASIAGO,770,26
2025-02-27 16:02:39,OP012QR,VEH004,RFD20241010119,Presente,SECCO,SECCO PAP,UTZ002,45.5622,11.9074,SANTA GIUSTINA IN COLLE,SANTA GIUSTINA IN COLLE,CAMPOSAMPIERO,1100,26
2025-02-27 16:07:06,OP012QR,VEH004,RFD20250203302,Presente,SECCO,SECCO PAP,UTZ002,45.7360,11.6679,MAROSTICA,MAROSTICA,BASSANO,1100,26
2025-02-27 16:09:21,OP012QR,VEH004,RFD20241010074,Presente,SECCO,SECCO PAP,UTZ006,45.6266,11.7051,CARMIGNANO DI BRENTA,CARMIGNANO DI BRENTA,CAMPOSAMPIERO,1100,26
2025-02-27 17:03:31,OP012QR,VEH004,RFD20241010069,Presente,SECCO,SECCO PAP,UTZ020,45.7310,11.7589,ROSA',ROSA',BASSANO,240,26
2025-02-27 17:26:01,OP012QR,VEH004,RFD20250203302,Presente,SECCO,SECCO PAP,UTZ002,45.7413,11.6614,MAROSTICA,MAROSTICA,BASSANO,1100,26
2025-02-27 18:32:14,OP012QR,VEH004,RFD20241001301,Non Presente,NA,SECCO PAP,NA,45.5658,11.9399,NA,CAMPOSAMPIERO,CAMPOSAMPIERO,NA,NA
2025-02-28 07:08:00,AB123CD,VEH001,RFD20241011132,Presente,SECCO,SECCO PAP,UTZ001,45.5771,11.9309,CAMPOSAMPIERO,CAMPOSAMPIERO,CAMPOSAMPIERO,1100,26
2025-02-28 07:45:07,AB123CD,VEH001,RFD20241025029,Presente,SECCO,SECCO PAP,UTZ001,45.7802,11.7921,MUSSOLENTE,MUSSOLENTE,BASSANO,240,26
2025-02-28 08:33:19,EF456GH,VEH002,RFD20241011223,Non Presente,NA,CARTA CONT.STRADALI,NA,45.9025,11.6322,NA,FOZA,ASIAGO,NA,NA
2025-02-28 09:39:04,AB123CD,VEH001,RFD20241011139,Presente,SECCO,SECCO PAP,UTZ002,45.6197,11.6597,SAN PIETRO IN GU,SAN PIETRO IN GU,CAMPOSAMPIERO,1100,26
2025-02-28 12:07:33,AB123CD,VEH001,RFD20241025196,Presente,SECCO,SECCO PAP,UTZ029,45.8642,11.5204,ASIAGO,ASIAGO,ASIAGO,1100,26
2025-02-28 13:05:53,OP012QR,VEH004,RFD20250203302,Presente,SECCO,SECCO PAP,UTZ002,45.7449,11.6569,MAROSTICA,MAROSTICA,BASSANO,1100,26
2025-02-28 13:22:12,OP012QR,VEH004,RFD20250203302,Presente,SECCO,SECCO PAP,UTZ002,45.7333,11.6901,MAROSTICA,NOVE,BASSANO,1100,26
2025-02-28 13:39:41,ST345UV,VEH005,RFD20241011025,Presente,VETRO,VETRO PAP,UTZ031,45.5448,11.9053,SAN GIORGIO DELLE PERTICHE,SAN GIORGIO DELLE PERTICHE,CAMPOSAMPIERO,1100,13
2025-02-28 13:51:22,OP012QR,VEH004,RFD20241011121,Presente,SECCO,SECCO PAP,UTZ015,45.4085,11.7482,SACCOLONGO,SACCOLONGO,RUBANO,1100,26
2025-02-28 15:20:05,ST345UV,VEH005,RFD20241011182,Presente,VETRO,VETRO PAP,UTZ047,45.5858,11.7047,GAZZO,GAZZO,CAMPOSAMPIERO,1100,26
2025-02-28 15:38:38,OP012QR,VEH004,RFD20241011124,Presente,SECCO,SECCO PAP,UTZ001,45.6426,11.8515,SAN MARTINO DI LUPARI,SAN MARTINO DI LUPARI,CAMPOSAMPIERO,240,26
2025-02-28 16:16:32,IL789MN,VEH003,RFD20241011019,Presente,PLASTICA E METALLI,PLASTICA PAP,UTZ001,45.6002,12.0031,PIOMBINO DESE,PIOMBINO DESE,CAMPOSAMPIERO,770,26
2025-02-28 16:21:04,ST345UV,VEH005,RFD20241011125,Presente,VETRO,VETRO PAP,UTZ014,45.5744,11.9220,CAMPOSAMPIERO,CAMPOSAMPIERO,CAMPOSAMPIERO,1100,26
2025-02-28 18:10:52,OP012QR,VEH004,RFD20241011004,Presente,SECCO,SECCO PAP,UTZ024,45.7920,11.7673,ROMANO D'EZZELINO,ROMANO D'EZZELINO,BASSANO,240,26
2025-02-28 18:41:16,IL789MN,VEH003,RFD20241001301,Non Presente,NA,PLASTICA PAP,NA,45.5658,11.9399,NA,CAMPOSAMPIERO,CAMPOSAMPIERO,NA,NA
2025-03-01 06:21:50,EF456GH,VEH002,RFD20241001301,Non Presente,NA,VETRO PAP,NA,45.5658,11.9399,NA,CAMPOSAMPIERO,CAMPOSAMPIERO,NA,NA
2025-03-01 08:48:08,AB123CD,VEH001,RFD20241012116,Presente,CARTA,CARTA/CARTONE PAP,UTZ009,45.3960,11.7909,SELVAZZANO DENTRO,SELVAZZANO DENTRO,RUBANO,240,26
2025-03-01 08:50:26,IL789MN,VEH003,RFD20250215084,Presente,UMIDO,UMIDO PAP,UTZ022,45.6087,11.7351,GRANTORTO,GRANTORTO,CAMPOSAMPIERO,240,26
2025-03-01 12:21:40,OP012QR,VEH004,RFD20241012082,Presente,SECCO,SECCO PAP,UTZ001,45.6590,11.8292,GALLIERA VENETA,GALLIERA VENETA,CAMPOSAMPIERO,240,26
2025-03-01 13:31:52,OP012QR,VEH004,RFD20250203302,Presente,SECCO,SECCO PAP,UTZ002,45.7423,11.6605,MAROSTICA,MAROSTICA,BASSANO,1100,26
2025-03-01 14:21:29,IL789MN,VEH003,RFD20241012047,Presente,VERDE E RAMAGLIE,VERDE PAP,UTZ028,45.7548,11.7433,BASSANO DEL GRAPPA,BASSANO DEL GRAPPA,BASSANO,240,26
2025-03-01 15:27:45,IL789MN,VEH003,RFD20241012089,Presente,VERDE E RAMAGLIE,VERDE PAP,UTZ017,45.7292,11.6735,NOVE,NOVE,BASSANO,240,26
2025-03-01 15:38:36,IL789MN,VEH003,RFD20241012052,Presente,VERDE E RAMAGLIE,VERDE PAP,UTZ002,45.6996,11.6388,SCHIAVON,SCHIAVON,BASSANO,1100,26
2025-03-01 15:45:43,IL789MN,VEH003,RFD20241008231,Non Presente,NA,VERDE PAP,NA,45.6868,11.7001,NA,TEZZE SUL BRENTA,BASSANO,NA,NA
2025-03-01 18:01:44,OP012QR,VEH004,RFD20250203302,Presente,SECCO,SECCO PAP,UTZ002,45.7319,11.6882,MAROSTICA,NOVE,BASSANO,1100,26
2025-03-01 18:41:00,OP012QR,VEH004,RFD20241001301,Non Presente,NA,SECCO PAP,NA,45.5659,11.9399,NA,CAMPOSAMPIERO,CAMPOSAMPIERO,NA,NA
2025-03-02 07:22:44,AB123CD,VEH001,RFD20241013046,Presente,CARTA,CARTA CONT.STRADALI,UTZ035,45.3083,11.7298,GALZIGNANO TERME,GALZIGNANO TERME,RUBANO,240,26
2025-03-02 07:46:40,AB123CD,VEH001,RFD20241013167,Presente,CARTA,CARTA CONT.STRADALI,UTZ022,45.9008,11.6396,FOZA,FOZA,ASIAGO,240,26
2025-03-02 07:56:16,AB123CD,VEH001,RFD20241013129,Presente,CARTA,CARTA CONT.STRADALI,UTZ031,45.6330,11.7061,CARMIGNANO DI BRENTA,CARMIGNANO DI BRENTA,CAMPOSAMPIERO,240,26
2025-03-02 08:35:17,AB123CD,VEH001,RFD20241013030,Presente,CARTA,CARTA CONT.STRADALI,UTZ001,45.6912,11.7994,ROSSANO VENETO,ROSSANO VENETO,BASSANO,1100,26
2025-03-02 08:42:03,AB123CD,VEH001,RFD20241013083,Presente,CARTA,CARTA CONT.STRADALI,UTZ030,45.3139,11.7395,GALZIGNANO TERME,GALZIGNANO TERME,RUBANO,240,26
2025-03-02 09:46:12,AB123CD,VEH001,RFD20241013172,Presente,CARTA,CARTA CONT.STRADALI,UTZ001,45.3299,11.7373,TORREGLIA,TORREGLIA,RUBANO,240,26
2025-03-03 06:12:16,AB123CD,VEH001,RFD20241001301,Non Presente,NA,SECCO PAP,NA,45.5659,11.9400,NA,CAMPOSAMPIERO,CAMPOSAMPIERO,NA,NA
2025-03-03 08:15:01,AB123CD,VEH001,RFD20250203051,Presente,SECCO,SECCO PAP,UTZ003,45.6501,11.8269,TOMBOLO,TOMBOLO,CAMPOSAMPIERO,1100,26
2025-03-03 08:47:57,EF456GH,VEH002,RFD20241014011,Presente,CARTA,CARTA CONT.STRADALI,UTZ034,45.6442,11.8629,SAN MARTINO DI LUPARI,SAN MARTINO DI LUPARI,CAMPOSAMPIERO,1100,26
2025-03-03 10:37:44,EF456GH,VEH002,RFD20241014191,Presente,CARTA,CARTA CONT.STRADALI,UTZ005,45.3678,11.6627,ROVOLON,ROVOLON,RUBANO,1100,26
2025-03-03 12:54:12,OP012QR,VEH004,RFD20250203302,Presente,SECCO,SECCO PAP,UTZ002,45.7325,11.6893,MAROSTICA,NOVE,BASSANO,1100,26
2025-03-03 13:07:25,OP012QR,VEH004,RFD20241014024,Presente,SECCO,SECCO PAP,UTZ040,45.5363,11.9672,BORGORICCO,BORGORICCO,CAMPOSAMPIERO,1100,26
2025-03-03 14:21:08,OP012QR,VEH004,RFD20241014033,Presente,SECCO,SECCO PAP,UTZ006,45.8593,11.4002,ROTZO,ROTZO,ASIAGO,1100,26
2025-03-03 14:28:30,OP012QR,VEH004,RFD20250203302,Presente,SECCO,SECCO PAP,UTZ002,45.7300,11.6748,MAROSTICA,NOVE,BASSANO,1100,26
2025-03-03 15:02:47,IL789MN,VEH003,RFD20241028145,Presente,UMIDO,UMIDO CONT.STRADALI,UTZ006,45.4284,11.7851,RUBANO,RUBANO,RUBANO,240,26
2025-03-03 15:13:32,IL789MN,VEH003,RFD20241028173,Presente,UMIDO,UMIDO CONT.STRADALI,UTZ032,45.7624,11.7419,BASSANO DEL GRAPPA,BASSANO DEL GRAPPA,BASSANO,240,26
2025-03-03 16:16:59,OP012QR,VEH004,RFD20241028163,Presente,SECCO,SECCO PAP,UTZ003,45.7274,11.7665,ROSA',ROSA',BASSANO,1100,26
2025-03-04 06:13:37,ST345UV,VEH005,RFD20241001301,Non Presente,NA,PULIZIA TERRIT.,NA,45.5658,11.9399,NA,CAMPOSAMPIERO,CAMPOSAMPIERO,NA,NA
2025-03-04 06:20:22,EF456GH,VEH002,RFD20241001301,Non Presente,NA,VETRO PAP,NA,45.5657,11.9399,NA,CAMPOSAMPIERO,CAMPOSAMPIERO,NA,NA
2025-03-04 08:56:00,AB123CD,VEH001,RFD20241001040,Presente,CARTA,CARTA/CARTONE PAP,UTZ006,45.4761,11.8477,LIMENA,LIMENA,RUBANO,240,26
2025-03-04 09:15:40,IL789MN,VEH003,RFD20241001072,Presente,UMIDO,UMIDO PAP,UTZ003,45.8085,11.5993,LUSIANA CONCO,LUSIANA CONCO,ASIAGO,240,26
2025-03-04 09:54:41,EF456GH,VEH002,RFD20241210020,Presente,VETRO,VETRO PAP,UTZ006,45.5347,11.9099,SAN GIORGIO DELLE PERTICHE,SAN GIORGIO DELLE PERTICHE,CAMPOSAMPIERO,770,13
2025-03-04 10:04:38,IL789MN,VEH003,RFD20241001152,Presente,UMIDO,UMIDO PAP,UTZ037,45.4374,11.9253,CADONEGHE,CADONEGHE,CAMPOSAMPIERO,240,26
2025-03-04 14:01:52,ST345UV,VEH005,RFD20241001114,Presente,PLASTICA E METALLI,PLAST.CONT.STRADALI,UTZ005,45.8611,11.5205,ASIAGO,ASIAGO,ASIAGO,770,26
2025-03-04 14:21:17,OP012QR,VEH004,RFD20250203302,Presente,SECCO,SECCO PAP,UTZ002,45.7429,11.7025,MAROSTICA,BASSANO DEL GRAPPA,BASSANO,1100,26
2025-03-04 14:35:05,IL789MN,VEH003,RFD20241001158,Presente,PLASTICA E METALLI,PLASTICA PAP,UTZ034,45.6545,11.8573,SAN MARTINO DI LUPARI,SAN MARTINO DI LUPARI,CAMPOSAMPIERO,770,26
2025-03-04 14:38:05,OP012QR,VEH004,RFD20241001181,Presente,SECCO,SECCO PAP,UTZ008,45.6545,11.6828,POZZOLEONE,POZZOLEONE,BASSANO,1100,26
2025-03-04 14:49:05,OP012QR,VEH004,RFD20241015048,Presente,SECCO,SECCO PAP,UTZ030,45.4295,11.7920,RUBANO,RUBANO,RUBANO,1100,26
2025-03-04 18:41:20,OP012QR,VEH004,RFD20250203302,Presente,SECCO,SECCO PAP,UTZ002,45.7408,11.6621,MAROSTICA,MAROSTICA,BASSANO,1100,26
2025-03-05 06:17:17,ST345UV,VEH005,RFD20241001301,Non Presente,NA,ASSISTENTE SERVIZI,NA,45.5658,11.9400,NA,CAMPOSAMPIERO,CAMPOSAMPIERO,NA,NA
2025-03-05 06:43:31,AB123CD,VEH001,RFD20241002049,Presente,SECCO,SECCO PAP,UTZ003,45.3395,11.7381,TORREGLIA,TORREGLIA,RUBANO,1100,26
2025-03-05 08:00:08,EF456GH,VEH002,RFD20241002071,Presente,CARTA,CARTA CONT.STRADALI,UTZ033,45.4328,11.7846,RUBANO,RUBANO,RUBANO,1100,26
2025-03-05 08:52:04,EF456GH,VEH002,RFD20241002131,Presente,CARTA,CARTA CONT.STRADALI,UTZ001,45.8912,11.6334,FOZA,FOZA,ASIAGO,240,26
2025-03-05 09:18:33,AB123CD,VEH001,RFD20241002105,Presente,SECCO,SECCO PAP,UTZ002,45.7149,11.7667,ROSA',ROSA',BASSANO,240,26
2025-03-05 10:28:58,EF456GH,VEH002,RFD20241002073,Presente,CARTA,CARTA CONT.STRADALI,UTZ050,45.4021,11.7537,SACCOLONGO,SACCOLONGO,RUBANO,1100,26
2025-03-05 11:56:27,AB123CD,VEH001,RFD20241002088,Presente,SECCO,SECCO PAP,UTZ005,45.8000,11.6070,LUSIANA CONCO,LUSIANA CONCO,ASIAGO,1100,26
2025-03-05 12:44:10,OP012QR,VEH004,RFD20250203302,Presente,SECCO,SECCO PAP,UTZ002,45.7324,11.6886,MAROSTICA,NOVE,BASSANO,1100,26
2025-03-05 13:31:42,OP012QR,VEH004,RFD20241002203,Non Presente,NA,SECCO PAP,NA,45.3695,11.6593,NA,ROVOLON,RUBANO,NA,NA
2025-03-05 13:35:33,OP012QR,VEH004,RFD20241002078,Presente,SECCO,SECCO PAP,UTZ009,45.8879,11.5488,GALLIO,GALLIO,ASIAGO,1100,26
2025-03-05 13:55:26,OP012QR,VEH004,RFD20241002094,Presente,SECCO,SECCO PAP,UTZ005,45.5787,11.9239,CAMPOSAMPIERO,CAMPOSAMPIERO,CAMPOSAMPIERO,240,26
2025-03-05 14:07:11,IL789MN,VEH003,RFD20241002217,Non Presente,NA,VERDE PAP,NA,45.6307,11.6935,NA,CARMIGNANO DI BRENTA,CAMPOSAMPIERO,NA,NA
2025-03-05 14:39:50,OP012QR,VEH004,RFD20241002184,Presente,SECCO,SECCO PAP,UTZ002,45.7700,11.7359,BASSANO DEL GRAPPA,BASSANO DEL GRAPPA,BASSANO,1100,26
2025-03-05 14:45:26,OP012QR,VEH004,RFD20241030037,Presente,SECCO,SECCO PAP,UTZ014,45.8816,11.5385,GALLIO,GALLIO,ASIAGO,1100,26
2025-03-05 16:01:57,IL789MN,VEH003,RFD20241002015,Presente,VERDE E RAMAGLIE,VERDE PAP,UTZ030,45.6655,11.8192,GALLIERA VENETA,GALLIERA VENETA,CAMPOSAMPIERO,1100,26
2025-03-05 16:06:43,ST345UV,VEH005,RFD20241002053,Presente,VETRO,VETRO PAP,UTZ022,45.7623,11.7437,BASSANO DEL GRAPPA,BASSANO DEL GRAPPA,BASSANO,1100,26
2025-03-05 16:29:26,IL789MN,VEH003,RFD20241002198,Presente,VERDE E RAMAGLIE,VERDE PAP,UTZ001,45.8722,11.5268,ASIAGO,ASIAGO,ASIAGO,240,26
2025-03-05 17:48:14,OP012QR,VEH004,RFD20250203302,Presente,SECCO,SECCO PAP,UTZ002,45.7322,11.6886,MAROSTICA,NOVE,BASSANO,1100,26
2025-03-05 17:49:07,IL789MN,VEH003,RFD20241030027,Presente,VERDE E RAMAGLIE,VERDE PAP,UTZ024,45.3837,11.9772,SAONARA,SAONARA,CAMPOSAMPIERO,240,26
2025-03-06 06:40:18,AB123CD,VEH001,RFD20241017188,Presente,CARTA,CARTA/CARTONE PAP,UTZ015,45.5560,12.0154,MASSANZAGO,MASSANZAGO,CAMPOSAMPIERO,240,26
2025-03-06 08:17:28,AB123CD,VEH001,RFD20241031097,Presente,CARTA,CARTA/CARTONE PAP,UTZ011,45.6010,11.8144,SAN GIORGIO IN BOSCO,SAN GIORGIO IN BOSCO,CAMPOSAMPIERO,1100,26
2025-03-06 08:25:32,AB123CD,VEH001,RFD20241003141,Presente,CARTA,CARTA/CARTONE PAP,UTZ008,45.5761,11.7104,GAZZO,GAZZO,CAMPOSAMPIERO,1100,26
2025-03-06 08:43:51,EF456GH,VEH002,RFD20241017034,Presente,VETRO,VETRO PAP,UTZ036,45.7636,11.7389,BASSANO DEL GRAPPA,BASSANO DEL GRAPPA,BASSANO,1100,13
2025-03-06 09:23:21,AB123CD,VEH001,RFD20241003096,Presente,CARTA,CARTA/CARTONE PAP,UTZ017,45.5712,11.9266,CAMPOSAMPIERO,CAMPOSAMPIERO,CAMPOSAMPIERO,1100,26
2025-03-06 10:33:27,EF456GH,VEH002,RFD20250123212,Non Presente,NA,VETRO PAP,NA,45.4274,11.7902,NA,RUBANO,RUBANO,NA,NA
2025-03-06 10:59:55,EF456GH,VEH002,RFD20241003157,Presente,VETRO,VETRO PAP,UTZ013,45.4910,11.7439,CAMPODORO,CAMPODORO,RUBANO,1100,26
2025-03-06 13:47:01,IL789MN,VEH003,RFD20241003127,Presente,UMIDO,UMIDO CONT.STRADALI,UTZ001,45.7727,11.7289,BASSANO DEL GRAPPA,BASSANO DEL GRAPPA,BASSANO,240,26
2025-03-06 14:09:07,ST345UV,VEH005,RFD20241003138,Presente,PLASTICA E METALLI,PLAST.CONT.STRADALI,UTZ005,45.6087,11.6728,SAN PIETRO IN GU,SAN PIETRO IN GU,CAMPOSAMPIERO,770,26
2025-03-06 14:12:35,OP012QR,VEH004,RFD20250203302,Presente,SECCO,SECCO PAP,UTZ002,45.7326,11.6717,MAROSTICA,MAROSTICA,BASSANO,1100,26
2025-03-06 14:25:08,OP012QR,VEH004,RFD20241003061,Presente,SECCO,SECCO PAP,UTZ002,45.5340,11.9613,BORGORICCO,BORGORICCO,CAMPOSAMPIERO,1100,26
2025-03-06 16:41:31,OP012QR,VEH004,RFD20241003164,Presente,SECCO,SECCO PAP,UTZ003,45.7793,11.7295,BASSANO DEL GRAPPA,BASSANO DEL GRAPPA,BASSANO,240,26
2025-03-06 16:43:32,OP012QR,VEH004,RFD20250203302,Presente,SECCO,SECCO PAP,UTZ002,45.7305,11.6864,MAROSTICA,NOVE,BASSANO,1100,26
2025-03-06 16:46:31,IL789MN,VEH003,RFD20241003303,Presente,UMIDO,UMIDO CONT.STRADALI,UTZ002,45.7780,11.8128,MUSSOLENTE,MUSSOLENTE,BASSANO,240,26
2025-03-06 18:49:00,OP012QR,VEH004,RFD20241001301,Non Presente,NA,SECCO PAP,NA,45.5658,11.9398,NA,CAMPOSAMPIERO,CAMPOSAMPIERO,NA,NA
2025-03-06 18:54:24,EF456GH,VEH002,RFD20241001301,Non Presente,NA,VETRO PAP,NA,45.5658,11.9399,NA,CAMPOSAMPIERO,CAMPOSAMPIERO,NA,NA
2025-03-07 07:31:12,AB123CD,VEH001,RFD20250207211,Non Presente,NA,SECCO PAP,NA,45.7171,11.6854,NA,NOVE,BASSANO,NA,NA
2025-03-07 08:10:12,AB123CD,VEH001,RFD20241004003,Presente,SECCO,SECCO PAP,UTZ008,45.4363,11.7858,RUBANO,RUBANO,RUBANO,240,26
2025-03-07 09:02:07,EF456GH,VEH002,RFD20241004123,Presente,CARTA,CARTA CONT.STRADALI,UTZ032,45.6489,11.7782,CITTADELLA,CITTADELLA,CAMPOSAMPIERO,240,26
2025-03-07 09:15:42,EF456GH,VEH002,RFD20241018161,Presente,CARTA,CARTA CONT.STRADALI,UTZ034,45.5713,11.9295,CAMPOSAMPIERO,CAMPOSAMPIERO,CAMPOSAMPIERO,1100,26
2025-03-07 09:35:27,EF456GH,VEH002,RFD20250221038,Presente,CARTA,CARTA CONT.STRADALI,UTZ005,45.6902,11.6327,SCHIAVON,SCHIAVON,BASSANO,240,26
2025-03-07 10:32:16,EF456GH,VEH002,RFD20241004159,Presente,CARTA,CARTA CONT.STRADALI,UTZ004,45.4414,11.7879,RUBANO,RUBANO,RUBANO,1100,26
2025-03-07 10:35:03,EF456GH,VEH002,RFD20241004197,Presente,CARTA,CARTA CONT.STRADALI,UTZ018,45.8646,11.5127,ASIAGO,ASIAGO,ASIAGO,240,26
2025-03-07 10:43:38,AB123CD,VEH001,RFD20241004137,Presente,SECCO,SECCO PAP,UTZ012,45.5273,11.9711,BORGORICCO,BORGORICCO,CAMPOSAMPIERO,1100,26
2025-03-07 11:08:43,EF456GH,VEH002,RFD20241004028,Presente,CARTA,CARTA CONT.STRADALI,UTZ005,45.8599,11.3939,ROTZO,ROTZO,ASIAGO,240,26
2025-03-07 13:33:48,OP012QR,VEH004,RFD20241004044,Presente,SECCO,SECCO PAP,UTZ009,45.6808,11.6938,TEZZE SUL BRENTA,TEZZE SUL BRENTA,BASSANO,240,26
2025-03-07 14:38:31,OP012QR,VEH004,RFD20250203302,Presente,SECCO,SECCO PAP,UTZ002,45.7269,11.6819,MAROSTICA,NOVE,BASSANO,1100,26
2025-03-07 14:55:25,IL789MN,VEH003,RFD20241004177,Presente,PLASTICA E METALLI,PLASTICA PAP,UTZ048,45.7669,11.7335,BASSANO DEL GRAPPA,BASSANO DEL GRAPPA,BASSANO,770,26
2025-03-07 15:36:13,OP012QR,VEH004,RFD20241018010,Presente,SECCO,SECCO PAP,UTZ001,45.3633,11.9846,SAONARA,SAONARA,CAMPOSAMPIERO,1100,26
2025-03-07 15:56:55,OP012QR,VEH004,RFD20250203302,Presente,SECCO,SECCO PAP,UTZ002,45.7318,11.6729,MAROSTICA,MAROSTICA,BASSANO,1100,26
2025-03-07 16:48:38,ST345UV,VEH005,RFD20241004115,Presente,VETRO,VETRO PAP,UTZ001,45.4292,11.7849,RUBANO,RUBANO,RUBANO,1100,26
2025-03-07 17:30:22,ST345UV,VEH005,RFD20241004185,Presente,VETRO,VETRO PAP,UTZ043,45.4033,11.7498,SACCOLONGO,SACCOLONGO,RUBANO,1100,26
2025-03-07 18:40:48,OP012QR,VEH004,RFD20241001301,Non Presente,NA,SECCO PAP,NA,45.5658,11.9399,NA,CAMPOSAMPIERO,CAMPOSAMPIERO,NA,NA
2025-03-07 18:46:22,IL789MN,VEH003,RFD20241001301,Non Presente,NA,PLASTICA PAP,NA,45.5658,11.9399,NA,CAMPOSAMPIERO,CAMPOSAMPIERO,NA,NA
2025-03-08 06:01:59,EF456GH,VEH002,RFD20241001301,Non Presente,NA,VETRO PAP,NA,45.5658,11.9399,NA,CAMPOSAMPIERO,CAMPOSAMPIERO,NA,NA
2025-03-08 15:09:48,IL789MN,VEH003,RFD20241005169,Presente,VERDE E RAMAGLIE,VERDE PAP,UTZ008,45.6471,11.6823,POZZOLEONE,POZZOLEONE,BASSANO,240,26
2025-03-08 15:30:38,OP012QR,VEH004,RFD20241019135,Presente,SECCO,SECCO PAP,UTZ019,45.6501,11.8545,SAN MARTINO DI LUPARI,SAN MARTINO DI LUPARI,CAMPOSAMPIERO,240,26
2025-03-08 15:33:37,IL789MN,VEH003,RFD20241005144,Presente,VERDE E RAMAGLIE,VERDE PAP,UTZ013,45.4202,11.6829,CERVARESE SANTA CROCE,CERVARESE SANTA CROCE,RUBANO,240,26
2025-03-08 17:28:28,OP012QR,VEH004,RFD20250203302,Presente,SECCO,SECCO PAP,UTZ002,45.7329,11.6894,MAROSTICA,NOVE,BASSANO,1100,26
2025-03-08 17:31:06,IL789MN,VEH003,RFD20241005064,Presente,VERDE E RAMAGLIE,VERDE PAP,UTZ010,45.3062,11.7337,GALZIGNANO TERME,GALZIGNANO TERME,RUBANO,240,26
2025-03-08 17:54:30,OP012QR,VEH004,RFD20250203302,Presente,SECCO,SECCO PAP,UTZ002,45.7439,11.7043,MAROSTICA,BASSANO DEL GRAPPA,BASSANO,1100,26
2025-03-09 07:12:29,AB123CD,VEH001,RFD20241006147,Presente,CARTA,CARTA CONT.STRADALI,UTZ003,45.3316,11.7373,TORREGLIA,TORREGLIA,RUBANO,240,26
2025-03-09 08:14:37,AB123CD,VEH001,RFD20241006168,Presente,CARTA,CARTA CONT.STRADALI,UTZ003,45.5469,12.0106,MASSANZAGO,MASSANZAGO,CAMPOSAMPIERO,1100,26
2025-03-09 08:15:48,AB123CD,VEH001,RFD20241006174,Presente,CARTA,CARTA CONT.STRADALI,UTZ003,45.3070,11.7164,GALZIGNANO TERME,GALZIGNANO TERME,RUBANO,240,26
2025-03-09 08:58:09,AB123CD,VEH001,RFD20241020036,Presente,CARTA,CARTA CONT.STRADALI,UTZ007,45.6522,11.7820,CITTADELLA,CITTADELLA,CAMPOSAMPIERO,1100,26
2025-03-09 09:07:21,AB123CD,VEH001,RFD20241006180,Presente,CARTA,CARTA CONT.STRADALI,UTZ003,45.6361,11.7544,FONTANIVA,FONTANIVA,CAMPOSAMPIERO,240,26
2025-03-09 09:28:13,AB123CD,VEH001,RFD20241006066,Presente,CARTA,CARTA CONT.STRADALI,UTZ011,45.3103,11.7322,GALZIGNANO TERME,GALZIGNANO TERME,RUBANO,1100,26
2025-03-09 10:32:49,AB123CD,VEH001,RFD20241006134,Presente,CARTA,CARTA CONT.STRADALI,UTZ001,45.5034,11.9008,CAMPODARSEGO,CAMPODARSEGO,CAMPOSAMPIERO,240,26
2025-03-09 10:44:22,AB123CD,VEH001,RFD20241006095,Presente,CARTA,CARTA CONT.STRADALI,UTZ034,45.4856,11.7453,CAMPODORO,CAMPODORO,RUBANO,1100,26
2025-03-09 16:10:50,AB123CD,VEH001,RFD20241016234,Non Presente,NA,CARTA CONT.STRADALI,NA,45.5602,11.8171,NA,CAMPO SAN MARTINO,CAMPOSAMPIERO,NA,NA
2025-03-10 06:11:52,ST345UV,VEH005,RFD20241001301,Non Presente,NA,ASSISTENTE SERVIZI,NA,45.5658,11.9399,NA,CAMPOSAMPIERO,CAMPOSAMPIERO,NA,NA
2025-03-10 06:43:47,IL789MN,VEH003,RFD20241007043,Presente,UMIDO,UMIDO PAP,UTZ001,45.7955,11.7347,POVE DEL GRAPPA,POVE DEL GRAPPA,BASSANO,240,26
2025-03-10 06:58:54,AB123CD,VEH001,RFD20241007126,Presente,SECCO,SECCO PAP,UTZ001,45.6476,11.6838,POZZOLEONE,POZZOLEONE,BASSANO,1100,26
2025-03-10 08:05:33,AB123CD,VEH001,RFD20241007113,Presente,SECCO,SECCO PAP,UTZ022,45.4247,11.7899,RUBANO,RUBANO,RUBANO,1100,26
2025-03-10 08:13:46,IL789MN,VEH003,RFD20241007142,Presente,UMIDO,UMIDO PAP,UTZ001,45.3362,11.7887,MONTEGROTTO TERME,MONTEGROTTO TERME,RUBANO,770,26
2025-03-10 09:25:52,AB123CD,VEH001,RFD20241007146,Presente,SECCO,SECCO PAP,UTZ018,45.3019,11.7334,GALZIGNANO TERME,GALZIGNANO TERME,RUBANO,240,26
2025-03-10 12:07:14,OP012QR,VEH004,RFD20241007090,Presente,SECCO,SECCO PAP,UTZ021,45.7168,11.6078,COLCERESA,COLCERESA,BASSANO,1100,26
2025-03-10 13:04:39,OP012QR,VEH004,RFD20241007190,Presente,SECCO,SECCO PAP,UTZ031,45.4334,11.7794,RUBANO,RUBANO,RUBANO,1100,26
2025-03-10 13:21:28,IL789MN,VEH003,RFD20241007067,Presente,UMIDO,UMIDO CONT.STRADALI,UTZ010,45.3995,11.7456,SACCOLONGO,SACCOLONGO,RUBANO,770,26
2025-03-10 13:51:00,IL789MN,VEH003,RFD20241007233,Non Presente,NA,UMIDO CONT.STRADALI,NA,45.3297,11.8014,NA,MONTEGROTTO TERME,RUBANO,NA,NA
2025-03-10 13:57:08,ST345UV,VEH005,RFD20241007039,Presente,VETRO,VETRO PAP,UTZ025,45.5286,11.9680,BORGORICCO,BORGORICCO,CAMPOSAMPIERO,770,26
2025-03-10 14:33:40,OP012QR,VEH004,RFD20250203302,Presente,SECCO,SECCO PAP,UTZ002,45.7290,11.6759,MAROSTICA,NOVE,BASSANO,1100,26
2025-03-10 14:44:39,ST345UV,VEH005,RFD20241007076,Presente,VETRO,VETRO PAP,UTZ001,45.7717,11.7305,BASSANO DEL GRAPPA,BASSANO DEL GRAPPA,BASSANO,1100,26
2025-03-10 15:06:31,IL789MN,VEH003,RFD20241007054,Presente,UMIDO,UMIDO CONT.STRADALI,UTZ013,45.6527,11.8164,TOMBOLO,TOMBOLO,CAMPOSAMPIERO,240,26
2025-03-10 15:08:39,IL789MN,VEH003,RFD20241007148,Presente,UMIDO,UMIDO CONT.STRADALI,UTZ025,45.7745,11.7214,BASSANO DEL GRAPPA,BASSANO DEL GRAPPA,BASSANO,240,26
2025-03-10 15:50:00,ST345UV,VEH005,RFD20241007081,Presente,VETRO,VETRO PAP,UTZ003,45.7213,11.7652,ROSA',ROSA',BASSANO,1100,26
2025-03-10 16:53:26,OP012QR,VEH004,RFD20241007120,Presente,SECCO,SECCO PAP,UTZ002,45.4334,11.7850,RUBANO,RUBANO,RUBANO,1100,26
2025-03-10 18:49:44,OP012QR,VEH004,RFD20250203302,Presente,SECCO,SECCO PAP,UTZ002,45.7400,11.6987,MAROSTICA,BASSANO DEL GRAPPA,BASSANO,1100,26
2025-03-11 06:04:34,OP012QR,VEH004,RFD20241001301,Non Presente,NA,SECCO PAP,NA,45.5658,11.9399,NA,CAMPOSAMPIERO,CAMPOSAMPIERO,NA,NA
2025-03-11 06:19:56,AB123CD,VEH001,RFD20241008171,Presente,CARTA,CARTA/CARTONE PAP,UTZ023,45.7280,11.7643,ROSA',ROSA',BASSANO,240,26
2025-03-11 08:50:38,EF456GH,VEH002,RFD20241008026,Presente,VETRO,VETRO PAP,UTZ008,45.7925,11.7305,POVE DEL GRAPPA,POVE DEL GRAPPA,BASSANO,1100,26
2025-03-11 09:09:58,AB123CD,VEH001,RFD20241022136,Presente,CARTA,CARTA/CARTONE PAP,UTZ038,45.7885,11.7572,ROMANO D'EZZELINO,ROMANO D'EZZELINO,BASSANO,240,26
2025-03-11 10:36:26,IL789MN,VEH003,RFD20241008059,Presente,UMIDO,UMIDO PAP,UTZ001,45.4024,11.7943,SELVAZZANO DENTRO,SELVAZZANO DENTRO,RUBANO,240,26
2025-03-11 10:55:03,AB123CD,VEH001,RFD20241008062,Presente,CARTA,CARTA/CARTONE PAP,UTZ002,45.3628,11.6653,ROVOLON,ROVOLON,RUBANO,1100,26
2025-03-11 12:55:32,OP012QR,VEH004,RFD20241008077,Presente,SECCO,SECCO PAP,UTZ024,45.3619,11.6635,ROVOLON,ROVOLON,RUBANO,1100,26
2025-03-11 13:03:41,ST345UV,VEH005,RFD20241008023,Presente,PLASTICA E METALLI,PLAST.CONT.STRADALI,UTZ027,45.3022,11.7243,GALZIGNANO TERME,GALZIGNANO TERME,RUBANO,770,26
2025-03-11 13:11:28,OP012QR,VEH004,RFD20250203302,Presente,SECCO,SECCO PAP,UTZ002,45.7257,11.6799,MAROSTICA,NOVE,BASSANO,1100,26
2025-03-11 13:21:00,OP012QR,VEH004,RFD20241008155,Presente,SECCO,SECCO PAP,UTZ002,45.8754,11.5202,ASIAGO,ASIAGO,ASIAGO,240,26
2025-03-11 13:41:16,OP012QR,VEH004,RFD20241008102,Presente,SECCO,SECCO PAP,UTZ024,45.8898,11.6270,FOZA,FOZA,ASIAGO,1100,26
2025-03-11 15:13:50,IL789MN,VEH003,RFD20241008032,Presente,PLASTICA E METALLI,PLASTICA PAP,UTZ026,45.3983,11.7485,SACCOLONGO,SACCOLONGO,RUBANO,770,26
2025-03-11 16:10:27,ST345UV,VEH005,RFD20241008187,Presente,PLASTICA E METALLI,PLAST.CONT.STRADALI,UTZ002,45.6585,11.8265,GALLIERA VENETA,GALLIERA VENETA,CAMPOSAMPIERO,770,26
2025-03-11 17:02:30,OP012QR,VEH004,RFD20241008099,Presente,SECCO,SECCO PAP,UTZ015,45.7173,11.7678,ROSA',ROSA',BASSANO,1100,26
2025-03-11 17:10:20,OP012QR,VEH004,RFD20250203302,Presente,SECCO,SECCO PAP,UTZ002,45.7381,11.6963,MAROSTICA,BASSANO DEL GRAPPA,BASSANO,1100,26
2025-03-11 18:11:49,ST345UV,VEH005,RFD20241016234,Non Presente,NA,PLAST.CONT.STRADALI,NA,45.5602,11.8171,NA,CAMPO SAN MARTINO,CAMPOSAMPIERO,NA,NA
2025-03-12 06:17:11,IL789MN,VEH003,RFD20241001301,Non Presente,NA,UMIDO PAP,NA,45.5658,11.9399,NA,CAMPOSAMPIERO,CAMPOSAMPIERO,NA,NA
2025-03-12 06:57:07,AB123CD,VEH001,RFD20241009041,Presente,SECCO,SECCO PAP,UTZ001,45.5654,11.8987,SANTA GIUSTINA IN COLLE,SANTA GIUSTINA IN COLLE,CAMPOSAMPIERO,1100,26
2025-03-12 08:01:38,AB123CD,VEH001,RFD20241009128,Presente,SECCO,SECCO PAP,UTZ002,45.4111,11.7370,SACCOLONGO,SACCOLONGO,RUBANO,1100,26
2025-03-12 08:18:11,AB123CD,VEH001,RFD20241009189,Presente,SECCO,SECCO PAP,UTZ002,45.4233,11.7904,RUBANO,RUBANO,RUBANO,1100,26
2025-03-12 09:41:24,AB123CD,VEH001,RFD20241009111,Presente,SECCO,SECCO PAP,UTZ042,45.6088,11.6744,SAN PIETRO IN GU,SAN PIETRO IN GU,CAMPOSAMPIERO,240,26
2025-03-12 09:42:06,AB123CD,VEH001,RFD20241009093,Presente,SECCO,SECCO PAP,UTZ001,45.7099,11.7970,ROSSANO VENETO,ROSSANO VENETO,BASSANO,1100,26
2025-03-12 10:38:22,AB123CD,VEH001,RFD20241009108,Presente,SECCO,SECCO PAP,UTZ003,45.6953,11.7109,TEZZE SUL BRENTA,TEZZE SUL BRENTA,BASSANO,240,26
2025-03-12 10:44:29,AB123CD,VEH001,RFD20241009106,Presente,SECCO,SECCO PAP,UTZ004,45.7671,11.7353,BASSANO DEL GRAPPA,BASSANO DEL GRAPPA,BASSANO,240,26
2025-03-12 11:11:43,AB123CD,VEH001,RFD20241009227,Non Presente,NA,SECCO PAP,NA,45.8963,11.5509,NA,GALLIO,ASIAGO,NA,NA
2025-03-12 11:17:10,EF456GH,VEH002,RFD20241009218,Non Presente,NA,CARTA CONT.STRADALI,NA,45.5588,11.9137,NA,SANTA GIUSTINA IN COLLE,CAMPOSAMPIERO,NA,NA
2025-03-12 13:12:51,OP012QR,VEH004,RFD20250203302,Presente,SECCO,SECCO PAP,UTZ002,45.7267,11.6786,MAROSTICA,NOVE,BASSANO,1100,26
2025-03-12 14:09:50,ST345UV,VEH005,RFD20241009150,Presente,VETRO,VETRO PAP,UTZ027,45.5792,11.9324,CAMPOSAMPIERO,CAMPOSAMPIERO,CAMPOSAMPIERO,1100,26
2025-03-12 14:17:15,IL789MN,VEH003,RFD20241009045,Presente,VERDE E RAMAGLIE,VERDE PAP,UTZ030,45.5619,12.0078,MASSANZAGO,MASSANZAGO,CAMPOSAMPIERO,240,26
2025-03-12 14:25:26,IL789MN,VEH003,RFD20241009205,Non Presente,NA,VERDE PAP,NA,45.8676,11.5018,NA,ASIAGO,ASIAGO,NA,NA
2025-03-12 14:28:54,OP012QR,VEH004,RFD20241009107,Presente,SECCO,SECCO PAP,UTZ033,45.5708,11.9321,CAMPOSAMPIERO,CAMPOSAMPIERO,CAMPOSAMPIERO,1100,26
2025-03-12 15:23:39,OP012QR,VEH004,RFD20250203302,Presente,SECCO,SECCO PAP,UTZ002,45.7306,11.6743,MAROSTICA,NOVE,BASSANO,1100,26
2025-03-12 15:53:36,OP012QR,VEH004,RFD20241009140,Presente,SECCO,SECCO PAP,UTZ002,45.9448,11.7209,ENEGO,ENEGO,ASIAGO,1100,26
2025-03-12 16:10:47,OP012QR,VEH004,RFD20241009085,Presente,SECCO,SECCO PAP,UTZ016,45.4843,11.8337,LIMENA,LIMENA,RUBANO,1100,26
2025-03-12 17:30:06,AB123CD,VEH001,RFD20241002229,Non Presente,NA,SECCO PAP,NA,45.7207,11.6124,NA,COLCERESA,BASSANO,NA,NA
2025-03-13 06:18:57,AB123CD,VEH001,RFD20241001301,Non Presente,NA,CARTA/CARTONE PAP,NA,45.5658,11.9399,NA,CAMPOSAMPIERO,CAMPOSAMPIERO,NA,NA
2025-03-13 08:03:05,EF456GH,VEH002,RFD20241024149,Presente,VETRO,VETRO PAP,UTZ004,45.5621,11.9087,SANTA GIUSTINA IN COLLE,SANTA GIUSTINA IN COLLE,CAMPOSAMPIERO,1100,13
2025-03-13 08:06:54,IL789MN,VEH003,RFD20241010068,Presente,UMIDO,UMIDO PAP,UTZ004,45.4897,11.7450,CAMPODORO,CAMPODORO,RUBANO,240,26
2025-03-13 09:36:46,AB123CD,VEH001,RFD20241010013,Presente,CARTA,CARTA/CARTONE PAP,UTZ009,45.7804,11.7401,BASSANO DEL GRAPPA,BASSANO DEL GRAPPA,BASSANO,1100,26
2025-03-13 10:51:29,EF456GH,VEH002,RFD20241002229,Non Presente,NA,VETRO PAP,NA,45.7206,11.6123,NA,COLCERESA,BASSANO,NA,NA
2025-03-13 13:00:00,IL789MN,VEH003,RFD20241010178,Presente,UMIDO,UMIDO CONT.STRADALI,UTZ004,45.6587,11.8250,GALLIERA VENETA,GALLIERA VENETA,CAMPOSAMPIERO,240,26
2025-03-13 13:51:39,OP012QR,VEH004,RFD20250313133,Presente,SECCO,SECCO PAP,UTZ005,45.6414,11.7534,FONTANIVA,FONTANIVA,CAMPOSAMPIERO,1100,26
2025-03-13 13:56:33,OP012QR,VEH004,RFD20250203302,Presente,SECCO,SECCO PAP,UTZ002,45.7335,11.6707,MAROSTICA,MAROSTICA,BASSANO,1100,26
2025-03-13 14:16:43,ST345UV,VEH005,RFD20241010022,Presente,PLASTICA E METALLI,PLAST.CONT.STRADALI,UTZ032,45.3667,11.9838,SAONARA,SAONARA,CAMPOSAMPIERO,770,26
2025-03-13 14:46:17,IL789MN,VEH003,RFD20241010109,Presente,UMIDO,UMIDO CONT.STRADALI,UTZ018,45.7769,11.7331,BASSANO DEL GRAPPA,BASSANO DEL GRAPPA,BASSANO,770,26
2025-03-13 15:11:17,ST345UV,VEH005,RFD20241008208,Non Presente,NA,PLAST.CONT.STRADALI,NA,45.8665,11.5122,NA,ASIAGO,ASIAGO,NA,NA
2025-03-13 15:11:47,IL789MN,VEH003,RFD20241010195,Presente,UMIDO,UMIDO CONT.STRADALI,UTZ049,45.3154,11.7323,GALZIGNANO TERME,GALZIGNANO TERME,RUBANO,240,26
2025-03-13 15:14:36,OP012QR,VEH004,RFD20250203302,Presente,SECCO,SECCO PAP,UTZ002,45.7405,11.6995,MAROSTICA,BASSANO DEL GRAPPA,BASSANO,1100,26
2025-03-13 15:24:51,ST345UV,VEH005,RFD20241010154,Presente,PLASTICA E METALLI,PLAST.CONT.STRADALI,UTZ005,45.8641,11.5161,ASIAGO,ASIAGO,ASIAGO,770,26
2025-03-13 15:31:47,ST345UV,VEH005,RFD20241010079,Presente,PLASTICA E METALLI,PLAST.CONT.STRADALI,UTZ004,45.8870,11.6253,FOZA,FOZA,ASIAGO,770,26
2025-03-13 15:36:43,OP012QR,VEH004,RFD20241010119,Presente,SECCO,SECCO PAP,UTZ002,45.5622,11.9074,SANTA GIUSTINA IN COLLE,SANTA GIUSTINA IN COLLE,CAMPOSAMPIERO,1100,26
2025-03-13 17:08:22,OP012QR,VEH004,RFD20241010069,Presente,SECCO,SECCO PAP,UTZ020,45.7309,11.7590,ROSA',ROSA',BASSANO,240,26
2025-03-14 06:05:41,ST345UV,VEH005,RFD20241001301,Non Presente,NA,VETRO PAP,NA,45.5658,11.9399,NA,CAMPOSAMPIERO,CAMPOSAMPIERO,NA,NA
2025-03-14 08:43:18,EF456GH,VEH002,RFD20241011223,Non Presente,NA,CARTA CONT.STRADALI,NA,45.9025,11.6324,NA,FOZA,ASIAGO,NA,NA
2025-03-14 09:52:44,AB123CD,VEH001,RFD20241011139,Presente,SECCO,SECCO PAP,UTZ002,45.6198,11.6596,SAN PIETRO IN GU,SAN PIETRO IN GU,CAMPOSAMPIERO,1100,26
2025-03-14 11:23:45,AB123CD,VEH001,RFD20241025196,Presente,SECCO,SECCO PAP,UTZ029,45.8643,11.5203,ASIAGO,ASIAGO,ASIAGO,1100,26
2025-03-14 12:50:20,OP012QR,VEH004,RFD20250203302,Presente,SECCO,SECCO PAP,UTZ002,45.7333,11.6711,MAROSTICA,MAROSTICA,BASSANO,1100,26
2025-03-14 13:20:17,ST345UV,VEH005,RFD20241025087,Presente,VETRO,VETRO PAP,UTZ021,45.4923,11.8969,CAMPODARSEGO,CAMPODARSEGO,CAMPOSAMPIERO,1100,13
2025-03-14 14:07:19,OP012QR,VEH004,RFD20241011121,Presente,SECCO,SECCO PAP,UTZ015,45.4086,11.7483,SACCOLONGO,SACCOLONGO,RUBANO,1100,26
2025-03-14 14:17:29,ST345UV,VEH005,RFD20241025175,Presente,VETRO,VETRO PAP,UTZ006,45.4899,11.7534,CAMPODORO,CAMPODORO,RUBANO,1100,13
2025-03-14 14:59:46,ST345UV,VEH005,RFD20241025060,Presente,VETRO,VETRO PAP,UTZ003,45.3335,11.7956,MONTEGROTTO TERME,MONTEGROTTO TERME,RUBANO,1100,13
2025-03-14 15:01:26,OP012QR,VEH004,RFD20241011124,Presente,SECCO,SECCO PAP,UTZ001,45.6423,11.8514,SAN MARTINO DI LUPARI,SAN MARTINO DI LUPARI,CAMPOSAMPIERO,240,26
2025-03-14 15:14:50,ST345UV,VEH005,RFD20241025031,Presente,VETRO,VETRO PAP,UTZ026,45.7758,11.7459,BASSANO DEL GRAPPA,BASSANO DEL GRAPPA,BASSANO,1100,13
2025-03-14 15:16:01,ST345UV,VEH005,RFD20241011182,Presente,VETRO,VETRO PAP,UTZ047,45.5859,11.7048,GAZZO,GAZZO,CAMPOSAMPIERO,1100,26
2025-03-14 15:34:49,ST345UV,VEH005,RFD20241011125,Presente,VETRO,VETRO PAP,UTZ014,45.5744,11.9219,CAMPOSAMPIERO,CAMPOSAMPIERO,CAMPOSAMPIERO,1100,26
2025-03-14 15:56:05,OP012QR,VEH004,RFD20250203302,Presente,SECCO,SECCO PAP,UTZ002,45.7355,11.6932,MAROSTICA,BASSANO DEL GRAPPA,BASSANO,1100,26
2025-03-14 16:00:53,IL789MN,VEH003,RFD20241011019,Presente,PLASTICA E METALLI,PLASTICA PAP,UTZ001,45.6000,12.0032,PIOMBINO DESE,PIOMBINO DESE,CAMPOSAMPIERO,770,26
2025-03-14 16:37:02,IL789MN,VEH003,RFD20241025075,Presente,PLASTICA E METALLI,PLASTICA PAP,UTZ001,45.7966,11.7437,ROMANO D'EZZELINO,ROMANO D'EZZELINO,BASSANO,770,26
2025-03-14 17:38:22,OP012QR,VEH004,RFD20241011004,Presente,SECCO,SECCO PAP,UTZ024,45.7924,11.7671,ROMANO D'EZZELINO,ROMANO D'EZZELINO,BASSANO,240,26
2025-03-14 18:53:32,EF456GH,VEH002,RFD20241001301,Non Presente,NA,CARTA CONT.STRADALI,NA,45.5658,11.9399,NA,CAMPOSAMPIERO,CAMPOSAMPIERO,NA,NA
2025-03-15 06:19:21,OP012QR,VEH004,RFD20241001301,Non Presente,NA,SECCO PAP,NA,45.5658,11.9400,NA,CAMPOSAMPIERO,CAMPOSAMPIERO,NA,NA
2025-03-15 07:14:11,AB123CD,VEH001,RFD20241012118,Presente,CARTA,CARTA/CARTONE PAP,UTZ019,45.6944,11.7069,TEZZE SUL BRENTA,TEZZE SUL BRENTA,BASSANO,1100,26
2025-03-15 08:48:51,IL789MN,VEH003,RFD20250215084,Presente,UMIDO,UMIDO PAP,UTZ022,45.6085,11.7351,GRANTORTO,GRANTORTO,CAMPOSAMPIERO,240,26
2025-03-15 12:00:24,OP012QR,VEH004,RFD20241012082,Presente,SECCO,SECCO PAP,UTZ001,45.6592,11.8291,GALLIERA VENETA,GALLIERA VENETA,CAMPOSAMPIERO,240,26
2025-03-15 14:07:53,IL789MN,VEH003,RFD20241012047,Presente,VERDE E RAMAGLIE,VERDE PAP,UTZ028,45.7546,11.7434,BASSANO DEL GRAPPA,BASSANO DEL GRAPPA,BASSANO,240,26
2025-03-15 15:03:20,OP012QR,VEH004,RFD20250203302,Presente,SECCO,SECCO PAP,UTZ002,45.7329,11.6894,MAROSTICA,NOVE,BASSANO,1100,26
2025-03-15 15:47:13,IL789MN,VEH003,RFD20241012052,Presente,VERDE E RAMAGLIE,VERDE PAP,UTZ002,45.6998,11.6385,SCHIAVON,SCHIAVON,BASSANO,1100,26
2025-03-15 15:52:32,IL789MN,VEH003,RFD20241008231,Non Presente,NA,VERDE PAP,NA,45.6866,11.7001,NA,TEZZE SUL BRENTA,BASSANO,NA,NA
2025-03-15 16:07:04,IL789MN,VEH003,RFD20241012089,Presente,VERDE E RAMAGLIE,VERDE PAP,UTZ017,45.7291,11.6733,NOVE,NOVE,BASSANO,240,26
2025-03-15 17:15:20,OP012QR,VEH004,RFD20250203302,Presente,SECCO,SECCO PAP,UTZ002,45.7334,11.6708,MAROSTICA,MAROSTICA,BASSANO,1100,26
2025-03-16 07:31:02,AB123CD,VEH001,RFD20241013030,Presente,CARTA,CARTA CONT.STRADALI,UTZ001,45.6913,11.7995,ROSSANO VENETO,ROSSANO VENETO,BASSANO,1100,26
2025-03-16 07:45:49,AB123CD,VEH001,RFD20241013167,Presente,CARTA,CARTA CONT.STRADALI,UTZ022,45.9008,11.6395,FOZA,FOZA,ASIAGO,240,26
2025-03-16 07:49:33,AB123CD,VEH001,RFD20241013129,Presente,CARTA,CARTA CONT.STRADALI,UTZ031,45.6328,11.7060,CARMIGNANO DI BRENTA,CARMIGNANO DI BRENTA,CAMPOSAMPIERO,240,26
2025-03-16 08:14:51,AB123CD,VEH001,RFD20241013130,Presente,CARTA,CARTA CONT.STRADALI,UTZ004,45.4267,11.6850,CERVARESE SANTA CROCE,CERVARESE SANTA CROCE,RUBANO,240,26
2025-03-16 08:30:43,AB123CD,VEH001,RFD20241013083,Presente,CARTA,CARTA CONT.STRADALI,UTZ030,45.3137,11.7394,GALZIGNANO TERME,GALZIGNANO TERME,RUBANO,240,26
2025-03-16 09:54:43,AB123CD,VEH001,RFD20241013172,Presente,CARTA,CARTA CONT.STRADALI,UTZ001,45.3300,11.7373,TORREGLIA,TORREGLIA,RUBANO,240,26
2025-03-16 12:25:25,AB123CD,VEH001,RFD20241014226,Non Presente,NA,CARTA CONT.STRADALI,NA,45.4290,11.7857,NA,RUBANO,RUBANO,NA,NA
2025-03-16 14:23:42,AB123CD,VEH001,RFD20241031225,Non Presente,NA,CARTA CONT.STRADALI,NA,45.5471,11.8187,NA,CAMPO SAN MARTINO,CAMPOSAMPIERO,NA,NA
2025-03-17 06:06:26,AB123CD,VEH001,00BD00000000000000000002,Presente,NA,SECCO PAP,SAC001,45.7671,11.7354,NA,BASSANO DEL GRAPPA,BASSANO,NA,NA
2025-03-17 06:20:42,OP012QR,VEH004,RFD20241001301,Non Presente,NA,SECCO PAP,NA,45.5658,11.9399,NA,CAMPOSAMPIERO,CAMPOSAMPIERO,NA,NA
2025-03-17 06:22:41,OP012QR,VEH004,RFD20241001301,Non Presente,NA,SECCO PAP,NA,45.5658,11.9399,NA,CAMPOSAMPIERO,CAMPOSAMPIERO,NA,NA
2025-03-17 08:56:45,EF456GH,VEH002,RFD20241014011,Presente,CARTA,CARTA CONT.STRADALI,UTZ034,45.6441,11.8628,SAN MARTINO DI LUPARI,SAN MARTINO DI LUPARI,CAMPOSAMPIERO,1100,26
2025-03-17 09:08:27,AB123CD,VEH001,RFD20241014117,Presente,SECCO,SECCO PAP,UTZ001,45.6417,11.7838,CITTADELLA,CITTADELLA,CAMPOSAMPIERO,1100,26
2025-03-17 09:55:35,EF456GH,VEH002,RFD20241014191,Presente,CARTA,CARTA CONT.STRADALI,UTZ005,45.3680,11.6627,ROVOLON,ROVOLON,RUBANO,1100,26
2025-03-17 13:09:33,IL789MN,VEH003,RFD20241014226,Non Presente,NA,UMIDO CONT.STRADALI,NA,45.4292,11.7855,NA,RUBANO,RUBANO,NA,NA
2025-03-17 13:20:00,OP012QR,VEH004,RFD20241014024,Presente,SECCO,SECCO PAP,UTZ040,45.5363,11.9675,BORGORICCO,BORGORICCO,CAMPOSAMPIERO,1100,26
2025-03-17 13:32:34,OP012QR,VEH004,RFD20250203302,Presente,SECCO,SECCO PAP,UTZ002,45.7342,11.6911,MAROSTICA,BASSANO DEL GRAPPA,BASSANO,1100,26
2025-03-17 14:00:22,OP012QR,VEH004,RFD20250203302,Presente,SECCO,SECCO PAP,UTZ002,45.7293,11.6758,MAROSTICA,NOVE,BASSANO,1100,26
2025-03-17 14:14:01,OP012QR,VEH004,RFD20241014033,Presente,SECCO,SECCO PAP,UTZ006,45.8593,11.4001,ROTZO,ROTZO,ASIAGO,1100,26
2025-03-17 16:18:01,OP012QR,VEH004,RFD20241028163,Presente,SECCO,SECCO PAP,UTZ003,45.7273,11.7665,ROSA',ROSA',BASSANO,1100,26
2025-03-18 06:10:48,AB123CD,VEH001,RFD20241001301,Non Presente,NA,CARTA/CARTONE PAP,NA,45.5658,11.9399,NA,CAMPOSAMPIERO,CAMPOSAMPIERO,NA,NA
2025-03-18 07:53:22,AB123CD,VEH001,RFD20241001103,Presente,CARTA,CARTA/CARTONE PAP,UTZ013,45.5660,11.9182,CAMPOSAMPIERO,CAMPOSAMPIERO,CAMPOSAMPIERO,240,26
2025-03-18 08:33:57,AB123CD,VEH001,RFD20241001040,Presente,CARTA,CARTA/CARTONE PAP,UTZ006,45.4760,11.8481,LIMENA,LIMENA,RUBANO,240,26
2025-03-18 09:35:28,IL789MN,VEH003,RFD20241001072,Presente,UMIDO,UMIDO PAP,UTZ003,45.8085,11.5992,LUSIANA CONCO,LUSIANA CONCO,ASIAGO,240,26
2025-03-18 09:45:18,IL789MN,VEH003,RFD20241001152,Presente,UMIDO,UMIDO PAP,UTZ037,45.4374,11.9252,CADONEGHE,CADONEGHE,CAMPOSAMPIERO,240,26
2025-03-18 12:51:46,OP012QR,VEH004,RFD20250203302,Presente,SECCO,SECCO PAP,UTZ002,45.7330,11.6898,MAROSTICA,NOVE,BASSANO,1100,26
2025-03-18 13:16:20,IL789MN,VEH003,RFD20241001122,Presente,PLASTICA E METALLI,PLASTICA PAP,UTZ012,45.8054,11.7263,POVE DEL GRAPPA,POVE DEL GRAPPA,BASSANO,770,26
2025-03-18 14:01:47,IL789MN,VEH003,RFD20241001158,Presente,PLASTICA E METALLI,PLASTICA PAP,UTZ034,45.6545,11.8574,SAN MARTINO DI LUPARI,SAN MARTINO DI LUPARI,CAMPOSAMPIERO,770,26
2025-03-18 14:33:22,OP012QR,VEH004,RFD20241001181,Presente,SECCO,SECCO PAP,UTZ008,45.6544,11.6826,POZZOLEONE,POZZOLEONE,BASSANO,1100,26
2025-03-18 14:35:31,ST345UV,VEH005,RFD20241001114,Presente,PLASTICA E METALLI,PLAST.CONT.STRADALI,UTZ005,45.8609,11.5203,ASIAGO,ASIAGO,ASIAGO,770,26
2025-03-18 15:26:19,OP012QR,VEH004,RFD20241001058,Presente,SECCO,SECCO PAP,UTZ035,45.3438,11.6640,TEOLO,TEOLO,RUBANO,1100,26
2025-03-18 17:09:50,OP012QR,VEH004,RFD20250203302,Presente,SECCO,SECCO PAP,UTZ002,45.7308,11.6868,MAROSTICA,NOVE,BASSANO,1100,26
2025-03-18 17:48:45,ST345UV,VEH005,RFD20241001209,Non Presente,NA,PLAST.CONT.STRADALI,NA,45.6481,11.8299,NA,TOMBOLO,CAMPOSAMPIERO,NA,NA
2025-03-19 06:14:19,OP012QR,VEH004,RFD20241001301,Non Presente,NA,SECCO PAP,NA,45.5657,11.9399,NA,CAMPOSAMPIERO,CAMPOSAMPIERO,NA,NA
2025-03-19 06:44:35,AB123CD,VEH001,RFD20241002049,Presente,SECCO,SECCO PAP,UTZ003,45.3396,11.7383,TORREGLIA,TORREGLIA,RUBANO,1100,26
2025-03-19 07:02:36,AB123CD,VEH001,RFD20241002217,Non Presente,NA,SECCO PAP,NA,45.6307,11.6934,NA,CARMIGNANO DI BRENTA,CAMPOSAMPIERO,NA,NA
2025-03-19 07:25:53,EF456GH,VEH002,RFD20241002071,Presente,CARTA,CARTA CONT.STRADALI,UTZ033,45.4327,11.7849,RUBANO,RUBANO,RUBANO,1100,26
2025-03-19 08:42:19,EF456GH,VEH002,RFD20241002131,Presente,CARTA,CARTA CONT.STRADALI,UTZ001,45.8910,11.6335,FOZA,FOZA,ASIAGO,240,26
2025-03-19 09:20:57,AB123CD,VEH001,RFD20241002105,Presente,SECCO,SECCO PAP,UTZ002,45.7147,11.7665,ROSA',ROSA',BASSANO,240,26
2025-03-19 09:30:55,AB123CD,VEH001,RFD20250205056,Presente,SECCO,SECCO PAP,UTZ001,45.5198,11.8283,CURTAROLO,CURTAROLO,CAMPOSAMPIERO,240,26
2025-03-19 10:09:06,EF456GH,VEH002,RFD20241002073,Presente,CARTA,CARTA CONT.STRADALI,UTZ050,45.4022,11.7535,SACCOLONGO,SACCOLONGO,RUBANO,1100,26
2025-03-19 10:24:08,AB123CD,VEH001,RFD20241002183,Presente,SECCO,SECCO PAP,UTZ009,45.7284,11.7953,CASSOLA,CASSOLA,BASSANO,1100,26
2025-03-19 11:25:07,AB123CD,VEH001,RFD20241002088,Presente,SECCO,SECCO PAP,UTZ005,45.7999,11.6069,LUSIANA CONCO,LUSIANA CONCO,ASIAGO,1100,26
2025-03-19 12:10:49,OP012QR,VEH004,RFD20250203302,Presente,SECCO,SECCO PAP,UTZ002,45.7364,11.6675,MAROSTICA,MAROSTICA,BASSANO,1100,26
2025-03-19 12:56:12,OP012QR,VEH004,RFD20241002203,Non Presente,NA,SECCO PAP,NA,45.3697,11.6595,NA,ROVOLON,RUBANO,NA,NA
2025-03-19 13:19:41,OP012QR,VEH004,RFD20241014226,Non Presente,NA,SECCO PAP,NA,45.4292,11.7856,NA,RUBANO,RUBANO,NA,NA
2025-03-19 13:53:24,OP012QR,VEH004,RFD20241002078,Presente,SECCO,SECCO PAP,UTZ009,45.8880,11.5488,GALLIO,GALLIO,ASIAGO,1100,26
2025-03-19 13:54:10,OP012QR,VEH004,RFD20241002094,Presente,SECCO,SECCO PAP,UTZ005,45.5791,11.9240,CAMPOSAMPIERO,CAMPOSAMPIERO,CAMPOSAMPIERO,240,26
2025-03-19 14:24:12,IL789MN,VEH003,RFD20241002217,Non Presente,NA,VERDE PAP,NA,45.6307,11.6935,NA,CARMIGNANO DI BRENTA,CAMPOSAMPIERO,NA,NA
2025-03-19 14:25:37,IL789MN,VEH003,RFD20241016234,Non Presente,NA,VERDE PAP,NA,45.5603,11.8171,NA,CAMPO SAN MARTINO,CAMPOSAMPIERO,NA,NA
2025-03-19 14:43:07,OP012QR,VEH004,RFD20241002184,Presente,SECCO,SECCO PAP,UTZ002,45.7697,11.7357,BASSANO DEL GRAPPA,BASSANO DEL GRAPPA,BASSANO,1100,26
2025-03-19 14:53:37,OP012QR,VEH004,RFD20250203302,Presente,SECCO,SECCO PAP,UTZ002,45.7258,11.6800,MAROSTICA,NOVE,BASSANO,1100,26
2025-03-19 15:22:55,OP012QR,VEH004,RFD20241030037,Presente,SECCO,SECCO PAP,UTZ014,45.8817,11.5384,GALLIO,GALLIO,ASIAGO,1100,26
2025-03-19 16:15:29,IL789MN,VEH003,RFD20241002015,Presente,VERDE E RAMAGLIE,VERDE PAP,UTZ030,45.6657,11.8191,GALLIERA VENETA,GALLIERA VENETA,CAMPOSAMPIERO,1100,26
2025-03-20 06:01:17,OP012QR,VEH004,RFD20241001301,Non Presente,NA,SECCO PAP,NA,45.5658,11.9399,NA,CAMPOSAMPIERO,CAMPOSAMPIERO,NA,NA
2025-03-20 06:52:05,AB123CD,VEH001,RFD20241017188,Presente,CARTA,CARTA/CARTONE PAP,UTZ015,45.5557,12.0157,MASSANZAGO,MASSANZAGO,CAMPOSAMPIERO,240,26
2025-03-20 08:40:21,AB123CD,VEH001,RFD20241003141,Presente,CARTA,CARTA/CARTONE PAP,UTZ008,45.5760,11.7105,GAZZO,GAZZO,CAMPOSAMPIERO,1100,26
2025-03-20 09:09:15,EF456GH,VEH002,RFD20241003035,Presente,VETRO,VETRO PAP,UTZ003,45.7182,11.5990,COLCERESA,COLCERESA,BASSANO,1100,13
2025-03-20 10:21:35,EF456GH,VEH002,RFD20241003157,Presente,VETRO,VETRO PAP,UTZ013,45.4909,11.7438,CAMPODORO,CAMPODORO,RUBANO,1100,26
2025-03-20 10:24:57,EF456GH,VEH002,RFD20250123212,Non Presente,NA,VETRO PAP,NA,45.4273,11.7900,NA,RUBANO,RUBANO,NA,NA
2025-03-20 13:05:12,IL789MN,VEH003,RFD20241003127,Presente,UMIDO,UMIDO CONT.STRADALI,UTZ001,45.7728,11.7289,BASSANO DEL GRAPPA,BASSANO DEL GRAPPA,BASSANO,240,26
2025-03-20 14:12:00,OP012QR,VEH004,RFD20250203302,Presente,SECCO,SECCO PAP,UTZ002,45.7280,11.6772,MAROSTICA,NOVE,BASSANO,1100,26
2025-03-20 14:17:57,ST345UV,VEH005,RFD20241003138,Presente,PLASTICA E METALLI,PLAST.CONT.STRADALI,UTZ005,45.6088,11.6729,SAN PIETRO IN GU,SAN PIETRO IN GU,CAMPOSAMPIERO,770,26
2025-03-20 14:41:19,OP012QR,VEH004,RFD20241003061,Presente,SECCO,SECCO PAP,UTZ002,45.5340,11.9614,BORGORICCO,BORGORICCO,CAMPOSAMPIERO,1100,26
2025-03-20 16:29:45,OP012QR,VEH004,RFD20241003164,Presente,SECCO,SECCO PAP,UTZ003,45.7795,11.7295,BASSANO DEL GRAPPA,BASSANO DEL GRAPPA,BASSANO,240,26
2025-03-20 16:33:27,IL789MN,VEH003,RFD20241003303,Presente,UMIDO,UMIDO CONT.STRADALI,UTZ002,45.7783,11.8044,MUSSOLENTE,MUSSOLENTE,BASSANO,240,26
2025-03-20 17:36:51,OP012QR,VEH004,RFD20250203302,Presente,SECCO,SECCO PAP,UTZ002,45.7327,11.6893,MAROSTICA,NOVE,BASSANO,1100,26
2025-03-21 06:08:46,AB123CD,VEH001,RFD20241001301,Non Presente,NA,SECCO PAP,NA,45.5659,11.9399,NA,CAMPOSAMPIERO,CAMPOSAMPIERO,NA,NA
2025-03-21 07:02:17,AB123CD,VEH001,RFD20250207211,Non Presente,NA,SECCO PAP,NA,45.7171,11.6852,NA,NOVE,BASSANO,NA,NA
2025-03-21 08:30:02,EF456GH,VEH002,RFD20241004123,Presente,CARTA,CARTA CONT.STRADALI,UTZ032,45.6491,11.7783,CITTADELLA,CITTADELLA,CAMPOSAMPIERO,240,26
2025-03-21 08:55:11,AB123CD,VEH001,RFD20241004003,Presente,SECCO,SECCO PAP,UTZ008,45.4364,11.7856,RUBANO,RUBANO,RUBANO,240,26
2025-03-21 09:13:07,EF456GH,VEH002,RFD20250221038,Presente,CARTA,CARTA CONT.STRADALI,UTZ005,45.6901,11.6327,SCHIAVON,SCHIAVON,BASSANO,240,26
2025-03-21 09:26:47,EF456GH,VEH002,RFD20241018161,Presente,CARTA,CARTA CONT.STRADALI,UTZ034,45.5714,11.9296,CAMPOSAMPIERO,CAMPOSAMPIERO,CAMPOSAMPIERO,1100,26
2025-03-21 10:11:39,EF456GH,VEH002,RFD20241004197,Presente,CARTA,CARTA CONT.STRADALI,UTZ018,45.8647,11.5124,ASIAGO,ASIAGO,ASIAGO,240,26
2025-03-21 10:34:42,AB123CD,VEH001,RFD20241004137,Presente,SECCO,SECCO PAP,UTZ012,45.5273,11.9710,BORGORICCO,BORGORICCO,CAMPOSAMPIERO,1100,26
2025-03-21 11:06:10,EF456GH,VEH002,RFD20241004028,Presente,CARTA,CARTA CONT.STRADALI,UTZ005,45.8599,11.3940,ROTZO,ROTZO,ASIAGO,240,26
2025-03-21 12:08:39,OP012QR,VEH004,RFD20241101042,Presente,SECCO,SECCO PAP,UTZ001,45.3869,11.7892,SELVAZZANO DENTRO,SELVAZZANO DENTRO,RUBANO,1100,26
2025-03-21 13:03:48,OP012QR,VEH004,RFD20250203302,Presente,SECCO,SECCO PAP,UTZ002,45.7292,11.6848,MAROSTICA,NOVE,BASSANO,1100,26
2025-03-21 14:24:25,OP012QR,VEH004,RFD20241004044,Presente,SECCO,SECCO PAP,UTZ009,45.6807,11.6936,TEZZE SUL BRENTA,TEZZE SUL BRENTA,BASSANO,240,26
2025-03-21 14:26:27,IL789MN,VEH003,RFD20241004177,Presente,PLASTICA E METALLI,PLASTICA PAP,UTZ048,45.7667,11.7335,BASSANO DEL GRAPPA,BASSANO DEL GRAPPA,BASSANO,770,26
2025-03-21 14:49:57,OP012QR,VEH004,RFD20250203302,Presente,SECCO,SECCO PAP,UTZ002,45.7275,11.6825,MAROSTICA,NOVE,BASSANO,1100,26
2025-03-21 15:44:20,OP012QR,VEH004,RFD20241018010,Presente,SECCO,SECCO PAP,UTZ001,45.3633,11.9848,SAONARA,SAONARA,CAMPOSAMPIERO,1100,26
2025-03-21 16:11:38,ST345UV,VEH005,RFD20241004115,Presente,VETRO,VETRO PAP,UTZ001,45.4291,11.7848,RUBANO,RUBANO,RUBANO,1100,26
2025-03-21 17:13:49,ST345UV,VEH005,RFD20241004185,Presente,VETRO,VETRO PAP,UTZ043,45.4033,11.7499,SACCOLONGO,SACCOLONGO,RUBANO,1100,26
2025-03-22 06:09:12,OP012QR,VEH004,RFD20241001301,Non Presente,NA,SECCO PAP,NA,45.5658,11.9399,NA,CAMPOSAMPIERO,CAMPOSAMPIERO,NA,NA
2025-03-22 09:32:03,ST345UV,VEH005,RFD20241002229,Non Presente,NA,SERVIZI MERCATI,NA,45.7209,11.6121,NA,COLCERESA,BASSANO,NA,NA
2025-03-22 12:23:48,OP012QR,VEH004,RFD20241005091,Presente,SECCO,SECCO PAP,UTZ016,45.5855,11.8053,SAN GIORGIO IN BOSCO,SAN GIORGIO IN BOSCO,CAMPOSAMPIERO,1100,26
2025-03-22 13:41:25,OP012QR,VEH004,RFD20241005012,Presente,SECCO,SECCO PAP,UTZ035,45.8087,11.7285,POVE DEL GRAPPA,POVE DEL GRAPPA,BASSANO,1100,26
2025-03-22 15:02:53,IL789MN,VEH003,RFD20241005169,Presente,VERDE E RAMAGLIE,VERDE PAP,UTZ008,45.6470,11.6823,POZZOLEONE,POZZOLEONE,BASSANO,240,26
2025-03-22 15:22:44,OP012QR,VEH004,RFD20241019135,Presente,SECCO,SECCO PAP,UTZ019,45.6501,11.8547,SAN MARTINO DI LUPARI,SAN MARTINO DI LUPARI,CAMPOSAMPIERO,240,26
2025-03-22 15:50:48,OP012QR,VEH004,RFD20250203302,Presente,SECCO,SECCO PAP,UTZ002,45.7435,11.6593,MAROSTICA,MAROSTICA,BASSANO,1100,26
2025-03-22 16:22:32,IL789MN,VEH003,RFD20241005144,Presente,VERDE E RAMAGLIE,VERDE PAP,UTZ013,45.4201,11.6828,CERVARESE SANTA CROCE,CERVARESE SANTA CROCE,RUBANO,240,26
2025-03-22 16:39:29,OP012QR,VEH004,RFD20250203302,Presente,SECCO,SECCO PAP,UTZ002,45.7282,11.6833,MAROSTICA,NOVE,BASSANO,1100,26
2025-03-22 17:47:23,IL789MN,VEH003,RFD20241005064,Presente,VERDE E RAMAGLIE,VERDE PAP,UTZ010,45.3061,11.7338,GALZIGNANO TERME,GALZIGNANO TERME,RUBANO,240,26
2025-03-23 07:00:00,AB123CD,VEH001,RFD20241006101,Presente,CARTA,CARTA CONT.STRADALI,UTZ012,45.5774,11.9328,CAMPOSAMPIERO,CAMPOSAMPIERO,CAMPOSAMPIERO,1100,26
2025-03-23 07:20:50,AB123CD,VEH001,RFD20241006147,Presente,CARTA,CARTA CONT.STRADALI,UTZ003,45.3313,11.7375,TORREGLIA,TORREGLIA,RUBANO,240,26
2025-03-23 07:56:52,AB123CD,VEH001,RFD20241006174,Presente,CARTA,CARTA CONT.STRADALI,UTZ003,45.3069,11.7163,GALZIGNANO TERME,GALZIGNANO TERME,RUBANO,240,26
2025-03-23 08:49:15,AB123CD,VEH001,RFD20241006168,Presente,CARTA,CARTA CONT.STRADALI,UTZ003,45.5471,12.0106,MASSANZAGO,MASSANZAGO,CAMPOSAMPIERO,1100,26
2025-03-23 08:59:05,AB123CD,VEH001,RFD20241006192,Presente,CARTA,CARTA CONT.STRADALI,UTZ001,45.6512,11.8275,TOMBOLO,TOMBOLO,CAMPOSAMPIERO,1100,26
2025-03-23 09:08:59,AB123CD,VEH001,RFD20241020036,Presente,CARTA,CARTA CONT.STRADALI,UTZ007,45.6521,11.7819,CITTADELLA,CITTADELLA,CAMPOSAMPIERO,1100,26
2025-03-23 09:10:24,AB123CD,VEH001,RFD20241006066,Presente,CARTA,CARTA CONT.STRADALI,UTZ011,45.3104,11.7320,GALZIGNANO TERME,GALZIGNANO TERME,RUBANO,1100,26
2025-03-23 10:57:29,AB123CD,VEH001,RFD20241006095,Presente,CARTA,CARTA CONT.STRADALI,UTZ034,45.4855,11.7453,CAMPODORO,CAMPODORO,RUBANO,1100,26
2025-03-24 06:16:34,OP012QR,VEH004,RFD20241001301,Non Presente,NA,SECCO PAP,NA,45.5659,11.9399,NA,CAMPOSAMPIERO,CAMPOSAMPIERO,NA,NA
2025-03-24 06:43:35,IL789MN,VEH003,RFD20241007043,Presente,UMIDO,UMIDO PAP,UTZ001,45.7956,11.7348,POVE DEL GRAPPA,POVE DEL GRAPPA,BASSANO,240,26
2025-03-24 07:01:23,AB123CD,VEH001,RFD20241007126,Presente,SECCO,SECCO PAP,UTZ001,45.6476,11.6838,POZZOLEONE,POZZOLEONE,BASSANO,1100,26
2025-03-24 07:50:23,AB123CD,VEH001,RFD20241007113,Presente,SECCO,SECCO PAP,UTZ022,45.4248,11.7898,RUBANO,RUBANO,RUBANO,1100,26
2025-03-24 08:33:35,IL789MN,VEH003,RFD20241007142,Presente,UMIDO,UMIDO PAP,UTZ001,45.3360,11.7886,MONTEGROTTO TERME,MONTEGROTTO TERME,RUBANO,770,26
2025-03-24 09:45:14,AB123CD,VEH001,RFD20241007146,Presente,SECCO,SECCO PAP,UTZ018,45.3018,11.7336,GALZIGNANO TERME,GALZIGNANO TERME,RUBANO,240,26
2025-03-24 12:18:31,OP012QR,VEH004,RFD20241007090,Presente,SECCO,SECCO PAP,UTZ021,45.7165,11.6079,COLCERESA,COLCERESA,BASSANO,1100,26
2025-03-24 12:48:14,OP012QR,VEH004,RFD20250203302,Presente,SECCO,SECCO PAP,UTZ002,45.7316,11.6879,MAROSTICA,NOVE,BASSANO,1100,26
2025-03-24 13:07:19,OP012QR,VEH004,RFD20241007190,Presente,SECCO,SECCO PAP,UTZ031,45.4335,11.7795,RUBANO,RUBANO,RUBANO,1100,26
2025-03-24 13:19:10,OP012QR,VEH004,RFD20241007193,Presente,SECCO,SECCO PAP,UTZ005,45.6644,11.8335,GALLIERA VENETA,GALLIERA VENETA,CAMPOSAMPIERO,240,26
2025-03-24 13:33:46,IL789MN,VEH003,RFD20241007233,Non Presente,NA,UMIDO CONT.STRADALI,NA,45.3296,11.8013,NA,MONTEGROTTO TERME,RUBANO,NA,NA
2025-03-24 13:36:15,IL789MN,VEH003,RFD20241007067,Presente,UMIDO,UMIDO CONT.STRADALI,UTZ010,45.3993,11.7456,SACCOLONGO,SACCOLONGO,RUBANO,770,26
2025-03-24 14:03:53,ST345UV,VEH005,RFD20241007039,Presente,VETRO,VETRO PAP,UTZ025,45.5286,11.9683,BORGORICCO,BORGORICCO,CAMPOSAMPIERO,770,26
2025-03-24 14:38:26,IL789MN,VEH003,RFD20241007054,Presente,UMIDO,UMIDO CONT.STRADALI,UTZ013,45.6526,11.8164,TOMBOLO,TOMBOLO,CAMPOSAMPIERO,240,26
2025-03-24 14:47:36,ST345UV,VEH005,RFD20241007076,Presente,VETRO,VETRO PAP,UTZ001,45.7717,11.7306,BASSANO DEL GRAPPA,BASSANO DEL GRAPPA,BASSANO,1100,26
2025-03-24 15:10:55,ST345UV,VEH005,RFD20241007081,Presente,VETRO,VETRO PAP,UTZ003,45.7215,11.7651,ROSA',ROSA',BASSANO,1100,26
2025-03-24 15:20:55,IL789MN,VEH003,RFD20241007148,Presente,UMIDO,UMIDO CONT.STRADALI,UTZ025,45.7744,11.7214,BASSANO DEL GRAPPA,BASSANO DEL GRAPPA,BASSANO,240,26
2025-03-24 16:02:14,OP012QR,VEH004,RFD20250203302,Presente,SECCO,SECCO PAP,UTZ002,45.7343,11.6699,MAROSTICA,MAROSTICA,BASSANO,1100,26
2025-03-24 16:53:37,OP012QR,VEH004,RFD20241007120,Presente,SECCO,SECCO PAP,UTZ002,45.4333,11.7853,RUBANO,RUBANO,RUBANO,1100,26
2025-03-25 06:04:50,AB123CD,VEH001,RFD20241008171,Presente,CARTA,CARTA/CARTONE PAP,UTZ023,45.7280,11.7642,ROSA',ROSA',BASSANO,240,26
2025-03-25 06:08:19,OP012QR,VEH004,RFD20241001301,Non Presente,NA,SECCO PAP,NA,45.5658,11.9399,NA,CAMPOSAMPIERO,CAMPOSAMPIERO,NA,NA
2025-03-25 06:12:07,AB123CD,VEH001,RFD20241001301,Non Presente,NA,CARTA/CARTONE PAP,NA,45.5658,11.9399,NA,CAMPOSAMPIERO,CAMPOSAMPIERO,NA,NA
2025-03-25 08:17:49,EF456GH,VEH002,RFD20241008026,Presente,VETRO,VETRO PAP,UTZ008,45.7922,11.7304,POVE DEL GRAPPA,POVE DEL GRAPPA,BASSANO,1100,26
2025-03-25 10:29:20,IL789MN,VEH003,RFD20241008059,Presente,UMIDO,UMIDO PAP,UTZ001,45.4022,11.7943,SELVAZZANO DENTRO,SELVAZZANO DENTRO,RUBANO,240,26
2025-03-25 10:48:13,AB123CD,VEH001,RFD20241008062,Presente,CARTA,CARTA/CARTONE PAP,UTZ002,45.3631,11.6655,ROVOLON,ROVOLON,RUBANO,1100,26
2025-03-25 12:45:55,OP012QR,VEH004,RFD20250325228,Non Presente,NA,SECCO PAP,NA,45.4791,11.8448,NA,LIMENA,RUBANO,NA,NA
2025-03-25 13:10:40,OP012QR,VEH004,RFD20241008077,Presente,SECCO,SECCO PAP,UTZ024,45.3617,11.6636,ROVOLON,ROVOLON,RUBANO,1100,26
2025-03-25 13:22:35,ST345UV,VEH005,RFD20241008023,Presente,PLASTICA E METALLI,PLAST.CONT.STRADALI,UTZ027,45.3021,11.7242,GALZIGNANO TERME,GALZIGNANO TERME,RUBANO,770,26
2025-03-25 13:37:00,OP012QR,VEH004,RFD20241008155,Presente,SECCO,SECCO PAP,UTZ002,45.8754,11.5203,ASIAGO,ASIAGO,ASIAGO,240,26
2025-03-25 13:38:18,OP012QR,VEH004,RFD20241008102,Presente,SECCO,SECCO PAP,UTZ024,45.8898,11.6270,FOZA,FOZA,ASIAGO,1100,26
2025-03-25 14:18:03,OP012QR,VEH004,RFD20250203302,Presente,SECCO,SECCO PAP,UTZ002,45.7326,11.6715,MAROSTICA,MAROSTICA,BASSANO,1100,26
2025-03-25 15:50:23,IL789MN,VEH003,RFD20241008032,Presente,PLASTICA E METALLI,PLASTICA PAP,UTZ026,45.3983,11.7484,SACCOLONGO,SACCOLONGO,RUBANO,770,26
2025-03-25 16:11:01,ST345UV,VEH005,RFD20241008187,Presente,PLASTICA E METALLI,PLAST.CONT.STRADALI,UTZ002,45.6585,11.8265,GALLIERA VENETA,GALLIERA VENETA,CAMPOSAMPIERO,770,26
2025-03-25 16:37:02,OP012QR,VEH004,RFD20241008099,Presente,SECCO,SECCO PAP,UTZ015,45.7174,11.7675,ROSA',ROSA',BASSANO,1100,26
2025-03-25 16:58:43,OP012QR,VEH004,RFD20250203302,Presente,SECCO,SECCO PAP,UTZ002,45.7369,11.6670,MAROSTICA,MAROSTICA,BASSANO,1100,26
2025-03-26 07:01:35,AB123CD,VEH001,RFD20241009151,Presente,SECCO,SECCO PAP,UTZ026,45.5938,11.9393,LOREGGIA,LOREGGIA,CAMPOSAMPIERO,240,26
2025-03-26 07:38:02,AB123CD,VEH001,RFD20241009041,Presente,SECCO,SECCO PAP,UTZ001,45.5653,11.8987,SANTA GIUSTINA IN COLLE,SANTA GIUSTINA IN COLLE,CAMPOSAMPIERO,1100,26
2025-03-26 07:49:52,AB123CD,VEH001,RFD20241009128,Presente,SECCO,SECCO PAP,UTZ002,45.4110,11.7370,SACCOLONGO,SACCOLONGO,RUBANO,1100,26
2025-03-26 08:17:36,AB123CD,VEH001,RFD20241009189,Presente,SECCO,SECCO PAP,UTZ002,45.4233,11.7904,RUBANO,RUBANO,RUBANO,1100,26
2025-03-26 09:35:55,AB123CD,VEH001,RFD20241009093,Presente,SECCO,SECCO PAP,UTZ040,45.7098,11.7973,ROSSANO VENETO,ROSSANO VENETO,BASSANO,1100,26
2025-03-26 09:49:02,AB123CD,VEH001,RFD20241009111,Presente,SECCO,SECCO PAP,UTZ042,45.6085,11.6742,SAN PIETRO IN GU,SAN PIETRO IN GU,CAMPOSAMPIERO,240,26
2025-03-26 10:37:16,AB123CD,VEH001,RFD20241009108,Presente,SECCO,SECCO PAP,UTZ003,45.6955,11.7107,TEZZE SUL BRENTA,TEZZE SUL BRENTA,BASSANO,240,26
2025-03-26 10:46:27,AB123CD,VEH001,RFD20241009106,Presente,SECCO,SECCO PAP,UTZ004,45.7671,11.7352,BASSANO DEL GRAPPA,BASSANO DEL GRAPPA,BASSANO,240,26
2025-03-26 11:25:21,EF456GH,VEH002,RFD20241009218,Non Presente,NA,CARTA CONT.STRADALI,NA,45.5588,11.9136,NA,SANTA GIUSTINA IN COLLE,CAMPOSAMPIERO,NA,NA
2025-03-26 11:35:57,AB123CD,VEH001,RFD20241009227,Non Presente,NA,SECCO PAP,NA,45.8963,11.5508,NA,GALLIO,ASIAGO,NA,NA
2025-03-26 12:46:22,OP012QR,VEH004,RFD20250203302,Presente,SECCO,SECCO PAP,UTZ002,45.7353,11.6929,MAROSTICA,BASSANO DEL GRAPPA,BASSANO,1100,26
2025-03-26 14:00:57,ST345UV,VEH005,RFD20241009150,Presente,VETRO,VETRO PAP,UTZ027,45.5792,11.9324,CAMPOSAMPIERO,CAMPOSAMPIERO,CAMPOSAMPIERO,1100,26
2025-03-26 14:13:37,OP012QR,VEH004,RFD20241009107,Presente,SECCO,SECCO PAP,UTZ033,45.5707,11.9323,CAMPOSAMPIERO,CAMPOSAMPIERO,CAMPOSAMPIERO,1100,26
2025-03-26 15:09:55,IL789MN,VEH003,RFD20241009205,Non Presente,NA,VERDE PAP,NA,45.8676,11.5017,NA,ASIAGO,ASIAGO,NA,NA
2025-03-26 16:02:07,OP012QR,VEH004,RFD20241009085,Presente,SECCO,SECCO PAP,UTZ016,45.4846,11.8337,LIMENA,LIMENA,RUBANO,1100,26
2025-03-26 16:11:44,OP012QR,VEH004,RFD20241009140,Presente,SECCO,SECCO PAP,UTZ002,45.9449,11.7210,ENEGO,ENEGO,ASIAGO,1100,26
2025-03-26 18:08:58,OP012QR,VEH004,RFD20250203302,Presente,SECCO,SECCO PAP,UTZ002,45.7334,11.6706,MAROSTICA,MAROSTICA,BASSANO,1100,26
2025-03-26 18:31:35,AB123CD,VEH001,RFD20241001301,Non Presente,NA,SECCO PAP,NA,45.5658,11.9399,NA,CAMPOSAMPIERO,CAMPOSAMPIERO,NA,NA
2025-03-26 18:55:42,OP012QR,VEH004,RFD20241001301,Non Presente,NA,SECCO PAP,NA,45.5659,11.9398,NA,CAMPOSAMPIERO,CAMPOSAMPIERO,NA,NA
2025-03-27 06:12:29,AB123CD,VEH001,RFD20241001301,Non Presente,NA,CARTA/CARTONE PAP,NA,45.5658,11.9399,NA,CAMPOSAMPIERO,CAMPOSAMPIERO,NA,NA
2025-03-27 06:18:58,IL789MN,VEH003,RFD20241001301,Non Presente,NA,UMIDO PAP,NA,45.5657,11.9399,NA,CAMPOSAMPIERO,CAMPOSAMPIERO,NA,NA
2025-03-27 08:03:43,IL789MN,VEH003,RFD20241010068,Presente,UMIDO,UMIDO PAP,UTZ004,45.4896,11.7453,CAMPODORO,CAMPODORO,RUBANO,240,26
2025-03-27 09:50:05,AB123CD,VEH001,RFD20241010194,Presente,CARTA,CARTA/CARTONE PAP,UTZ017,45.7814,11.7311,BASSANO DEL GRAPPA,BASSANO DEL GRAPPA,BASSANO,240,26
2025-03-27 10:12:11,AB123CD,VEH001,RFD20241010013,Presente,CARTA,CARTA/CARTONE PAP,UTZ009,45.7804,11.7403,BASSANO DEL GRAPPA,BASSANO DEL GRAPPA,BASSANO,1100,26
2025-03-27 13:30:20,IL789MN,VEH003,RFD20241010178,Presente,UMIDO,UMIDO CONT.STRADALI,UTZ004,45.6587,11.8249,GALLIERA VENETA,GALLIERA VENETA,CAMPOSAMPIERO,240,26
2025-03-27 13:44:34,ST345UV,VEH005,RFD20241010022,Presente,PLASTICA E METALLI,PLAST.CONT.STRADALI,UTZ032,45.3664,11.9842,SAONARA,SAONARA,CAMPOSAMPIERO,770,26
2025-03-27 14:07:33,OP012QR,VEH004,RFD20250313133,Presente,SECCO,SECCO PAP,UTZ005,45.6413,11.7533,FONTANIVA,FONTANIVA,CAMPOSAMPIERO,1100,26
2025-03-27 14:15:05,OP012QR,VEH004,RFD20250203302,Presente,SECCO,SECCO PAP,UTZ002,45.7379,11.6658,MAROSTICA,MAROSTICA,BASSANO,1100,26
2025-03-27 14:45:19,IL789MN,VEH003,RFD20241010195,Presente,UMIDO,UMIDO CONT.STRADALI,UTZ049,45.3154,11.7322,GALZIGNANO TERME,GALZIGNANO TERME,RUBANO,240,26
2025-03-27 14:49:06,ST345UV,VEH005,RFD20241010154,Presente,PLASTICA E METALLI,PLAST.CONT.STRADALI,UTZ005,45.8642,11.5161,ASIAGO,ASIAGO,ASIAGO,770,26
2025-03-27 15:00:47,OP012QR,VEH004,RFD20241010119,Presente,SECCO,SECCO PAP,UTZ002,45.5623,11.9073,SANTA GIUSTINA IN COLLE,SANTA GIUSTINA IN COLLE,CAMPOSAMPIERO,1100,26
2025-03-27 15:16:23,ST345UV,VEH005,RFD20241010079,Presente,PLASTICA E METALLI,PLAST.CONT.STRADALI,UTZ004,45.8871,11.6251,FOZA,FOZA,ASIAGO,770,26
2025-03-27 16:10:37,OP012QR,VEH004,RFD20241010074,Presente,SECCO,SECCO PAP,UTZ006,45.6268,11.7050,CARMIGNANO DI BRENTA,CARMIGNANO DI BRENTA,CAMPOSAMPIERO,1100,26
2025-03-27 16:31:28,OP012QR,VEH004,RFD20250203302,Presente,SECCO,SECCO PAP,UTZ002,45.7325,11.6721,MAROSTICA,MAROSTICA,BASSANO,1100,26
2025-03-27 16:53:25,OP012QR,VEH004,RFD20241010069,Presente,SECCO,SECCO PAP,UTZ020,45.7310,11.7589,ROSA',ROSA',BASSANO,240,26
2025-03-28 07:13:00,AB123CD,VEH001,RFD20241011132,Presente,SECCO,SECCO PAP,UTZ001,45.5773,11.9310,CAMPOSAMPIERO,CAMPOSAMPIERO,CAMPOSAMPIERO,1100,26
2025-03-28 07:51:33,AB123CD,VEH001,RFD20241025029,Presente,SECCO,SECCO PAP,UTZ001,45.7803,11.7920,MUSSOLENTE,MUSSOLENTE,BASSANO,240,26
2025-03-28 08:22:18,EF456GH,VEH002,RFD20241011223,Non Presente,NA,CARTA CONT.STRADALI,NA,45.9024,11.6324,NA,FOZA,ASIAGO,NA,NA
2025-03-28 09:27:00,AB123CD,VEH001,RFD20241011176,Presente,SECCO,SECCO PAP,UTZ008,45.4677,11.8514,LIMENA,LIMENA,RUBANO,1100,26
2025-03-28 11:25:54,AB123CD,VEH001,RFD20241025196,Presente,SECCO,SECCO PAP,UTZ029,45.8641,11.5203,ASIAGO,ASIAGO,ASIAGO,1100,26
2025-03-28 13:37:37,ST345UV,VEH005,RFD20241011025,Presente,VETRO,VETRO PAP,UTZ031,45.5447,11.9057,SAN GIORGIO DELLE PERTICHE,SAN GIORGIO DELLE PERTICHE,CAMPOSAMPIERO,1100,13
2025-03-28 14:08:20,OP012QR,VEH004,RFD20250203302,Presente,SECCO,SECCO PAP,UTZ002,45.7266,11.6813,MAROSTICA,NOVE,BASSANO,1100,26
2025-03-28 14:08:23,OP012QR,VEH004,RFD20250203302,Presente,SECCO,SECCO PAP,UTZ002,45.7324,11.6893,MAROSTICA,NOVE,BASSANO,1100,26
2025-03-28 15:27:24,ST345UV,VEH005,RFD20241011182,Presente,VETRO,VETRO PAP,UTZ047,45.5857,11.7047,GAZZO,GAZZO,CAMPOSAMPIERO,1100,26
2025-03-28 15:36:46,ST345UV,VEH005,RFD20241011125,Presente,VETRO,VETRO PAP,UTZ014,45.5744,11.9220,CAMPOSAMPIERO,CAMPOSAMPIERO,CAMPOSAMPIERO,1100,26
2025-03-28 15:38:03,OP012QR,VEH004,RFD20241011124,Presente,SECCO,SECCO PAP,UTZ001,45.6426,11.8513,SAN MARTINO DI LUPARI,SAN MARTINO DI LUPARI,CAMPOSAMPIERO,240,26
2025-03-28 16:45:49,IL789MN,VEH003,RFD20241011019,Presente,PLASTICA E METALLI,PLASTICA PAP,UTZ001,45.6002,12.0032,PIOMBINO DESE,PIOMBINO DESE,CAMPOSAMPIERO,770,26
2025-03-28 16:49:51,IL789MN,VEH003,RFD20241025075,Presente,PLASTICA E METALLI,PLASTICA PAP,UTZ001,45.7966,11.7438,ROMANO D'EZZELINO,ROMANO D'EZZELINO,BASSANO,770,26
2025-03-28 18:09:02,OP012QR,VEH004,RFD20241011004,Presente,SECCO,SECCO PAP,UTZ024,45.7922,11.7673,ROMANO D'EZZELINO,ROMANO D'EZZELINO,BASSANO,240,26
2025-03-28 18:53:01,IL789MN,VEH003,RFD20241001301,Non Presente,NA,PLASTICA PAP,NA,45.5658,11.9399,NA,CAMPOSAMPIERO,CAMPOSAMPIERO,NA,NA
2025-03-29 06:00:02,IL789MN,VEH003,RFD20241001301,Non Presente,NA,UMIDO PAP,NA,45.5658,11.9399,NA,CAMPOSAMPIERO,CAMPOSAMPIERO,NA,NA
2025-03-29 06:05:18,AB123CD,VEH001,RFD20241001301,Non Presente,NA,CARTA/CARTONE PAP,NA,45.5658,11.9399,NA,CAMPOSAMPIERO,CAMPOSAMPIERO,NA,NA
2025-03-29 06:40:19,ST345UV,VEH005,RFD20241014226,Non Presente,NA,SERVIZI MERCATI,NA,45.4293,11.7857,NA,RUBANO,RUBANO,NA,NA
2025-03-29 08:35:52,IL789MN,VEH003,RFD20250215084,Presente,UMIDO,UMIDO PAP,UTZ022,45.6088,11.7351,GRANTORTO,GRANTORTO,CAMPOSAMPIERO,240,26
2025-03-29 08:58:22,AB123CD,VEH001,RFD20241012116,Presente,CARTA,CARTA/CARTONE PAP,UTZ009,45.3961,11.7909,SELVAZZANO DENTRO,SELVAZZANO DENTRO,RUBANO,240,26
2025-03-29 14:17:22,IL789MN,VEH003,RFD20241012047,Presente,VERDE E RAMAGLIE,VERDE PAP,UTZ028,45.7548,11.7434,BASSANO DEL GRAPPA,BASSANO DEL GRAPPA,BASSANO,240,26
2025-03-29 15:40:33,IL789MN,VEH003,RFD20241012089,Presente,VERDE E RAMAGLIE,VERDE PAP,UTZ017,45.7291,11.6733,NOVE,NOVE,BASSANO,240,26
2025-03-29 15:45:26,IL789MN,VEH003,RFD20241008231,Non Presente,NA,VERDE PAP,NA,45.6866,11.6999,NA,TEZZE SUL BRENTA,BASSANO,NA,NA
2025-03-29 15:56:29,OP012QR,VEH004,RFD20250203302,Presente,SECCO,SECCO PAP,UTZ002,45.7437,11.7037,MAROSTICA,BASSANO DEL GRAPPA,BASSANO,1100,26
2025-03-29 16:01:01,IL789MN,VEH003,RFD20241012052,Presente,VERDE E RAMAGLIE,VERDE PAP,UTZ002,45.6997,11.6387,SCHIAVON,SCHIAVON,BASSANO,1100,26
2025-03-29 18:46:38,OP012QR,VEH004,RFD20250203302,Presente,SECCO,SECCO PAP,UTZ002,45.7327,11.6893,MAROSTICA,NOVE,BASSANO,1100,26
2025-03-30 07:28:41,AB123CD,VEH001,RFD20241013046,Presente,CARTA,CARTA CONT.STRADALI,UTZ035,45.3083,11.7299,GALZIGNANO TERME,GALZIGNANO TERME,RUBANO,240,26
2025-03-30 07:31:15,AB123CD,VEH001,RFD20241013167,Presente,CARTA,CARTA CONT.STRADALI,UTZ022,45.9009,11.6394,FOZA,FOZA,ASIAGO,240,26
2025-03-30 08:16:00,AB123CD,VEH001,RFD20241013130,Presente,CARTA,CARTA CONT.STRADALI,UTZ004,45.4267,11.6849,CERVARESE SANTA CROCE,CERVARESE SANTA CROCE,RUBANO,240,26
2025-03-30 08:18:12,AB123CD,VEH001,RFD20241013129,Presente,CARTA,CARTA CONT.STRADALI,UTZ031,45.6328,11.7060,CARMIGNANO DI BRENTA,CARMIGNANO DI BRENTA,CAMPOSAMPIERO,240,26
2025-03-30 08:24:33,AB123CD,VEH001,RFD20241013030,Presente,CARTA,CARTA CONT.STRADALI,UTZ001,45.6912,11.7995,ROSSANO VENETO,ROSSANO VENETO,BASSANO,1100,26
2025-03-30 08:30:52,AB123CD,VEH001,RFD20241013083,Presente,CARTA,CARTA CONT.STRADALI,UTZ030,45.3139,11.7395,GALZIGNANO TERME,GALZIGNANO TERME,RUBANO,240,26
2025-03-30 09:23:29,AB123CD,VEH001,RFD20241013172,Presente,CARTA,CARTA CONT.STRADALI,UTZ001,45.3301,11.7374,TORREGLIA,TORREGLIA,RUBANO,240,26
2025-03-31 08:45:12,EF456GH,VEH002,RFD20241014011,Presente,CARTA,CARTA CONT.STRADALI,UTZ034,45.6442,11.8630,SAN MARTINO DI LUPARI,SAN MARTINO DI LUPARI,CAMPOSAMPIERO,1100,26
2025-03-31 09:05:07,EF456GH,VEH002,RFD20250331008,Presente,CARTA,CARTA CONT.STRADALI,UTZ001,45.5242,11.8289,CURTAROLO,CURTAROLO,CAMPOSAMPIERO,240,26
2025-03-31 09:28:54,AB123CD,VEH001,RFD20241014117,Presente,SECCO,SECCO PAP,UTZ001,45.6416,11.7837,CITTADELLA,CITTADELLA,CAMPOSAMPIERO,1100,26
2025-03-31 10:05:08,EF456GH,VEH002,RFD20241014191,Presente,CARTA,CARTA CONT.STRADALI,UTZ005,45.3680,11.6629,ROVOLON,ROVOLON,RUBANO,1100,26
2025-03-31 12:19:49,OP012QR,VEH004,RFD20250203302,Presente,SECCO,SECCO PAP,UTZ002,45.7303,11.6863,MAROSTICA,NOVE,BASSANO,1100,26
2025-03-31 13:31:28,OP012QR,VEH004,RFD20241014024,Presente,SECCO,SECCO PAP,UTZ040,45.5361,11.9673,BORGORICCO,BORGORICCO,CAMPOSAMPIERO,1100,26
2025-03-31 14:14:31,OP012QR,VEH004,RFD20241014033,Presente,SECCO,SECCO PAP,UTZ006,45.8591,11.4002,ROTZO,ROTZO,ASIAGO,1100,26
2025-03-31 14:15:59,IL789MN,VEH003,RFD20250209219,Non Presente,NA,UMIDO CONT.STRADALI,NA,45.8739,11.5139,NA,ASIAGO,ASIAGO,NA,NA
2025-03-31 14:26:27,OP012QR,VEH004,RFD20250203302,Presente,SECCO,SECCO PAP,UTZ002,45.7287,11.6761,MAROSTICA,NOVE,BASSANO,1100,26
2025-03-31 14:45:52,IL789MN,VEH003,RFD20241028173,Presente,UMIDO,UMIDO CONT.STRADALI,UTZ032,45.7625,11.7420,BASSANO DEL GRAPPA,BASSANO DEL GRAPPA,BASSANO,240,26
2025-03-31 14:53:46,IL789MN,VEH003,RFD20241028145,Presente,UMIDO,UMIDO CONT.STRADALI,UTZ006,45.4285,11.7850,RUBANO,RUBANO,RUBANO,240,26
2025-03-31 16:43:41,OP012QR,VEH004,RFD20241028163,Presente,SECCO,SECCO PAP,UTZ003,45.7273,11.7667,ROSA',ROSA',BASSANO,1100,26
2025-03-31 18:39:17,ST345UV,VEH005,RFD20241001301,Non Presente,NA,VETRO PAP,NA,45.5658,11.9399,NA,CAMPOSAMPIERO,CAMPOSAMPIERO,NA,NA
2025-04-01 07:50:19,AB123CD,VEH001,RFD20241001103,Presente,CARTA,CARTA/CARTONE PAP,UTZ013,45.5661,11.9180,CAMPOSAMPIERO,CAMPOSAMPIERO,CAMPOSAMPIERO,240,26
2025-04-01 08:30:42,AB123CD,VEH001,RFD20241001040,Presente,CARTA,CARTA/CARTONE PAP,UTZ006,45.4759,11.8479,LIMENA,LIMENA,RUBANO,240,26
2025-04-01 09:23:45,IL789MN,VEH003,RFD20241001152,Presente,UMIDO,UMIDO PAP,UTZ037,45.4374,11.9252,CADONEGHE,CADONEGHE,CAMPOSAMPIERO,240,26
2025-04-01 10:21:26,EF456GH,VEH002,RFD20241210020,Presente,VETRO,VETRO PAP,UTZ006,45.5346,11.9097,SAN GIORGIO DELLE PERTICHE,SAN GIORGIO DELLE PERTICHE,CAMPOSAMPIERO,770,13
2025-04-01 13:00:00,IL789MN,VEH003,RFD20241001122,Presente,PLASTICA E METALLI,PLASTICA PAP,UTZ012,45.8053,11.7260,POVE DEL GRAPPA,POVE DEL GRAPPA,BASSANO,770,26
2025-04-01 14:16:03,ST345UV,VEH005,RFD20241001114,Presente,PLASTICA E METALLI,PLAST.CONT.STRADALI,UTZ005,45.8611,11.5202,ASIAGO,ASIAGO,ASIAGO,770,26
2025-04-01 14:21:13,IL789MN,VEH003,RFD20241001158,Presente,PLASTICA E METALLI,PLASTICA PAP,UTZ034,45.6545,11.8573,SAN MARTINO DI LUPARI,SAN MARTINO DI LUPARI,CAMPOSAMPIERO,770,26
2025-04-01 14:34:28,OP012QR,VEH004,RFD20241001181,Presente,SECCO,SECCO PAP,UTZ008,45.6545,11.6827,POZZOLEONE,POZZOLEONE,BASSANO,1100,26
2025-04-01 15:09:27,OP012QR,VEH004,RFD20241015048,Presente,SECCO,SECCO PAP,UTZ030,45.4295,11.7922,RUBANO,RUBANO,RUBANO,1100,26
2025-04-01 15:17:12,OP012QR,VEH004,RFD20241001058,Presente,SECCO,SECCO PAP,UTZ035,45.3440,11.6637,TEOLO,TEOLO,RUBANO,1100,26
2025-04-01 15:25:53,OP012QR,VEH004,RFD20250203302,Presente,SECCO,SECCO PAP,UTZ002,45.7418,11.6613,MAROSTICA,MAROSTICA,BASSANO,1100,26
2025-04-01 15:51:25,OP012QR,VEH004,RFD20250203302,Presente,SECCO,SECCO PAP,UTZ002,45.7266,11.6792,MAROSTICA,NOVE,BASSANO,1100,26
2025-04-01 17:26:43,ST345UV,VEH005,RFD20241001209,Non Presente,NA,PLAST.CONT.STRADALI,NA,45.6483,11.8299,NA,TOMBOLO,CAMPOSAMPIERO,NA,NA
2025-04-01 18:52:33,AB123CD,VEH001,RFD20241001301,Non Presente,NA,CARTA/CARTONE PAP,NA,45.5658,11.9399,NA,CAMPOSAMPIERO,CAMPOSAMPIERO,NA,NA
2025-04-02 06:18:37,IL789MN,VEH003,RFD20241001301,Non Presente,NA,UMIDO PAP,NA,45.5657,11.9399,NA,CAMPOSAMPIERO,CAMPOSAMPIERO,NA,NA
2025-04-02 06:38:19,AB123CD,VEH001,RFD20241002049,Presente,SECCO,SECCO PAP,UTZ003,45.3393,11.7381,TORREGLIA,TORREGLIA,RUBANO,1100,26
2025-04-02 07:50:55,EF456GH,VEH002,RFD20241002071,Presente,CARTA,CARTA CONT.STRADALI,UTZ033,45.4327,11.7847,RUBANO,RUBANO,RUBANO,1100,26
2025-04-02 08:45:59,EF456GH,VEH002,RFD20241002131,Presente,CARTA,CARTA CONT.STRADALI,UTZ001,45.8910,11.6335,FOZA,FOZA,ASIAGO,240,26
2025-04-02 09:40:49,AB123CD,VEH001,RFD20250205056,Presente,SECCO,SECCO PAP,UTZ001,45.5198,11.8283,CURTAROLO,CURTAROLO,CAMPOSAMPIERO,240,26
2025-04-02 09:51:31,AB123CD,VEH001,RFD20241002105,Presente,SECCO,SECCO PAP,UTZ002,45.7147,11.7669,ROSA',ROSA',BASSANO,240,26
2025-04-02 10:08:14,AB123CD,VEH001,RFD20241002183,Presente,SECCO,SECCO PAP,UTZ009,45.7284,11.7951,CASSOLA,CASSOLA,BASSANO,1100,26
2025-04-02 11:41:09,AB123CD,VEH001,RFD20241002088,Presente,SECCO,SECCO PAP,UTZ005,45.7998,11.6070,LUSIANA CONCO,LUSIANA CONCO,ASIAGO,1100,26
2025-04-02 12:00:57,OP012QR,VEH004,RFD20250203302,Presente,SECCO,SECCO PAP,UTZ002,45.7340,11.6701,MAROSTICA,MAROSTICA,BASSANO,1100,26
2025-04-02 13:39:09,OP012QR,VEH004,RFD20241002203,Non Presente,NA,SECCO PAP,NA,45.3696,11.6594,NA,ROVOLON,RUBANO,NA,NA
2025-04-02 13:42:50,OP012QR,VEH004,RFD20241002078,Presente,SECCO,SECCO PAP,UTZ009,45.8878,11.5488,GALLIO,GALLIO,ASIAGO,1100,26
2025-04-02 14:09:20,IL789MN,VEH003,RFD20241016234,Non Presente,NA,VERDE PAP,NA,45.5603,11.8170,NA,CAMPO SAN MARTINO,CAMPOSAMPIERO,NA,NA
2025-04-02 14:13:34,OP012QR,VEH004,RFD20250203302,Presente,SECCO,SECCO PAP,UTZ002,45.7340,11.6909,MAROSTICA,BASSANO DEL GRAPPA,BASSANO,1100,26
2025-04-02 14:38:42,OP012QR,VEH004,RFD20241002184,Presente,SECCO,SECCO PAP,UTZ002,45.7699,11.7360,BASSANO DEL GRAPPA,BASSANO DEL GRAPPA,BASSANO,1100,26
2025-04-02 14:48:55,OP012QR,VEH004,RFD20241030037,Presente,SECCO,SECCO PAP,UTZ014,45.8815,11.5384,GALLIO,GALLIO,ASIAGO,1100,26
2025-04-02 14:54:07,ST345UV,VEH005,RFD20241002229,Non Presente,NA,VETRO PAP,NA,45.7207,11.6124,NA,COLCERESA,BASSANO,NA,NA
2025-04-02 16:12:33,ST345UV,VEH005,RFD20241002053,Presente,VETRO,VETRO PAP,UTZ022,45.7624,11.7436,BASSANO DEL GRAPPA,BASSANO DEL GRAPPA,BASSANO,1100,26
2025-04-02 16:17:43,IL789MN,VEH003,RFD20241002015,Presente,VERDE E RAMAGLIE,VERDE PAP,UTZ030,45.6656,11.8191,GALLIERA VENETA,GALLIERA VENETA,CAMPOSAMPIERO,1100,26
2025-04-02 16:51:15,IL789MN,VEH003,RFD20241002198,Presente,VERDE E RAMAGLIE,VERDE PAP,UTZ001,45.8720,11.5265,ASIAGO,ASIAGO,ASIAGO,240,26
2025-04-02 17:46:35,IL789MN,VEH003,RFD20241030027,Presente,VERDE E RAMAGLIE,VERDE PAP,UTZ024,45.3837,11.9776,SAONARA,SAONARA,CAMPOSAMPIERO,240,26
2025-04-02 18:30:52,ST345UV,VEH005,RFD20241001301,Non Presente,NA,VETRO PAP,NA,45.5659,11.9399,NA,CAMPOSAMPIERO,CAMPOSAMPIERO,NA,NA
2025-04-03 06:16:00,IL789MN,VEH003,RFD20241001301,Non Presente,NA,UMIDO PAP,NA,45.5658,11.9400,NA,CAMPOSAMPIERO,CAMPOSAMPIERO,NA,NA
2025-04-03 08:23:22,EF456GH,VEH002,RFD20241017034,Presente,VETRO,VETRO PAP,UTZ036,45.7637,11.7390,BASSANO DEL GRAPPA,BASSANO DEL GRAPPA,BASSANO,1100,13
2025-04-03 08:27:00,AB123CD,VEH001,RFD20241003141,Presente,CARTA,CARTA/CARTONE PAP,UTZ008,45.5761,11.7104,GAZZO,GAZZO,CAMPOSAMPIERO,1100,26
2025-04-03 08:41:25,AB123CD,VEH001,RFD20241031097,Presente,CARTA,CARTA/CARTONE PAP,UTZ011,45.6008,11.8145,SAN GIORGIO IN BOSCO,SAN GIORGIO IN BOSCO,CAMPOSAMPIERO,1100,26
2025-04-03 09:10:36,AB123CD,VEH001,RFD20241003096,Presente,CARTA,CARTA/CARTONE PAP,UTZ017,45.5711,11.9266,CAMPOSAMPIERO,CAMPOSAMPIERO,CAMPOSAMPIERO,1100,26
2025-04-03 10:18:45,EF456GH,VEH002,RFD20241003157,Presente,VETRO,VETRO PAP,UTZ013,45.4906,11.7441,CAMPODORO,CAMPODORO,RUBANO,1100,26
2025-04-03 13:00:00,IL789MN,VEH003,RFD20241003127,Presente,UMIDO,UMIDO CONT.STRADALI,UTZ001,45.7725,11.7287,BASSANO DEL GRAPPA,BASSANO DEL GRAPPA,BASSANO,240,26
2025-04-03 13:40:58,ST345UV,VEH005,RFD20241003138,Presente,PLASTICA E METALLI,PLAST.CONT.STRADALI,UTZ005,45.6086,11.6728,SAN PIETRO IN GU,SAN PIETRO IN GU,CAMPOSAMPIERO,770,26
2025-04-03 14:17:48,OP012QR,VEH004,RFD20250403104,Presente,SECCO,SECCO PAP,UTZ012,45.3330,11.7374,TORREGLIA,TORREGLIA,RUBANO,1100,26
2025-04-03 14:36:47,OP012QR,VEH004,RFD20241003061,Presente,SECCO,SECCO PAP,UTZ002,45.5340,11.9614,BORGORICCO,BORGORICCO,CAMPOSAMPIERO,1100,26
2025-04-03 15:46:30,OP012QR,VEH004,RFD20250203302,Presente,SECCO,SECCO PAP,UTZ002,45.7371,11.6668,MAROSTICA,MAROSTICA,BASSANO,1100,26
2025-04-03 16:24:42,OP012QR,VEH004,RFD20241003164,Presente,SECCO,SECCO PAP,UTZ003,45.7798,11.7294,BASSANO DEL GRAPPA,BASSANO DEL GRAPPA,BASSANO,240,26
2025-04-03 16:48:49,IL789MN,VEH003,RFD20241003303,Presente,UMIDO,UMIDO CONT.STRADALI,UTZ002,45.7797,11.8010,MUSSOLENTE,MUSSOLENTE,BASSANO,240,26
2025-04-03 17:28:35,OP012QR,VEH004,RFD20250203302,Presente,SECCO,SECCO PAP,UTZ002,45.7417,11.6608,MAROSTICA,MAROSTICA,BASSANO,1100,26
2025-04-03 18:22:54,ST345UV,VEH005,RFD20241016234,Non Presente,NA,PLAST.CONT.STRADALI,NA,45.5600,11.8172,NA,CAMPO SAN MARTINO,CAMPOSAMPIERO,NA,NA
2025-04-04 06:55:06,AB123CD,VEH001,RFD20241004065,Presente,SECCO,SECCO PAP,UTZ007,45.6155,11.6652,SAN PIETRO IN GU,SAN PIETRO IN GU,CAMPOSAMPIERO,1100,26
2025-04-04 07:11:25,AB123CD,VEH001,RFD20250207211,Non Presente,NA,SECCO PAP,NA,45.7172,11.6854,NA,NOVE,BASSANO,NA,NA
2025-04-04 08:25:06,AB123CD,VEH001,RFD20241004003,Presente,SECCO,SECCO PAP,UTZ008,45.4363,11.7857,RUBANO,RUBANO,RUBANO,240,26
2025-04-04 09:04:12,EF456GH,VEH002,RFD20241004123,Presente,CARTA,CARTA CONT.STRADALI,UTZ032,45.6489,11.7782,CITTADELLA,CITTADELLA,CAMPOSAMPIERO,240,26
2025-04-04 09:19:20,EF456GH,VEH002,RFD20241018161,Presente,CARTA,CARTA CONT.STRADALI,UTZ034,45.5713,11.9295,CAMPOSAMPIERO,CAMPOSAMPIERO,CAMPOSAMPIERO,1100,26
2025-04-04 09:33:56,EF456GH,VEH002,RFD20250221038,Presente,CARTA,CARTA CONT.STRADALI,UTZ005,45.6900,11.6328,SCHIAVON,SCHIAVON,BASSANO,240,26
2025-04-04 10:13:56,EF456GH,VEH002,RFD20241004197,Presente,CARTA,CARTA CONT.STRADALI,UTZ018,45.8647,11.5123,ASIAGO,ASIAGO,ASIAGO,240,26
2025-04-04 10:45:48,EF456GH,VEH002,RFD20241004159,Presente,CARTA,CARTA CONT.STRADALI,UTZ004,45.4415,11.7881,RUBANO,RUBANO,RUBANO,1100,26
2025-04-04 10:50:06,EF456GH,VEH002,RFD20241004028,Presente,CARTA,CARTA CONT.STRADALI,UTZ005,45.8599,11.3939,ROTZO,ROTZO,ASIAGO,240,26
2025-04-04 11:16:31,AB123CD,VEH001,RFD20241004137,Presente,SECCO,SECCO PAP,UTZ012,45.5272,11.9709,BORGORICCO,BORGORICCO,CAMPOSAMPIERO,1100,26
2025-04-04 12:25:25,OP012QR,VEH004,RFD20241101042,Presente,SECCO,SECCO PAP,UTZ001,45.3867,11.7893,SELVAZZANO DENTRO,SELVAZZANO DENTRO,RUBANO,1100,26
2025-04-04 14:32:26,IL789MN,VEH003,RFD20241004177,Presente,PLASTICA E METALLI,PLASTICA PAP,UTZ048,45.7666,11.7334,BASSANO DEL GRAPPA,BASSANO DEL GRAPPA,BASSANO,770,26
2025-04-04 15:29:59,OP012QR,VEH004,RFD20241018010,Presente,SECCO,SECCO PAP,UTZ001,45.3635,11.9847,SAONARA,SAONARA,CAMPOSAMPIERO,1100,26
2025-04-04 16:09:15,OP012QR,VEH004,RFD20250203302,Presente,SECCO,SECCO PAP,UTZ002,45.7334,11.6710,MAROSTICA,MAROSTICA,BASSANO,1100,26
2025-04-04 17:17:00,ST345UV,VEH005,RFD20241004185,Presente,VETRO,VETRO PAP,UTZ043,45.4034,11.7499,SACCOLONGO,SACCOLONGO,RUBANO,1100,26
2025-04-04 17:49:36,OP012QR,VEH004,RFD20250203302,Presente,SECCO,SECCO PAP,UTZ002,45.7272,11.6785,MAROSTICA,NOVE,BASSANO,1100,26
2025-04-04 18:36:46,IL789MN,VEH003,RFD20241001301,Non Presente,NA,PLASTICA PAP,NA,45.5658,11.9399,NA,CAMPOSAMPIERO,CAMPOSAMPIERO,NA,NA
2025-04-05 12:55:03,OP012QR,VEH004,RFD20241005091,Presente,SECCO,SECCO PAP,UTZ016,45.5852,11.8055,SAN GIORGIO IN BOSCO,SAN GIORGIO IN BOSCO,CAMPOSAMPIERO,1100,26
2025-04-05 14:16:12,OP012QR,VEH004,RFD20241005012,Presente,SECCO,SECCO PAP,UTZ035,45.8087,11.7286,POVE DEL GRAPPA,POVE DEL GRAPPA,BASSANO,1100,26
2025-04-05 15:01:56,OP012QR,VEH004,RFD20241019135,Presente,SECCO,SECCO PAP,UTZ019,45.6501,11.8547,SAN MARTINO DI LUPARI,SAN MARTINO DI LUPARI,CAMPOSAMPIERO,240,26
2025-04-05 15:12:43,IL789MN,VEH003,RFD20241005169,Presente,VERDE E RAMAGLIE,VERDE PAP,UTZ008,45.6471,11.6823,POZZOLEONE,POZZOLEONE,BASSANO,240,26
2025-04-05 16:17:21,IL789MN,VEH003,RFD20241005144,Presente,VERDE E RAMAGLIE,VERDE PAP,UTZ013,45.4201,11.6829,CERVARESE SANTA CROCE,CERVARESE SANTA CROCE,RUBANO,240,26
2025-04-05 17:47:54,IL789MN,VEH003,RFD20241005064,Presente,VERDE E RAMAGLIE,VERDE PAP,UTZ010,45.3061,11.7338,GALZIGNANO TERME,GALZIGNANO TERME,RUBANO,240,26
2025-04-05 17:49:30,OP012QR,VEH004,RFD20250203302,Presente,SECCO,SECCO PAP,UTZ002,45.7423,11.6606,MAROSTICA,MAROSTICA,BASSANO,1100,26
2025-04-05 18:07:44,OP012QR,VEH004,RFD20250203302,Presente,SECCO,SECCO PAP,UTZ002,45.7419,11.6609,MAROSTICA,MAROSTICA,BASSANO,1100,26
2025-04-05 18:54:04,IL789MN,VEH003,RFD20241001301,Non Presente,NA,VERDE PAP,NA,45.5658,11.9399,NA,CAMPOSAMPIERO,CAMPOSAMPIERO,NA,NA
2025-04-06 07:06:58,AB123CD,VEH001,RFD20241006101,Presente,CARTA,CARTA CONT.STRADALI,UTZ012,45.5775,11.9329,CAMPOSAMPIERO,CAMPOSAMPIERO,CAMPOSAMPIERO,1100,26
2025-04-06 08:01:41,AB123CD,VEH001,RFD20241006174,Presente,CARTA,CARTA CONT.STRADALI,UTZ003,45.3067,11.7164,GALZIGNANO TERME,GALZIGNANO TERME,RUBANO,240,26
2025-04-06 09:02:40,AB123CD,VEH001,RFD20241020036,Presente,CARTA,CARTA CONT.STRADALI,UTZ007,45.6522,11.7820,CITTADELLA,CITTADELLA,CAMPOSAMPIERO,1100,26
2025-04-06 09:03:36,AB123CD,VEH001,RFD20241006192,Presente,CARTA,CARTA CONT.STRADALI,UTZ001,45.6512,11.8275,TOMBOLO,TOMBOLO,CAMPOSAMPIERO,1100,26
2025-04-06 09:19:42,AB123CD,VEH001,RFD20241006180,Presente,CARTA,CARTA CONT.STRADALI,UTZ003,45.6361,11.7542,FONTANIVA,FONTANIVA,CAMPOSAMPIERO,240,26
2025-04-06 09:52:50,AB123CD,VEH001,RFD20241006066,Presente,CARTA,CARTA CONT.STRADALI,UTZ011,45.3103,11.7321,GALZIGNANO TERME,GALZIGNANO TERME,RUBANO,1100,26
2025-04-07 06:19:58,IL789MN,VEH003,RFD20241007043,Presente,UMIDO,UMIDO PAP,UTZ001,45.7956,11.7345,POVE DEL GRAPPA,POVE DEL GRAPPA,BASSANO,240,26
2025-04-07 06:21:01,IL789MN,VEH003,RFD20241001301,Non Presente,NA,UMIDO PAP,NA,45.5658,11.9399,NA,CAMPOSAMPIERO,CAMPOSAMPIERO,NA,NA
2025-04-07 07:12:23,AB123CD,VEH001,RFD20241007126,Presente,SECCO,SECCO PAP,UTZ001,45.6475,11.6839,POZZOLEONE,POZZOLEONE,BASSANO,1100,26
2025-04-07 08:22:00,IL789MN,VEH003,RFD20241007142,Presente,UMIDO,UMIDO PAP,UTZ001,45.3360,11.7887,MONTEGROTTO TERME,MONTEGROTTO TERME,RUBANO,770,26
2025-04-07 09:56:37,AB123CD,VEH001,RFD20241007146,Presente,SECCO,SECCO PAP,UTZ018,45.3020,11.7336,GALZIGNANO TERME,GALZIGNANO TERME,RUBANO,240,26
2025-04-07 12:11:09,OP012QR,VEH004,RFD20250203302,Presente,SECCO,SECCO PAP,UTZ002,45.7294,11.6756,MAROSTICA,NOVE,BASSANO,1100,26
2025-04-07 12:23:56,OP012QR,VEH004,RFD20241007090,Presente,SECCO,SECCO PAP,UTZ021,45.7167,11.6078,COLCERESA,COLCERESA,BASSANO,1100,26
2025-04-07 12:42:34,OP012QR,VEH004,RFD20241007190,Presente,SECCO,SECCO PAP,UTZ031,45.4335,11.7794,RUBANO,RUBANO,RUBANO,1100,26
2025-04-07 13:04:36,OP012QR,VEH004,RFD20241007193,Presente,SECCO,SECCO PAP,UTZ005,45.6645,11.8335,GALLIERA VENETA,GALLIERA VENETA,CAMPOSAMPIERO,240,26
2025-04-07 13:48:36,IL789MN,VEH003,RFD20241007233,Non Presente,NA,UMIDO CONT.STRADALI,NA,45.3299,11.8015,NA,MONTEGROTTO TERME,RUBANO,NA,NA
2025-04-07 14:00:17,IL789MN,VEH003,RFD20241007067,Presente,UMIDO,UMIDO CONT.STRADALI,UTZ010,45.3993,11.7456,SACCOLONGO,SACCOLONGO,RUBANO,770,26
2025-04-07 14:10:31,ST345UV,VEH005,RFD20241007039,Presente,VETRO,VETRO PAP,UTZ025,45.5288,11.9681,BORGORICCO,BORGORICCO,CAMPOSAMPIERO,770,26
2025-04-07 14:50:39,IL789MN,VEH003,RFD20241007054,Presente,UMIDO,UMIDO CONT.STRADALI,UTZ013,45.6526,11.8165,TOMBOLO,TOMBOLO,CAMPOSAMPIERO,240,26
2025-04-07 14:58:34,ST345UV,VEH005,RFD20241007076,Presente,VETRO,VETRO PAP,UTZ001,45.7716,11.7305,BASSANO DEL GRAPPA,BASSANO DEL GRAPPA,BASSANO,1100,26
2025-04-07 15:05:59,IL789MN,VEH003,RFD20241007148,Presente,UMIDO,UMIDO CONT.STRADALI,UTZ025,45.7745,11.7214,BASSANO DEL GRAPPA,BASSANO DEL GRAPPA,BASSANO,240,26
2025-04-07 15:43:33,ST345UV,VEH005,RFD20241007081,Presente,VETRO,VETRO PAP,UTZ003,45.7215,11.7650,ROSA',ROSA',BASSANO,1100,26
2025-04-07 17:31:14,OP012QR,VEH004,RFD20241007120,Presente,SECCO,SECCO PAP,UTZ002,45.4333,11.7853,RUBANO,RUBANO,RUBANO,1100,26
2025-04-07 18:35:03,OP012QR,VEH004,RFD20241001301,Non Presente,NA,SECCO PAP,NA,45.5658,11.9399,NA,CAMPOSAMPIERO,CAMPOSAMPIERO,NA,NA
2025-04-07 18:50:19,OP012QR,VEH004,RFD20250203302,Presente,SECCO,SECCO PAP,UTZ002,45.7424,11.7019,MAROSTICA,BASSANO DEL GRAPPA,BASSANO,1100,26
2025-04-08 06:15:41,OP012QR,VEH004,RFD20241001301,Non Presente,NA,SECCO PAP,NA,45.5658,11.9399,NA,CAMPOSAMPIERO,CAMPOSAMPIERO,NA,NA
2025-04-08 06:45:29,AB123CD,VEH001,RFD20241008171,Presente,CARTA,CARTA/CARTONE PAP,UTZ023,45.7281,11.7642,ROSA',ROSA',BASSANO,240,26
2025-04-08 08:42:00,EF456GH,VEH002,RFD20241008026,Presente,VETRO,VETRO PAP,UTZ008,45.7923,11.7305,POVE DEL GRAPPA,POVE DEL GRAPPA,BASSANO,1100,26
2025-04-08 09:12:06,AB123CD,VEH001,RFD20241022136,Presente,CARTA,CARTA/CARTONE PAP,UTZ038,45.7886,11.7571,ROMANO D'EZZELINO,ROMANO D'EZZELINO,BASSANO,240,26
2025-04-08 10:20:56,IL789MN,VEH003,RFD20241008059,Presente,UMIDO,UMIDO PAP,UTZ001,45.4023,11.7944,SELVAZZANO DENTRO,SELVAZZANO DENTRO,RUBANO,240,26
2025-04-08 10:52:07,AB123CD,VEH001,RFD20241008062,Presente,CARTA,CARTA/CARTONE PAP,UTZ002,45.3628,11.6655,ROVOLON,ROVOLON,RUBANO,1100,26
2025-04-08 12:31:16,OP012QR,VEH004,RFD20250325228,Non Presente,NA,SECCO PAP,NA,45.4795,11.8447,NA,LIMENA,RUBANO,NA,NA
2025-04-08 12:56:20,OP012QR,VEH004,RFD20241008077,Presente,SECCO,SECCO PAP,UTZ024,45.3617,11.6635,ROVOLON,ROVOLON,RUBANO,1100,26
2025-04-08 13:14:03,ST345UV,VEH005,RFD20241008023,Presente,PLASTICA E METALLI,PLAST.CONT.STRADALI,UTZ027,45.3021,11.7241,GALZIGNANO TERME,GALZIGNANO TERME,RUBANO,770,26
2025-04-08 13:56:18,OP012QR,VEH004,RFD20241008102,Presente,SECCO,SECCO PAP,UTZ024,45.8899,11.6268,FOZA,FOZA,ASIAGO,1100,26
2025-04-08 13:57:10,IL789MN,VEH003,RFD20241015224,Non Presente,NA,PLASTICA PAP,NA,45.3942,11.7475,NA,SACCOLONGO,RUBANO,NA,NA
2025-04-08 15:00:00,OP012QR,VEH004,00BD00000000000000000004,Presente,NA,SECCO PAP,SAC002,45.5755,11.9363,NA,CAMPOSAMPIERO,CAMPOSAMPIERO,NA,NA
2025-04-08 15:32:57,IL789MN,VEH003,RFD20241008032,Presente,PLASTICA E METALLI,PLASTICA PAP,UTZ026,45.3985,11.7485,SACCOLONGO,SACCOLONGO,RUBANO,770,26
2025-04-08 15:55:45,OP012QR,VEH004,RFD20250203302,Presente,SECCO,SECCO PAP,UTZ002,45.7356,11.6683,MAROSTICA,MAROSTICA,BASSANO,1100,26
2025-04-08 16:03:03,ST345UV,VEH005,RFD20241008187,Presente,PLASTICA E METALLI,PLAST.CONT.STRADALI,UTZ002,45.6583,11.8264,GALLIERA VENETA,GALLIERA VENETA,CAMPOSAMPIERO,770,26
2025-04-08 16:30:06,OP012QR,VEH004,RFD20241008099,Presente,SECCO,SECCO PAP,UTZ015,45.7174,11.7676,ROSA',ROSA',BASSANO,1100,26
2025-04-08 17:21:13,OP012QR,VEH004,RFD20250203302,Presente,SECCO,SECCO PAP,UTZ002,45.7359,11.6938,MAROSTICA,BASSANO DEL GRAPPA,BASSANO,1100,26
2025-04-09 06:17:32,AB123CD,VEH001,RFD20241001301,Non Presente,NA,SECCO PAP,NA,45.5658,11.9399,NA,CAMPOSAMPIERO,CAMPOSAMPIERO,NA,NA
2025-04-09 07:08:02,AB123CD,VEH001,RFD20241009151,Presente,SECCO,SECCO PAP,UTZ026,45.5941,11.9395,LOREGGIA,LOREGGIA,CAMPOSAMPIERO,240,26
2025-04-09 07:41:41,AB123CD,VEH001,RFD20241009128,Presente,SECCO,SECCO PAP,UTZ002,45.4111,11.7371,SACCOLONGO,SACCOLONGO,RUBANO,1100,26
2025-04-09 08:21:10,AB123CD,VEH001,RFD20241009189,Presente,SECCO,SECCO PAP,UTZ002,45.4233,11.7904,RUBANO,RUBANO,RUBANO,1100,26
2025-04-09 09:33:42,AB123CD,VEH001,RFD20241009093,Presente,SECCO,SECCO PAP,UTZ040,45.7099,11.7974,ROSSANO VENETO,ROSSANO VENETO,BASSANO,1100,26
2025-04-09 10:01:01,AB123CD,VEH001,RFD20241009111,Presente,SECCO,SECCO PAP,UTZ042,45.6085,11.6741,SAN PIETRO IN GU,SAN PIETRO IN GU,CAMPOSAMPIERO,240,26
2025-04-09 10:01:46,AB123CD,VEH001,RFD20241009106,Presente,SECCO,SECCO PAP,UTZ004,45.7673,11.7353,BASSANO DEL GRAPPA,BASSANO DEL GRAPPA,BASSANO,240,26
2025-04-09 10:41:45,AB123CD,VEH001,RFD20241009108,Presente,SECCO,SECCO PAP,UTZ003,45.6955,11.7106,TEZZE SUL BRENTA,TEZZE SUL BRENTA,BASSANO,240,26
2025-04-09 11:25:41,EF456GH,VEH002,RFD20241009218,Non Presente,NA,CARTA CONT.STRADALI,NA,45.5588,11.9136,NA,SANTA GIUSTINA IN COLLE,CAMPOSAMPIERO,NA,NA
2025-04-09 13:00:20,OP012QR,VEH004,RFD20250203302,Presente,SECCO,SECCO PAP,UTZ002,45.7316,11.6878,MAROSTICA,NOVE,BASSANO,1100,26
2025-04-09 14:19:45,IL789MN,VEH003,RFD20241009045,Presente,VERDE E RAMAGLIE,VERDE PAP,UTZ030,45.5618,12.0076,MASSANZAGO,MASSANZAGO,CAMPOSAMPIERO,240,26
2025-04-09 14:22:35,ST345UV,VEH005,RFD20241009150,Presente,VETRO,VETRO PAP,UTZ027,45.5793,11.9326,CAMPOSAMPIERO,CAMPOSAMPIERO,CAMPOSAMPIERO,1100,26
2025-04-09 14:30:11,OP012QR,VEH004,RFD20250203302,Presente,SECCO,SECCO PAP,UTZ002,45.7437,11.6587,MAROSTICA,MAROSTICA,BASSANO,1100,26
2025-04-09 15:18:15,IL789MN,VEH003,RFD20241009205,Non Presente,NA,VERDE PAP,NA,45.8677,11.5018,NA,ASIAGO,ASIAGO,NA,NA
2025-04-09 15:38:59,OP012QR,VEH004,RFD20241009140,Presente,SECCO,SECCO PAP,UTZ002,45.9451,11.7209,ENEGO,ENEGO,ASIAGO,1100,26
2025-04-09 16:12:12,OP012QR,VEH004,RFD20241009085,Presente,SECCO,SECCO PAP,UTZ016,45.4842,11.8339,LIMENA,LIMENA,RUBANO,1100,26
2025-04-10 06:16:21,EF456GH,VEH002,RFD20241001301,Non Presente,NA,VETRO PAP,NA,45.5658,11.9399,NA,CAMPOSAMPIERO,CAMPOSAMPIERO,NA,NA
2025-04-10 08:09:19,IL789MN,VEH003,RFD20241010068,Presente,UMIDO,UMIDO PAP,UTZ004,45.4897,11.7451,CAMPODORO,CAMPODORO,RUBANO,240,26
2025-04-10 09:23:59,AB123CD,VEH001,RFD20241010194,Presente,CARTA,CARTA/CARTONE PAP,UTZ017,45.7813,11.7307,BASSANO DEL GRAPPA,BASSANO DEL GRAPPA,BASSANO,240,26
2025-04-10 10:00:41,AB123CD,VEH001,RFD20241010013,Presente,CARTA,CARTA/CARTONE PAP,UTZ009,45.7804,11.7401,BASSANO DEL GRAPPA,BASSANO DEL GRAPPA,BASSANO,1100,26
2025-04-10 13:26:59,OP012QR,VEH004,RFD20250313133,Presente,SECCO,SECCO PAP,UTZ005,45.6412,11.7533,FONTANIVA,FONTANIVA,CAMPOSAMPIERO,1100,26
2025-04-10 13:53:10,IL789MN,VEH003,RFD20241010178,Presente,UMIDO,UMIDO CONT.STRADALI,UTZ004,45.6590,11.8248,GALLIERA VENETA,GALLIERA VENETA,CAMPOSAMPIERO,240,26
2025-04-10 14:05:08,ST345UV,VEH005,RFD20241010022,Presente,PLASTICA E METALLI,PLAST.CONT.STRADALI,UTZ032,45.3666,11.9839,SAONARA,SAONARA,CAMPOSAMPIERO,770,26
2025-04-10 14:41:59,IL789MN,VEH003,RFD20241010109,Presente,UMIDO,UMIDO CONT.STRADALI,UTZ018,45.7766,11.7332,BASSANO DEL GRAPPA,BASSANO DEL GRAPPA,BASSANO,770,26
2025-04-10 14:42:42,OP012QR,VEH004,RFD20250203302,Presente,SECCO,SECCO PAP,UTZ002,45.7331,11.6899,MAROSTICA,NOVE,BASSANO,1100,26
2025-04-10 15:04:56,ST345UV,VEH005,RFD20241010079,Presente,PLASTICA E METALLI,PLAST.CONT.STRADALI,UTZ004,45.8872,11.6250,FOZA,FOZA,ASIAGO,770,26
2025-04-10 15:17:15,ST345UV,VEH005,RFD20241010154,Presente,PLASTICA E METALLI,PLAST.CONT.STRADALI,UTZ005,45.8641,11.5161,ASIAGO,ASIAGO,ASIAGO,770,26
2025-04-10 15:38:44,OP012QR,VEH004,RFD20241010119,Presente,SECCO,SECCO PAP,UTZ002,45.5625,11.9075,SANTA GIUSTINA IN COLLE,SANTA GIUSTINA IN COLLE,CAMPOSAMPIERO,1100,26
2025-04-10 16:40:46,OP012QR,VEH004,RFD20241010074,Presente,SECCO,SECCO PAP,UTZ006,45.6265,11.7051,CARMIGNANO DI BRENTA,CARMIGNANO DI BRENTA,CAMPOSAMPIERO,1100,26
2025-04-10 16:56:43,OP012QR,VEH004,RFD20241010069,Presente,SECCO,SECCO PAP,UTZ020,45.7311,11.7588,ROSA',ROSA',BASSANO,240,26
2025-04-10 17:41:38,OP012QR,VEH004,RFD20250203302,Presente,SECCO,SECCO PAP,UTZ002,45.7396,11.6641,MAROSTICA,MAROSTICA,BASSANO,1100,26
2025-04-11 06:09:13,AB123CD,VEH001,RFD20241001301,Non Presente,NA,SECCO PAP,NA,45.5658,11.9400,NA,CAMPOSAMPIERO,CAMPOSAMPIERO,NA,NA
2025-04-11 07:10:25,AB123CD,VEH001,RFD20241011132,Presente,SECCO,SECCO PAP,UTZ001,45.5771,11.9309,CAMPOSAMPIERO,CAMPOSAMPIERO,CAMPOSAMPIERO,1100,26
2025-04-11 08:42:59,EF456GH,VEH002,RFD20241011223,Non Presente,NA,CARTA CONT.STRADALI,NA,45.9024,11.6324,NA,FOZA,ASIAGO,NA,NA
2025-04-11 09:23:58,AB123CD,VEH001,RFD20241011139,Presente,SECCO,SECCO PAP,UTZ002,45.6198,11.6596,SAN PIETRO IN GU,SAN PIETRO IN GU,CAMPOSAMPIERO,1100,26
2025-04-11 09:31:27,AB123CD,VEH001,RFD20241011176,Presente,SECCO,SECCO PAP,UTZ008,45.4676,11.8513,LIMENA,LIMENA,RUBANO,1100,26
2025-04-11 09:38:43,AB123CD,VEH001,RFD20241109214,Non Presente,NA,SECCO PAP,NA,45.6045,11.7307,NA,GRANTORTO,CAMPOSAMPIERO,NA,NA
2025-04-11 11:23:32,AB123CD,VEH001,RFD20241025196,Presente,SECCO,SECCO PAP,UTZ029,45.8642,11.5203,ASIAGO,ASIAGO,ASIAGO,1100,26
2025-04-11 12:55:28,OP012QR,VEH004,RFD20250203302,Presente,SECCO,SECCO PAP,UTZ002,45.7348,11.6922,MAROSTICA,BASSANO DEL GRAPPA,BASSANO,1100,26
2025-04-11 13:39:50,ST345UV,VEH005,RFD20241025087,Presente,VETRO,VETRO PAP,UTZ021,45.4923,11.8968,CAMPODARSEGO,CAMPODARSEGO,CAMPOSAMPIERO,1100,13
2025-04-11 14:04:48,OP012QR,VEH004,RFD20241011121,Presente,SECCO,SECCO PAP,UTZ015,45.4085,11.7484,SACCOLONGO,SACCOLONGO,RUBANO,1100,26
2025-04-11 14:38:25,ST345UV,VEH005,RFD20241011182,Presente,VETRO,VETRO PAP,UTZ047,45.5859,11.7046,GAZZO,GAZZO,CAMPOSAMPIERO,1100,26
2025-04-11 14:43:03,IL789MN,VEH003,RFD20241001209,Non Presente,NA,PLASTICA PAP,NA,45.6483,11.8299,NA,TOMBOLO,CAMPOSAMPIERO,NA,NA
2025-04-11 14:45:17,ST345UV,VEH005,RFD20241025060,Presente,VETRO,VETRO PAP,UTZ003,45.3335,11.7956,MONTEGROTTO TERME,MONTEGROTTO TERME,RUBANO,1100,13
2025-04-11 15:26:18,OP012QR,VEH004,RFD20241011124,Presente,SECCO,SECCO PAP,UTZ001,45.6425,11.8514,SAN MARTINO DI LUPARI,SAN MARTINO DI LUPARI,CAMPOSAMPIERO,240,26
2025-04-11 15:50:39,ST345UV,VEH005,RFD20241011125,Presente,VETRO,VETRO PAP,UTZ014,45.5744,11.9219,CAMPOSAMPIERO,CAMPOSAMPIERO,CAMPOSAMPIERO,1100,26
2025-04-11 16:33:50,IL789MN,VEH003,RFD20241011019,Presente,PLASTICA E METALLI,PLASTICA PAP,UTZ001,45.6001,12.0031,PIOMBINO DESE,PIOMBINO DESE,CAMPOSAMPIERO,770,26
2025-04-11 16:42:07,IL789MN,VEH003,RFD20241025075,Presente,PLASTICA E METALLI,PLASTICA PAP,UTZ001,45.7966,11.7437,ROMANO D'EZZELINO,ROMANO D'EZZELINO,BASSANO,770,26
2025-04-11 18:03:22,OP012QR,VEH004,RFD20250203302,Presente,SECCO,SECCO PAP,UTZ002,45.7267,11.6788,MAROSTICA,NOVE,BASSANO,1100,26
2025-04-11 18:30:05,EF456GH,VEH002,RFD20241001301,Non Presente,NA,CARTA CONT.STRADALI,NA,45.5659,11.9400,NA,CAMPOSAMPIERO,CAMPOSAMPIERO,NA,NA
2025-04-12 06:02:10,OP012QR,VEH004,RFD20241001301,Non Presente,NA,SECCO PAP,NA,45.5658,11.9399,NA,CAMPOSAMPIERO,CAMPOSAMPIERO,NA,NA
2025-04-12 08:23:06,IL789MN,VEH003,RFD20250215084,Presente,UMIDO,UMIDO PAP,UTZ022,45.6086,11.7352,GRANTORTO,GRANTORTO,CAMPOSAMPIERO,240,26
2025-04-12 08:51:05,AB123CD,VEH001,RFD20241012116,Presente,CARTA,CARTA/CARTONE PAP,UTZ009,45.3959,11.7909,SELVAZZANO DENTRO,SELVAZZANO DENTRO,RUBANO,240,26
2025-04-12 12:15:31,OP012QR,VEH004,RFD20241012082,Presente,SECCO,SECCO PAP,UTZ001,45.6591,11.8291,GALLIERA VENETA,GALLIERA VENETA,CAMPOSAMPIERO,240,26
2025-04-12 13:44:30,OP012QR,VEH004,RFD20250203302,Presente,SECCO,SECCO PAP,UTZ002,45.7408,11.6999,MAROSTICA,BASSANO DEL GRAPPA,BASSANO,1100,26
2025-04-12 13:58:15,OP012QR,VEH004,RFD20250203302,Presente,SECCO,SECCO PAP,UTZ002,45.7351,11.6928,MAROSTICA,BASSANO DEL GRAPPA,BASSANO,1100,26
2025-04-12 14:14:58,IL789MN,VEH003,RFD20241012047,Presente,VERDE E RAMAGLIE,VERDE PAP,UTZ028,45.7548,11.7433,BASSANO DEL GRAPPA,BASSANO DEL GRAPPA,BASSANO,240,26
2025-04-12 15:14:30,IL789MN,VEH003,RFD20241008231,Non Presente,NA,VERDE PAP,NA,45.6865,11.7001,NA,TEZZE SUL BRENTA,BASSANO,NA,NA
2025-04-12 15:36:22,IL789MN,VEH003,RFD20241012089,Presente,VERDE E RAMAGLIE,VERDE PAP,UTZ017,45.7290,11.6735,NOVE,NOVE,BASSANO,240,26
2025-04-12 16:09:47,IL789MN,VEH003,RFD20241012052,Presente,VERDE E RAMAGLIE,VERDE PAP,UTZ002,45.6997,11.6387,SCHIAVON,SCHIAVON,BASSANO,1100,26
2025-04-13 07:34:03,AB123CD,VEH001,RFD20241013046,Presente,CARTA,CARTA CONT.STRADALI,UTZ035,45.3084,11.7300,GALZIGNANO TERME,GALZIGNANO TERME,RUBANO,240,26
2025-04-13 07:54:52,AB123CD,VEH001,RFD20241013129,Presente,CARTA,CARTA CONT.STRADALI,UTZ031,45.6329,11.7060,CARMIGNANO DI BRENTA,CARMIGNANO DI BRENTA,CAMPOSAMPIERO,240,26
2025-04-13 08:12:54,AB123CD,VEH001,RFD20241013030,Presente,CARTA,CARTA CONT.STRADALI,UTZ001,45.6914,11.7997,ROSSANO VENETO,ROSSANO VENETO,BASSANO,1100,26
2025-04-13 08:27:11,AB123CD,VEH001,RFD20241013130,Presente,CARTA,CARTA CONT.STRADALI,UTZ004,45.4268,11.6848,CERVARESE SANTA CROCE,CERVARESE SANTA CROCE,RUBANO,240,26
2025-04-13 09:23:08,AB123CD,VEH001,RFD20241013172,Presente,CARTA,CARTA CONT.STRADALI,UTZ001,45.3299,11.7372,TORREGLIA,TORREGLIA,RUBANO,240,26
2025-04-14 06:09:19,OP012QR,VEH004,RFD20241001301,Non Presente,NA,SECCO PAP,NA,45.5658,11.9399,NA,CAMPOSAMPIERO,CAMPOSAMPIERO,NA,NA
2025-04-14 06:33:31,IL789MN,VEH003,RFD20241008208,Non Presente,NA,UMIDO PAP,NA,45.8666,11.5123,NA,ASIAGO,ASIAGO,NA,NA
2025-04-14 08:54:37,EF456GH,VEH002,RFD20250331008,Presente,CARTA,CARTA CONT.STRADALI,UTZ001,45.5242,11.8286,CURTAROLO,CURTAROLO,CAMPOSAMPIERO,240,26
2025-04-14 09:06:12,EF456GH,VEH002,RFD20241014011,Presente,CARTA,CARTA CONT.STRADALI,UTZ034,45.6445,11.8629,SAN MARTINO DI LUPARI,SAN MARTINO DI LUPARI,CAMPOSAMPIERO,1100,26
2025-04-14 09:12:15,AB123CD,VEH001,RFD20241014117,Presente,SECCO,SECCO PAP,UTZ001,45.6418,11.7837,CITTADELLA,CITTADELLA,CAMPOSAMPIERO,1100,26
2025-04-14 10:07:56,EF456GH,VEH002,RFD20241014191,Presente,CARTA,CARTA CONT.STRADALI,UTZ005,45.3678,11.6629,ROVOLON,ROVOLON,RUBANO,1100,26
2025-04-14 13:21:50,OP012QR,VEH004,RFD20241014024,Presente,SECCO,SECCO PAP,UTZ040,45.5360,11.9673,BORGORICCO,BORGORICCO,CAMPOSAMPIERO,1100,26
2025-04-14 13:26:57,IL789MN,VEH003,RFD20241014226,Non Presente,NA,UMIDO CONT.STRADALI,NA,45.4290,11.7856,NA,RUBANO,RUBANO,NA,NA
2025-04-14 14:27:35,OP012QR,VEH004,RFD20241014033,Presente,SECCO,SECCO PAP,UTZ006,45.8594,11.4001,ROTZO,ROTZO,ASIAGO,1100,26
2025-04-14 15:16:36,IL789MN,VEH003,RFD20241028145,Presente,UMIDO,UMIDO CONT.STRADALI,UTZ006,45.4285,11.7852,RUBANO,RUBANO,RUBANO,240,26
2025-04-14 16:26:36,OP012QR,VEH004,RFD20250203302,Presente,SECCO,SECCO PAP,UTZ002,45.7395,11.6638,MAROSTICA,MAROSTICA,BASSANO,1100,26
2025-04-14 18:56:01,OP012QR,VEH004,RFD20250203302,Presente,SECCO,SECCO PAP,UTZ002,45.7377,11.6659,MAROSTICA,MAROSTICA,BASSANO,1100,26
2025-04-15 08:29:15,AB123CD,VEH001,RFD20241001103,Presente,CARTA,CARTA/CARTONE PAP,UTZ013,45.5661,11.9182,CAMPOSAMPIERO,CAMPOSAMPIERO,CAMPOSAMPIERO,240,26
2025-04-15 09:23:35,IL789MN,VEH003,RFD20241001072,Presente,UMIDO,UMIDO PAP,UTZ003,45.8085,11.5991,LUSIANA CONCO,LUSIANA CONCO,ASIAGO,240,26
2025-04-15 09:39:05,IL789MN,VEH003,RFD20241001152,Presente,UMIDO,UMIDO PAP,UTZ037,45.4372,11.9253,CADONEGHE,CADONEGHE,CAMPOSAMPIERO,240,26
2025-04-15 13:52:54,OP012QR,VEH004,RFD20250203302,Presente,SECCO,SECCO PAP,UTZ002,45.7300,11.6858,MAROSTICA,NOVE,BASSANO,1100,26
2025-04-15 14:10:23,IL789MN,VEH003,RFD20241001158,Presente,PLASTICA E METALLI,PLASTICA PAP,UTZ034,45.6545,11.8573,SAN MARTINO DI LUPARI,SAN MARTINO DI LUPARI,CAMPOSAMPIERO,770,26
2025-04-15 14:25:04,ST345UV,VEH005,RFD20241001114,Presente,PLASTICA E METALLI,PLAST.CONT.STRADALI,UTZ005,45.8611,11.5204,ASIAGO,ASIAGO,ASIAGO,770,26
2025-04-15 14:28:32,OP012QR,VEH004,RFD20241001181,Presente,SECCO,SECCO PAP,UTZ008,45.6545,11.6828,POZZOLEONE,POZZOLEONE,BASSANO,1100,26
2025-04-15 14:34:11,OP012QR,VEH004,RFD20250203302,Presente,SECCO,SECCO PAP,UTZ002,45.7332,11.6902,MAROSTICA,NOVE,BASSANO,1100,26
2025-04-15 15:19:22,OP012QR,VEH004,RFD20241001058,Presente,SECCO,SECCO PAP,UTZ035,45.3439,11.6638,TEOLO,TEOLO,RUBANO,1100,26
2025-04-15 15:32:54,OP012QR,VEH004,RFD20241015048,Presente,SECCO,SECCO PAP,UTZ030,45.4296,11.7920,RUBANO,RUBANO,RUBANO,1100,26
2025-04-15 17:29:19,ST345UV,VEH005,RFD20241001209,Non Presente,NA,PLAST.CONT.STRADALI,NA,45.6482,11.8298,NA,TOMBOLO,CAMPOSAMPIERO,NA,NA
2025-04-15 18:36:15,OP012QR,VEH004,RFD20241001301,Non Presente,NA,SECCO PAP,NA,45.5658,11.9399,NA,CAMPOSAMPIERO,CAMPOSAMPIERO,NA,NA
2025-04-16 06:02:50,AB123CD,VEH001,RFD20241001301,Non Presente,NA,SECCO PAP,NA,45.5658,11.9399,NA,CAMPOSAMPIERO,CAMPOSAMPIERO,NA,NA
2025-04-16 06:05:01,EF456GH,VEH002,RFD20241001301,Non Presente,NA,CARTA CONT.STRADALI,NA,45.5658,11.9399,NA,CAMPOSAMPIERO,CAMPOSAMPIERO,NA,NA
2025-04-16 06:53:46,AB123CD,VEH001,RFD20241002049,Presente,SECCO,SECCO PAP,UTZ003,45.3396,11.7380,TORREGLIA,TORREGLIA,RUBANO,1100,26
2025-04-16 07:57:59,EF456GH,VEH002,RFD20241002071,Presente,CARTA,CARTA CONT.STRADALI,UTZ033,45.4325,11.7848,RUBANO,RUBANO,RUBANO,1100,26
2025-04-16 09:05:32,AB123CD,VEH001,RFD20241002105,Presente,SECCO,SECCO PAP,UTZ002,45.7146,11.7669,ROSA',ROSA',BASSANO,240,26
2025-04-16 09:47:55,EF456GH,VEH002,RFD20241002073,Presente,CARTA,CARTA CONT.STRADALI,UTZ050,45.4022,11.7537,SACCOLONGO,SACCOLONGO,RUBANO,1100,26
2025-04-16 09:52:19,AB123CD,VEH001,RFD20250205056,Presente,SECCO,SECCO PAP,UTZ001,45.5196,11.8283,CURTAROLO,CURTAROLO,CAMPOSAMPIERO,240,26
2025-04-16 11:40:36,AB123CD,VEH001,RFD20241002088,Presente,SECCO,SECCO PAP,UTZ005,45.7999,11.6069,LUSIANA CONCO,LUSIANA CONCO,ASIAGO,1100,26
2025-04-16 13:06:08,OP012QR,VEH004,RFD20250203302,Presente,SECCO,SECCO PAP,UTZ002,45.7312,11.6873,MAROSTICA,NOVE,BASSANO,1100,26
2025-04-16 13:29:37,OP012QR,VEH004,RFD20241002203,Non Presente,NA,SECCO PAP,NA,45.3695,11.6595,NA,ROVOLON,RUBANO,NA,NA
2025-04-16 13:33:43,OP012QR,VEH004,RFD20241002078,Presente,SECCO,SECCO PAP,UTZ009,45.8878,11.5490,GALLIO,GALLIO,ASIAGO,1100,26
2025-04-16 14:00:10,ST345UV,VEH005,RFD20241030153,Presente,VETRO,VETRO PAP,UTZ005,45.7238,11.6763,NOVE,NOVE,BASSANO,1100,26
2025-04-16 14:15:53,OP012QR,VEH004,RFD20241002094,Presente,SECCO,SECCO PAP,UTZ005,45.5787,11.9238,CAMPOSAMPIERO,CAMPOSAMPIERO,CAMPOSAMPIERO,240,26
2025-04-16 14:20:03,IL789MN,VEH003,RFD20241002217,Non Presente,NA,VERDE PAP,NA,45.6306,11.6935,NA,CARMIGNANO DI BRENTA,CAMPOSAMPIERO,NA,NA
2025-04-16 14:43:40,OP012QR,VEH004,RFD20241030037,Presente,SECCO,SECCO PAP,UTZ014,45.8814,11.5385,GALLIO,GALLIO,ASIAGO,1100,26
2025-04-16 14:59:56,OP012QR,VEH004,RFD20241002184,Presente,SECCO,SECCO PAP,UTZ002,45.7698,11.7359,BASSANO DEL GRAPPA,BASSANO DEL GRAPPA,BASSANO,1100,26
2025-04-16 15:50:58,IL789MN,VEH003,RFD20241002015,Presente,VERDE E RAMAGLIE,VERDE PAP,UTZ030,45.6656,11.8191,GALLIERA VENETA,GALLIERA VENETA,CAMPOSAMPIERO,1100,26
2025-04-16 16:21:06,ST345UV,VEH005,RFD20241002053,Presente,VETRO,VETRO PAP,UTZ022,45.7623,11.7437,BASSANO DEL GRAPPA,BASSANO DEL GRAPPA,BASSANO,1100,26
2025-04-16 17:00:14,IL789MN,VEH003,RFD20241002198,Presente,VERDE E RAMAGLIE,VERDE PAP,UTZ001,45.8719,11.5266,ASIAGO,ASIAGO,ASIAGO,240,26
2025-04-16 17:05:15,OP012QR,VEH004,RFD20241014226,Non Presente,NA,SECCO PAP,NA,45.4291,11.7857,NA,RUBANO,RUBANO,NA,NA
2025-04-16 17:34:25,IL789MN,VEH003,RFD20241030027,Presente,VERDE E RAMAGLIE,VERDE PAP,UTZ024,45.3838,11.9773,SAONARA,SAONARA,CAMPOSAMPIERO,240,26
2025-04-16 18:04:17,OP012QR,VEH004,RFD20250203302,Presente,SECCO,SECCO PAP,UTZ002,45.7362,11.6679,MAROSTICA,MAROSTICA,BASSANO,1100,26
2025-04-17 06:06:49,ST345UV,VEH005,RFD20241001301,Non Presente,NA,PULIZIA TERRIT.,NA,45.5658,11.9399,NA,CAMPOSAMPIERO,CAMPOSAMPIERO,NA,NA
2025-04-17 06:40:37,AB123CD,VEH001,RFD20241017188,Presente,CARTA,CARTA/CARTONE PAP,UTZ015,45.5635,12.0209,MASSANZAGO,MASSANZAGO,CAMPOSAMPIERO,240,26
2025-04-17 07:55:01,AB123CD,VEH001,RFD20241003141,Presente,CARTA,CARTA/CARTONE PAP,UTZ008,45.5760,11.7106,GAZZO,GAZZO,CAMPOSAMPIERO,1100,26
2025-04-17 08:31:22,AB123CD,VEH001,RFD20241031097,Presente,CARTA,CARTA/CARTONE PAP,UTZ011,45.6008,11.8146,SAN GIORGIO IN BOSCO,SAN GIORGIO IN BOSCO,CAMPOSAMPIERO,1100,26
2025-04-17 09:00:34,AB123CD,VEH001,RFD20241003096,Presente,CARTA,CARTA/CARTONE PAP,UTZ017,45.5711,11.9268,CAMPOSAMPIERO,CAMPOSAMPIERO,CAMPOSAMPIERO,1100,26
2025-04-17 10:22:22,EF456GH,VEH002,RFD20250123212,Non Presente,NA,VETRO PAP,NA,45.4272,11.7902,NA,RUBANO,RUBANO,NA,NA
2025-04-17 10:34:08,EF456GH,VEH002,RFD20241003157,Presente,VETRO,VETRO PAP,UTZ013,45.4906,11.7439,CAMPODORO,CAMPODORO,RUBANO,1100,26
2025-04-17 12:22:03,EF456GH,VEH002,RFD20241003230,Non Presente,NA,VETRO PAP,NA,45.6962,11.6362,NA,SCHIAVON,BASSANO,NA,NA
2025-04-17 13:26:53,IL789MN,VEH003,RFD20241003127,Presente,UMIDO,UMIDO CONT.STRADALI,UTZ001,45.7727,11.7289,BASSANO DEL GRAPPA,BASSANO DEL GRAPPA,BASSANO,240,26
2025-04-17 13:32:03,OP012QR,VEH004,RFD20250203302,Presente,SECCO,SECCO PAP,UTZ002,45.7322,11.6723,MAROSTICA,MAROSTICA,BASSANO,1100,26
2025-04-17 13:55:01,ST345UV,VEH005,RFD20241003138,Presente,PLASTICA E METALLI,PLAST.CONT.STRADALI,UTZ005,45.6086,11.6728,SAN PIETRO IN GU,SAN PIETRO IN GU,CAMPOSAMPIERO,770,26
2025-04-17 14:26:45,OP012QR,VEH004,RFD20241003061,Presente,SECCO,SECCO PAP,UTZ002,45.5342,11.9613,BORGORICCO,BORGORICCO,CAMPOSAMPIERO,1100,26
2025-04-17 16:41:08,OP012QR,VEH004,RFD20241003164,Presente,SECCO,SECCO PAP,UTZ003,45.7795,11.7296,BASSANO DEL GRAPPA,BASSANO DEL GRAPPA,BASSANO,240,26
2025-04-17 16:52:37,IL789MN,VEH003,RFD20241003303,Presente,UMIDO,UMIDO CONT.STRADALI,UTZ002,45.7769,11.8070,MUSSOLENTE,MUSSOLENTE,BASSANO,240,26
2025-04-17 17:40:32,OP012QR,VEH004,RFD20250203302,Presente,SECCO,SECCO PAP,UTZ002,45.7385,11.6648,MAROSTICA,MAROSTICA,BASSANO,1100,26
2025-04-17 18:31:14,ST345UV,VEH005,RFD20241001301,Non Presente,NA,PLAST.CONT.STRADALI,NA,45.5658,11.9399,NA,CAMPOSAMPIERO,CAMPOSAMPIERO,NA,NA
2025-04-18 06:06:08,OP012QR,VEH004,RFD20241001301,Non Presente,NA,SECCO PAP,NA,45.5658,11.9400,NA,CAMPOSAMPIERO,CAMPOSAMPIERO,NA,NA
2025-04-18 08:20:47,AB123CD,VEH001,RFD20241004003,Presente,SECCO,SECCO PAP,UTZ008,45.4365,11.7856,RUBANO,RUBANO,RUBANO,240,26
2025-04-18 08:40:10,EF456GH,VEH002,RFD20241004123,Presente,CARTA,CARTA CONT.STRADALI,UTZ032,45.6488,11.7781,CITTADELLA,CITTADELLA,CAMPOSAMPIERO,240,26
2025-04-18 09:14:27,EF456GH,VEH002,RFD20250221038,Presente,CARTA,CARTA CONT.STRADALI,UTZ005,45.6902,11.6328,SCHIAVON,SCHIAVON,BASSANO,240,26
2025-04-18 09:41:33,EF456GH,VEH002,RFD20241018161,Presente,CARTA,CARTA CONT.STRADALI,UTZ034,45.5713,11.9294,CAMPOSAMPIERO,CAMPOSAMPIERO,CAMPOSAMPIERO,1100,26
2025-04-18 10:06:34,EF456GH,VEH002,RFD20241004159,Presente,CARTA,CARTA CONT.STRADALI,UTZ004,45.4414,11.7881,RUBANO,RUBANO,RUBANO,1100,26
2025-04-18 10:28:01,EF456GH,VEH002,RFD20241004028,Presente,CARTA,CARTA CONT.STRADALI,UTZ005,45.8599,11.3939,ROTZO,ROTZO,ASIAGO,240,26
2025-04-18 10:28:50,EF456GH,VEH002,RFD20241004197,Presente,CARTA,CARTA CONT.STRADALI,UTZ018,45.8647,11.5125,ASIAGO,ASIAGO,ASIAGO,240,26
2025-04-18 10:33:45,AB123CD,VEH001,RFD20241004137,Presente,SECCO,SECCO PAP,UTZ012,45.5273,11.9710,BORGORICCO,BORGORICCO,CAMPOSAMPIERO,1100,26
2025-04-18 12:07:30,OP012QR,VEH004,RFD20241101042,Presente,SECCO,SECCO PAP,UTZ001,45.3869,11.7890,SELVAZZANO DENTRO,SELVAZZANO DENTRO,RUBANO,1100,26
2025-04-18 13:20:05,OP012QR,VEH004,RFD20250418055,Presente,SECCO,SECCO PAP,UTZ002,45.8007,11.6140,LUSIANA CONCO,LUSIANA CONCO,ASIAGO,240,26
2025-04-18 14:02:56,OP012QR,VEH004,RFD20241004044,Presente,SECCO,SECCO PAP,UTZ009,45.6807,11.6937,TEZZE SUL BRENTA,TEZZE SUL BRENTA,BASSANO,240,26
2025-04-18 14:23:51,ST345UV,VEH005,RFD20241014226,Non Presente,NA,VETRO PAP,NA,45.4291,11.7856,NA,RUBANO,RUBANO,NA,NA
2025-04-18 14:29:10,IL789MN,VEH003,RFD20241004177,Presente,PLASTICA E METALLI,PLASTICA PAP,UTZ048,45.7668,11.7334,BASSANO DEL GRAPPA,BASSANO DEL GRAPPA,BASSANO,770,26
2025-04-18 15:13:02,OP012QR,VEH004,RFD20250203302,Presente,SECCO,SECCO PAP,UTZ002,45.7364,11.6939,MAROSTICA,BASSANO DEL GRAPPA,BASSANO,1100,26
2025-04-18 15:23:31,OP012QR,VEH004,RFD20241018010,Presente,SECCO,SECCO PAP,UTZ001,45.3634,11.9846,SAONARA,SAONARA,CAMPOSAMPIERO,1100,26
2025-04-18 15:42:46,OP012QR,VEH004,RFD20250203302,Presente,SECCO,SECCO PAP,UTZ002,45.7332,11.6712,MAROSTICA,MAROSTICA,BASSANO,1100,26
2025-04-18 16:27:47,ST345UV,VEH005,RFD20241004115,Presente,VETRO,VETRO PAP,UTZ001,45.4292,11.7848,RUBANO,RUBANO,RUBANO,1100,26
2025-04-18 17:01:56,ST345UV,VEH005,RFD20241004185,Presente,VETRO,VETRO PAP,UTZ043,45.4032,11.7498,SACCOLONGO,SACCOLONGO,RUBANO,1100,26
2025-04-19 06:13:07,EF456GH,VEH002,RFD20241001301,Non Presente,NA,VETRO PAP,NA,45.5658,11.9399,NA,CAMPOSAMPIERO,CAMPOSAMPIERO,NA,NA
2025-04-19 12:41:30,OP012QR,VEH004,RFD20241005091,Presente,SECCO,SECCO PAP,UTZ016,45.5851,11.8054,SAN GIORGIO IN BOSCO,SAN GIORGIO IN BOSCO,CAMPOSAMPIERO,1100,26
2025-04-19 13:48:23,OP012QR,VEH004,RFD20250203302,Presente,SECCO,SECCO PAP,UTZ002,45.7338,11.6909,MAROSTICA,BASSANO DEL GRAPPA,BASSANO,1100,26
2025-04-19 14:03:29,OP012QR,VEH004,RFD20241005012,Presente,SECCO,SECCO PAP,UTZ035,45.8086,11.7284,POVE DEL GRAPPA,POVE DEL GRAPPA,BASSANO,1100,26
2025-04-19 15:06:19,IL789MN,VEH003,RFD20241005169,Presente,VERDE E RAMAGLIE,VERDE PAP,UTZ008,45.6473,11.6824,POZZOLEONE,POZZOLEONE,BASSANO,240,26
2025-04-19 15:24:49,OP012QR,VEH004,RFD20241019135,Presente,SECCO,SECCO PAP,UTZ019,45.6500,11.8545,SAN MARTINO DI LUPARI,SAN MARTINO DI LUPARI,CAMPOSAMPIERO,240,26
2025-04-19 15:54:25,OP012QR,VEH004,RFD20250203302,Presente,SECCO,SECCO PAP,UTZ002,45.7347,11.6920,MAROSTICA,BASSANO DEL GRAPPA,BASSANO,1100,26
2025-04-19 16:08:21,IL789MN,VEH003,RFD20241005144,Presente,VERDE E RAMAGLIE,VERDE PAP,UTZ013,45.4201,11.6828,CERVARESE SANTA CROCE,CERVARESE SANTA CROCE,RUBANO,240,26
2025-04-19 17:27:30,IL789MN,VEH003,RFD20241005064,Presente,VERDE E RAMAGLIE,VERDE PAP,UTZ010,45.3063,11.7339,GALZIGNANO TERME,GALZIGNANO TERME,RUBANO,240,26
2025-04-20 07:17:18,AB123CD,VEH001,RFD20250123212,Non Presente,NA,CARTA CONT.STRADALI,NA,45.4273,11.7901,NA,RUBANO,RUBANO,NA,NA
2025-04-20 07:29:32,AB123CD,VEH001,RFD20241006101,Presente,CARTA,CARTA CONT.STRADALI,UTZ012,45.5775,11.9330,CAMPOSAMPIERO,CAMPOSAMPIERO,CAMPOSAMPIERO,1100,26
2025-04-20 07:33:50,AB123CD,VEH001,RFD20241006147,Presente,CARTA,CARTA CONT.STRADALI,UTZ003,45.3316,11.7374,TORREGLIA,TORREGLIA,RUBANO,240,26
2025-04-20 08:04:23,AB123CD,VEH001,RFD20241006174,Presente,CARTA,CARTA CONT.STRADALI,UTZ003,45.3070,11.7163,GALZIGNANO TERME,GALZIGNANO TERME,RUBANO,240,26
2025-04-20 08:40:56,AB123CD,VEH001,RFD20241020036,Presente,CARTA,CARTA CONT.STRADALI,UTZ007,45.6520,11.7818,CITTADELLA,CITTADELLA,CAMPOSAMPIERO,1100,26
2025-04-20 08:44:59,AB123CD,VEH001,RFD20241006066,Presente,CARTA,CARTA CONT.STRADALI,UTZ011,45.3105,11.7321,GALZIGNANO TERME,GALZIGNANO TERME,RUBANO,1100,26
2025-04-20 08:49:15,AB123CD,VEH001,RFD20241006168,Presente,CARTA,CARTA CONT.STRADALI,UTZ003,45.5473,12.0105,MASSANZAGO,MASSANZAGO,CAMPOSAMPIERO,1100,26
2025-04-20 09:18:15,AB123CD,VEH001,RFD20241006180,Presente,CARTA,CARTA CONT.STRADALI,UTZ003,45.6361,11.7542,FONTANIVA,FONTANIVA,CAMPOSAMPIERO,240,26
2025-04-20 10:51:12,AB123CD,VEH001,RFD20241006095,Presente,CARTA,CARTA CONT.STRADALI,UTZ034,45.4855,11.7454,CAMPODORO,CAMPODORO,RUBANO,1100,26
2025-04-20 11:03:55,AB123CD,VEH001,RFD20241006134,Presente,CARTA,CARTA CONT.STRADALI,UTZ001,45.5030,11.9009,CAMPODARSEGO,CAMPODARSEGO,CAMPOSAMPIERO,240,26
2025-04-21 06:31:31,IL789MN,VEH003,RFD20241007043,Presente,UMIDO,UMIDO PAP,UTZ001,45.7955,11.7347,POVE DEL GRAPPA,POVE DEL GRAPPA,BASSANO,240,26
2025-04-21 07:18:28,AB123CD,VEH001,RFD20241007126,Presente,SECCO,SECCO PAP,UTZ001,45.6477,11.6837,POZZOLEONE,POZZOLEONE,BASSANO,1100,26
2025-04-21 08:01:56,AB123CD,VEH001,RFD20241007113,Presente,SECCO,SECCO PAP,UTZ022,45.4249,11.7899,RUBANO,RUBANO,RUBANO,1100,26
2025-04-21 08:25:33,IL789MN,VEH003,RFD20241007142,Presente,UMIDO,UMIDO PAP,UTZ001,45.3361,11.7887,MONTEGROTTO TERME,MONTEGROTTO TERME,RUBANO,770,26
2025-04-21 08:33:24,AB123CD,VEH001,RFD20250207211,Non Presente,NA,SECCO PAP,NA,45.7172,11.6852,NA,NOVE,BASSANO,NA,NA
2025-04-21 09:27:30,AB123CD,VEH001,RFD20241007146,Presente,SECCO,SECCO PAP,UTZ018,45.3017,11.7337,GALZIGNANO TERME,GALZIGNANO TERME,RUBANO,240,26
2025-04-21 12:19:24,OP012QR,VEH004,RFD20241007090,Presente,SECCO,SECCO PAP,UTZ021,45.7167,11.6077,COLCERESA,COLCERESA,BASSANO,1100,26
2025-04-21 12:47:19,OP012QR,VEH004,RFD20241007190,Presente,SECCO,SECCO PAP,UTZ031,45.4335,11.7794,RUBANO,RUBANO,RUBANO,1100,26
2025-04-21 13:00:41,OP012QR,VEH004,RFD20241007193,Presente,SECCO,SECCO PAP,UTZ005,45.6646,11.8335,GALLIERA VENETA,GALLIERA VENETA,CAMPOSAMPIERO,240,26
2025-04-21 13:29:12,OP012QR,VEH004,RFD20250421112,Presente,SECCO,SECCO PAP,UTZ044,45.7203,11.6027,COLCERESA,COLCERESA,BASSANO,1100,26
2025-04-21 13:29:43,ST345UV,VEH005,RFD20241007039,Presente,VETRO,VETRO PAP,UTZ025,45.5286,11.9682,BORGORICCO,BORGORICCO,CAMPOSAMPIERO,770,26
2025-04-21 13:35:47,IL789MN,VEH003,RFD20241007067,Presente,UMIDO,UMIDO CONT.STRADALI,UTZ010,45.3996,11.7456,SACCOLONGO,SACCOLONGO,RUBANO,770,26
2025-04-21 15:01:12,IL789MN,VEH003,RFD20241007054,Presente,UMIDO,UMIDO CONT.STRADALI,UTZ013,45.6527,11.8166,TOMBOLO,TOMBOLO,CAMPOSAMPIERO,240,26
2025-04-21 15:10:27,ST345UV,VEH005,RFD20241007076,Presente,VETRO,VETRO PAP,UTZ001,45.7716,11.7306,BASSANO DEL GRAPPA,BASSANO DEL GRAPPA,BASSANO,1100,26
2025-04-21 15:26:33,ST345UV,VEH005,RFD20241007081,Presente,VETRO,VETRO PAP,UTZ003,45.7213,11.7650,ROSA',ROSA',BASSANO,1100,26
2025-04-21 15:29:26,IL789MN,VEH003,RFD20241007148,Presente,UMIDO,UMIDO CONT.STRADALI,UTZ025,45.7743,11.7212,BASSANO DEL GRAPPA,BASSANO DEL GRAPPA,BASSANO,240,26
2025-04-21 15:53:34,OP012QR,VEH004,RFD20250203302,Presente,SECCO,SECCO PAP,UTZ002,45.7343,11.6695,MAROSTICA,MAROSTICA,BASSANO,1100,26
2025-04-21 16:43:57,OP012QR,VEH004,RFD20241007120,Presente,SECCO,SECCO PAP,UTZ002,45.4333,11.7851,RUBANO,RUBANO,RUBANO,1100,26
2025-04-21 18:34:44,OP012QR,VEH004,RFD20250203302,Presente,SECCO,SECCO PAP,UTZ002,45.7414,11.6616,MAROSTICA,MAROSTICA,BASSANO,1100,26
2025-04-21 18:54:21,AB123CD,VEH001,RFD20241001301,Non Presente,NA,SECCO PAP,NA,45.5658,11.9399,NA,CAMPOSAMPIERO,CAMPOSAMPIERO,NA,NA
2025-04-22 06:03:51,ST345UV,VEH005,RFD20241001301,Non Presente,NA,PULIZIA TERRIT.,NA,45.5658,11.9400,NA,CAMPOSAMPIERO,CAMPOSAMPIERO,NA,NA
2025-04-22 06:10:47,AB123CD,VEH001,RFD20241008171,Presente,CARTA,CARTA/CARTONE PAP,UTZ023,45.7280,11.7642,ROSA',ROSA',BASSANO,240,26
2025-04-22 08:53:57,EF456GH,VEH002,RFD20241008026,Presente,VETRO,VETRO PAP,UTZ008,45.7923,11.7305,POVE DEL GRAPPA,POVE DEL GRAPPA,BASSANO,1100,26
2025-04-22 09:12:27,AB123CD,VEH001,RFD20241022136,Presente,CARTA,CARTA/CARTONE PAP,UTZ038,45.7885,11.7571,ROMANO D'EZZELINO,ROMANO D'EZZELINO,BASSANO,240,26
2025-04-22 10:43:07,IL789MN,VEH003,RFD20241008059,Presente,UMIDO,UMIDO PAP,UTZ001,45.4022,11.7941,SELVAZZANO DENTRO,SELVAZZANO DENTRO,RUBANO,240,26
2025-04-22 11:00:28,AB123CD,VEH001,RFD20241008062,Presente,CARTA,CARTA/CARTONE PAP,UTZ002,45.3629,11.6652,ROVOLON,ROVOLON,RUBANO,1100,26
2025-04-22 12:51:50,OP012QR,VEH004,RFD20250325228,Non Presente,NA,SECCO PAP,NA,45.4794,11.8449,NA,LIMENA,RUBANO,NA,NA
2025-04-22 13:06:27,ST345UV,VEH005,RFD20241008023,Presente,PLASTICA E METALLI,PLAST.CONT.STRADALI,UTZ027,45.3021,11.7243,GALZIGNANO TERME,GALZIGNANO TERME,RUBANO,770,26
2025-04-22 13:11:49,OP012QR,VEH004,RFD20250203302,Presente,SECCO,SECCO PAP,UTZ002,45.7348,11.6692,MAROSTICA,MAROSTICA,BASSANO,1100,26
2025-04-22 13:14:03,OP012QR,VEH004,RFD20241008077,Presente,SECCO,SECCO PAP,UTZ024,45.3618,11.6636,ROVOLON,ROVOLON,RUBANO,1100,26
2025-04-22 13:41:04,OP012QR,VEH004,RFD20241008155,Presente,SECCO,SECCO PAP,UTZ002,45.8755,11.5202,ASIAGO,ASIAGO,ASIAGO,240,26
2025-04-22 13:53:36,OP012QR,VEH004,RFD20241008102,Presente,SECCO,SECCO PAP,UTZ024,45.8898,11.6269,FOZA,FOZA,ASIAGO,1100,26
2025-04-22 15:01:10,ST345UV,VEH005,RFD20241009227,Non Presente,NA,PLAST.CONT.STRADALI,NA,45.8963,11.5506,NA,GALLIO,ASIAGO,NA,NA
2025-04-22 15:15:59,OP012QR,VEH004,RFD20250203302,Presente,SECCO,SECCO PAP,UTZ002,45.7356,11.6931,MAROSTICA,BASSANO DEL GRAPPA,BASSANO,1100,26
2025-04-22 15:46:48,ST345UV,VEH005,RFD20241008187,Presente,PLASTICA E METALLI,PLAST.CONT.STRADALI,UTZ002,45.6586,11.8265,GALLIERA VENETA,GALLIERA VENETA,CAMPOSAMPIERO,770,26
2025-04-22 16:50:36,OP012QR,VEH004,RFD20241008099,Presente,SECCO,SECCO PAP,UTZ015,45.7174,11.7674,ROSA',ROSA',BASSANO,1100,26
2025-04-22 18:43:33,OP012QR,VEH004,RFD20241001301,Non Presente,NA,SECCO PAP,NA,45.5658,11.9398,NA,CAMPOSAMPIERO,CAMPOSAMPIERO,NA,NA
2025-04-23 06:00:24,OP012QR,VEH004,RFD20241001301,Non Presente,NA,SECCO PAP,NA,45.5658,11.9399,NA,CAMPOSAMPIERO,CAMPOSAMPIERO,NA,NA
2025-04-23 07:00:58,AB123CD,VEH001,RFD20241009041,Presente,SECCO,SECCO PAP,UTZ001,45.5653,11.8989,SANTA GIUSTINA IN COLLE,SANTA GIUSTINA IN COLLE,CAMPOSAMPIERO,1100,26
2025-04-23 07:01:01,AB123CD,VEH001,RFD20241009151,Presente,SECCO,SECCO PAP,UTZ026,45.5939,11.9394,LOREGGIA,LOREGGIA,CAMPOSAMPIERO,240,26
2025-04-23 07:19:40,AB123CD,VEH001,RFD20241009128,Presente,SECCO,SECCO PAP,UTZ002,45.4110,11.7371,SACCOLONGO,SACCOLONGO,RUBANO,1100,26
2025-04-23 08:32:54,AB123CD,VEH001,RFD20241009189,Presente,SECCO,SECCO PAP,UTZ002,45.4235,11.7902,RUBANO,RUBANO,RUBANO,1100,26
2025-04-23 09:34:16,AB123CD,VEH001,RFD20241009111,Presente,SECCO,SECCO PAP,UTZ042,45.6086,11.6742,SAN PIETRO IN GU,SAN PIETRO IN GU,CAMPOSAMPIERO,240,26
2025-04-23 10:44:48,AB123CD,VEH001,RFD20241009108,Presente,SECCO,SECCO PAP,UTZ003,45.6954,11.7107,TEZZE SUL BRENTA,TEZZE SUL BRENTA,BASSANO,240,26
2025-04-23 10:45:49,AB123CD,VEH001,RFD20241009106,Presente,SECCO,SECCO PAP,UTZ004,45.7673,11.7353,BASSANO DEL GRAPPA,BASSANO DEL GRAPPA,BASSANO,240,26
2025-04-23 11:51:11,AB123CD,VEH001,RFD20241009227,Non Presente,NA,SECCO PAP,NA,45.8965,11.5510,NA,GALLIO,ASIAGO,NA,NA
2025-04-23 11:55:55,EF456GH,VEH002,RFD20241009218,Non Presente,NA,CARTA CONT.STRADALI,NA,45.5588,11.9136,NA,SANTA GIUSTINA IN COLLE,CAMPOSAMPIERO,NA,NA
2025-04-23 13:55:20,ST345UV,VEH005,RFD20241009150,Presente,VETRO,VETRO PAP,UTZ027,45.5791,11.9325,CAMPOSAMPIERO,CAMPOSAMPIERO,CAMPOSAMPIERO,1100,26
2025-04-23 14:12:43,OP012QR,VEH004,RFD20241009107,Presente,SECCO,SECCO PAP,UTZ033,45.5707,11.9321,CAMPOSAMPIERO,CAMPOSAMPIERO,CAMPOSAMPIERO,1100,26
2025-04-23 14:53:18,IL789MN,VEH003,RFD20241009205,Non Presente,NA,VERDE PAP,NA,45.8676,11.5018,NA,ASIAGO,ASIAGO,NA,NA
2025-04-23 15:53:48,OP012QR,VEH004,RFD20241009085,Presente,SECCO,SECCO PAP,UTZ016,45.4844,11.8338,LIMENA,LIMENA,RUBANO,1100,26
2025-04-23 16:02:37,OP012QR,VEH004,RFD20241009140,Presente,SECCO,SECCO PAP,UTZ002,45.9449,11.7212,ENEGO,ENEGO,ASIAGO,1100,26
2025-04-23 17:20:16,OP012QR,VEH004,RFD20250203302,Presente,SECCO,SECCO PAP,UTZ002,45.7363,11.6676,MAROSTICA,MAROSTICA,BASSANO,1100,26
2025-04-23 18:21:18,OP012QR,VEH004,RFD20250203302,Presente,SECCO,SECCO PAP,UTZ002,45.7291,11.6842,MAROSTICA,NOVE,BASSANO,1100,26
2025-04-24 06:08:48,OP012QR,VEH004,RFD20241001301,Non Presente,NA,SECCO PAP,NA,45.5659,11.9399,NA,CAMPOSAMPIERO,CAMPOSAMPIERO,NA,NA
2025-04-24 08:14:42,IL789MN,VEH003,RFD20241010068,Presente,UMIDO,UMIDO PAP,UTZ004,45.4898,11.7451,CAMPODORO,CAMPODORO,RUBANO,240,26
2025-04-24 09:50:39,AB123CD,VEH001,RFD20241010194,Presente,CARTA,CARTA/CARTONE PAP,UTZ017,45.7813,11.7310,BASSANO DEL GRAPPA,BASSANO DEL GRAPPA,BASSANO,240,26
2025-04-24 09:58:19,AB123CD,VEH001,RFD20241010013,Presente,CARTA,CARTA/CARTONE PAP,UTZ009,45.7801,11.7401,BASSANO DEL GRAPPA,BASSANO DEL GRAPPA,BASSANO,1100,26
2025-04-24 13:30:38,IL789MN,VEH003,RFD20241010178,Presente,UMIDO,UMIDO CONT.STRADALI,UTZ004,45.6589,11.8249,GALLIERA VENETA,GALLIERA VENETA,CAMPOSAMPIERO,240,26
2025-04-24 13:52:46,OP012QR,VEH004,RFD20250313133,Presente,SECCO,SECCO PAP,UTZ005,45.6415,11.7536,FONTANIVA,FONTANIVA,CAMPOSAMPIERO,1100,26
2025-04-24 14:10:38,ST345UV,VEH005,RFD20241010022,Presente,PLASTICA E METALLI,PLAST.CONT.STRADALI,UTZ032,45.3667,11.9839,SAONARA,SAONARA,CAMPOSAMPIERO,770,26
2025-04-24 14:55:47,IL789MN,VEH003,RFD20241010195,Presente,UMIDO,UMIDO CONT.STRADALI,UTZ049,45.3153,11.7320,GALZIGNANO TERME,GALZIGNANO TERME,RUBANO,240,26
2025-04-24 14:58:13,IL789MN,VEH003,RFD20241010109,Presente,UMIDO,UMIDO CONT.STRADALI,UTZ018,45.7767,11.7331,BASSANO DEL GRAPPA,BASSANO DEL GRAPPA,BASSANO,770,26
2025-04-24 15:27:47,OP012QR,VEH004,RFD20241010119,Presente,SECCO,SECCO PAP,UTZ002,45.5624,11.9074,SANTA GIUSTINA IN COLLE,SANTA GIUSTINA IN COLLE,CAMPOSAMPIERO,1100,26
2025-04-24 15:30:03,ST345UV,VEH005,RFD20241010079,Presente,PLASTICA E METALLI,PLAST.CONT.STRADALI,UTZ004,45.8871,11.6249,FOZA,FOZA,ASIAGO,770,26
2025-04-24 15:43:20,OP012QR,VEH004,RFD20250203302,Presente,SECCO,SECCO PAP,UTZ002,45.7266,11.6787,MAROSTICA,NOVE,BASSANO,1100,26
2025-04-24 16:33:22,OP012QR,VEH004,RFD20250203302,Presente,SECCO,SECCO PAP,UTZ002,45.7279,11.6828,MAROSTICA,NOVE,BASSANO,1100,26
2025-04-24 16:38:57,OP012QR,VEH004,RFD20241010069,Presente,SECCO,SECCO PAP,UTZ020,45.7308,11.7588,ROSA',ROSA',BASSANO,240,26
2025-04-25 07:13:00,AB123CD,VEH001,RFD20241011132,Presente,SECCO,SECCO PAP,UTZ001,45.5772,11.9308,CAMPOSAMPIERO,CAMPOSAMPIERO,CAMPOSAMPIERO,1100,26
2025-04-25 07:56:28,AB123CD,VEH001,RFD20241025029,Presente,SECCO,SECCO PAP,UTZ001,45.7804,11.7921,MUSSOLENTE,MUSSOLENTE,BASSANO,240,26
2025-04-25 08:24:49,EF456GH,VEH002,RFD20241011223,Non Presente,NA,CARTA CONT.STRADALI,NA,45.9024,11.6322,NA,FOZA,ASIAGO,NA,NA
2025-04-25 09:37:25,AB123CD,VEH001,RFD20241011139,Presente,SECCO,SECCO PAP,UTZ002,45.6195,11.6598,SAN PIETRO IN GU,SAN PIETRO IN GU,CAMPOSAMPIERO,1100,26
2025-04-25 09:47:41,AB123CD,VEH001,RFD20241011176,Presente,SECCO,SECCO PAP,UTZ008,45.4678,11.8514,LIMENA,LIMENA,RUBANO,1100,26
2025-04-25 10:22:59,AB123CD,VEH001,RFD20250425200,Presente,SECCO,SECCO PAP,UTZ015,45.5441,11.9261,SAN GIORGIO DELLE PERTICHE,SAN GIORGIO DELLE PERTICHE,CAMPOSAMPIERO,1100,26
2025-04-25 13:15:57,OP012QR,VEH004,RFD20241011121,Presente,SECCO,SECCO PAP,UTZ015,45.4086,11.7484,SACCOLONGO,SACCOLONGO,RUBANO,1100,26
2025-04-25 13:40:44,ST345UV,VEH005,RFD20241011025,Presente,VETRO,VETRO PAP,UTZ031,45.5448,11.9054,SAN GIORGIO DELLE PERTICHE,SAN GIORGIO DELLE PERTICHE,CAMPOSAMPIERO,1100,13
2025-04-25 14:06:57,OP012QR,VEH004,RFD20250203302,Presente,SECCO,SECCO PAP,UTZ002,45.7451,11.6572,MAROSTICA,MAROSTICA,BASSANO,1100,26
2025-04-25 15:07:24,ST345UV,VEH005,RFD20241011182,Presente,VETRO,VETRO PAP,UTZ047,45.5922,11.6996,GAZZO,GAZZO,CAMPOSAMPIERO,1100,26
2025-04-25 15:30:07,OP012QR,VEH004,RFD20241011124,Presente,SECCO,SECCO PAP,UTZ001,45.6426,11.8515,SAN MARTINO DI LUPARI,SAN MARTINO DI LUPARI,CAMPOSAMPIERO,240,26
2025-04-25 16:04:55,ST345UV,VEH005,RFD20241011125,Presente,VETRO,VETRO PAP,UTZ014,45.5743,11.9221,CAMPOSAMPIERO,CAMPOSAMPIERO,CAMPOSAMPIERO,1100,26
2025-04-25 16:26:48,IL789MN,VEH003,RFD20241011019,Presente,PLASTICA E METALLI,PLASTICA PAP,UTZ001,45.6002,12.0032,PIOMBINO DESE,PIOMBINO DESE,CAMPOSAMPIERO,770,26
2025-04-25 17:06:06,IL789MN,VEH003,RFD20241025075,Presente,PLASTICA E METALLI,PLASTICA PAP,UTZ001,45.7966,11.7438,ROMANO D'EZZELINO,ROMANO D'EZZELINO,BASSANO,770,26
2025-04-25 17:56:19,OP012QR,VEH004,RFD20250203302,Presente,SECCO,SECCO PAP,UTZ002,45.7275,11.6780,MAROSTICA,NOVE,BASSANO,1100,26
2025-04-25 18:10:30,OP012QR,VEH004,RFD20241011004,Presente,SECCO,SECCO PAP,UTZ024,45.7922,11.7674,ROMANO D'EZZELINO,ROMANO D'EZZELINO,BASSANO,240,26
2025-04-25 18:53:17,OP012QR,VEH004,RFD20241001301,Non Presente,NA,SECCO PAP,NA,45.5658,11.9399,NA,CAMPOSAMPIERO,CAMPOSAMPIERO,NA,NA
2025-04-26 06:12:00,OP012QR,VEH004,RFD20241001301,Non Presente,NA,SECCO PAP,NA,45.5658,11.9399,NA,CAMPOSAMPIERO,CAMPOSAMPIERO,NA,NA
2025-04-26 07:21:57,AB123CD,VEH001,RFD20241012118,Presente,CARTA,CARTA/CARTONE PAP,UTZ019,45.6945,11.7070,TEZZE SUL BRENTA,TEZZE SUL BRENTA,BASSANO,1100,26
2025-04-26 08:58:50,AB123CD,VEH001,RFD20241012116,Presente,CARTA,CARTA/CARTONE PAP,UTZ009,45.3958,11.7912,SELVAZZANO DENTRO,SELVAZZANO DENTRO,RUBANO,240,26
2025-04-26 13:49:37,IL789MN,VEH003,RFD20241012047,Presente,VERDE E RAMAGLIE,VERDE PAP,UTZ028,45.7547,11.7433,BASSANO DEL GRAPPA,BASSANO DEL GRAPPA,BASSANO,240,26
2025-04-26 15:41:38,IL789MN,VEH003,RFD20241008231,Non Presente,NA,VERDE PAP,NA,45.6866,11.7002,NA,TEZZE SUL BRENTA,BASSANO,NA,NA
2025-04-26 15:51:21,IL789MN,VEH003,RFD20241012089,Presente,VERDE E RAMAGLIE,VERDE PAP,UTZ017,45.7290,11.6734,NOVE,NOVE,BASSANO,240,26
2025-04-26 16:08:45,IL789MN,VEH003,RFD20241012052,Presente,VERDE E RAMAGLIE,VERDE PAP,UTZ002,45.6998,11.6386,SCHIAVON,SCHIAVON,BASSANO,1100,26
2025-04-26 18:10:22,OP012QR,VEH004,RFD20250203302,Presente,SECCO,SECCO PAP,UTZ002,45.7431,11.6597,MAROSTICA,MAROSTICA,BASSANO,1100,26
2025-04-26 18:13:49,OP012QR,VEH004,RFD20250203302,Presente,SECCO,SECCO PAP,UTZ002,45.7449,11.6575,MAROSTICA,MAROSTICA,BASSANO,1100,26
2025-04-27 07:12:10,AB123CD,VEH001,RFD20241013046,Presente,CARTA,CARTA CONT.STRADALI,UTZ035,45.3085,11.7299,GALZIGNANO TERME,GALZIGNANO TERME,RUBANO,240,26
2025-04-27 07:55:45,AB123CD,VEH001,RFD20241013129,Presente,CARTA,CARTA CONT.STRADALI,UTZ031,45.6329,11.7061,CARMIGNANO DI BRENTA,CARMIGNANO DI BRENTA,CAMPOSAMPIERO,240,26
2025-04-27 08:15:42,AB123CD,VEH001,RFD20241013030,Presente,CARTA,CARTA CONT.STRADALI,UTZ001,45.6914,11.7997,ROSSANO VENETO,ROSSANO VENETO,BASSANO,1100,26
2025-04-27 08:39:51,AB123CD,VEH001,RFD20241013083,Presente,CARTA,CARTA CONT.STRADALI,UTZ030,45.3138,11.7394,GALZIGNANO TERME,GALZIGNANO TERME,RUBANO,240,26
2025-04-27 08:51:03,AB123CD,VEH001,RFD20241013172,Presente,CARTA,CARTA CONT.STRADALI,UTZ001,45.3301,11.7374,TORREGLIA,TORREGLIA,RUBANO,240,26
2025-04-28 06:19:43,AB123CD,VEH001,RFD20241001301,Non Presente,NA,SECCO PAP,NA,45.5659,11.9399,NA,CAMPOSAMPIERO,CAMPOSAMPIERO,NA,NA
2025-04-28 06:20:10,AB123CD,VEH001,RFD20241001301,Non Presente,NA,SECCO PAP,NA,45.5658,11.9399,NA,CAMPOSAMPIERO,CAMPOSAMPIERO,NA,NA
2025-04-28 07:13:15,IL789MN,VEH003,RFD20241008208,Non Presente,NA,UMIDO PAP,NA,45.8668,11.5123,NA,ASIAGO,ASIAGO,NA,NA
2025-04-28 08:50:29,AB123CD,VEH001,RFD20250203051,Presente,SECCO,SECCO PAP,UTZ003,45.6501,11.8265,TOMBOLO,TOMBOLO,CAMPOSAMPIERO,1100,26
2025-04-28 09:00:56,EF456GH,VEH002,RFD20241014011,Presente,CARTA,CARTA CONT.STRADALI,UTZ034,45.6443,11.8629,SAN MARTINO DI LUPARI,SAN MARTINO DI LUPARI,CAMPOSAMPIERO,1100,26
2025-04-28 09:09:34,EF456GH,VEH002,RFD20250331008,Presente,CARTA,CARTA CONT.STRADALI,UTZ001,45.5244,11.8288,CURTAROLO,CURTAROLO,CAMPOSAMPIERO,240,26
2025-04-28 10:03:32,AB123CD,VEH001,RFD20241014117,Presente,SECCO,SECCO PAP,UTZ001,45.6416,11.7836,CITTADELLA,CITTADELLA,CAMPOSAMPIERO,1100,26
2025-04-28 13:53:37,ST345UV,VEH005,RFD20241009227,Non Presente,NA,VETRO PAP,NA,45.8963,11.5508,NA,GALLIO,ASIAGO,NA,NA
2025-04-28 14:08:55,OP012QR,VEH004,RFD20241014033,Presente,SECCO,SECCO PAP,UTZ006,45.8592,11.4000,ROTZO,ROTZO,ASIAGO,1100,26
2025-04-28 15:14:59,IL789MN,VEH003,RFD20241028173,Presente,UMIDO,UMIDO CONT.STRADALI,UTZ004,45.7623,11.7419,BASSANO DEL GRAPPA,BASSANO DEL GRAPPA,BASSANO,240,26
2025-04-28 15:23:32,OP012QR,VEH004,RFD20250203302,Presente,SECCO,SECCO PAP,UTZ002,45.7389,11.6976,MAROSTICA,BASSANO DEL GRAPPA,BASSANO,1100,26
2025-04-28 15:43:45,OP012QR,VEH004,RFD20250203302,Presente,SECCO,SECCO PAP,UTZ002,45.7361,11.6939,MAROSTICA,BASSANO DEL GRAPPA,BASSANO,1100,26
2025-04-28 16:30:06,OP012QR,VEH004,RFD20241028163,Presente,SECCO,SECCO PAP,UTZ003,45.7273,11.7664,ROSA',ROSA',BASSANO,1100,26
2025-04-29 07:40:30,AB123CD,VEH001,RFD20241001103,Presente,CARTA,CARTA/CARTONE PAP,UTZ013,45.5660,11.9182,CAMPOSAMPIERO,CAMPOSAMPIERO,CAMPOSAMPIERO,240,26
2025-04-29 08:34:46,AB123CD,VEH001,RFD20241001040,Presente,CARTA,CARTA/CARTONE PAP,UTZ006,45.4758,11.8480,LIMENA,LIMENA,RUBANO,240,26
2025-04-29 09:39:18,IL789MN,VEH003,RFD20241001072,Presente,UMIDO,UMIDO PAP,UTZ003,45.8085,11.5989,LUSIANA CONCO,LUSIANA CONCO,ASIAGO,240,26
2025-04-29 09:41:32,IL789MN,VEH003,RFD20241001152,Presente,UMIDO,UMIDO PAP,UTZ037,45.4374,11.9251,CADONEGHE,CADONEGHE,CAMPOSAMPIERO,240,26
2025-04-29 10:52:42,ST345UV,VEH005,RFD20250325228,Non Presente,NA,PULIZIA TERRIT.,NA,45.4793,11.8449,NA,LIMENA,RUBANO,NA,NA
2025-04-29 12:23:38,OP012QR,VEH004,RFD20250203302,Presente,SECCO,SECCO PAP,UTZ002,45.7382,11.6965,MAROSTICA,BASSANO DEL GRAPPA,BASSANO,1100,26
2025-04-29 13:13:56,IL789MN,VEH003,RFD20241001122,Presente,PLASTICA E METALLI,PLASTICA PAP,UTZ012,45.8054,11.7263,POVE DEL GRAPPA,POVE DEL GRAPPA,BASSANO,770,26
2025-04-29 13:59:55,ST345UV,VEH005,RFD20241001114,Presente,PLASTICA E METALLI,PLAST.CONT.STRADALI,UTZ005,45.8610,11.5202,ASIAGO,ASIAGO,ASIAGO,770,26
2025-04-29 14:26:56,IL789MN,VEH003,RFD20241001158,Presente,PLASTICA E METALLI,PLASTICA PAP,UTZ034,45.6545,11.8575,SAN MARTINO DI LUPARI,SAN MARTINO DI LUPARI,CAMPOSAMPIERO,770,26
2025-04-29 14:30:00,OP012QR,VEH004,RFD20241001181,Presente,SECCO,SECCO PAP,UTZ008,45.6544,11.6827,POZZOLEONE,POZZOLEONE,BASSANO,1100,26
2025-04-29 15:13:40,OP012QR,VEH004,RFD20241001058,Presente,SECCO,SECCO PAP,UTZ035,45.3439,11.6639,TEOLO,TEOLO,RUBANO,1100,26
2025-04-29 15:27:24,OP012QR,VEH004,RFD20241015048,Presente,SECCO,SECCO PAP,UTZ030,45.4295,11.7920,RUBANO,RUBANO,RUBANO,1100,26
2025-04-29 17:47:02,OP012QR,VEH004,RFD20250203302,Presente,SECCO,SECCO PAP,UTZ002,45.7353,11.6689,MAROSTICA,MAROSTICA,BASSANO,1100,26
2025-04-29 17:51:43,ST345UV,VEH005,RFD20241001209,Non Presente,NA,PLAST.CONT.STRADALI,NA,45.6482,11.8300,NA,TOMBOLO,CAMPOSAMPIERO,NA,NA
2025-04-29 18:50:49,ST345UV,VEH005,RFD20241001301,Non Presente,NA,PLAST.CONT.STRADALI,NA,45.5658,11.9399,NA,CAMPOSAMPIERO,CAMPOSAMPIERO,NA,NA
2025-04-30 06:46:46,AB123CD,VEH001,RFD20241002049,Presente,SECCO,SECCO PAP,UTZ003,45.3394,11.7382,TORREGLIA,TORREGLIA,RUBANO,1100,26
2025-04-30 07:41:23,EF456GH,VEH002,RFD20241002071,Presente,CARTA,CARTA CONT.STRADALI,UTZ033,45.4326,11.7846,RUBANO,RUBANO,RUBANO,1100,26
2025-04-30 08:43:51,AB123CD,VEH001,RFD20241002105,Presente,SECCO,SECCO PAP,UTZ002,45.7146,11.7669,ROSA',ROSA',BASSANO,240,26
2025-04-30 08:53:45,EF456GH,VEH002,RFD20241002131,Presente,CARTA,CARTA CONT.STRADALI,UTZ001,45.8910,11.6336,FOZA,FOZA,ASIAGO,240,26
2025-04-30 09:47:23,AB123CD,VEH001,RFD20250205056,Presente,SECCO,SECCO PAP,UTZ001,45.5196,11.8282,CURTAROLO,CURTAROLO,CAMPOSAMPIERO,240,26
2025-04-30 10:17:32,EF456GH,VEH002,RFD20241002073,Presente,CARTA,CARTA CONT.STRADALI,UTZ050,45.4021,11.7538,SACCOLONGO,SACCOLONGO,RUBANO,1100,26
2025-04-30 11:30:32,AB123CD,VEH001,RFD20241002088,Presente,SECCO,SECCO PAP,UTZ005,45.7998,11.6068,LUSIANA CONCO,LUSIANA CONCO,ASIAGO,1100,26
2025-04-30 12:40:14,OP012QR,VEH004,RFD20250203302,Presente,SECCO,SECCO PAP,UTZ002,45.7269,11.6818,MAROSTICA,NOVE,BASSANO,1100,26
2025-04-30 13:29:43,OP012QR,VEH004,RFD20241002203,Non Presente,NA,SECCO PAP,NA,45.3698,11.6597,NA,ROVOLON,RUBANO,NA,NA
2025-04-30 14:16:24,OP012QR,VEH004,RFD20241002094,Presente,SECCO,SECCO PAP,UTZ005,45.5786,11.9239,CAMPOSAMPIERO,CAMPOSAMPIERO,CAMPOSAMPIERO,240,26
2025-04-30 14:55:22,OP012QR,VEH004,RFD20241030037,Presente,SECCO,SECCO PAP,UTZ014,45.8817,11.5386,GALLIO,GALLIO,ASIAGO,1100,26
2025-04-30 15:12:05,ST345UV,VEH005,RFD20241002229,Non Presente,NA,VETRO PAP,NA,45.7210,11.6123,NA,COLCERESA,BASSANO,NA,NA
2025-04-30 16:03:15,ST345UV,VEH005,RFD20241002053,Presente,VETRO,VETRO PAP,UTZ022,45.7622,11.7435,BASSANO DEL GRAPPA,BASSANO DEL GRAPPA,BASSANO,1100,26
2025-04-30 16:15:14,IL789MN,VEH003,RFD20241002015,Presente,VERDE E RAMAGLIE,VERDE PAP,UTZ030,45.6657,11.8192,GALLIERA VENETA,GALLIERA VENETA,CAMPOSAMPIERO,1100,26
2025-04-30 17:00:18,IL789MN,VEH003,RFD20241002198,Presente,VERDE E RAMAGLIE,VERDE PAP,UTZ001,45.8723,11.5268,ASIAGO,ASIAGO,ASIAGO,240,26
2025-04-30 17:29:09,IL789MN,VEH003,RFD20241030027,Presente,VERDE E RAMAGLIE,VERDE PAP,UTZ024,45.3836,11.9772,SAONARA,SAONARA,CAMPOSAMPIERO,240,26
2025-04-30 18:43:48,IL789MN,VEH003,RFD20241001301,Non Presente,NA,VERDE PAP,NA,45.5659,11.9400,NA,CAMPOSAMPIERO,CAMPOSAMPIERO,NA,NA
2025-04-30 18:56:51,OP012QR,VEH004,RFD20250203302,Presente,SECCO,SECCO PAP,UTZ002,45.7295,11.6757,MAROSTICA,NOVE,BASSANO,1100,26
2025-05-01 06:01:45,EF456GH,VEH002,RFD20241001301,Non Presente,NA,VETRO PAP,NA,45.5658,11.9400,NA,CAMPOSAMPIERO,CAMPOSAMPIERO,NA,NA
2025-05-01 07:08:52,AB123CD,VEH001,RFD20241017188,Presente,CARTA,CARTA/CARTONE PAP,UTZ015,45.5634,12.0209,MASSANZAGO,MASSANZAGO,CAMPOSAMPIERO,240,26
2025-05-01 07:52:18,AB123CD,VEH001,RFD20241003141,Presente,CARTA,CARTA/CARTONE PAP,UTZ008,45.5759,11.7106,GAZZO,GAZZO,CAMPOSAMPIERO,1100,26
2025-05-01 08:40:17,AB123CD,VEH001,RFD20241003096,Presente,CARTA,CARTA/CARTONE PAP,UTZ017,45.5710,11.9267,CAMPOSAMPIERO,CAMPOSAMPIERO,CAMPOSAMPIERO,1100,26
2025-05-01 08:44:50,AB123CD,VEH001,RFD20241031097,Presente,CARTA,CARTA/CARTONE PAP,UTZ011,45.6008,11.8145,SAN GIORGIO IN BOSCO,SAN GIORGIO IN BOSCO,CAMPOSAMPIERO,1100,26
2025-05-01 08:52:08,EF456GH,VEH002,RFD20241017034,Presente,VETRO,VETRO PAP,UTZ036,45.7636,11.7392,BASSANO DEL GRAPPA,BASSANO DEL GRAPPA,BASSANO,1100,13
2025-05-01 10:06:41,EF456GH,VEH002,RFD20241003157,Presente,VETRO,VETRO PAP,UTZ013,45.4908,11.7440,CAMPODORO,CAMPODORO,RUBANO,1100,26
2025-05-01 12:16:21,OP012QR,VEH004,RFD20250203302,Presente,SECCO,SECCO PAP,UTZ002,45.7421,11.7017,MAROSTICA,BASSANO DEL GRAPPA,BASSANO,1100,26
2025-05-01 12:18:22,EF456GH,VEH002,RFD20241003230,Non Presente,NA,VETRO PAP,NA,45.6961,11.6362,NA,SCHIAVON,BASSANO,NA,NA
2025-05-01 13:00:00,IL789MN,VEH003,RFD20241003127,Presente,UMIDO,UMIDO CONT.STRADALI,UTZ001,45.7728,11.7288,BASSANO DEL GRAPPA,BASSANO DEL GRAPPA,BASSANO,240,26
2025-05-01 14:02:15,ST345UV,VEH005,RFD20241003138,Presente,PLASTICA E METALLI,PLAST.CONT.STRADALI,UTZ005,45.6086,11.6728,SAN PIETRO IN GU,SAN PIETRO IN GU,CAMPOSAMPIERO,770,26
2025-05-01 14:40:57,OP012QR,VEH004,RFD20241003061,Presente,SECCO,SECCO PAP,UTZ002,45.5340,11.9612,BORGORICCO,BORGORICCO,CAMPOSAMPIERO,1100,26
2025-05-01 16:17:41,OP012QR,VEH004,RFD20241003164,Presente,SECCO,SECCO PAP,UTZ003,45.7795,11.7298,BASSANO DEL GRAPPA,BASSANO DEL GRAPPA,BASSANO,240,26
2025-05-01 17:25:56,IL789MN,VEH003,RFD20241003303,Presente,UMIDO,UMIDO CONT.STRADALI,UTZ002,45.7782,11.8126,MUSSOLENTE,MUSSOLENTE,BASSANO,240,26
2025-05-01 17:34:30,OP012QR,VEH004,RFD20250203302,Presente,SECCO,SECCO PAP,UTZ002,45.7300,11.6855,MAROSTICA,NOVE,BASSANO,1100,26
2025-05-02 06:14:39,AB123CD,VEH001,RFD20241004065,Presente,SECCO,SECCO PAP,UTZ007,45.6155,11.6652,SAN PIETRO IN GU,SAN PIETRO IN GU,CAMPOSAMPIERO,1100,26
2025-05-02 07:13:55,AB123CD,VEH001,RFD20250207211,Non Presente,NA,SECCO PAP,NA,45.7172,11.6853,NA,NOVE,BASSANO,NA,NA
2025-05-02 08:28:56,AB123CD,VEH001,RFD20241004003,Presente,SECCO,SECCO PAP,UTZ008,45.4366,11.7855,RUBANO,RUBANO,RUBANO,240,26
2025-05-02 08:36:24,EF456GH,VEH002,RFD20241004123,Presente,CARTA,CARTA CONT.STRADALI,UTZ032,45.6490,11.7783,CITTADELLA,CITTADELLA,CAMPOSAMPIERO,240,26
2025-05-02 09:12:15,EF456GH,VEH002,RFD20241018161,Presente,CARTA,CARTA CONT.STRADALI,UTZ034,45.5714,11.9294,CAMPOSAMPIERO,CAMPOSAMPIERO,CAMPOSAMPIERO,1100,26
2025-05-02 09:54:41,EF456GH,VEH002,RFD20250221038,Presente,CARTA,CARTA CONT.STRADALI,UTZ005,45.6900,11.6328,SCHIAVON,SCHIAVON,BASSANO,240,26
2025-05-02 10:29:43,EF456GH,VEH002,RFD20241004159,Presente,CARTA,CARTA CONT.STRADALI,UTZ004,45.4414,11.7881,RUBANO,RUBANO,RUBANO,1100,26
2025-05-02 10:39:06,EF456GH,VEH002,RFD20241004197,Presente,CARTA,CARTA CONT.STRADALI,UTZ018,45.8648,11.5127,ASIAGO,ASIAGO,ASIAGO,240,26
2025-05-02 10:49:21,AB123CD,VEH001,RFD20241004137,Presente,SECCO,SECCO PAP,UTZ012,45.5273,11.9710,BORGORICCO,BORGORICCO,CAMPOSAMPIERO,1100,26
2025-05-02 11:01:47,EF456GH,VEH002,RFD20241004028,Presente,CARTA,CARTA CONT.STRADALI,UTZ005,45.8601,11.3941,ROTZO,ROTZO,ASIAGO,240,26
2025-05-02 12:01:57,OP012QR,VEH004,RFD20241101042,Presente,SECCO,SECCO PAP,UTZ001,45.3867,11.7892,SELVAZZANO DENTRO,SELVAZZANO DENTRO,RUBANO,1100,26
2025-05-02 13:32:41,OP012QR,VEH004,RFD20250418055,Presente,SECCO,SECCO PAP,UTZ002,45.8008,11.6140,LUSIANA CONCO,LUSIANA CONCO,ASIAGO,240,26
2025-05-02 13:33:39,OP012QR,VEH004,RFD20241004044,Presente,SECCO,SECCO PAP,UTZ009,45.6806,11.6937,TEZZE SUL BRENTA,TEZZE SUL BRENTA,BASSANO,240,26
2025-05-02 14:25:11,IL789MN,VEH003,RFD20241004177,Presente,PLASTICA E METALLI,PLASTICA PAP,UTZ048,45.7667,11.7335,BASSANO DEL GRAPPA,BASSANO DEL GRAPPA,BASSANO,770,26
2025-05-02 14:55:49,OP012QR,VEH004,RFD20250203302,Presente,SECCO,SECCO PAP,UTZ002,45.7345,11.6699,MAROSTICA,MAROSTICA,BASSANO,1100,26
2025-05-02 15:25:39,OP012QR,VEH004,RFD20241018010,Presente,SECCO,SECCO PAP,UTZ001,45.3633,11.9846,SAONARA,SAONARA,CAMPOSAMPIERO,1100,26
2025-05-02 16:41:39,ST345UV,VEH005,RFD20241004185,Presente,VETRO,VETRO PAP,UTZ043,45.4032,11.7500,SACCOLONGO,SACCOLONGO,RUBANO,1100,26
2025-05-02 17:12:18,OP012QR,VEH004,RFD20250203302,Presente,SECCO,SECCO PAP,UTZ002,45.7366,11.6671,MAROSTICA,MAROSTICA,BASSANO,1100,26
2025-05-02 18:44:48,IL789MN,VEH003,RFD20241001301,Non Presente,NA,PLASTICA PAP,NA,45.5658,11.9399,NA,CAMPOSAMPIERO,CAMPOSAMPIERO,NA,NA
2025-05-03 06:01:18,EF456GH,VEH002,RFD20241001301,Non Presente,NA,VETRO PAP,NA,45.5658,11.9398,NA,CAMPOSAMPIERO,CAMPOSAMPIERO,NA,NA
2025-05-03 06:15:38,AB123CD,VEH001,RFD20241001301,Non Presente,NA,CARTA/CARTONE PAP,NA,45.5658,11.9399,NA,CAMPOSAMPIERO,CAMPOSAMPIERO,NA,NA
2025-05-03 12:42:34,OP012QR,VEH004,RFD20241005091,Presente,SECCO,SECCO PAP,UTZ016,45.5854,11.8055,SAN GIORGIO IN BOSCO,SAN GIORGIO IN BOSCO,CAMPOSAMPIERO,1100,26
2025-05-03 13:55:44,OP012QR,VEH004,RFD20241005012,Presente,SECCO,SECCO PAP,UTZ035,45.8086,11.7285,POVE DEL GRAPPA,POVE DEL GRAPPA,BASSANO,1100,26
2025-05-03 15:07:09,IL789MN,VEH003,RFD20241005169,Presente,VERDE E RAMAGLIE,VERDE PAP,UTZ008,45.6471,11.6824,POZZOLEONE,POZZOLEONE,BASSANO,240,26
2025-05-03 15:14:12,OP012QR,VEH004,RFD20241019135,Presente,SECCO,SECCO PAP,UTZ019,45.6502,11.8546,SAN MARTINO DI LUPARI,SAN MARTINO DI LUPARI,CAMPOSAMPIERO,240,26
2025-05-03 15:30:39,OP012QR,VEH004,RFD20250203302,Presente,SECCO,SECCO PAP,UTZ002,45.7299,11.6854,MAROSTICA,NOVE,BASSANO,1100,26
2025-05-03 15:50:54,IL789MN,VEH003,RFD20241005144,Presente,VERDE E RAMAGLIE,VERDE PAP,UTZ013,45.4201,11.6830,CERVARESE SANTA CROCE,CERVARESE SANTA CROCE,RUBANO,240,26
2025-05-03 17:44:39,OP012QR,VEH004,RFD20250203302,Presente,SECCO,SECCO PAP,UTZ002,45.7297,11.6755,MAROSTICA,NOVE,BASSANO,1100,26
2025-05-04 07:05:54,AB123CD,VEH001,RFD20241006101,Presente,CARTA,CARTA CONT.STRADALI,UTZ012,45.5775,11.9329,CAMPOSAMPIERO,CAMPOSAMPIERO,CAMPOSAMPIERO,1100,26
2025-05-04 07:26:25,AB123CD,VEH001,RFD20241006147,Presente,CARTA,CARTA CONT.STRADALI,UTZ003,45.3313,11.7374,TORREGLIA,TORREGLIA,RUBANO,240,26
2025-05-04 07:57:57,AB123CD,VEH001,RFD20241006174,Presente,CARTA,CARTA CONT.STRADALI,UTZ003,45.3070,11.7162,GALZIGNANO TERME,GALZIGNANO TERME,RUBANO,240,26
2025-05-04 08:26:09,AB123CD,VEH001,RFD20241006168,Presente,CARTA,CARTA CONT.STRADALI,UTZ003,45.5473,12.0107,MASSANZAGO,MASSANZAGO,CAMPOSAMPIERO,1100,26
2025-05-04 08:29:28,AB123CD,VEH001,RFD20241016234,Non Presente,NA,CARTA CONT.STRADALI,NA,45.5602,11.8170,NA,CAMPO SAN MARTINO,CAMPOSAMPIERO,NA,NA
2025-05-04 08:59:50,AB123CD,VEH001,RFD20241020036,Presente,CARTA,CARTA CONT.STRADALI,UTZ007,45.6522,11.7819,CITTADELLA,CITTADELLA,CAMPOSAMPIERO,1100,26
2025-05-04 09:15:13,AB123CD,VEH001,RFD20241006180,Presente,CARTA,CARTA CONT.STRADALI,UTZ003,45.6361,11.7545,FONTANIVA,FONTANIVA,CAMPOSAMPIERO,240,26
2025-05-04 09:17:26,AB123CD,VEH001,RFD20241006192,Presente,CARTA,CARTA CONT.STRADALI,UTZ001,45.6510,11.8275,TOMBOLO,TOMBOLO,CAMPOSAMPIERO,1100,26
2025-05-04 09:38:50,AB123CD,VEH001,RFD20241006066,Presente,CARTA,CARTA CONT.STRADALI,UTZ011,45.3104,11.7322,GALZIGNANO TERME,GALZIGNANO TERME,RUBANO,1100,26
2025-05-04 09:47:19,AB123CD,VEH001,RFD20250209219,Non Presente,NA,CARTA CONT.STRADALI,NA,45.8739,11.5139,NA,ASIAGO,ASIAGO,NA,NA
2025-05-04 10:26:37,AB123CD,VEH001,RFD20241006095,Presente,CARTA,CARTA CONT.STRADALI,UTZ034,45.4856,11.7452,CAMPODORO,CAMPODORO,RUBANO,1100,26
2025-05-04 11:19:20,AB123CD,VEH001,RFD20241006134,Presente,CARTA,CARTA CONT.STRADALI,UTZ001,45.5030,11.9011,CAMPODARSEGO,CAMPODARSEGO,CAMPOSAMPIERO,240,26
2025-05-05 06:22:37,IL789MN,VEH003,RFD20241007043,Presente,UMIDO,UMIDO PAP,UTZ001,45.7955,11.7347,POVE DEL GRAPPA,POVE DEL GRAPPA,BASSANO,240,26
2025-05-05 07:27:52,AB123CD,VEH001,RFD20241007126,Presente,SECCO,SECCO PAP,UTZ001,45.6475,11.6837,POZZOLEONE,POZZOLEONE,BASSANO,1100,26
2025-05-05 08:12:13,IL789MN,VEH003,RFD20241007142,Presente,UMIDO,UMIDO PAP,UTZ001,45.3359,11.7887,MONTEGROTTO TERME,MONTEGROTTO TERME,RUBANO,770,26
2025-05-05 08:26:32,AB123CD,VEH001,RFD20241007113,Presente,SECCO,SECCO PAP,UTZ022,45.4247,11.7897,RUBANO,RUBANO,RUBANO,1100,26
2025-05-05 09:25:17,AB123CD,VEH001,RFD20241007146,Presente,SECCO,SECCO PAP,UTZ018,45.3019,11.7336,GALZIGNANO TERME,GALZIGNANO TERME,RUBANO,240,26
2025-05-05 12:14:26,OP012QR,VEH004,RFD20250203302,Presente,SECCO,SECCO PAP,UTZ002,45.7398,11.6988,MAROSTICA,BASSANO DEL GRAPPA,BASSANO,1100,26
2025-05-05 12:19:43,EF456GH,VEH002,RFD20250505014,Presente,CARTA,CARTA CONT.STRADALI,UTZ045,45.7899,11.7595,ROMANO D'EZZELINO,ROMANO D'EZZELINO,BASSANO,240,26
2025-05-05 12:47:15,OP012QR,VEH004,RFD20241007193,Presente,SECCO,SECCO PAP,UTZ005,45.6644,11.8336,GALLIERA VENETA,GALLIERA VENETA,CAMPOSAMPIERO,240,26
2025-05-05 13:05:45,OP012QR,VEH004,RFD20241007190,Presente,SECCO,SECCO PAP,UTZ031,45.4336,11.7794,RUBANO,RUBANO,RUBANO,1100,26
2025-05-05 13:27:10,ST345UV,VEH005,RFD20241007039,Presente,VETRO,VETRO PAP,UTZ025,45.5287,11.9681,BORGORICCO,BORGORICCO,CAMPOSAMPIERO,770,26
2025-05-05 13:35:34,OP012QR,VEH004,RFD20250421112,Presente,SECCO,SECCO PAP,UTZ044,45.7202,11.6028,COLCERESA,COLCERESA,BASSANO,1100,26
2025-05-05 13:40:36,IL789MN,VEH003,RFD20241007067,Presente,UMIDO,UMIDO CONT.STRADALI,UTZ010,45.3994,11.7455,SACCOLONGO,SACCOLONGO,RUBANO,770,26
2025-05-05 13:48:33,IL789MN,VEH003,RFD20250505199,Presente,UMIDO,UMIDO CONT.STRADALI,UTZ034,45.4279,11.7887,RUBANO,RUBANO,RUBANO,240,26
2025-05-05 13:52:32,IL789MN,VEH003,RFD20241007233,Non Presente,NA,UMIDO CONT.STRADALI,NA,45.3298,11.8013,NA,MONTEGROTTO TERME,RUBANO,NA,NA
2025-05-05 15:00:14,IL789MN,VEH003,RFD20241007054,Presente,UMIDO,UMIDO CONT.STRADALI,UTZ013,45.6527,11.8164,TOMBOLO,TOMBOLO,CAMPOSAMPIERO,240,26
2025-05-05 15:10:37,IL789MN,VEH003,RFD20241007148,Presente,UMIDO,UMIDO CONT.STRADALI,UTZ025,45.7745,11.7214,BASSANO DEL GRAPPA,BASSANO DEL GRAPPA,BASSANO,240,26
2025-05-05 15:16:10,ST345UV,VEH005,RFD20241007081,Presente,VETRO,VETRO PAP,UTZ003,45.7215,11.7651,ROSA',ROSA',BASSANO,1100,26
2025-05-05 15:22:56,ST345UV,VEH005,RFD20241007076,Presente,VETRO,VETRO PAP,UTZ001,45.7716,11.7305,BASSANO DEL GRAPPA,BASSANO DEL GRAPPA,BASSANO,1100,26
2025-05-05 17:02:11,OP012QR,VEH004,RFD20241007120,Presente,SECCO,SECCO PAP,UTZ002,45.4333,11.7852,RUBANO,RUBANO,RUBANO,1100,26
2025-05-05 17:31:24,OP012QR,VEH004,RFD20250203302,Presente,SECCO,SECCO PAP,UTZ002,45.7380,11.6964,MAROSTICA,BASSANO DEL GRAPPA,BASSANO,1100,26
2025-05-05 18:37:09,EF456GH,VEH002,RFD20241001301,Non Presente,NA,CARTA CONT.STRADALI,NA,45.5658,11.9399,NA,CAMPOSAMPIERO,CAMPOSAMPIERO,NA,NA
2025-05-06 08:32:37,AB123CD,VEH001,RFD20241022136,Presente,CARTA,CARTA/CARTONE PAP,UTZ038,45.7885,11.7570,ROMANO D'EZZELINO,ROMANO D'EZZELINO,BASSANO,240,26
2025-05-06 10:47:06,IL789MN,VEH003,RFD20241008059,Presente,UMIDO,UMIDO PAP,UTZ001,45.4022,11.7944,SELVAZZANO DENTRO,SELVAZZANO DENTRO,RUBANO,240,26
2025-05-06 11:05:23,AB123CD,VEH001,RFD20241008062,Presente,CARTA,CARTA/CARTONE PAP,UTZ002,45.3628,11.6655,ROVOLON,ROVOLON,RUBANO,1100,26
2025-05-06 12:28:48,OP012QR,VEH004,RFD20250203302,Presente,SECCO,SECCO PAP,UTZ002,45.7278,11.6827,MAROSTICA,NOVE,BASSANO,1100,26
2025-05-06 12:39:39,OP012QR,VEH004,RFD20250325228,Non Presente,NA,SECCO PAP,NA,45.4794,11.8447,NA,LIMENA,RUBANO,NA,NA
2025-05-06 13:10:27,OP012QR,VEH004,RFD20241008077,Presente,SECCO,SECCO PAP,UTZ024,45.3616,11.6634,ROVOLON,ROVOLON,RUBANO,1100,26
2025-05-06 13:28:47,OP012QR,VEH004,RFD20241008155,Presente,SECCO,SECCO PAP,UTZ002,45.8753,11.5203,ASIAGO,ASIAGO,ASIAGO,240,26
2025-05-06 13:45:16,ST345UV,VEH005,RFD20241008023,Presente,PLASTICA E METALLI,PLAST.CONT.STRADALI,UTZ027,45.3021,11.7243,GALZIGNANO TERME,GALZIGNANO TERME,RUBANO,770,26
2025-05-06 15:16:42,OP012QR,VEH004,RFD20250203302,Presente,SECCO,SECCO PAP,UTZ002,45.7299,11.6751,MAROSTICA,NOVE,BASSANO,1100,26
2025-05-06 15:35:41,IL789MN,VEH003,RFD20241008032,Presente,PLASTICA E METALLI,PLASTICA PAP,UTZ026,45.3983,11.7484,SACCOLONGO,SACCOLONGO,RUBANO,770,26
2025-05-06 15:50:06,ST345UV,VEH005,RFD20241008187,Presente,PLASTICA E METALLI,PLAST.CONT.STRADALI,UTZ002,45.6584,11.8266,GALLIERA VENETA,GALLIERA VENETA,CAMPOSAMPIERO,770,26
2025-05-06 16:39:27,OP012QR,VEH004,RFD20241008099,Presente,SECCO,SECCO PAP,UTZ015,45.7173,11.7677,ROSA',ROSA',BASSANO,1100,26
2025-05-06 18:47:16,EF456GH,VEH002,RFD20241001301,Non Presente,NA,VETRO PAP,NA,45.5658,11.9399,NA,CAMPOSAMPIERO,CAMPOSAMPIERO,NA,NA
2025-05-07 06:14:29,EF456GH,VEH002,RFD20241001301,Non Presente,NA,CARTA CONT.STRADALI,NA,45.5657,11.9399,NA,CAMPOSAMPIERO,CAMPOSAMPIERO,NA,NA
2025-05-07 06:55:54,AB123CD,VEH001,RFD20241009151,Presente,SECCO,SECCO PAP,UTZ026,45.5940,11.9394,LOREGGIA,LOREGGIA,CAMPOSAMPIERO,240,26
2025-05-07 07:21:24,AB123CD,VEH001,RFD20241009041,Presente,SECCO,SECCO PAP,UTZ001,45.5654,11.8989,SANTA GIUSTINA IN COLLE,SANTA GIUSTINA IN COLLE,CAMPOSAMPIERO,1100,26
2025-05-07 07:39:03,AB123CD,VEH001,RFD20241009128,Presente,SECCO,SECCO PAP,UTZ002,45.4113,11.7372,SACCOLONGO,SACCOLONGO,RUBANO,1100,26
2025-05-07 08:22:59,AB123CD,VEH001,RFD20241009189,Presente,SECCO,SECCO PAP,UTZ002,45.4233,11.7903,RUBANO,RUBANO,RUBANO,1100,26
2025-05-07 09:44:17,AB123CD,VEH001,RFD20241009093,Presente,SECCO,SECCO PAP,UTZ040,45.7099,11.7973,ROSSANO VENETO,ROSSANO VENETO,BASSANO,1100,26
2025-05-07 10:38:17,AB123CD,VEH001,RFD20241009108,Presente,SECCO,SECCO PAP,UTZ003,45.6957,11.7108,TEZZE SUL BRENTA,TEZZE SUL BRENTA,BASSANO,240,26
2025-05-07 10:38:56,AB123CD,VEH001,RFD20241009106,Presente,SECCO,SECCO PAP,UTZ004,45.7671,11.7352,BASSANO DEL GRAPPA,BASSANO DEL GRAPPA,BASSANO,240,26
2025-05-07 11:16:23,AB123CD,VEH001,RFD20241009227,Non Presente,NA,SECCO PAP,NA,45.8964,11.5508,NA,GALLIO,ASIAGO,NA,NA
2025-05-07 11:25:18,EF456GH,VEH002,RFD20241009218,Non Presente,NA,CARTA CONT.STRADALI,NA,45.5589,11.9137,NA,SANTA GIUSTINA IN COLLE,CAMPOSAMPIERO,NA,NA
2025-05-07 12:13:23,OP012QR,VEH004,RFD20250203302,Presente,SECCO,SECCO PAP,UTZ002,45.7355,11.6933,MAROSTICA,BASSANO DEL GRAPPA,BASSANO,1100,26
2025-05-07 13:23:56,OP012QR,VEH004,RFD20241009107,Presente,SECCO,SECCO PAP,UTZ033,45.5708,11.9321,CAMPOSAMPIERO,CAMPOSAMPIERO,CAMPOSAMPIERO,1100,26
2025-05-07 13:28:28,OP012QR,VEH004,RFD20250203302,Presente,SECCO,SECCO PAP,UTZ002,45.7377,11.6961,MAROSTICA,BASSANO DEL GRAPPA,BASSANO,1100,26
2025-05-07 14:03:40,IL789MN,VEH003,RFD20241009045,Presente,VERDE E RAMAGLIE,VERDE PAP,UTZ030,45.5618,12.0078,MASSANZAGO,MASSANZAGO,CAMPOSAMPIERO,240,26
2025-05-07 14:36:14,ST345UV,VEH005,RFD20241009150,Presente,VETRO,VETRO PAP,UTZ027,45.5793,11.9324,CAMPOSAMPIERO,CAMPOSAMPIERO,CAMPOSAMPIERO,1100,26
2025-05-07 14:47:28,IL789MN,VEH003,RFD20241009205,Non Presente,NA,VERDE PAP,NA,45.8678,11.5017,NA,ASIAGO,ASIAGO,NA,NA
2025-05-07 15:47:17,OP012QR,VEH004,RFD20241009140,Presente,SECCO,SECCO PAP,UTZ002,45.9449,11.7210,ENEGO,ENEGO,ASIAGO,1100,26
2025-05-07 16:04:17,OP012QR,VEH004,RFD20241009085,Presente,SECCO,SECCO PAP,UTZ016,45.4843,11.8339,LIMENA,LIMENA,RUBANO,1100,26
2025-05-08 06:00:33,IL789MN,VEH003,RFD20241001301,Non Presente,NA,UMIDO PAP,NA,45.5658,11.9400,NA,CAMPOSAMPIERO,CAMPOSAMPIERO,NA,NA
2025-05-08 07:52:35,IL789MN,VEH003,RFD20241010068,Presente,UMIDO,UMIDO PAP,UTZ004,45.4898,11.7452,CAMPODORO,CAMPODORO,RUBANO,240,26
2025-05-08 08:24:26,EF456GH,VEH002,RFD20241024149,Presente,VETRO,VETRO PAP,UTZ004,45.5621,11.9085,SANTA GIUSTINA IN COLLE,SANTA GIUSTINA IN COLLE,CAMPOSAMPIERO,1100,13
2025-05-08 09:58:29,AB123CD,VEH001,RFD20241010194,Presente,CARTA,CARTA/CARTONE PAP,UTZ017,45.7814,11.7307,BASSANO DEL GRAPPA,BASSANO DEL GRAPPA,BASSANO,240,26
2025-05-08 10:23:30,AB123CD,VEH001,RFD20241010013,Presente,CARTA,CARTA/CARTONE PAP,UTZ009,45.7803,11.7403,BASSANO DEL GRAPPA,BASSANO DEL GRAPPA,BASSANO,1100,26
2025-05-08 12:04:42,OP012QR,VEH004,RFD20250203302,Presente,SECCO,SECCO PAP,UTZ002,45.7365,11.6672,MAROSTICA,MAROSTICA,BASSANO,1100,26
2025-05-08 13:18:28,IL789MN,VEH003,RFD20241010178,Presente,UMIDO,UMIDO CONT.STRADALI,UTZ004,45.6588,11.8251,GALLIERA VENETA,GALLIERA VENETA,CAMPOSAMPIERO,240,26
2025-05-08 14:05:49,OP012QR,VEH004,RFD20250313133,Presente,SECCO,SECCO PAP,UTZ005,45.6413,11.7535,FONTANIVA,FONTANIVA,CAMPOSAMPIERO,1100,26
2025-05-08 14:17:10,ST345UV,VEH005,RFD20241010022,Presente,PLASTICA E METALLI,PLAST.CONT.STRADALI,UTZ032,45.3666,11.9841,SAONARA,SAONARA,CAMPOSAMPIERO,770,26
2025-05-08 14:59:42,ST345UV,VEH005,RFD20241010154,Presente,PLASTICA E METALLI,PLAST.CONT.STRADALI,UTZ005,45.8642,11.5160,ASIAGO,ASIAGO,ASIAGO,770,26
2025-05-08 15:02:52,IL789MN,VEH003,RFD20241010195,Presente,UMIDO,UMIDO CONT.STRADALI,UTZ049,45.3153,11.7322,GALZIGNANO TERME,GALZIGNANO TERME,RUBANO,240,26
2025-05-08 15:03:58,IL789MN,VEH003,RFD20241010109,Presente,UMIDO,UMIDO CONT.STRADALI,UTZ018,45.7767,11.7334,BASSANO DEL GRAPPA,BASSANO DEL GRAPPA,BASSANO,770,26
2025-05-08 15:39:14,ST345UV,VEH005,RFD20241010079,Presente,PLASTICA E METALLI,PLAST.CONT.STRADALI,UTZ004,45.8871,11.6249,FOZA,FOZA,ASIAGO,770,26
2025-05-08 15:43:12,ST345UV,VEH005,RFD20250508213,Non Presente,NA,PLAST.CONT.STRADALI,NA,45.7255,11.6032,NA,COLCERESA,BASSANO,NA,NA
2025-05-08 15:57:25,OP012QR,VEH004,RFD20241010119,Presente,SECCO,SECCO PAP,UTZ002,45.5623,11.9075,SANTA GIUSTINA IN COLLE,SANTA GIUSTINA IN COLLE,CAMPOSAMPIERO,1100,26
2025-05-08 16:52:23,OP012QR,VEH004,RFD20250203302,Presente,SECCO,SECCO PAP,UTZ002,45.7294,11.6853,MAROSTICA,NOVE,BASSANO,1100,26
2025-05-08 17:06:31,OP012QR,VEH004,RFD20241010069,Presente,SECCO,SECCO PAP,UTZ020,45.7309,11.7589,ROSA',ROSA',BASSANO,240,26
2025-05-08 18:51:38,ST345UV,VEH005,RFD20241001301,Non Presente,NA,PLAST.CONT.STRADALI,NA,45.5658,11.9399,NA,CAMPOSAMPIERO,CAMPOSAMPIERO,NA,NA
2025-05-09 06:07:31,EF456GH,VEH002,RFD20241001301,Non Presente,NA,CARTA CONT.STRADALI,NA,45.5657,11.9399,NA,CAMPOSAMPIERO,CAMPOSAMPIERO,NA,NA
2025-05-09 07:10:19,AB123CD,VEH001,RFD20241011132,Presente,SECCO,SECCO PAP,UTZ001,45.5772,11.9310,CAMPOSAMPIERO,CAMPOSAMPIERO,CAMPOSAMPIERO,1100,26
2025-05-09 08:01:10,AB123CD,VEH001,RFD20250509017,Presente,SECCO,SECCO PAP,UTZ002,45.5766,11.9323,CAMPOSAMPIERO,CAMPOSAMPIERO,CAMPOSAMPIERO,1100,26
2025-05-09 08:18:43,AB123CD,VEH001,RFD20241025029,Presente,SECCO,SECCO PAP,UTZ001,45.7803,11.7921,MUSSOLENTE,MUSSOLENTE,BASSANO,240,26
2025-05-09 08:20:40,EF456GH,VEH002,RFD20241011223,Non Presente,NA,CARTA CONT.STRADALI,NA,45.9025,11.6322,NA,FOZA,ASIAGO,NA,NA
2025-05-09 09:27:52,AB123CD,VEH001,RFD20241025170,Presente,SECCO,SECCO PAP,UTZ006,45.7998,11.7596,ROMANO D'EZZELINO,ROMANO D'EZZELINO,BASSANO,1100,26
2025-05-09 09:41:41,AB123CD,VEH001,RFD20241011139,Presente,SECCO,SECCO PAP,UTZ002,45.6199,11.6597,SAN PIETRO IN GU,SAN PIETRO IN GU,CAMPOSAMPIERO,1100,26
2025-05-09 09:51:40,AB123CD,VEH001,RFD20241011176,Presente,SECCO,SECCO PAP,UTZ008,45.4678,11.8515,LIMENA,LIMENA,RUBANO,1100,26
2025-05-09 10:27:12,AB123CD,VEH001,RFD20250425200,Presente,SECCO,SECCO PAP,UTZ015,45.5443,11.9262,SAN GIORGIO DELLE PERTICHE,SAN GIORGIO DELLE PERTICHE,CAMPOSAMPIERO,1100,26
2025-05-09 11:30:05,AB123CD,VEH001,RFD20241025196,Presente,SECCO,SECCO PAP,UTZ029,45.8643,11.5203,ASIAGO,ASIAGO,ASIAGO,1100,26
2025-05-09 13:47:23,OP012QR,VEH004,RFD20241011121,Presente,SECCO,SECCO PAP,UTZ015,45.4085,11.7482,SACCOLONGO,SACCOLONGO,RUBANO,1100,26
2025-05-09 13:56:36,ST345UV,VEH005,RFD20241025087,Presente,VETRO,VETRO PAP,UTZ021,45.4924,11.8969,CAMPODARSEGO,CAMPODARSEGO,CAMPOSAMPIERO,1100,13
2025-05-09 14:04:09,ST345UV,VEH005,RFD20241025175,Presente,VETRO,VETRO PAP,UTZ006,45.4901,11.7533,CAMPODORO,CAMPODORO,RUBANO,1100,13
2025-05-09 14:55:44,ST345UV,VEH005,RFD20241025031,Presente,VETRO,VETRO PAP,UTZ026,45.7758,11.7460,BASSANO DEL GRAPPA,BASSANO DEL GRAPPA,BASSANO,1100,13
2025-05-09 15:00:39,ST345UV,VEH005,RFD20241025060,Presente,VETRO,VETRO PAP,UTZ003,45.3336,11.7956,MONTEGROTTO TERME,MONTEGROTTO TERME,RUBANO,1100,13
2025-05-09 15:12:05,OP012QR,VEH004,RFD20241011124,Presente,SECCO,SECCO PAP,UTZ001,45.6384,11.8462,SAN MARTINO DI LUPARI,SAN MARTINO DI LUPARI,CAMPOSAMPIERO,240,26
2025-05-09 15:47:22,ST345UV,VEH005,RFD20241011125,Presente,VETRO,VETRO PAP,UTZ014,45.5745,11.9220,CAMPOSAMPIERO,CAMPOSAMPIERO,CAMPOSAMPIERO,1100,26
2025-05-09 16:17:54,IL789MN,VEH003,RFD20241011019,Presente,PLASTICA E METALLI,PLASTICA PAP,UTZ001,45.6001,12.0031,PIOMBINO DESE,PIOMBINO DESE,CAMPOSAMPIERO,770,26
2025-05-09 16:21:26,OP012QR,VEH004,RFD20250203302,Presente,SECCO,SECCO PAP,UTZ002,45.7353,11.6929,MAROSTICA,BASSANO DEL GRAPPA,BASSANO,1100,26
2025-05-09 16:31:52,OP012QR,VEH004,RFD20250203302,Presente,SECCO,SECCO PAP,UTZ002,45.7271,11.6818,MAROSTICA,NOVE,BASSANO,1100,26
2025-05-09 17:07:31,IL789MN,VEH003,RFD20241025075,Presente,PLASTICA E METALLI,PLASTICA PAP,UTZ001,45.7967,11.7437,ROMANO D'EZZELINO,ROMANO D'EZZELINO,BASSANO,770,26
2025-05-09 17:53:41,OP012QR,VEH004,RFD20241011004,Presente,SECCO,SECCO PAP,UTZ024,45.7922,11.7674,ROMANO D'EZZELINO,ROMANO D'EZZELINO,BASSANO,240,26
2025-05-10 06:19:37,EF456GH,VEH002,RFD20241001301,Non Presente,NA,VETRO PAP,NA,45.5658,11.9400,NA,CAMPOSAMPIERO,CAMPOSAMPIERO,NA,NA
2025-05-10 08:31:19,AB123CD,VEH001,RFD20241012116,Presente,CARTA,CARTA/CARTONE PAP,UTZ009,45.3960,11.7910,SELVAZZANO DENTRO,SELVAZZANO DENTRO,RUBANO,240,26
2025-05-10 08:53:31,IL789MN,VEH003,RFD20250215084,Presente,UMIDO,UMIDO PAP,UTZ022,45.6087,11.7352,GRANTORTO,GRANTORTO,CAMPOSAMPIERO,240,26
2025-05-10 12:39:08,OP012QR,VEH004,RFD20250203302,Presente,SECCO,SECCO PAP,UTZ002,45.7401,11.6991,MAROSTICA,BASSANO DEL GRAPPA,BASSANO,1100,26
2025-05-10 14:01:45,IL789MN,VEH003,RFD20241012047,Presente,VERDE E RAMAGLIE,VERDE PAP,UTZ028,45.7549,11.7434,BASSANO DEL GRAPPA,BASSANO DEL GRAPPA,BASSANO,240,26
2025-05-10 15:21:20,OP012QR,VEH004,RFD20250203302,Presente,SECCO,SECCO PAP,UTZ002,45.7289,11.6842,MAROSTICA,NOVE,BASSANO,1100,26
2025-05-10 15:32:05,IL789MN,VEH003,RFD20241008231,Non Presente,NA,VERDE PAP,NA,45.6866,11.7002,NA,TEZZE SUL BRENTA,BASSANO,NA,NA
2025-05-10 15:52:06,IL789MN,VEH003,RFD20241012052,Presente,VERDE E RAMAGLIE,VERDE PAP,UTZ002,45.6996,11.6388,SCHIAVON,SCHIAVON,BASSANO,1100,26
2025-05-10 15:58:17,IL789MN,VEH003,RFD20241012089,Presente,VERDE E RAMAGLIE,VERDE PAP,UTZ017,45.7290,11.6732,NOVE,NOVE,BASSANO,240,26
2025-05-11 07:46:07,AB123CD,VEH001,RFD20241013130,Presente,CARTA,CARTA CONT.STRADALI,UTZ004,45.4268,11.6851,CERVARESE SANTA CROCE,CERVARESE SANTA CROCE,RUBANO,240,26
2025-05-11 07:54:08,AB123CD,VEH001,RFD20241013129,Presente,CARTA,CARTA CONT.STRADALI,UTZ031,45.6328,11.7062,CARMIGNANO DI BRENTA,CARMIGNANO DI BRENTA,CAMPOSAMPIERO,240,26
2025-05-11 08:00:59,AB123CD,VEH001,RFD20241013167,Presente,CARTA,CARTA CONT.STRADALI,UTZ022,45.9007,11.6395,FOZA,FOZA,ASIAGO,240,26
2025-05-11 08:04:34,AB123CD,VEH001,RFD20241013030,Presente,CARTA,CARTA CONT.STRADALI,UTZ001,45.6913,11.7994,ROSSANO VENETO,ROSSANO VENETO,BASSANO,1100,26
2025-05-11 08:18:44,AB123CD,VEH001,RFD20241013083,Presente,CARTA,CARTA CONT.STRADALI,UTZ030,45.3138,11.7395,GALZIGNANO TERME,GALZIGNANO TERME,RUBANO,240,26
2025-05-11 09:35:02,AB123CD,VEH001,RFD20241013172,Presente,CARTA,CARTA CONT.STRADALI,UTZ001,45.3299,11.7373,TORREGLIA,TORREGLIA,RUBANO,240,26
2025-05-11 09:51:52,AB123CD,VEH001,RFD20250123212,Non Presente,NA,CARTA CONT.STRADALI,NA,45.4275,11.7902,NA,RUBANO,RUBANO,NA,NA
2025-05-12 06:08:13,EF456GH,VEH002,RFD20241001301,Non Presente,NA,CARTA CONT.STRADALI,NA,45.5658,11.9399,NA,CAMPOSAMPIERO,CAMPOSAMPIERO,NA,NA
2025-05-12 06:19:11,IL789MN,VEH003,RFD20241008208,Non Presente,NA,UMIDO PAP,NA,45.8666,11.5125,NA,ASIAGO,ASIAGO,NA,NA
2025-05-12 07:48:52,AB123CD,VEH001,RFD20250203051,Presente,SECCO,SECCO PAP,UTZ003,45.6501,11.8269,TOMBOLO,TOMBOLO,CAMPOSAMPIERO,1100,26
2025-05-12 08:12:08,AB123CD,VEH001,RFD20250512016,Presente,SECCO,SECCO PAP,UTZ019,45.7748,11.8023,MUSSOLENTE,MUSSOLENTE,BASSANO,1100,26
2025-05-12 08:49:13,EF456GH,VEH002,RFD20241014011,Presente,CARTA,CARTA CONT.STRADALI,UTZ034,45.6441,11.8630,SAN MARTINO DI LUPARI,SAN MARTINO DI LUPARI,CAMPOSAMPIERO,1100,26
2025-05-12 09:02:00,EF456GH,VEH002,RFD20250331008,Presente,CARTA,CARTA CONT.STRADALI,UTZ001,45.5241,11.8288,CURTAROLO,CURTAROLO,CAMPOSAMPIERO,240,26
2025-05-12 09:16:50,EF456GH,VEH002,RFD20241014191,Presente,CARTA,CARTA CONT.STRADALI,UTZ005,45.3680,11.6629,ROVOLON,ROVOLON,RUBANO,1100,26
2025-05-12 09:29:27,AB123CD,VEH001,RFD20250512160,Presente,SECCO,SECCO PAP,UTZ029,45.8625,11.5239,ASIAGO,ASIAGO,ASIAGO,1100,26
2025-05-12 13:00:26,OP012QR,VEH004,RFD20241014024,Presente,SECCO,SECCO PAP,UTZ040,45.5362,11.9674,BORGORICCO,BORGORICCO,CAMPOSAMPIERO,1100,26
2025-05-12 14:44:19,IL789MN,VEH003,RFD20241028145,Presente,UMIDO,UMIDO CONT.STRADALI,UTZ006,45.4286,11.7849,RUBANO,RUBANO,RUBANO,240,26
2025-05-12 15:44:16,OP012QR,VEH004,RFD20250203302,Presente,SECCO,SECCO PAP,UTZ002,45.7303,11.6744,MAROSTICA,NOVE,BASSANO,1100,26
2025-05-12 16:31:22,OP012QR,VEH004,RFD20241028163,Presente,SECCO,SECCO PAP,UTZ003,45.7274,11.7667,ROSA',ROSA',BASSANO,1100,26
2025-05-12 18:41:40,OP012QR,VEH004,RFD20250203302,Presente,SECCO,SECCO PAP,UTZ002,45.7425,11.6605,MAROSTICA,MAROSTICA,BASSANO,1100,26
2025-05-12 18:58:41,EF456GH,VEH002,RFD20241001301,Non Presente,NA,CARTA CONT.STRADALI,NA,45.5658,11.9399,NA,CAMPOSAMPIERO,CAMPOSAMPIERO,NA,NA
2025-05-13 06:06:48,ST345UV,VEH005,RFD20241001301,Non Presente,NA,PULIZIA TERRIT.,NA,45.5658,11.9399,NA,CAMPOSAMPIERO,CAMPOSAMPIERO,NA,NA
2025-05-13 07:38:21,AB123CD,VEH001,RFD20241001103,Presente,CARTA,CARTA/CARTONE PAP,UTZ013,45.5661,11.9179,CAMPOSAMPIERO,CAMPOSAMPIERO,CAMPOSAMPIERO,240,26
2025-05-13 09:31:17,IL789MN,VEH003,RFD20241001072,Presente,UMIDO,UMIDO PAP,UTZ003,45.8084,11.5991,LUSIANA CONCO,LUSIANA CONCO,ASIAGO,240,26
2025-05-13 09:54:59,IL789MN,VEH003,RFD20241001152,Presente,UMIDO,UMIDO PAP,UTZ037,45.4372,11.9251,CADONEGHE,CADONEGHE,CAMPOSAMPIERO,240,26
2025-05-13 13:00:07,IL789MN,VEH003,RFD20241001122,Presente,PLASTICA E METALLI,PLASTICA PAP,UTZ012,45.8053,11.7262,POVE DEL GRAPPA,POVE DEL GRAPPA,BASSANO,770,26
2025-05-13 13:36:47,OP012QR,VEH004,RFD20250203302,Presente,SECCO,SECCO PAP,UTZ002,45.7425,11.6601,MAROSTICA,MAROSTICA,BASSANO,1100,26
2025-05-13 14:09:37,ST345UV,VEH005,RFD20241001114,Presente,PLASTICA E METALLI,PLAST.CONT.STRADALI,UTZ005,45.8612,11.5202,ASIAGO,ASIAGO,ASIAGO,770,26
2025-05-13 14:42:04,IL789MN,VEH003,RFD20241001158,Presente,PLASTICA E METALLI,PLASTICA PAP,UTZ034,45.6543,11.8572,SAN MARTINO DI LUPARI,SAN MARTINO DI LUPARI,CAMPOSAMPIERO,770,26
2025-05-13 14:55:39,OP012QR,VEH004,RFD20241001181,Presente,SECCO,SECCO PAP,UTZ008,45.6544,11.6826,POZZOLEONE,POZZOLEONE,BASSANO,1100,26
2025-05-13 15:28:50,OP012QR,VEH004,RFD20241015048,Presente,SECCO,SECCO PAP,UTZ030,45.4295,11.7921,RUBANO,RUBANO,RUBANO,1100,26
2025-05-13 15:35:23,OP012QR,VEH004,RFD20241001058,Presente,SECCO,SECCO PAP,UTZ035,45.3439,11.6639,TEOLO,TEOLO,RUBANO,1100,26
2025-05-13 16:46:28,OP012QR,VEH004,RFD20250203302,Presente,SECCO,SECCO PAP,UTZ002,45.7334,11.6709,MAROSTICA,MAROSTICA,BASSANO,1100,26
2025-05-13 18:01:53,ST345UV,VEH005,RFD20241001209,Non Presente,NA,PLAST.CONT.STRADALI,NA,45.6482,11.8299,NA,TOMBOLO,CAMPOSAMPIERO,NA,NA
2025-05-13 18:50:36,OP012QR,VEH004,RFD20241001301,Non Presente,NA,SECCO PAP,NA,45.5659,11.9400,NA,CAMPOSAMPIERO,CAMPOSAMPIERO,NA,NA
2025-05-14 06:06:52,EF456GH,VEH002,RFD20241001301,Non Presente,NA,CARTA CONT.STRADALI,NA,45.5658,11.9400,NA,CAMPOSAMPIERO,CAMPOSAMPIERO,NA,NA
2025-05-14 06:17:52,AB123CD,VEH001,RFD20241001301,Non Presente,NA,SECCO PAP,NA,45.5659,11.9399,NA,CAMPOSAMPIERO,CAMPOSAMPIERO,NA,NA
2025-05-14 06:42:12,AB123CD,VEH001,RFD20241002049,Presente,SECCO,SECCO PAP,UTZ003,45.3395,11.7381,TORREGLIA,TORREGLIA,RUBANO,1100,26
2025-05-14 07:31:02,EF456GH,VEH002,RFD20241002071,Presente,CARTA,CARTA CONT.STRADALI,UTZ033,45.4325,11.7847,RUBANO,RUBANO,RUBANO,1100,26
2025-05-14 08:35:26,EF456GH,VEH002,RFD20241002131,Presente,CARTA,CARTA CONT.STRADALI,UTZ001,45.8910,11.6338,FOZA,FOZA,ASIAGO,240,26
2025-05-14 08:45:48,AB123CD,VEH001,RFD20250514018,Presente,SECCO,SECCO PAP,UTZ005,45.7963,11.7361,POVE DEL GRAPPA,POVE DEL GRAPPA,BASSANO,1100,26
2025-05-14 09:13:44,AB123CD,VEH001,RFD20241002105,Presente,SECCO,SECCO PAP,UTZ002,45.7146,11.7668,ROSA',ROSA',BASSANO,240,26
2025-05-14 10:04:16,EF456GH,VEH002,RFD20241002073,Presente,CARTA,CARTA CONT.STRADALI,UTZ050,45.4022,11.7537,SACCOLONGO,SACCOLONGO,RUBANO,1100,26
2025-05-14 10:15:25,AB123CD,VEH001,RFD20241002183,Presente,SECCO,SECCO PAP,UTZ009,45.7284,11.7951,CASSOLA,CASSOLA,BASSANO,1100,26
2025-05-14 13:28:04,OP012QR,VEH004,RFD20241002203,Non Presente,NA,SECCO PAP,NA,45.3695,11.6595,NA,ROVOLON,RUBANO,NA,NA
2025-05-14 13:50:02,OP012QR,VEH004,RFD20241002078,Presente,SECCO,SECCO PAP,UTZ009,45.8878,11.5488,GALLIO,GALLIO,ASIAGO,1100,26
2025-05-14 13:53:42,OP012QR,VEH004,RFD20241002094,Presente,SECCO,SECCO PAP,UTZ005,45.5786,11.9239,CAMPOSAMPIERO,CAMPOSAMPIERO,CAMPOSAMPIERO,240,26
2025-05-14 14:30:32,IL789MN,VEH003,RFD20241002217,Non Presente,NA,VERDE PAP,NA,45.6309,11.6935,NA,CARMIGNANO DI BRENTA,CAMPOSAMPIERO,NA,NA
2025-05-14 14:37:02,IL789MN,VEH003,RFD20241016234,Non Presente,NA,VERDE PAP,NA,45.5603,11.8172,NA,CAMPO SAN MARTINO,CAMPOSAMPIERO,NA,NA
2025-05-14 14:45:58,OP012QR,VEH004,RFD20241002184,Presente,SECCO,SECCO PAP,UTZ002,45.7698,11.7358,BASSANO DEL GRAPPA,BASSANO DEL GRAPPA,BASSANO,1100,26
2025-05-14 14:46:31,OP012QR,VEH004,RFD20250203302,Presente,SECCO,SECCO PAP,UTZ002,45.7345,11.6917,MAROSTICA,BASSANO DEL GRAPPA,BASSANO,1100,26
2025-05-14 14:53:30,OP012QR,VEH004,RFD20241030037,Presente,SECCO,SECCO PAP,UTZ014,45.8813,11.5386,GALLIO,GALLIO,ASIAGO,1100,26
2025-05-14 15:49:18,IL789MN,VEH003,RFD20241016234,Non Presente,NA,VERDE PAP,NA,45.5603,11.8170,NA,CAMPO SAN MARTINO,CAMPOSAMPIERO,NA,NA
2025-05-14 16:16:13,IL789MN,VEH003,RFD20241002015,Presente,VERDE E RAMAGLIE,VERDE PAP,UTZ030,45.6655,11.8192,GALLIERA VENETA,GALLIERA VENETA,CAMPOSAMPIERO,1100,26
2025-05-14 16:52:57,ST345UV,VEH005,RFD20241002053,Presente,VETRO,VETRO PAP,UTZ022,45.7623,11.7437,BASSANO DEL GRAPPA,BASSANO DEL GRAPPA,BASSANO,1100,26
2025-05-14 17:10:09,IL789MN,VEH003,RFD20241002198,Presente,VERDE E RAMAGLIE,VERDE PAP,UTZ001,45.8723,11.5268,ASIAGO,ASIAGO,ASIAGO,240,26
2025-05-14 17:58:48,IL789MN,VEH003,RFD20241030027,Presente,VERDE E RAMAGLIE,VERDE PAP,UTZ024,45.3837,11.9774,SAONARA,SAONARA,CAMPOSAMPIERO,240,26
2025-05-14 18:55:16,OP012QR,VEH004,RFD20250203302,Presente,SECCO,SECCO PAP,UTZ002,45.7346,11.6695,MAROSTICA,MAROSTICA,BASSANO,1100,26
2025-05-15 06:19:36,EF456GH,VEH002,RFD20241001301,Non Presente,NA,VETRO PAP,NA,45.5658,11.9399,NA,CAMPOSAMPIERO,CAMPOSAMPIERO,NA,NA
2025-05-15 06:25:01,AB123CD,VEH001,RFD20241017188,Presente,CARTA,CARTA/CARTONE PAP,UTZ015,45.5635,12.0209,MASSANZAGO,MASSANZAGO,CAMPOSAMPIERO,240,26
2025-05-15 08:22:40,AB123CD,VEH001,RFD20241003141,Presente,CARTA,CARTA/CARTONE PAP,UTZ008,45.5763,11.7105,GAZZO,GAZZO,CAMPOSAMPIERO,1100,26
2025-05-15 08:23:19,AB123CD,VEH001,RFD20241031097,Presente,CARTA,CARTA/CARTONE PAP,UTZ011,45.6009,11.8143,SAN GIORGIO IN BOSCO,SAN GIORGIO IN BOSCO,CAMPOSAMPIERO,1100,26
2025-05-15 08:32:07,AB123CD,VEH001,RFD20241003096,Presente,CARTA,CARTA/CARTONE PAP,UTZ017,45.5710,11.9268,CAMPOSAMPIERO,CAMPOSAMPIERO,CAMPOSAMPIERO,1100,26
2025-05-15 10:26:26,EF456GH,VEH002,RFD20241003157,Presente,VETRO,VETRO PAP,UTZ013,45.4909,11.7439,CAMPODORO,CAMPODORO,RUBANO,1100,26
2025-05-15 10:52:47,EF456GH,VEH002,RFD20250123212,Non Presente,NA,VETRO PAP,NA,45.4273,11.7902,NA,RUBANO,RUBANO,NA,NA
2025-05-15 12:28:30,EF456GH,VEH002,RFD20241003230,Non Presente,NA,VETRO PAP,NA,45.6960,11.6362,NA,SCHIAVON,BASSANO,NA,NA
2025-05-15 13:35:21,IL789MN,VEH003,RFD20241003127,Presente,UMIDO,UMIDO CONT.STRADALI,UTZ001,45.7726,11.7289,BASSANO DEL GRAPPA,BASSANO DEL GRAPPA,BASSANO,240,26
2025-05-15 13:39:37,ST345UV,VEH005,RFD20241003138,Presente,PLASTICA E METALLI,PLAST.CONT.STRADALI,UTZ005,45.6086,11.6728,SAN PIETRO IN GU,SAN PIETRO IN GU,CAMPOSAMPIERO,770,26
2025-05-15 14:34:09,OP012QR,VEH004,RFD20241003061,Presente,SECCO,SECCO PAP,UTZ002,45.5340,11.9613,BORGORICCO,BORGORICCO,CAMPOSAMPIERO,1100,26
2025-05-15 14:47:48,OP012QR,VEH004,RFD20250203302,Presente,SECCO,SECCO PAP,UTZ002,45.7363,11.6939,MAROSTICA,BASSANO DEL GRAPPA,BASSANO,1100,26
2025-05-15 16:29:58,OP012QR,VEH004,RFD20241003164,Presente,SECCO,SECCO PAP,UTZ003,45.7794,11.7297,BASSANO DEL GRAPPA,BASSANO DEL GRAPPA,BASSANO,240,26
2025-05-15 16:51:38,IL789MN,VEH003,RFD20241003303,Presente,UMIDO,UMIDO CONT.STRADALI,UTZ002,45.7830,11.8062,MUSSOLENTE,MUSSOLENTE,BASSANO,240,26
2025-05-15 17:38:07,OP012QR,VEH004,RFD20250203302,Presente,SECCO,SECCO PAP,UTZ002,45.7405,11.6995,MAROSTICA,BASSANO DEL GRAPPA,BASSANO,1100,26
2025-05-16 06:47:57,AB123CD,VEH001,RFD20241004065,Presente,SECCO,SECCO PAP,UTZ007,45.6155,11.6652,SAN PIETRO IN GU,SAN PIETRO IN GU,CAMPOSAMPIERO,1100,26
2025-05-16 07:09:19,AB123CD,VEH001,RFD20250207211,Non Presente,NA,SECCO PAP,NA,45.7172,11.6854,NA,NOVE,BASSANO,NA,NA
2025-05-16 07:52:08,AB123CD,VEH001,RFD20241004003,Presente,SECCO,SECCO PAP,UTZ008,45.4363,11.7856,RUBANO,RUBANO,RUBANO,240,26
2025-05-16 08:39:43,EF456GH,VEH002,RFD20241004123,Presente,CARTA,CARTA CONT.STRADALI,UTZ032,45.6490,11.7783,CITTADELLA,CITTADELLA,CAMPOSAMPIERO,240,26
2025-05-16 09:24:16,EF456GH,VEH002,RFD20250221038,Presente,CARTA,CARTA CONT.STRADALI,UTZ005,45.6902,11.6328,SCHIAVON,SCHIAVON,BASSANO,240,26
2025-05-16 09:45:53,EF456GH,VEH002,RFD20241018161,Presente,CARTA,CARTA CONT.STRADALI,UTZ034,45.5713,11.9296,CAMPOSAMPIERO,CAMPOSAMPIERO,CAMPOSAMPIERO,1100,26
2025-05-16 10:13:38,EF456GH,VEH002,RFD20241004197,Presente,CARTA,CARTA CONT.STRADALI,UTZ018,45.8648,11.5125,ASIAGO,ASIAGO,ASIAGO,240,26
2025-05-16 11:04:39,AB123CD,VEH001,RFD20241004137,Presente,SECCO,SECCO PAP,UTZ012,45.5273,11.9708,BORGORICCO,BORGORICCO,CAMPOSAMPIERO,1100,26
2025-05-16 11:08:22,EF456GH,VEH002,RFD20241004159,Presente,CARTA,CARTA CONT.STRADALI,UTZ004,45.4416,11.7880,RUBANO,RUBANO,RUBANO,1100,26
2025-05-16 11:31:15,EF456GH,VEH002,RFD20241004028,Presente,CARTA,CARTA CONT.STRADALI,UTZ005,45.8599,11.3939,ROTZO,ROTZO,ASIAGO,240,26
2025-05-16 12:17:11,OP012QR,VEH004,RFD20241101042,Presente,SECCO,SECCO PAP,UTZ001,45.3869,11.7893,SELVAZZANO DENTRO,SELVAZZANO DENTRO,RUBANO,1100,26
2025-05-16 13:34:06,OP012QR,VEH004,RFD20250418055,Presente,SECCO,SECCO PAP,UTZ002,45.8007,11.6138,LUSIANA CONCO,LUSIANA CONCO,ASIAGO,240,26
2025-05-16 13:41:25,OP012QR,VEH004,RFD20241004044,Presente,SECCO,SECCO PAP,UTZ009,45.6807,11.6935,TEZZE SUL BRENTA,TEZZE SUL BRENTA,BASSANO,240,26
2025-05-16 14:44:18,IL789MN,VEH003,RFD20241004177,Presente,PLASTICA E METALLI,PLASTICA PAP,UTZ048,45.7667,11.7334,BASSANO DEL GRAPPA,BASSANO DEL GRAPPA,BASSANO,770,26
2025-05-16 15:47:25,OP012QR,VEH004,RFD20241018010,Presente,SECCO,SECCO PAP,UTZ001,45.3635,11.9845,SAONARA,SAONARA,CAMPOSAMPIERO,1100,26
2025-05-16 16:27:07,ST345UV,VEH005,RFD20241004115,Presente,VETRO,VETRO PAP,UTZ001,45.4291,11.7849,RUBANO,RUBANO,RUBANO,1100,26
2025-05-16 16:39:29,OP012QR,VEH004,RFD20250203302,Presente,SECCO,SECCO PAP,UTZ002,45.7364,11.6674,MAROSTICA,MAROSTICA,BASSANO,1100,26
2025-05-16 17:12:31,ST345UV,VEH005,RFD20241004185,Presente,VETRO,VETRO PAP,UTZ043,45.4035,11.7498,SACCOLONGO,SACCOLONGO,RUBANO,1100,26
2025-05-16 17:57:18,OP012QR,VEH004,RFD20250203302,Presente,SECCO,SECCO PAP,UTZ002,45.7352,11.6925,MAROSTICA,BASSANO DEL GRAPPA,BASSANO,1100,26
2025-05-16 18:38:05,OP012QR,VEH004,RFD20241001301,Non Presente,NA,SECCO PAP,NA,45.5658,11.9399,NA,CAMPOSAMPIERO,CAMPOSAMPIERO,NA,NA
2025-05-17 06:16:10,ST345UV,VEH005,RFD20241001301,Non Presente,NA,SERVIZI MERCATI,NA,45.5658,11.9399,NA,CAMPOSAMPIERO,CAMPOSAMPIERO,NA,NA
2025-05-17 12:17:31,OP012QR,VEH004,RFD20241005091,Presente,SECCO,SECCO PAP,UTZ016,45.5854,11.8056,SAN GIORGIO IN BOSCO,SAN GIORGIO IN BOSCO,CAMPOSAMPIERO,1100,26
2025-05-17 13:06:34,OP012QR,VEH004,RFD20250203302,Presente,SECCO,SECCO PAP,UTZ002,45.7433,11.7036,MAROSTICA,BASSANO DEL GRAPPA,BASSANO,1100,26
2025-05-17 14:13:00,OP012QR,VEH004,RFD20241005012,Presente,SECCO,SECCO PAP,UTZ035,45.8085,11.7286,POVE DEL GRAPPA,POVE DEL GRAPPA,BASSANO,1100,26
2025-05-17 14:57:09,IL789MN,VEH003,RFD20241005169,Presente,VERDE E RAMAGLIE,VERDE PAP,UTZ008,45.6471,11.6823,POZZOLEONE,POZZOLEONE,BASSANO,240,26
2025-05-17 15:16:06,OP012QR,VEH004,RFD20241019135,Presente,SECCO,SECCO PAP,UTZ019,45.6501,11.8548,SAN MARTINO DI LUPARI,SAN MARTINO DI LUPARI,CAMPOSAMPIERO,240,26
2025-05-17 16:01:13,IL789MN,VEH003,RFD20241005144,Presente,VERDE E RAMAGLIE,VERDE PAP,UTZ013,45.4201,11.6829,CERVARESE SANTA CROCE,CERVARESE SANTA CROCE,RUBANO,240,26
2025-05-17 16:32:32,OP012QR,VEH004,RFD20250203302,Presente,SECCO,SECCO PAP,UTZ002,45.7298,11.6751,MAROSTICA,NOVE,BASSANO,1100,26
2025-05-17 17:42:49,IL789MN,VEH003,RFD20241005064,Presente,VERDE E RAMAGLIE,VERDE PAP,UTZ010,45.3062,11.7337,GALZIGNANO TERME,GALZIGNANO TERME,RUBANO,240,26
2025-05-18 07:00:00,AB123CD,VEH001,RFD20241006101,Presente,CARTA,CARTA CONT.STRADALI,UTZ012,45.5775,11.9330,CAMPOSAMPIERO,CAMPOSAMPIERO,CAMPOSAMPIERO,1100,26
2025-05-18 07:18:26,AB123CD,VEH001,RFD20241006147,Presente,CARTA,CARTA CONT.STRADALI,UTZ003,45.3317,11.7375,TORREGLIA,TORREGLIA,RUBANO,240,26
2025-05-18 07:54:21,AB123CD,VEH001,RFD20241006174,Presente,CARTA,CARTA CONT.STRADALI,UTZ003,45.3068,11.7164,GALZIGNANO TERME,GALZIGNANO TERME,RUBANO,240,26
2025-05-18 08:08:05,AB123CD,VEH001,RFD20241006168,Presente,CARTA,CARTA CONT.STRADALI,UTZ003,45.5471,12.0106,MASSANZAGO,MASSANZAGO,CAMPOSAMPIERO,1100,26
2025-05-18 08:57:23,AB123CD,VEH001,RFD20241020036,Presente,CARTA,CARTA CONT.STRADALI,UTZ007,45.6520,11.7818,CITTADELLA,CITTADELLA,CAMPOSAMPIERO,1100,26
2025-05-18 09:00:08,AB123CD,VEH001,RFD20241006180,Presente,CARTA,CARTA CONT.STRADALI,UTZ003,45.6361,11.7543,FONTANIVA,FONTANIVA,CAMPOSAMPIERO,240,26
2025-05-18 09:05:27,AB123CD,VEH001,RFD20241006192,Presente,CARTA,CARTA CONT.STRADALI,UTZ001,45.6510,11.8275,TOMBOLO,TOMBOLO,CAMPOSAMPIERO,1100,26
2025-05-18 09:31:13,AB123CD,VEH001,RFD20241006066,Presente,CARTA,CARTA CONT.STRADALI,UTZ011,45.3103,11.7321,GALZIGNANO TERME,GALZIGNANO TERME,RUBANO,1100,26
2025-05-18 10:40:22,AB123CD,VEH001,RFD20241006134,Presente,CARTA,CARTA CONT.STRADALI,UTZ001,45.5031,11.9009,CAMPODARSEGO,CAMPODARSEGO,CAMPOSAMPIERO,240,26
2025-05-19 06:09:05,IL789MN,VEH003,RFD20241001301,Non Presente,NA,UMIDO PAP,NA,45.5658,11.9399,NA,CAMPOSAMPIERO,CAMPOSAMPIERO,NA,NA
2025-05-19 06:15:24,EF456GH,VEH002,RFD20241001301,Non Presente,NA,CARTA CONT.STRADALI,NA,45.5657,11.9399,NA,CAMPOSAMPIERO,CAMPOSAMPIERO,NA,NA
2025-05-19 06:50:53,AB123CD,VEH001,RFD20241007126,Presente,SECCO,SECCO PAP,UTZ001,45.6476,11.6837,POZZOLEONE,POZZOLEONE,BASSANO,1100,26
2025-05-19 06:53:31,IL789MN,VEH003,RFD20241007043,Presente,UMIDO,UMIDO PAP,UTZ001,45.7954,11.7345,POVE DEL GRAPPA,POVE DEL GRAPPA,BASSANO,240,26
2025-05-19 08:12:25,AB123CD,VEH001,RFD20241007113,Presente,SECCO,SECCO PAP,UTZ022,45.4248,11.7900,RUBANO,RUBANO,RUBANO,1100,26
2025-05-19 08:26:22,IL789MN,VEH003,RFD20241007142,Presente,UMIDO,UMIDO PAP,UTZ001,45.3362,11.7884,MONTEGROTTO TERME,MONTEGROTTO TERME,RUBANO,770,26
2025-05-19 12:26:33,OP012QR,VEH004,RFD20241007090,Presente,SECCO,SECCO PAP,UTZ021,45.7166,11.6078,COLCERESA,COLCERESA,BASSANO,1100,26
2025-05-19 12:46:45,OP012QR,VEH004,RFD20241007190,Presente,SECCO,SECCO PAP,UTZ031,45.4335,11.7794,RUBANO,RUBANO,RUBANO,1100,26
2025-05-19 13:00:16,OP012QR,VEH004,RFD20250203302,Presente,SECCO,SECCO PAP,UTZ002,45.7293,11.6760,MAROSTICA,NOVE,BASSANO,1100,26
2025-05-19 13:10:03,OP012QR,VEH004,RFD20241007193,Presente,SECCO,SECCO PAP,UTZ005,45.6646,11.8334,GALLIERA VENETA,GALLIERA VENETA,CAMPOSAMPIERO,240,26
2025-05-19 13:13:04,OP012QR,VEH004,RFD20250203302,Presente,SECCO,SECCO PAP,UTZ002,45.7408,11.6622,MAROSTICA,MAROSTICA,BASSANO,1100,26
2025-05-19 13:25:03,IL789MN,VEH003,RFD20250505199,Presente,UMIDO,UMIDO CONT.STRADALI,UTZ034,45.4280,11.7886,RUBANO,RUBANO,RUBANO,240,26
2025-05-19 13:36:57,IL789MN,VEH003,RFD20241007233,Non Presente,NA,UMIDO CONT.STRADALI,NA,45.3298,11.8014,NA,MONTEGROTTO TERME,RUBANO,NA,NA
2025-05-19 13:58:26,IL789MN,VEH003,RFD20241007067,Presente,UMIDO,UMIDO CONT.STRADALI,UTZ010,45.3995,11.7455,SACCOLONGO,SACCOLONGO,RUBANO,770,26
2025-05-19 14:00:22,ST345UV,VEH005,RFD20241007039,Presente,VETRO,VETRO PAP,UTZ025,45.5288,11.9681,BORGORICCO,BORGORICCO,CAMPOSAMPIERO,770,26
2025-05-19 14:59:35,ST345UV,VEH005,RFD20241007076,Presente,VETRO,VETRO PAP,UTZ001,45.7717,11.7307,BASSANO DEL GRAPPA,BASSANO DEL GRAPPA,BASSANO,1100,26
2025-05-19 15:25:39,IL789MN,VEH003,RFD20241007148,Presente,UMIDO,UMIDO CONT.STRADALI,UTZ025,45.7743,11.7215,BASSANO DEL GRAPPA,BASSANO DEL GRAPPA,BASSANO,240,26
2025-05-19 15:31:02,ST345UV,VEH005,RFD20241007081,Presente,VETRO,VETRO PAP,UTZ003,45.7213,11.7651,ROSA',ROSA',BASSANO,1100,26
2025-05-19 15:37:29,IL789MN,VEH003,RFD20241007054,Presente,UMIDO,UMIDO CONT.STRADALI,UTZ013,45.6525,11.8165,TOMBOLO,TOMBOLO,CAMPOSAMPIERO,240,26
2025-05-19 17:26:20,OP012QR,VEH004,RFD20241007120,Presente,SECCO,SECCO PAP,UTZ002,45.4333,11.7854,RUBANO,RUBANO,RUBANO,1100,26
2025-05-20 06:20:49,ST345UV,VEH005,RFD20241001301,Non Presente,NA,PULIZIA TERRIT.,NA,45.5658,11.9400,NA,CAMPOSAMPIERO,CAMPOSAMPIERO,NA,NA
2025-05-20 06:26:43,AB123CD,VEH001,RFD20241008171,Presente,CARTA,CARTA/CARTONE PAP,UTZ023,45.7279,11.7640,ROSA',ROSA',BASSANO,240,26
2025-05-20 09:03:48,EF456GH,VEH002,RFD20241008026,Presente,VETRO,VETRO PAP,UTZ008,45.7923,11.7305,POVE DEL GRAPPA,POVE DEL GRAPPA,BASSANO,1100,26
2025-05-20 09:05:51,AB123CD,VEH001,RFD20241022136,Presente,CARTA,CARTA/CARTONE PAP,UTZ038,45.7886,11.7574,ROMANO D'EZZELINO,ROMANO D'EZZELINO,BASSANO,240,26
2025-05-20 10:22:38,IL789MN,VEH003,RFD20241008059,Presente,UMIDO,UMIDO PAP,UTZ001,45.4023,11.7943,SELVAZZANO DENTRO,SELVAZZANO DENTRO,RUBANO,240,26
2025-05-20 11:06:26,AB123CD,VEH001,RFD20241008062,Presente,CARTA,CARTA/CARTONE PAP,UTZ002,45.3628,11.6656,ROVOLON,ROVOLON,RUBANO,1100,26
2025-05-20 12:58:27,OP012QR,VEH004,RFD20241008077,Presente,SECCO,SECCO PAP,UTZ024,45.3616,11.6634,ROVOLON,ROVOLON,RUBANO,1100,26
2025-05-20 13:00:00,ST345UV,VEH005,RFD20241008023,Presente,PLASTICA E METALLI,PLAST.CONT.STRADALI,UTZ027,45.3023,11.7241,GALZIGNANO TERME,GALZIGNANO TERME,RUBANO,770,26
2025-05-20 13:29:33,OP012QR,VEH004,RFD20241008155,Presente,SECCO,SECCO PAP,UTZ002,45.8753,11.5203,ASIAGO,ASIAGO,ASIAGO,240,26
2025-05-20 13:38:54,OP012QR,VEH004,RFD20250203302,Presente,SECCO,SECCO PAP,UTZ002,45.7376,11.6661,MAROSTICA,MAROSTICA,BASSANO,1100,26
2025-05-20 13:39:28,OP012QR,VEH004,RFD20241008102,Presente,SECCO,SECCO PAP,UTZ024,45.8897,11.6268,FOZA,FOZA,ASIAGO,1100,26
2025-05-20 14:58:52,OP012QR,VEH004,RFD20250203302,Presente,SECCO,SECCO PAP,UTZ002,45.7440,11.6586,MAROSTICA,MAROSTICA,BASSANO,1100,26
2025-05-20 15:47:34,IL789MN,VEH003,RFD20241008032,Presente,PLASTICA E METALLI,PLASTICA PAP,UTZ026,45.3984,11.7486,SACCOLONGO,SACCOLONGO,RUBANO,770,26
2025-05-20 16:24:54,ST345UV,VEH005,RFD20241008187,Presente,PLASTICA E METALLI,PLAST.CONT.STRADALI,UTZ002,45.6584,11.8264,GALLIERA VENETA,GALLIERA VENETA,CAMPOSAMPIERO,770,26
2025-05-20 16:51:40,OP012QR,VEH004,RFD20241008099,Presente,SECCO,SECCO PAP,UTZ015,45.7172,11.7677,ROSA',ROSA',BASSANO,1100,26
2025-05-21 06:23:26,ST345UV,VEH005,RFD20241001301,Non Presente,NA,ASSISTENTE SERVIZI,NA,45.5658,11.9399,NA,CAMPOSAMPIERO,CAMPOSAMPIERO,NA,NA
2025-05-21 06:30:04,ST345UV,VEH005,RFD20241009227,Non Presente,NA,ASSISTENTE SERVIZI,NA,45.8963,11.5507,NA,GALLIO,ASIAGO,NA,NA
2025-05-21 07:00:43,AB123CD,VEH001,RFD20241009151,Presente,SECCO,SECCO PAP,UTZ026,45.5941,11.9392,LOREGGIA,LOREGGIA,CAMPOSAMPIERO,240,26
2025-05-21 07:23:53,AB123CD,VEH001,RFD20241009041,Presente,SECCO,SECCO PAP,UTZ001,45.5654,11.8987,SANTA GIUSTINA IN COLLE,SANTA GIUSTINA IN COLLE,CAMPOSAMPIERO,1100,26
2025-05-21 07:59:09,AB123CD,VEH001,RFD20241009128,Presente,SECCO,SECCO PAP,UTZ002,45.4110,11.7370,SACCOLONGO,SACCOLONGO,RUBANO,1100,26
2025-05-21 09:38:01,AB123CD,VEH001,RFD20241009093,Presente,SECCO,SECCO PAP,UTZ040,45.7098,11.7973,ROSSANO VENETO,ROSSANO VENETO,BASSANO,1100,26
2025-05-21 09:41:32,AB123CD,VEH001,RFD20241009111,Presente,SECCO,SECCO PAP,UTZ042,45.6086,11.6742,SAN PIETRO IN GU,SAN PIETRO IN GU,CAMPOSAMPIERO,240,26
2025-05-21 10:43:43,AB123CD,VEH001,RFD20241009106,Presente,SECCO,SECCO PAP,UTZ004,45.7672,11.7352,BASSANO DEL GRAPPA,BASSANO DEL GRAPPA,BASSANO,240,26
2025-05-21 10:54:56,AB123CD,VEH001,RFD20241009108,Presente,SECCO,SECCO PAP,UTZ003,45.6956,11.7108,TEZZE SUL BRENTA,TEZZE SUL BRENTA,BASSANO,240,26
2025-05-21 13:05:09,OP012QR,VEH004,RFD20250203302,Presente,SECCO,SECCO PAP,UTZ002,45.7374,11.6659,MAROSTICA,MAROSTICA,BASSANO,1100,26
2025-05-21 13:46:50,OP012QR,VEH004,RFD20241009107,Presente,SECCO,SECCO PAP,UTZ033,45.5706,11.9323,CAMPOSAMPIERO,CAMPOSAMPIERO,CAMPOSAMPIERO,1100,26
2025-05-21 13:55:12,OP012QR,VEH004,RFD20250203302,Presente,SECCO,SECCO PAP,UTZ002,45.7267,11.6816,MAROSTICA,NOVE,BASSANO,1100,26
2025-05-21 14:20:53,ST345UV,VEH005,RFD20241009150,Presente,VETRO,VETRO PAP,UTZ027,45.5793,11.9327,CAMPOSAMPIERO,CAMPOSAMPIERO,CAMPOSAMPIERO,1100,26
2025-05-21 14:45:01,IL789MN,VEH003,RFD20241009045,Presente,VERDE E RAMAGLIE,VERDE PAP,UTZ030,45.5618,12.0079,MASSANZAGO,MASSANZAGO,CAMPOSAMPIERO,240,26
2025-05-21 14:50:20,IL789MN,VEH003,RFD20241009205,Non Presente,NA,VERDE PAP,NA,45.8677,11.5018,NA,ASIAGO,ASIAGO,NA,NA
2025-05-21 15:36:08,OP012QR,VEH004,RFD20241009085,Presente,SECCO,SECCO PAP,UTZ016,45.4842,11.8339,LIMENA,LIMENA,RUBANO,1100,26
2025-05-21 15:53:22,OP012QR,VEH004,RFD20241009140,Presente,SECCO,SECCO PAP,UTZ002,45.9448,11.7208,ENEGO,ENEGO,ASIAGO,1100,26
2025-05-22 06:11:36,EF456GH,VEH002,RFD20241001301,Non Presente,NA,VETRO PAP,NA,45.5658,11.9400,NA,CAMPOSAMPIERO,CAMPOSAMPIERO,NA,NA
2025-05-22 07:59:01,IL789MN,VEH003,RFD20241010068,Presente,UMIDO,UMIDO PAP,UTZ004,45.4898,11.7450,CAMPODORO,CAMPODORO,RUBANO,240,26
2025-05-22 09:49:28,AB123CD,VEH001,RFD20241010013,Presente,CARTA,CARTA/CARTONE PAP,UTZ009,45.7803,11.7404,BASSANO DEL GRAPPA,BASSANO DEL GRAPPA,BASSANO,1100,26
2025-05-22 10:03:21,AB123CD,VEH001,RFD20241010194,Presente,CARTA,CARTA/CARTONE PAP,UTZ017,45.7814,11.7308,BASSANO DEL GRAPPA,BASSANO DEL GRAPPA,BASSANO,240,26
2025-05-22 12:36:01,OP012QR,VEH004,RFD20250203302,Presente,SECCO,SECCO PAP,UTZ002,45.7420,11.6610,MAROSTICA,MAROSTICA,BASSANO,1100,26
2025-05-22 13:27:38,IL789MN,VEH003,RFD20241010178,Presente,UMIDO,UMIDO CONT.STRADALI,UTZ004,45.6588,11.8250,GALLIERA VENETA,GALLIERA VENETA,CAMPOSAMPIERO,240,26
2025-05-22 14:01:27,OP012QR,VEH004,RFD20250313133,Presente,SECCO,SECCO PAP,UTZ005,45.6414,11.7535,FONTANIVA,FONTANIVA,CAMPOSAMPIERO,1100,26
2025-05-22 14:04:04,ST345UV,VEH005,RFD20241010022,Presente,PLASTICA E METALLI,PLAST.CONT.STRADALI,UTZ032,45.3665,11.9842,SAONARA,SAONARA,CAMPOSAMPIERO,770,26
2025-05-22 14:43:48,IL789MN,VEH003,RFD20241010109,Presente,UMIDO,UMIDO CONT.STRADALI,UTZ018,45.7766,11.7331,BASSANO DEL GRAPPA,BASSANO DEL GRAPPA,BASSANO,770,26
2025-05-22 15:08:08,OP012QR,VEH004,00BD00000000000000000006,Presente,NA,SECCO PAP,SAC003,45.4254,11.7814,NA,RUBANO,RUBANO,NA,NA
2025-05-22 15:10:35,ST345UV,VEH005,RFD20241010154,Presente,PLASTICA E METALLI,PLAST.CONT.STRADALI,UTZ005,45.8641,11.5160,ASIAGO,ASIAGO,ASIAGO,770,26
2025-05-22 15:41:21,OP012QR,VEH004,RFD20241010119,Presente,SECCO,SECCO PAP,UTZ002,45.5623,11.9076,SANTA GIUSTINA IN COLLE,SANTA GIUSTINA IN COLLE,CAMPOSAMPIERO,1100,26
2025-05-22 16:35:26,OP012QR,VEH004,RFD20241010069,Presente,SECCO,SECCO PAP,UTZ020,45.7307,11.7589,ROSA',ROSA',BASSANO,240,26
2025-05-22 18:20:05,OP012QR,VEH004,RFD20250203302,Presente,SECCO,SECCO PAP,UTZ002,45.7450,11.6573,MAROSTICA,MAROSTICA,BASSANO,1100,26
2025-05-22 18:54:59,ST345UV,VEH005,RFD20241001301,Non Presente,NA,PLAST.CONT.STRADALI,NA,45.5658,11.9399,NA,CAMPOSAMPIERO,CAMPOSAMPIERO,NA,NA
2025-05-23 06:03:11,IL789MN,VEH003,RFD20241001301,Non Presente,NA,UMIDO PAP,NA,45.5658,11.9399,NA,CAMPOSAMPIERO,CAMPOSAMPIERO,NA,NA
2025-05-23 07:30:04,AB123CD,VEH001,RFD20241011132,Presente,SECCO,SECCO PAP,UTZ001,45.5771,11.9309,CAMPOSAMPIERO,CAMPOSAMPIERO,CAMPOSAMPIERO,1100,26
2025-05-23 07:56:40,AB123CD,VEH001,RFD20241025029,Presente,SECCO,SECCO PAP,UTZ001,45.7806,11.7920,MUSSOLENTE,MUSSOLENTE,BASSANO,240,26
2025-05-23 08:14:11,EF456GH,VEH002,RFD20241011223,Non Presente,NA,CARTA CONT.STRADALI,NA,45.9024,11.6324,NA,FOZA,ASIAGO,NA,NA
2025-05-23 08:22:05,AB123CD,VEH001,RFD20250523232,Non Presente,NA,SECCO PAP,NA,45.5732,11.7137,NA,GAZZO,CAMPOSAMPIERO,NA,NA
2025-05-23 09:30:13,AB123CD,VEH001,RFD20241011139,Presente,SECCO,SECCO PAP,UTZ002,45.6195,11.6596,SAN PIETRO IN GU,SAN PIETRO IN GU,CAMPOSAMPIERO,1100,26
2025-05-23 10:06:38,AB123CD,VEH001,RFD20241011176,Presente,SECCO,SECCO PAP,UTZ008,45.4677,11.8513,LIMENA,LIMENA,RUBANO,1100,26
2025-05-23 10:40:42,AB123CD,VEH001,RFD20250425200,Presente,SECCO,SECCO PAP,UTZ015,45.5441,11.9261,SAN GIORGIO DELLE PERTICHE,SAN GIORGIO DELLE PERTICHE,CAMPOSAMPIERO,1100,26
2025-05-23 11:14:39,AB123CD,VEH001,RFD20241025196,Presente,SECCO,SECCO PAP,UTZ029,45.8642,11.5203,ASIAGO,ASIAGO,ASIAGO,1100,26
2025-05-23 13:47:10,OP012QR,VEH004,RFD20250203302,Presente,SECCO,SECCO PAP,UTZ002,45.7355,11.6932,MAROSTICA,BASSANO DEL GRAPPA,BASSANO,1100,26
2025-05-23 13:52:32,ST345UV,VEH005,RFD20241011025,Presente,VETRO,VETRO PAP,UTZ031,45.5447,11.9056,SAN GIORGIO DELLE PERTICHE,SAN GIORGIO DELLE PERTICHE,CAMPOSAMPIERO,1100,13
2025-05-23 13:58:59,OP012QR,VEH004,RFD20241011121,Presente,SECCO,SECCO PAP,UTZ015,45.4086,11.7481,SACCOLONGO,SACCOLONGO,RUBANO,1100,26
2025-05-23 14:15:55,OP012QR,VEH004,RFD20250203302,Presente,SECCO,SECCO PAP,UTZ002,45.7308,11.6741,MAROSTICA,NOVE,BASSANO,1100,26
2025-05-23 14:36:28,OP012QR,VEH004,RFD20241011124,Presente,SECCO,SECCO PAP,UTZ001,45.6385,11.8460,SAN MARTINO DI LUPARI,SAN MARTINO DI LUPARI,CAMPOSAMPIERO,240,26
2025-05-23 15:14:37,ST345UV,VEH005,RFD20241011182,Presente,VETRO,VETRO PAP,UTZ047,45.5921,11.6998,GAZZO,GAZZO,CAMPOSAMPIERO,1100,26
2025-05-23 16:10:00,ST345UV,VEH005,RFD20241011125,Presente,VETRO,VETRO PAP,UTZ014,45.5745,11.9218,CAMPOSAMPIERO,CAMPOSAMPIERO,CAMPOSAMPIERO,1100,26
2025-05-23 16:22:34,IL789MN,VEH003,RFD20241011019,Presente,PLASTICA E METALLI,PLASTICA PAP,UTZ001,45.6000,12.0031,PIOMBINO DESE,PIOMBINO DESE,CAMPOSAMPIERO,770,26
2025-05-23 18:00:59,OP012QR,VEH004,RFD20241011004,Presente,SECCO,SECCO PAP,UTZ024,45.7923,11.7671,ROMANO D'EZZELINO,ROMANO D'EZZELINO,BASSANO,240,26
2025-05-24 07:38:31,AB123CD,VEH001,RFD20241012118,Presente,CARTA,CARTA/CARTONE PAP,UTZ019,45.6945,11.7069,TEZZE SUL BRENTA,TEZZE SUL BRENTA,BASSANO,1100,26
2025-05-24 08:33:48,IL789MN,VEH003,RFD20250215084,Presente,UMIDO,UMIDO PAP,UTZ022,45.6086,11.7352,GRANTORTO,GRANTORTO,CAMPOSAMPIERO,240,26
2025-05-24 08:57:55,AB123CD,VEH001,RFD20241012116,Presente,CARTA,CARTA/CARTONE PAP,UTZ009,45.3960,11.7908,SELVAZZANO DENTRO,SELVAZZANO DENTRO,RUBANO,240,26
2025-05-24 12:02:38,OP012QR,VEH004,RFD20241012082,Presente,SECCO,SECCO PAP,UTZ001,45.6589,11.8291,GALLIERA VENETA,GALLIERA VENETA,CAMPOSAMPIERO,240,26
2025-05-24 14:17:24,OP012QR,VEH004,RFD20250203302,Presente,SECCO,SECCO PAP,UTZ002,45.7433,11.7034,MAROSTICA,BASSANO DEL GRAPPA,BASSANO,1100,26
2025-05-24 14:23:15,IL789MN,VEH003,RFD20241012047,Presente,VERDE E RAMAGLIE,VERDE PAP,UTZ028,45.7547,11.7434,BASSANO DEL GRAPPA,BASSANO DEL GRAPPA,BASSANO,240,26
2025-05-24 15:11:51,IL789MN,VEH003,RFD20241008231,Non Presente,NA,VERDE PAP,NA,45.6866,11.7000,NA,TEZZE SUL BRENTA,BASSANO,NA,NA
2025-05-24 15:52:08,IL789MN,VEH003,RFD20241012089,Presente,VERDE E RAMAGLIE,VERDE PAP,UTZ017,45.7290,11.6734,NOVE,NOVE,BASSANO,240,26
2025-05-24 15:54:37,IL789MN,VEH003,RFD20241012052,Presente,VERDE E RAMAGLIE,VERDE PAP,UTZ002,45.6997,11.6387,SCHIAVON,SCHIAVON,BASSANO,1100,26
2025-05-24 17:13:07,OP012QR,VEH004,RFD20250203302,Presente,SECCO,SECCO PAP,UTZ002,45.7314,11.6875,MAROSTICA,NOVE,BASSANO,1100,26
2025-05-24 18:43:58,IL789MN,VEH003,RFD20241001301,Non Presente,NA,VERDE PAP,NA,45.5658,11.9399,NA,CAMPOSAMPIERO,CAMPOSAMPIERO,NA,NA
2025-05-25 07:30:50,AB123CD,VEH001,RFD20241013167,Presente,CARTA,CARTA CONT.STRADALI,UTZ022,45.9007,11.6395,FOZA,FOZA,ASIAGO,240,26
2025-05-25 07:34:02,AB123CD,VEH001,RFD20241013046,Presente,CARTA,CARTA CONT.STRADALI,UTZ035,45.3083,11.7298,GALZIGNANO TERME,GALZIGNANO TERME,RUBANO,240,26
2025-05-25 08:00:41,AB123CD,VEH001,RFD20241013130,Presente,CARTA,CARTA CONT.STRADALI,UTZ004,45.4267,11.6849,CERVARESE SANTA CROCE,CERVARESE SANTA CROCE,RUBANO,240,26
2025-05-25 08:05:02,AB123CD,VEH001,RFD20241013129,Presente,CARTA,CARTA CONT.STRADALI,UTZ031,45.6327,11.7061,CARMIGNANO DI BRENTA,CARMIGNANO DI BRENTA,CAMPOSAMPIERO,240,26
2025-05-25 08:22:26,AB123CD,VEH001,RFD20241013030,Presente,CARTA,CARTA CONT.STRADALI,UTZ001,45.6912,11.7993,ROSSANO VENETO,ROSSANO VENETO,BASSANO,1100,26
2025-05-25 09:04:29,AB123CD,VEH001,RFD20241013172,Presente,CARTA,CARTA CONT.STRADALI,UTZ001,45.3300,11.7372,TORREGLIA,TORREGLIA,RUBANO,240,26
2025-05-26 06:01:42,OP012QR,VEH004,RFD20241001301,Non Presente,NA,SECCO PAP,NA,45.5658,11.9399,NA,CAMPOSAMPIERO,CAMPOSAMPIERO,NA,NA
2025-05-26 06:22:57,EF456GH,VEH002,RFD20241001301,Non Presente,NA,CARTA CONT.STRADALI,NA,45.5658,11.9398,NA,CAMPOSAMPIERO,CAMPOSAMPIERO,NA,NA
2025-05-26 06:40:31,IL789MN,VEH003,RFD20241008208,Non Presente,NA,UMIDO PAP,NA,45.8667,11.5123,NA,ASIAGO,ASIAGO,NA,NA
2025-05-26 08:47:25,EF456GH,VEH002,RFD20250331008,Presente,CARTA,CARTA CONT.STRADALI,UTZ001,45.5242,11.8289,CURTAROLO,CURTAROLO,CAMPOSAMPIERO,240,26
2025-05-26 09:33:53,AB123CD,VEH001,RFD20241014117,Presente,SECCO,SECCO PAP,UTZ001,45.6416,11.7836,CITTADELLA,CITTADELLA,CAMPOSAMPIERO,1100,26
2025-05-26 09:44:28,EF456GH,VEH002,RFD20241014191,Presente,CARTA,CARTA CONT.STRADALI,UTZ005,45.3679,11.6628,ROVOLON,ROVOLON,RUBANO,1100,26
2025-05-26 13:13:23,OP012QR,VEH004,RFD20250203302,Presente,SECCO,SECCO PAP,UTZ002,45.7385,11.6650,MAROSTICA,MAROSTICA,BASSANO,1100,26
2025-05-26 13:39:18,OP012QR,VEH004,RFD20241014024,Presente,SECCO,SECCO PAP,UTZ040,45.5363,11.9674,BORGORICCO,BORGORICCO,CAMPOSAMPIERO,1100,26
2025-05-26 13:40:38,OP012QR,VEH004,RFD20250203302,Presente,SECCO,SECCO PAP,UTZ002,45.7285,11.6770,MAROSTICA,NOVE,BASSANO,1100,26
2025-05-26 14:51:39,OP012QR,VEH004,RFD20241014033,Presente,SECCO,SECCO PAP,UTZ006,45.8594,11.4001,ROTZO,ROTZO,ASIAGO,1100,26
2025-05-26 14:54:00,IL789MN,VEH003,RFD20241028173,Presente,UMIDO,UMIDO CONT.STRADALI,UTZ004,45.7626,11.7421,BASSANO DEL GRAPPA,BASSANO DEL GRAPPA,BASSANO,240,26
2025-05-26 14:54:36,IL789MN,VEH003,RFD20241028145,Presente,UMIDO,UMIDO CONT.STRADALI,UTZ006,45.4285,11.7852,RUBANO,RUBANO,RUBANO,240,26
2025-05-26 16:28:19,OP012QR,VEH004,RFD20241028163,Presente,SECCO,SECCO PAP,UTZ003,45.7273,11.7665,ROSA',ROSA',BASSANO,1100,26
2025-05-27 06:06:03,ST345UV,VEH005,RFD20241001301,Non Presente,NA,PULIZIA TERRIT.,NA,45.5658,11.9399,NA,CAMPOSAMPIERO,CAMPOSAMPIERO,NA,NA
2025-05-27 06:18:12,AB123CD,VEH001,RFD20241001301,Non Presente,NA,CARTA/CARTONE PAP,NA,45.5658,11.9399,NA,CAMPOSAMPIERO,CAMPOSAMPIERO,NA,NA
2025-05-27 09:00:26,AB123CD,VEH001,RFD20241001040,Presente,CARTA,CARTA/CARTONE PAP,UTZ006,45.4759,11.8480,LIMENA,LIMENA,RUBANO,240,26
2025-05-27 09:32:44,IL789MN,VEH003,RFD20241001072,Presente,UMIDO,UMIDO PAP,UTZ003,45.8085,11.5993,LUSIANA CONCO,LUSIANA CONCO,ASIAGO,240,26
2025-05-27 09:55:14,IL789MN,VEH003,RFD20241001152,Presente,UMIDO,UMIDO PAP,UTZ037,45.4374,11.9253,CADONEGHE,CADONEGHE,CAMPOSAMPIERO,240,26
2025-05-27 10:17:11,EF456GH,VEH002,RFD20241210020,Presente,VETRO,VETRO PAP,UTZ006,45.5343,11.9099,SAN GIORGIO DELLE PERTICHE,SAN GIORGIO DELLE PERTICHE,CAMPOSAMPIERO,770,13
2025-05-27 12:13:44,OP012QR,VEH004,RFD20250203302,Presente,SECCO,SECCO PAP,UTZ002,45.7366,11.6672,MAROSTICA,MAROSTICA,BASSANO,1100,26
2025-05-27 13:10:47,IL789MN,VEH003,RFD20241001122,Presente,PLASTICA E METALLI,PLASTICA PAP,UTZ012,45.8053,11.7262,POVE DEL GRAPPA,POVE DEL GRAPPA,BASSANO,770,26
2025-05-27 14:04:25,IL789MN,VEH003,RFD20241001158,Presente,PLASTICA E METALLI,PLASTICA PAP,UTZ034,45.6546,11.8574,SAN MARTINO DI LUPARI,SAN MARTINO DI LUPARI,CAMPOSAMPIERO,770,26
2025-05-27 14:32:28,ST345UV,VEH005,RFD20241001114,Presente,PLASTICA E METALLI,PLAST.CONT.STRADALI,UTZ005,45.8610,11.5205,ASIAGO,ASIAGO,ASIAGO,770,26
2025-05-27 14:37:00,OP012QR,VEH004,RFD20241001181,Presente,SECCO,SECCO PAP,UTZ008,45.6546,11.6829,POZZOLEONE,POZZOLEONE,BASSANO,1100,26
2025-05-27 15:20:43,OP012QR,VEH004,RFD20241015048,Presente,SECCO,SECCO PAP,UTZ030,45.4295,11.7921,RUBANO,RUBANO,RUBANO,1100,26
2025-05-27 15:36:40,OP012QR,VEH004,RFD20241001058,Presente,SECCO,SECCO PAP,UTZ035,45.3438,11.6639,TEOLO,TEOLO,RUBANO,1100,26
2025-05-27 17:39:40,ST345UV,VEH005,RFD20241001209,Non Presente,NA,PLAST.CONT.STRADALI,NA,45.6483,11.8299,NA,TOMBOLO,CAMPOSAMPIERO,NA,NA
2025-05-27 18:32:58,OP012QR,VEH004,RFD20250203302,Presente,SECCO,SECCO PAP,UTZ002,45.7286,11.6767,MAROSTICA,NOVE,BASSANO,1100,26
2025-05-28 06:11:20,IL789MN,VEH003,RFD20241001301,Non Presente,NA,UMIDO PAP,NA,45.5658,11.9399,NA,CAMPOSAMPIERO,CAMPOSAMPIERO,NA,NA
2025-05-28 06:16:40,ST345UV,VEH005,RFD20241001301,Non Presente,NA,ASSISTENTE SERVIZI,NA,45.5657,11.9399,NA,CAMPOSAMPIERO,CAMPOSAMPIERO,NA,NA
2025-05-28 06:57:53,AB123CD,VEH001,RFD20241002049,Presente,SECCO,SECCO PAP,UTZ003,45.3396,11.7381,TORREGLIA,TORREGLIA,RUBANO,1100,26
2025-05-28 08:32:01,AB123CD,VEH001,RFD20250514018,Presente,SECCO,SECCO PAP,UTZ005,45.7964,11.7360,POVE DEL GRAPPA,POVE DEL GRAPPA,BASSANO,1100,26
2025-05-28 09:27:40,AB123CD,VEH001,RFD20241002105,Presente,SECCO,SECCO PAP,UTZ002,45.7147,11.7668,ROSA',ROSA',BASSANO,240,26
2025-05-28 10:01:43,AB123CD,VEH001,RFD20241002183,Presente,SECCO,SECCO PAP,UTZ009,45.7285,11.7951,CASSOLA,CASSOLA,BASSANO,1100,26
2025-05-28 10:18:03,EF456GH,VEH002,RFD20241002073,Presente,CARTA,CARTA CONT.STRADALI,UTZ050,45.4020,11.7537,SACCOLONGO,SACCOLONGO,RUBANO,1100,26
2025-05-28 13:35:04,OP012QR,VEH004,RFD20241002203,Non Presente,NA,SECCO PAP,NA,45.3697,11.6597,NA,ROVOLON,RUBANO,NA,NA
2025-05-28 13:51:12,OP012QR,VEH004,RFD20241002078,Presente,SECCO,SECCO PAP,UTZ009,45.8879,11.5488,GALLIO,GALLIO,ASIAGO,1100,26
2025-05-28 13:53:53,OP012QR,VEH004,RFD20250203302,Presente,SECCO,SECCO PAP,UTZ002,45.7256,11.6800,MAROSTICA,NOVE,BASSANO,1100,26
2025-05-28 14:01:51,OP012QR,VEH004,RFD20241002094,Presente,SECCO,SECCO PAP,UTZ005,45.5787,11.9239,CAMPOSAMPIERO,CAMPOSAMPIERO,CAMPOSAMPIERO,240,26
2025-05-28 14:32:17,IL789MN,VEH003,RFD20241016234,Non Presente,NA,VERDE PAP,NA,45.5602,11.8172,NA,CAMPO SAN MARTINO,CAMPOSAMPIERO,NA,NA
2025-05-28 14:40:33,IL789MN,VEH003,RFD20241002217,Non Presente,NA,VERDE PAP,NA,45.6308,11.6934,NA,CARMIGNANO DI BRENTA,CAMPOSAMPIERO,NA,NA
2025-05-28 14:55:57,OP012QR,VEH004,RFD20241030037,Presente,SECCO,SECCO PAP,UTZ014,45.8815,11.5384,GALLIO,GALLIO,ASIAGO,1100,26
2025-05-28 15:08:50,ST345UV,VEH005,RFD20241002229,Non Presente,NA,VETRO PAP,NA,45.7208,11.6123,NA,COLCERESA,BASSANO,NA,NA
2025-05-28 16:03:41,IL789MN,VEH003,RFD20241002015,Presente,VERDE E RAMAGLIE,VERDE PAP,UTZ030,45.6656,11.8191,GALLIERA VENETA,GALLIERA VENETA,CAMPOSAMPIERO,1100,26
2025-05-28 16:24:34,ST345UV,VEH005,RFD20241002053,Presente,VETRO,VETRO PAP,UTZ022,45.7621,11.7436,BASSANO DEL GRAPPA,BASSANO DEL GRAPPA,BASSANO,1100,26
2025-05-28 16:45:10,OP012QR,VEH004,RFD20250203302,Presente,SECCO,SECCO PAP,UTZ002,45.7306,11.6743,MAROSTICA,NOVE,BASSANO,1100,26
2025-05-28 17:12:45,IL789MN,VEH003,RFD20241002198,Presente,VERDE E RAMAGLIE,VERDE PAP,UTZ001,45.8719,11.5268,ASIAGO,ASIAGO,ASIAGO,240,26
2025-05-28 17:46:29,IL789MN,VEH003,RFD20241030027,Presente,VERDE E RAMAGLIE,VERDE PAP,UTZ024,45.3835,11.9774,SAONARA,SAONARA,CAMPOSAMPIERO,240,26
2025-05-29 06:10:08,OP012QR,VEH004,RFD20241001301,Non Presente,NA,SECCO PAP,NA,45.5659,11.9399,NA,CAMPOSAMPIERO,CAMPOSAMPIERO,NA,NA
2025-05-29 06:11:48,ST345UV,VEH005,RFD20241001301,Non Presente,NA,PULIZIA TERRIT.,NA,45.5658,11.9399,NA,CAMPOSAMPIERO,CAMPOSAMPIERO,NA,NA
2025-05-29 06:56:55,AB123CD,VEH001,RFD20241017188,Presente,CARTA,CARTA/CARTONE PAP,UTZ015,45.5636,12.0208,MASSANZAGO,MASSANZAGO,CAMPOSAMPIERO,240,26
2025-05-29 08:25:24,AB123CD,VEH001,RFD20241003141,Presente,CARTA,CARTA/CARTONE PAP,UTZ008,45.5760,11.7105,GAZZO,GAZZO,CAMPOSAMPIERO,1100,26
2025-05-29 08:31:12,EF456GH,VEH002,RFD20241017034,Presente,VETRO,VETRO PAP,UTZ036,45.7637,11.7390,BASSANO DEL GRAPPA,BASSANO DEL GRAPPA,BASSANO,1100,13
2025-05-29 09:12:41,AB123CD,VEH001,RFD20241003096,Presente,CARTA,CARTA/CARTONE PAP,UTZ017,45.5710,11.9267,CAMPOSAMPIERO,CAMPOSAMPIERO,CAMPOSAMPIERO,1100,26
2025-05-29 10:52:46,EF456GH,VEH002,RFD20241003157,Presente,VETRO,VETRO PAP,UTZ013,45.4910,11.7438,CAMPODORO,CAMPODORO,RUBANO,1100,26
2025-05-29 13:29:47,IL789MN,VEH003,RFD20241003127,Presente,UMIDO,UMIDO CONT.STRADALI,UTZ001,45.7728,11.7287,BASSANO DEL GRAPPA,BASSANO DEL GRAPPA,BASSANO,240,26
2025-05-29 13:48:46,ST345UV,VEH005,RFD20241003138,Presente,PLASTICA E METALLI,PLAST.CONT.STRADALI,UTZ005,45.6086,11.6726,SAN PIETRO IN GU,SAN PIETRO IN GU,CAMPOSAMPIERO,770,26
2025-05-29 14:12:30,OP012QR,VEH004,RFD20250203302,Presente,SECCO,SECCO PAP,UTZ002,45.7357,11.6934,MAROSTICA,BASSANO DEL GRAPPA,BASSANO,1100,26
2025-05-29 14:12:47,OP012QR,VEH004,RFD20250403104,Presente,SECCO,SECCO PAP,UTZ012,45.3330,11.7374,TORREGLIA,TORREGLIA,RUBANO,1100,26
2025-05-29 14:32:01,OP012QR,VEH004,RFD20241003061,Presente,SECCO,SECCO PAP,UTZ002,45.5339,11.9615,BORGORICCO,BORGORICCO,CAMPOSAMPIERO,1100,26
2025-05-29 16:13:47,OP012QR,VEH004,RFD20241003164,Presente,SECCO,SECCO PAP,UTZ003,45.7794,11.7295,BASSANO DEL GRAPPA,BASSANO DEL GRAPPA,BASSANO,240,26
2025-05-29 17:13:00,IL789MN,VEH003,RFD20241003303,Presente,UMIDO,UMIDO CONT.STRADALI,UTZ002,45.7769,11.8087,MUSSOLENTE,MUSSOLENTE,BASSANO,240,26
2025-05-29 17:20:19,OP012QR,VEH004,RFD20250203302,Presente,SECCO,SECCO PAP,UTZ002,45.7306,11.6743,MAROSTICA,NOVE,BASSANO,1100,26
2025-05-30 06:07:28,AB123CD,VEH001,RFD20241001301,Non Presente,NA,SECCO PAP,NA,45.5657,11.9398,NA,CAMPOSAMPIERO,CAMPOSAMPIERO,NA,NA
2025-05-30 06:23:59,AB123CD,VEH001,RFD20241001301,Non Presente,NA,SECCO PAP,NA,45.5658,11.9400,NA,CAMPOSAMPIERO,CAMPOSAMPIERO,NA,NA
2025-05-30 06:46:35,AB123CD,VEH001,RFD20241004065,Presente,SECCO,SECCO PAP,UTZ007,45.6155,11.6653,SAN PIETRO IN GU,SAN PIETRO IN GU,CAMPOSAMPIERO,1100,26
2025-05-30 06:51:54,AB123CD,VEH001,RFD20250207211,Non Presente,NA,SECCO PAP,NA,45.7172,11.6854,NA,NOVE,BASSANO,NA,NA
2025-05-30 08:46:00,AB123CD,VEH001,RFD20241004003,Presente,SECCO,SECCO PAP,UTZ008,45.4362,11.7856,RUBANO,RUBANO,RUBANO,240,26
2025-05-30 08:50:26,EF456GH,VEH002,RFD20241018161,Presente,CARTA,CARTA CONT.STRADALI,UTZ034,45.5714,11.9296,CAMPOSAMPIERO,CAMPOSAMPIERO,CAMPOSAMPIERO,1100,26
2025-05-30 09:00:15,EF456GH,VEH002,RFD20241004123,Presente,CARTA,CARTA CONT.STRADALI,UTZ032,45.6489,11.7782,CITTADELLA,CITTADELLA,CAMPOSAMPIERO,240,26
2025-05-30 09:26:23,EF456GH,VEH002,RFD20250221038,Presente,CARTA,CARTA CONT.STRADALI,UTZ005,45.6903,11.6329,SCHIAVON,SCHIAVON,BASSANO,240,26
2025-05-30 10:28:59,EF456GH,VEH002,RFD20241004197,Presente,CARTA,CARTA CONT.STRADALI,UTZ018,45.8646,11.5124,ASIAGO,ASIAGO,ASIAGO,240,26
2025-05-30 10:36:04,AB123CD,VEH001,RFD20241004137,Presente,SECCO,SECCO PAP,UTZ012,45.5273,11.9707,BORGORICCO,BORGORICCO,CAMPOSAMPIERO,1100,26
2025-05-30 11:20:20,EF456GH,VEH002,RFD20241004028,Presente,CARTA,CARTA CONT.STRADALI,UTZ005,45.8599,11.3941,ROTZO,ROTZO,ASIAGO,240,26
2025-05-30 12:19:24,OP012QR,VEH004,RFD20241101042,Presente,SECCO,SECCO PAP,UTZ001,45.3868,11.7893,SELVAZZANO DENTRO,SELVAZZANO DENTRO,RUBANO,1100,26
2025-05-30 13:36:03,OP012QR,VEH004,RFD20250418055,Presente,SECCO,SECCO PAP,UTZ002,45.8006,11.6140,LUSIANA CONCO,LUSIANA CONCO,ASIAGO,240,26
2025-05-30 13:59:18,OP012QR,VEH004,RFD20241004044,Presente,SECCO,SECCO PAP,UTZ009,45.6809,11.6937,TEZZE SUL BRENTA,TEZZE SUL BRENTA,BASSANO,240,26
2025-05-30 14:37:25,IL789MN,VEH003,RFD20241004177,Presente,PLASTICA E METALLI,PLASTICA PAP,UTZ048,45.7668,11.7335,BASSANO DEL GRAPPA,BASSANO DEL GRAPPA,BASSANO,770,26
2025-05-30 15:48:53,OP012QR,VEH004,RFD20250203302,Presente,SECCO,SECCO PAP,UTZ002,45.7423,11.7018,MAROSTICA,BASSANO DEL GRAPPA,BASSANO,1100,26
2025-05-30 16:06:48,OP012QR,VEH004,RFD20241018010,Presente,SECCO,SECCO PAP,UTZ001,45.3632,11.9847,SAONARA,SAONARA,CAMPOSAMPIERO,1100,26
2025-05-30 16:35:23,ST345UV,VEH005,RFD20241004185,Presente,VETRO,VETRO PAP,UTZ043,45.4033,11.7498,SACCOLONGO,SACCOLONGO,RUBANO,1100,26
2025-05-30 16:55:15,ST345UV,VEH005,RFD20241004115,Presente,VETRO,VETRO PAP,UTZ001,45.4292,11.7848,RUBANO,RUBANO,RUBANO,1100,26
2025-05-30 16:58:59,OP012QR,VEH004,RFD20250203302,Presente,SECCO,SECCO PAP,UTZ002,45.7391,11.6979,MAROSTICA,BASSANO DEL GRAPPA,BASSANO,1100,26
2025-05-31 06:16:35,EF456GH,VEH002,RFD20241001301,Non Presente,NA,VETRO PAP,NA,45.5658,11.9399,NA,CAMPOSAMPIERO,CAMPOSAMPIERO,NA,NA
2025-05-31 12:46:48,OP012QR,VEH004,RFD20241005091,Presente,SECCO,SECCO PAP,UTZ016,45.5853,11.8054,SAN GIORGIO IN BOSCO,SAN GIORGIO IN BOSCO,CAMPOSAMPIERO,1100,26
2025-05-31 13:45:14,OP012QR,VEH004,RFD20241005012,Presente,SECCO,SECCO PAP,UTZ035,45.8086,11.7284,POVE DEL GRAPPA,POVE DEL GRAPPA,BASSANO,1100,26
2025-05-31 14:24:55,OP012QR,VEH004,RFD20250203302,Presente,SECCO,SECCO PAP,UTZ002,45.7340,11.6909,MAROSTICA,BASSANO DEL GRAPPA,BASSANO,1100,26
2025-05-31 14:56:40,OP012QR,VEH004,RFD20250203302,Presente,SECCO,SECCO PAP,UTZ002,45.7390,11.6642,MAROSTICA,MAROSTICA,BASSANO,1100,26
2025-05-31 15:32:49,IL789MN,VEH003,RFD20241005169,Presente,VERDE E RAMAGLIE,VERDE PAP,UTZ008,45.6471,11.6824,POZZOLEONE,POZZOLEONE,BASSANO,240,26
2025-05-31 15:49:37,OP012QR,VEH004,RFD20241019135,Presente,SECCO,SECCO PAP,UTZ019,45.6500,11.8547,SAN MARTINO DI LUPARI,SAN MARTINO DI LUPARI,CAMPOSAMPIERO,240,26
2025-05-31 16:03:48,IL789MN,VEH003,RFD20241005144,Presente,VERDE E RAMAGLIE,VERDE PAP,UTZ013,45.4201,11.6829,CERVARESE SANTA CROCE,CERVARESE SANTA CROCE,RUBANO,240,26
2025-05-31 17:40:30,IL789MN,VEH003,RFD20241005064,Presente,VERDE E RAMAGLIE,VERDE PAP,UTZ010,45.3060,11.7338,GALZIGNANO TERME,GALZIGNANO TERME,RUBANO,240,26
2025-06-01 07:06:34,AB123CD,VEH001,RFD20241006101,Presente,CARTA,CARTA CONT.STRADALI,UTZ012,45.5776,11.9330,CAMPOSAMPIERO,CAMPOSAMPIERO,CAMPOSAMPIERO,1100,26
2025-06-01 07:55:59,AB123CD,VEH001,RFD20241006174,Presente,CARTA,CARTA CONT.STRADALI,UTZ003,45.3070,11.7165,GALZIGNANO TERME,GALZIGNANO TERME,RUBANO,240,26
2025-06-01 08:11:50,AB123CD,VEH001,RFD20241006168,Presente,CARTA,CARTA CONT.STRADALI,UTZ003,45.5470,12.0106,MASSANZAGO,MASSANZAGO,CAMPOSAMPIERO,1100,26
2025-06-01 09:19:03,AB123CD,VEH001,RFD20241020036,Presente,CARTA,CARTA CONT.STRADALI,UTZ007,45.6520,11.7819,CITTADELLA,CITTADELLA,CAMPOSAMPIERO,1100,26
2025-06-01 09:37:23,AB123CD,VEH001,RFD20241006180,Presente,CARTA,CARTA CONT.STRADALI,UTZ003,45.6361,11.7542,FONTANIVA,FONTANIVA,CAMPOSAMPIERO,240,26
2025-06-01 10:46:04,AB123CD,VEH001,RFD20241006134,Presente,CARTA,CARTA CONT.STRADALI,UTZ001,45.5032,11.9010,CAMPODARSEGO,CAMPODARSEGO,CAMPOSAMPIERO,240,26
2025-06-01 11:13:26,AB123CD,VEH001,RFD20241006095,Presente,CARTA,CARTA CONT.STRADALI,UTZ034,45.4855,11.7454,CAMPODORO,CAMPODORO,RUBANO,1100,26
2025-06-02 06:08:16,AB123CD,VEH001,RFD20241001301,Non Presente,NA,SECCO PAP,NA,45.5658,11.9399,NA,CAMPOSAMPIERO,CAMPOSAMPIERO,NA,NA
2025-06-02 06:42:07,IL789MN,VEH003,RFD20241007043,Presente,UMIDO,UMIDO PAP,UTZ001,45.7955,11.7348,POVE DEL GRAPPA,POVE DEL GRAPPA,BASSANO,240,26
2025-06-02 07:22:36,AB123CD,VEH001,RFD20241007126,Presente,SECCO,SECCO PAP,UTZ001,45.6476,11.6837,POZZOLEONE,POZZOLEONE,BASSANO,1100,26
2025-06-02 07:47:46,AB123CD,VEH001,RFD20241007113,Presente,SECCO,SECCO PAP,UTZ022,45.4247,11.7900,RUBANO,RUBANO,RUBANO,1100,26
2025-06-02 08:44:09,IL789MN,VEH003,RFD20241007142,Presente,UMIDO,UMIDO PAP,UTZ001,45.3362,11.7886,MONTEGROTTO TERME,MONTEGROTTO TERME,RUBANO,770,26
2025-06-02 09:23:46,AB123CD,VEH001,RFD20241007146,Presente,SECCO,SECCO PAP,UTZ018,45.3019,11.7336,GALZIGNANO TERME,GALZIGNANO TERME,RUBANO,240,26
2025-06-02 12:40:25,OP012QR,VEH004,RFD20241007193,Presente,SECCO,SECCO PAP,UTZ005,45.6645,11.8337,GALLIERA VENETA,GALLIERA VENETA,CAMPOSAMPIERO,240,26
2025-06-02 12:47:10,OP012QR,VEH004,RFD20241007090,Presente,SECCO,SECCO PAP,UTZ021,45.7166,11.6079,COLCERESA,COLCERESA,BASSANO,1100,26
2025-06-02 13:04:59,OP012QR,VEH004,RFD20241007190,Presente,SECCO,SECCO PAP,UTZ031,45.4335,11.7794,RUBANO,RUBANO,RUBANO,1100,26
2025-06-02 13:22:23,IL789MN,VEH003,RFD20250505199,Presente,UMIDO,UMIDO CONT.STRADALI,UTZ034,45.4278,11.7887,RUBANO,RUBANO,RUBANO,240,26
2025-06-02 13:45:26,ST345UV,VEH005,RFD20241007039,Presente,VETRO,VETRO PAP,UTZ025,45.5289,11.9681,BORGORICCO,BORGORICCO,CAMPOSAMPIERO,770,26
2025-06-02 13:46:26,IL789MN,VEH003,RFD20241007233,Non Presente,NA,UMIDO CONT.STRADALI,NA,45.3300,11.8014,NA,MONTEGROTTO TERME,RUBANO,NA,NA
2025-06-02 14:58:50,ST345UV,VEH005,RFD20241007076,Presente,VETRO,VETRO PAP,UTZ001,45.7718,11.7305,BASSANO DEL GRAPPA,BASSANO DEL GRAPPA,BASSANO,1100,26
2025-06-02 15:04:25,IL789MN,VEH003,RFD20241007148,Presente,UMIDO,UMIDO CONT.STRADALI,UTZ025,45.7743,11.7214,BASSANO DEL GRAPPA,BASSANO DEL GRAPPA,BASSANO,240,26
2025-06-02 15:06:42,OP012QR,VEH004,RFD20250203302,Presente,SECCO,SECCO PAP,UTZ002,45.7355,11.6688,MAROSTICA,MAROSTICA,BASSANO,1100,26
2025-06-02 16:40:43,OP012QR,VEH004,RFD20250203302,Presente,SECCO,SECCO PAP,UTZ002,45.7263,11.6810,MAROSTICA,NOVE,BASSANO,1100,26
2025-06-02 17:05:40,OP012QR,VEH004,RFD20241007120,Presente,SECCO,SECCO PAP,UTZ002,45.4334,11.7853,RUBANO,RUBANO,RUBANO,1100,26
2025-06-03 06:14:15,ST345UV,VEH005,RFD20241001301,Non Presente,NA,PULIZIA TERRIT.,NA,45.5658,11.9398,NA,CAMPOSAMPIERO,CAMPOSAMPIERO,NA,NA
2025-06-03 06:23:09,AB123CD,VEH001,RFD20241008171,Presente,CARTA,CARTA/CARTONE PAP,UTZ023,45.7280,11.7641,ROSA',ROSA',BASSANO,240,26
2025-06-03 08:25:48,EF456GH,VEH002,RFD20241008026,Presente,VETRO,VETRO PAP,UTZ008,45.7923,11.7304,POVE DEL GRAPPA,POVE DEL GRAPPA,BASSANO,1100,26
2025-06-03 09:11:53,AB123CD,VEH001,RFD20241022136,Presente,CARTA,CARTA/CARTONE PAP,UTZ038,45.7886,11.7572,ROMANO D'EZZELINO,ROMANO D'EZZELINO,BASSANO,240,26
2025-06-03 10:34:47,IL789MN,VEH003,RFD20241008059,Presente,UMIDO,UMIDO PAP,UTZ001,45.4024,11.7942,SELVAZZANO DENTRO,SELVAZZANO DENTRO,RUBANO,240,26
2025-06-03 12:50:57,OP012QR,VEH004,RFD20250325228,Non Presente,NA,SECCO PAP,NA,45.4794,11.8450,NA,LIMENA,RUBANO,NA,NA
2025-06-03 13:22:30,ST345UV,VEH005,RFD20241008023,Presente,PLASTICA E METALLI,PLAST.CONT.STRADALI,UTZ027,45.3022,11.7242,GALZIGNANO TERME,GALZIGNANO TERME,RUBANO,770,26
2025-06-03 13:46:45,OP012QR,VEH004,RFD20241008155,Presente,SECCO,SECCO PAP,UTZ002,45.8755,11.5202,ASIAGO,ASIAGO,ASIAGO,240,26
2025-06-03 14:04:46,OP012QR,VEH004,RFD20241008102,Presente,SECCO,SECCO PAP,UTZ024,45.8896,11.6268,FOZA,FOZA,ASIAGO,1100,26
2025-06-03 14:07:01,OP012QR,VEH004,RFD20250203302,Presente,SECCO,SECCO PAP,UTZ002,45.7285,11.6839,MAROSTICA,NOVE,BASSANO,1100,26
2025-06-03 15:38:29,IL789MN,VEH003,RFD20241008032,Presente,PLASTICA E METALLI,PLASTICA PAP,UTZ026,45.3982,11.7484,SACCOLONGO,SACCOLONGO,RUBANO,770,26
2025-06-03 15:38:40,ST345UV,VEH005,RFD20241008187,Presente,PLASTICA E METALLI,PLAST.CONT.STRADALI,UTZ002,45.6585,11.8265,GALLIERA VENETA,GALLIERA VENETA,CAMPOSAMPIERO,770,26
2025-06-03 16:53:53,OP012QR,VEH004,RFD20241008099,Presente,SECCO,SECCO PAP,UTZ015,45.7174,11.7676,ROSA',ROSA',BASSANO,1100,26
2025-06-03 17:25:20,OP012QR,VEH004,RFD20250203302,Presente,SECCO,SECCO PAP,UTZ002,45.7440,11.6586,MAROSTICA,MAROSTICA,BASSANO,1100,26
2025-06-03 18:58:08,OP012QR,VEH004,RFD20241001301,Non Presente,NA,SECCO PAP,NA,45.5658,11.9399,NA,CAMPOSAMPIERO,CAMPOSAMPIERO,NA,NA
2025-06-04 06:42:27,AB123CD,VEH001,RFD20241009151,Presente,SECCO,SECCO PAP,UTZ026,45.5940,11.9392,LOREGGIA,LOREGGIA,CAMPOSAMPIERO,240,26
2025-06-04 07:09:13,AB123CD,VEH001,RFD20241009041,Presente,SECCO,SECCO PAP,UTZ001,45.5653,11.8989,SANTA GIUSTINA IN COLLE,SANTA GIUSTINA IN COLLE,CAMPOSAMPIERO,1100,26
2025-06-04 08:25:52,AB123CD,VEH001,RFD20241009189,Presente,SECCO,SECCO PAP,UTZ002,45.4234,11.7902,RUBANO,RUBANO,RUBANO,1100,26
2025-06-04 09:31:29,AB123CD,VEH001,RFD20241009093,Presente,SECCO,SECCO PAP,UTZ040,45.7099,11.7971,ROSSANO VENETO,ROSSANO VENETO,BASSANO,1100,26
2025-06-04 09:43:56,AB123CD,VEH001,RFD20241009111,Presente,SECCO,SECCO PAP,UTZ042,45.6086,11.6743,SAN PIETRO IN GU,SAN PIETRO IN GU,CAMPOSAMPIERO,240,26
2025-06-04 10:38:30,AB123CD,VEH001,RFD20241009106,Presente,SECCO,SECCO PAP,UTZ004,45.7671,11.7352,BASSANO DEL GRAPPA,BASSANO DEL GRAPPA,BASSANO,240,26
2025-06-04 10:38:30,AB123CD,VEH001,RFD20241009108,Presente,SECCO,SECCO PAP,UTZ003,45.6953,11.7108,TEZZE SUL BRENTA,TEZZE SUL BRENTA,BASSANO,240,26
2025-06-04 11:04:45,EF456GH,VEH002,RFD20241009218,Non Presente,NA,CARTA CONT.STRADALI,NA,45.5588,11.9138,NA,SANTA GIUSTINA IN COLLE,CAMPOSAMPIERO,NA,NA
2025-06-04 12:34:55,OP012QR,VEH004,RFD20250203302,Presente,SECCO,SECCO PAP,UTZ002,45.7389,11.6972,MAROSTICA,BASSANO DEL GRAPPA,BASSANO,1100,26
2025-06-04 13:50:20,OP012QR,VEH004,RFD20241009107,Presente,SECCO,SECCO PAP,UTZ033,45.5707,11.9322,CAMPOSAMPIERO,CAMPOSAMPIERO,CAMPOSAMPIERO,1100,26
2025-06-04 14:13:39,ST345UV,VEH005,RFD20241009150,Presente,VETRO,VETRO PAP,UTZ027,45.5793,11.9326,CAMPOSAMPIERO,CAMPOSAMPIERO,CAMPOSAMPIERO,1100,26
2025-06-04 14:46:56,IL789MN,VEH003,RFD20241009205,Non Presente,NA,VERDE PAP,NA,45.8674,11.5018,NA,ASIAGO,ASIAGO,NA,NA
2025-06-04 15:44:25,OP012QR,VEH004,RFD20241009085,Presente,SECCO,SECCO PAP,UTZ016,45.4843,11.8337,LIMENA,LIMENA,RUBANO,1100,26
2025-06-04 15:58:21,OP012QR,VEH004,RFD20241009140,Presente,SECCO,SECCO PAP,UTZ002,45.9450,11.7210,ENEGO,ENEGO,ASIAGO,1100,26
2025-06-04 17:21:46,OP012QR,VEH004,RFD20250203302,Presente,SECCO,SECCO PAP,UTZ002,45.7317,11.6731,MAROSTICA,MAROSTICA,BASSANO,1100,26
2025-06-04 18:41:55,EF456GH,VEH002,RFD20241001301,Non Presente,NA,CARTA CONT.STRADALI,NA,45.5658,11.9399,NA,CAMPOSAMPIERO,CAMPOSAMPIERO,NA,NA
2025-06-04 18:58:32,ST345UV,VEH005,RFD20241001301,Non Presente,NA,VETRO PAP,NA,45.5658,11.9399,NA,CAMPOSAMPIERO,CAMPOSAMPIERO,NA,NA
2025-06-05 07:11:36,AB123CD,VEH001,RFD20241002203,Non Presente,NA,CARTA/CARTONE PAP,NA,45.3696,11.6595,NA,ROVOLON,RUBANO,NA,NA
2025-06-05 08:16:34,IL789MN,VEH003,RFD20241010068,Presente,UMIDO,UMIDO PAP,UTZ004,45.4897,11.7454,CAMPODORO,CAMPODORO,RUBANO,240,26
2025-06-05 09:46:07,AB123CD,VEH001,RFD20241010013,Presente,CARTA,CARTA/CARTONE PAP,UTZ009,45.7802,11.7405,BASSANO DEL GRAPPA,BASSANO DEL GRAPPA,BASSANO,1100,26
2025-06-05 10:01:16,AB123CD,VEH001,RFD20241010194,Presente,CARTA,CARTA/CARTONE PAP,UTZ017,45.7813,11.7308,BASSANO DEL GRAPPA,BASSANO DEL GRAPPA,BASSANO,240,26
2025-06-05 14:19:29,IL789MN,VEH003,RFD20241010109,Presente,UMIDO,UMIDO CONT.STRADALI,UTZ018,45.7768,11.7331,BASSANO DEL GRAPPA,BASSANO DEL GRAPPA,BASSANO,770,26
2025-06-05 14:22:54,OP012QR,VEH004,RFD20250313133,Presente,SECCO,SECCO PAP,UTZ005,45.6413,11.7536,FONTANIVA,FONTANIVA,CAMPOSAMPIERO,1100,26
2025-06-05 14:24:38,ST345UV,VEH005,RFD20241010022,Presente,PLASTICA E METALLI,PLAST.CONT.STRADALI,UTZ032,45.3666,11.9841,SAONARA,SAONARA,CAMPOSAMPIERO,770,26
2025-06-05 14:49:24,IL789MN,VEH003,RFD20241010195,Presente,UMIDO,UMIDO CONT.STRADALI,UTZ049,45.3155,11.7321,GALZIGNANO TERME,GALZIGNANO TERME,RUBANO,240,26
2025-06-05 15:13:26,ST345UV,VEH005,RFD20241010154,Presente,PLASTICA E METALLI,PLAST.CONT.STRADALI,UTZ005,45.8641,11.5160,ASIAGO,ASIAGO,ASIAGO,770,26
2025-06-05 15:13:36,ST345UV,VEH005,RFD20241010079,Presente,PLASTICA E METALLI,PLAST.CONT.STRADALI,UTZ004,45.8870,11.6250,FOZA,FOZA,ASIAGO,770,26
2025-06-05 15:41:15,OP012QR,VEH004,RFD20241010119,Presente,SECCO,SECCO PAP,UTZ002,45.5623,11.9074,SANTA GIUSTINA IN COLLE,SANTA GIUSTINA IN COLLE,CAMPOSAMPIERO,1100,26
2025-06-05 16:40:08,OP012QR,VEH004,RFD20250203302,Presente,SECCO,SECCO PAP,UTZ002,45.7280,11.6830,MAROSTICA,NOVE,BASSANO,1100,26
2025-06-05 16:58:50,OP012QR,VEH004,RFD20241010069,Presente,SECCO,SECCO PAP,UTZ020,45.7309,11.7588,ROSA',ROSA',BASSANO,240,26
2025-06-05 17:34:20,OP012QR,VEH004,RFD20250203302,Presente,SECCO,SECCO PAP,UTZ002,45.7353,11.6927,MAROSTICA,BASSANO DEL GRAPPA,BASSANO,1100,26
2025-06-05 18:45:05,OP012QR,VEH004,RFD20241001301,Non Presente,NA,SECCO PAP,NA,45.5658,11.9399,NA,CAMPOSAMPIERO,CAMPOSAMPIERO,NA,NA
2025-06-06 06:05:04,AB123CD,VEH001,RFD20241001301,Non Presente,NA,SECCO PAP,NA,45.5658,11.9399,NA,CAMPOSAMPIERO,CAMPOSAMPIERO,NA,NA
2025-06-06 06:14:25,AB123CD,VEH001,RFD20241001301,Non Presente,NA,SECCO PAP,NA,45.5658,11.9399,NA,CAMPOSAMPIERO,CAMPOSAMPIERO,NA,NA
2025-06-06 07:09:39,AB123CD,VEH001,RFD20241011132,Presente,SECCO,SECCO PAP,UTZ001,45.5774,11.9307,CAMPOSAMPIERO,CAMPOSAMPIERO,CAMPOSAMPIERO,1100,26
2025-06-06 08:04:07,AB123CD,VEH001,RFD20250509017,Presente,SECCO,SECCO PAP,UTZ002,45.5765,11.9323,CAMPOSAMPIERO,CAMPOSAMPIERO,CAMPOSAMPIERO,1100,26
2025-06-06 08:04:14,AB123CD,VEH001,RFD20241025029,Presente,SECCO,SECCO PAP,UTZ001,45.7804,11.7920,MUSSOLENTE,MUSSOLENTE,BASSANO,240,26
2025-06-06 08:41:28,EF456GH,VEH002,RFD20241011223,Non Presente,NA,CARTA CONT.STRADALI,NA,45.9025,11.6324,NA,FOZA,ASIAGO,NA,NA
2025-06-06 09:27:19,AB123CD,VEH001,RFD20241011139,Presente,SECCO,SECCO PAP,UTZ002,45.6196,11.6596,SAN PIETRO IN GU,SAN PIETRO IN GU,CAMPOSAMPIERO,1100,26
2025-06-06 10:07:26,AB123CD,VEH001,RFD20241011176,Presente,SECCO,SECCO PAP,UTZ008,45.4678,11.8514,LIMENA,LIMENA,RUBANO,1100,26
2025-06-06 10:20:02,AB123CD,VEH001,RFD20250425200,Presente,SECCO,SECCO PAP,UTZ015,45.5442,11.9260,SAN GIORGIO DELLE PERTICHE,SAN GIORGIO DELLE PERTICHE,CAMPOSAMPIERO,1100,26
2025-06-06 11:19:20,AB123CD,VEH001,RFD20241025196,Presente,SECCO,SECCO PAP,UTZ029,45.8644,11.5203,ASIAGO,ASIAGO,ASIAGO,1100,26
2025-06-06 13:19:39,OP012QR,VEH004,RFD20250203302,Presente,SECCO,SECCO PAP,UTZ002,45.7346,11.6691,MAROSTICA,MAROSTICA,BASSANO,1100,26
2025-06-06 13:56:36,OP012QR,VEH004,RFD20241011121,Presente,SECCO,SECCO PAP,UTZ015,45.4085,11.7482,SACCOLONGO,SACCOLONGO,RUBANO,1100,26
2025-06-06 14:09:33,ST345UV,VEH005,RFD20241025175,Presente,VETRO,VETRO PAP,UTZ006,45.4898,11.7536,CAMPODORO,CAMPODORO,RUBANO,1100,13
2025-06-06 14:49:09,ST345UV,VEH005,RFD20241011182,Presente,VETRO,VETRO PAP,UTZ047,45.5921,11.7000,GAZZO,GAZZO,CAMPOSAMPIERO,1100,26
2025-06-06 14:49:57,ST345UV,VEH005,RFD20241025031,Presente,VETRO,VETRO PAP,UTZ026,45.7759,11.7461,BASSANO DEL GRAPPA,BASSANO DEL GRAPPA,BASSANO,1100,13
2025-06-06 15:04:28,ST345UV,VEH005,RFD20241025060,Presente,VETRO,VETRO PAP,UTZ003,45.3334,11.7957,MONTEGROTTO TERME,MONTEGROTTO TERME,RUBANO,1100,13
2025-06-06 15:07:45,OP012QR,VEH004,RFD20241011124,Presente,SECCO,SECCO PAP,UTZ001,45.6385,11.8462,SAN MARTINO DI LUPARI,SAN MARTINO DI LUPARI,CAMPOSAMPIERO,240,26
2025-06-06 15:40:45,ST345UV,VEH005,RFD20241011125,Presente,VETRO,VETRO PAP,UTZ014,45.5744,11.9218,CAMPOSAMPIERO,CAMPOSAMPIERO,CAMPOSAMPIERO,1100,26
2025-06-06 16:29:27,OP012QR,VEH004,RFD20250203302,Presente,SECCO,SECCO PAP,UTZ002,45.7381,11.6964,MAROSTICA,BASSANO DEL GRAPPA,BASSANO,1100,26
2025-06-06 16:43:24,IL789MN,VEH003,RFD20241011019,Presente,PLASTICA E METALLI,PLASTICA PAP,UTZ001,45.6001,12.0032,PIOMBINO DESE,PIOMBINO DESE,CAMPOSAMPIERO,770,26
2025-06-06 17:07:08,IL789MN,VEH003,RFD20241025075,Presente,PLASTICA E METALLI,PLASTICA PAP,UTZ001,45.7966,11.7438,ROMANO D'EZZELINO,ROMANO D'EZZELINO,BASSANO,770,26
2025-06-06 17:53:35,OP012QR,VEH004,RFD20241011004,Presente,SECCO,SECCO PAP,UTZ024,45.7922,11.7672,ROMANO D'EZZELINO,ROMANO D'EZZELINO,BASSANO,240,26
2025-06-07 06:06:05,OP012QR,VEH004,RFD20241001301,Non Presente,NA,SECCO PAP,NA,45.5658,11.9399,NA,CAMPOSAMPIERO,CAMPOSAMPIERO,NA,NA
2025-06-07 07:34:19,AB123CD,VEH001,RFD20241012118,Presente,CARTA,CARTA/CARTONE PAP,UTZ019,45.6945,11.7071,TEZZE SUL BRENTA,TEZZE SUL BRENTA,BASSANO,1100,26
2025-06-07 08:40:38,IL789MN,VEH003,RFD20250215084,Presente,UMIDO,UMIDO PAP,UTZ022,45.6088,11.7352,GRANTORTO,GRANTORTO,CAMPOSAMPIERO,240,26
2025-06-07 10:18:16,OP012QR,VEH004,RFD20241016234,Non Presente,NA,SECCO PAP,NA,45.5602,11.8170,NA,CAMPO SAN MARTINO,CAMPOSAMPIERO,NA,NA
2025-06-07 12:01:34,OP012QR,VEH004,RFD20241012082,Presente,SECCO,SECCO PAP,UTZ001,45.6591,11.8291,GALLIERA VENETA,GALLIERA VENETA,CAMPOSAMPIERO,240,26
2025-06-07 13:46:10,OP012QR,VEH004,RFD20250203302,Presente,SECCO,SECCO PAP,UTZ002,45.7364,11.6675,MAROSTICA,MAROSTICA,BASSANO,1100,26
2025-06-07 14:09:02,IL789MN,VEH003,RFD20241012047,Presente,VERDE E RAMAGLIE,VERDE PAP,UTZ028,45.7548,11.7434,BASSANO DEL GRAPPA,BASSANO DEL GRAPPA,BASSANO,240,26
2025-06-07 15:53:04,IL789MN,VEH003,RFD20241008231,Non Presente,NA,VERDE PAP,NA,45.6866,11.7001,NA,TEZZE SUL BRENTA,BASSANO,NA,NA
2025-06-07 16:15:01,IL789MN,VEH003,RFD20241012089,Presente,VERDE E RAMAGLIE,VERDE PAP,UTZ017,45.7290,11.6734,NOVE,NOVE,BASSANO,240,26
2025-06-07 16:15:03,IL789MN,VEH003,RFD20241012052,Presente,VERDE E RAMAGLIE,VERDE PAP,UTZ002,45.6996,11.6386,SCHIAVON,SCHIAVON,BASSANO,1100,26
2025-06-07 18:10:00,OP012QR,VEH004,RFD20250203302,Presente,SECCO,SECCO PAP,UTZ002,45.7445,11.6580,MAROSTICA,MAROSTICA,BASSANO,1100,26
2025-06-08 06:40:42,AB123CD,VEH001,RFD20241014226,Non Presente,NA,CARTA CONT.STRADALI,NA,45.4289,11.7856,NA,RUBANO,RUBANO,NA,NA
2025-06-08 07:00:00,AB123CD,VEH001,RFD20241013046,Presente,CARTA,CARTA CONT.STRADALI,UTZ035,45.3082,11.7297,GALZIGNANO TERME,GALZIGNANO TERME,RUBANO,240,26
2025-06-08 07:30:12,AB123CD,VEH001,RFD20241013167,Presente,CARTA,CARTA CONT.STRADALI,UTZ022,45.9008,11.6393,FOZA,FOZA,ASIAGO,240,26
2025-06-08 07:55:51,AB123CD,VEH001,RFD20241013129,Presente,CARTA,CARTA CONT.STRADALI,UTZ031,45.6327,11.7060,CARMIGNANO DI BRENTA,CARMIGNANO DI BRENTA,CAMPOSAMPIERO,240,26
2025-06-08 08:04:43,AB123CD,VEH001,RFD20241013130,Presente,CARTA,CARTA CONT.STRADALI,UTZ004,45.4267,11.6851,CERVARESE SANTA CROCE,CERVARESE SANTA CROCE,RUBANO,240,26
2025-06-08 08:07:30,AB123CD,VEH001,RFD20241013030,Presente,CARTA,CARTA CONT.STRADALI,UTZ001,45.6913,11.7997,ROSSANO VENETO,ROSSANO VENETO,BASSANO,1100,26
2025-06-08 08:54:40,AB123CD,VEH001,RFD20241013172,Presente,CARTA,CARTA CONT.STRADALI,UTZ001,45.3302,11.7374,TORREGLIA,TORREGLIA,RUBANO,240,26
2025-06-09 06:05:59,EF456GH,VEH002,RFD20241001301,Non Presente,NA,CARTA CONT.STRADALI,NA,45.5658,11.9399,NA,CAMPOSAMPIERO,CAMPOSAMPIERO,NA,NA
2025-06-09 06:08:05,IL789MN,VEH003,RFD20241008208,Non Presente,NA,UMIDO PAP,NA,45.8668,11.5122,NA,ASIAGO,ASIAGO,NA,NA
2025-06-09 06:30:31,AB123CD,VEH001,00BD00000000000000000003,Presente,NA,SECCO PAP,SAC001,45.7671,11.7355,NA,BASSANO DEL GRAPPA,BASSANO,NA,NA
2025-06-09 08:08:09,AB123CD,VEH001,RFD20250203051,Presente,SECCO,SECCO PAP,UTZ003,45.6499,11.8270,TOMBOLO,TOMBOLO,CAMPOSAMPIERO,1100,26
2025-06-09 08:43:37,EF456GH,VEH002,RFD20250331008,Presente,CARTA,CARTA CONT.STRADALI,UTZ001,45.5243,11.8287,CURTAROLO,CURTAROLO,CAMPOSAMPIERO,240,26
2025-06-09 09:16:16,AB123CD,VEH001,RFD20241014117,Presente,SECCO,SECCO PAP,UTZ001,45.6417,11.7835,CITTADELLA,CITTADELLA,CAMPOSAMPIERO,1100,26
2025-06-09 09:53:37,EF456GH,VEH002,RFD20241014191,Presente,CARTA,CARTA CONT.STRADALI,UTZ005,45.3679,11.6627,ROVOLON,ROVOLON,RUBANO,1100,26
2025-06-09 13:25:31,OP012QR,VEH004,RFD20241014024,Presente,SECCO,SECCO PAP,UTZ040,45.5359,11.9672,BORGORICCO,BORGORICCO,CAMPOSAMPIERO,1100,26
2025-06-09 14:46:13,IL789MN,VEH003,RFD20241028173,Presente,UMIDO,UMIDO CONT.STRADALI,UTZ004,45.7624,11.7417,BASSANO DEL GRAPPA,BASSANO DEL GRAPPA,BASSANO,240,26
2025-06-09 14:50:10,IL789MN,VEH003,RFD20241028145,Presente,UMIDO,UMIDO CONT.STRADALI,UTZ004,45.4285,11.7851,RUBANO,RUBANO,RUBANO,240,26
2025-06-09 15:31:44,OP012QR,VEH004,RFD20250203302,Presente,SECCO,SECCO PAP,UTZ002,45.7307,11.6742,MAROSTICA,NOVE,BASSANO,1100,26
2025-06-09 15:39:45,OP012QR,VEH004,RFD20241028163,Presente,SECCO,SECCO PAP,UTZ003,45.7273,11.7666,ROSA',ROSA',BASSANO,1100,26
2025-06-09 17:47:38,OP012QR,VEH004,RFD20250203302,Presente,SECCO,SECCO PAP,UTZ002,45.7409,11.7000,MAROSTICA,BASSANO DEL GRAPPA,BASSANO,1100,26
2025-06-09 18:42:58,IL789MN,VEH003,RFD20241001301,Non Presente,NA,UMIDO CONT.STRADALI,NA,45.5658,11.9399,NA,CAMPOSAMPIERO,CAMPOSAMPIERO,NA,NA
2025-06-10 06:12:34,OP012QR,VEH004,RFD20241001301,Non Presente,NA,SECCO PAP,NA,45.5657,11.9399,NA,CAMPOSAMPIERO,CAMPOSAMPIERO,NA,NA
2025-06-10 07:52:03,AB123CD,VEH001,RFD20241001103,Presente,CARTA,CARTA/CARTONE PAP,UTZ013,45.5662,11.9180,CAMPOSAMPIERO,CAMPOSAMPIERO,CAMPOSAMPIERO,240,26
2025-06-10 08:58:46,ST345UV,VEH005,RFD20250508213,Non Presente,NA,PULIZIA TERRIT.,NA,45.7253,11.6034,NA,COLCERESA,BASSANO,NA,NA
2025-06-10 10:15:42,IL789MN,VEH003,RFD20241001152,Presente,UMIDO,UMIDO PAP,UTZ037,45.4373,11.9252,CADONEGHE,CADONEGHE,CAMPOSAMPIERO,240,26
2025-06-10 12:18:02,OP012QR,VEH004,RFD20250203302,Presente,SECCO,SECCO PAP,UTZ002,45.7419,11.7017,MAROSTICA,BASSANO DEL GRAPPA,BASSANO,1100,26
2025-06-10 13:06:09,IL789MN,VEH003,RFD20241001122,Presente,PLASTICA E METALLI,PLASTICA PAP,UTZ012,45.8053,11.7262,POVE DEL GRAPPA,POVE DEL GRAPPA,BASSANO,770,26
2025-06-10 14:21:45,ST345UV,VEH005,RFD20241001114,Presente,PLASTICA E METALLI,PLAST.CONT.STRADALI,UTZ005,45.8610,11.5203,ASIAGO,ASIAGO,ASIAGO,770,26
2025-06-10 14:23:44,IL789MN,VEH003,RFD20241001158,Presente,PLASTICA E METALLI,PLASTICA PAP,UTZ034,45.6543,11.8573,SAN MARTINO DI LUPARI,SAN MARTINO DI LUPARI,CAMPOSAMPIERO,770,26
2025-06-10 14:48:36,OP012QR,VEH004,RFD20241015048,Presente,SECCO,SECCO PAP,UTZ030,45.4294,11.7923,RUBANO,RUBANO,RUBANO,1100,26
2025-06-10 15:06:41,OP012QR,VEH004,RFD20241001181,Presente,SECCO,SECCO PAP,UTZ008,45.6545,11.6828,POZZOLEONE,POZZOLEONE,BASSANO,1100,26
2025-06-10 15:37:44,OP012QR,VEH004,RFD20241001058,Presente,SECCO,SECCO PAP,UTZ035,45.3438,11.6638,TEOLO,TEOLO,RUBANO,1100,26
2025-06-10 15:50:35,OP012QR,VEH004,RFD20250203302,Presente,SECCO,SECCO PAP,UTZ002,45.7329,11.6899,MAROSTICA,NOVE,BASSANO,1100,26
2025-06-10 17:44:19,ST345UV,VEH005,RFD20241001209,Non Presente,NA,PLAST.CONT.STRADALI,NA,45.6481,11.8299,NA,TOMBOLO,CAMPOSAMPIERO,NA,NA
2025-06-10 18:32:51,AB123CD,VEH001,RFD20241001301,Non Presente,NA,CARTA/CARTONE PAP,NA,45.5658,11.9399,NA,CAMPOSAMPIERO,CAMPOSAMPIERO,NA,NA
2025-06-11 06:01:14,EF456GH,VEH002,RFD20241001301,Non Presente,NA,CARTA CONT.STRADALI,NA,45.5658,11.9400,NA,CAMPOSAMPIERO,CAMPOSAMPIERO,NA,NA
2025-06-11 06:40:18,AB123CD,VEH001,RFD20241002049,Presente,SECCO,SECCO PAP,UTZ003,45.3393,11.7379,TORREGLIA,TORREGLIA,RUBANO,1100,26
2025-06-11 08:09:17,AB123CD,VEH001,RFD20250514018,Presente,SECCO,SECCO PAP,UTZ005,45.7965,11.7360,POVE DEL GRAPPA,POVE DEL GRAPPA,BASSANO,1100,26
2025-06-11 08:47:14,EF456GH,VEH002,RFD20241002131,Presente,CARTA,CARTA CONT.STRADALI,UTZ001,45.8910,11.6335,FOZA,FOZA,ASIAGO,240,26
2025-06-11 09:24:33,AB123CD,VEH001,RFD20241002105,Presente,SECCO,SECCO PAP,UTZ002,45.7148,11.7669,ROSA',ROSA',BASSANO,240,26
2025-06-11 09:38:35,AB123CD,VEH001,RFD20250205056,Presente,SECCO,SECCO PAP,UTZ001,45.5195,11.8284,CURTAROLO,CURTAROLO,CAMPOSAMPIERO,240,26
2025-06-11 10:00:30,AB123CD,VEH001,RFD20241002183,Presente,SECCO,SECCO PAP,UTZ009,45.7284,11.7948,CASSOLA,CASSOLA,BASSANO,1100,26
2025-06-11 10:14:44,EF456GH,VEH002,RFD20241002073,Presente,CARTA,CARTA CONT.STRADALI,UTZ050,45.4021,11.7537,SACCOLONGO,SACCOLONGO,RUBANO,1100,26
2025-06-11 12:00:03,OP012QR,VEH004,RFD20250203302,Presente,SECCO,SECCO PAP,UTZ002,45.7418,11.6613,MAROSTICA,MAROSTICA,BASSANO,1100,26
2025-06-11 13:30:46,OP012QR,VEH004,RFD20241002203,Non Presente,NA,SECCO PAP,NA,45.3697,11.6596,NA,ROVOLON,RUBANO,NA,NA
2025-06-11 13:37:35,OP012QR,VEH004,RFD20241002078,Presente,SECCO,SECCO PAP,UTZ009,45.8878,11.5489,GALLIO,GALLIO,ASIAGO,1100,26
2025-06-11 13:42:57,OP012QR,VEH004,RFD20241002094,Presente,SECCO,SECCO PAP,UTZ005,45.5787,11.9240,CAMPOSAMPIERO,CAMPOSAMPIERO,CAMPOSAMPIERO,240,26
2025-06-11 14:21:37,OP012QR,VEH004,RFD20241030037,Presente,SECCO,SECCO PAP,UTZ014,45.8814,11.5385,GALLIO,GALLIO,ASIAGO,1100,26
2025-06-11 14:35:01,IL789MN,VEH003,RFD20241002217,Non Presente,NA,VERDE PAP,NA,45.6307,11.6935,NA,CARMIGNANO DI BRENTA,CAMPOSAMPIERO,NA,NA
2025-06-11 14:53:55,IL789MN,VEH003,RFD20241016234,Non Presente,NA,VERDE PAP,NA,45.5601,11.8171,NA,CAMPO SAN MARTINO,CAMPOSAMPIERO,NA,NA
2025-06-11 14:58:32,OP012QR,VEH004,RFD20241002184,Presente,SECCO,SECCO PAP,UTZ002,45.7699,11.7359,BASSANO DEL GRAPPA,BASSANO DEL GRAPPA,BASSANO,1100,26
2025-06-11 15:00:55,ST345UV,VEH005,RFD20241002229,Non Presente,NA,VETRO PAP,NA,45.7207,11.6123,NA,COLCERESA,BASSANO,NA,NA
2025-06-11 16:20:57,IL789MN,VEH003,RFD20241002015,Presente,VERDE E RAMAGLIE,VERDE PAP,UTZ030,45.6655,11.8190,GALLIERA VENETA,GALLIERA VENETA,CAMPOSAMPIERO,1100,26
2025-06-11 16:21:33,ST345UV,VEH005,RFD20241002053,Presente,VETRO,VETRO PAP,UTZ022,45.7624,11.7436,BASSANO DEL GRAPPA,BASSANO DEL GRAPPA,BASSANO,1100,26
2025-06-11 16:54:25,IL789MN,VEH003,RFD20241002198,Presente,VERDE E RAMAGLIE,VERDE PAP,UTZ001,45.8721,11.5268,ASIAGO,ASIAGO,ASIAGO,240,26
2025-06-11 16:54:26,OP012QR,VEH004,RFD20250203302,Presente,SECCO,SECCO PAP,UTZ002,45.7371,11.6953,MAROSTICA,BASSANO DEL GRAPPA,BASSANO,1100,26
2025-06-11 17:45:41,IL789MN,VEH003,RFD20241030027,Presente,VERDE E RAMAGLIE,VERDE PAP,UTZ024,45.3837,11.9774,SAONARA,SAONARA,CAMPOSAMPIERO,240,26
2025-06-12 08:08:18,AB123CD,VEH001,RFD20241003141,Presente,CARTA,CARTA/CARTONE PAP,UTZ008,45.5758,11.7106,GAZZO,GAZZO,CAMPOSAMPIERO,1100,26
2025-06-12 08:47:51,AB123CD,VEH001,RFD20241031097,Presente,CARTA,CARTA/CARTONE PAP,UTZ011,45.6008,11.8146,SAN GIORGIO IN BOSCO,SAN GIORGIO IN BOSCO,CAMPOSAMPIERO,1100,26
2025-06-12 09:12:18,AB123CD,VEH001,RFD20241003096,Presente,CARTA,CARTA/CARTONE PAP,UTZ017,45.5711,11.9268,CAMPOSAMPIERO,CAMPOSAMPIERO,CAMPOSAMPIERO,1100,26
2025-06-12 10:05:18,EF456GH,VEH002,RFD20250123212,Non Presente,NA,VETRO PAP,NA,45.4272,11.7901,NA,RUBANO,RUBANO,NA,NA
2025-06-12 10:26:38,EF456GH,VEH002,RFD20241003157,Presente,VETRO,VETRO PAP,UTZ013,45.4907,11.7438,CAMPODORO,CAMPODORO,RUBANO,1100,26
2025-06-12 12:56:58,EF456GH,VEH002,RFD20241003230,Non Presente,NA,VETRO PAP,NA,45.6960,11.6361,NA,SCHIAVON,BASSANO,NA,NA
2025-06-12 13:54:07,IL789MN,VEH003,RFD20241003127,Presente,UMIDO,UMIDO CONT.STRADALI,UTZ001,45.7727,11.7288,BASSANO DEL GRAPPA,BASSANO DEL GRAPPA,BASSANO,240,26
2025-06-12 14:00:32,ST345UV,VEH005,RFD20241003138,Presente,PLASTICA E METALLI,PLAST.CONT.STRADALI,UTZ005,45.6087,11.6730,SAN PIETRO IN GU,SAN PIETRO IN GU,CAMPOSAMPIERO,770,26
2025-06-12 14:13:44,OP012QR,VEH004,RFD20241003061,Presente,SECCO,SECCO PAP,UTZ002,45.5341,11.9612,BORGORICCO,BORGORICCO,CAMPOSAMPIERO,1100,26
2025-06-12 14:28:51,OP012QR,VEH004,RFD20250203302,Presente,SECCO,SECCO PAP,UTZ002,45.7280,11.6832,MAROSTICA,NOVE,BASSANO,1100,26
2025-06-12 16:53:20,OP012QR,VEH004,RFD20241003164,Presente,SECCO,SECCO PAP,UTZ003,45.7793,11.7294,BASSANO DEL GRAPPA,BASSANO DEL GRAPPA,BASSANO,240,26
2025-06-12 17:01:00,IL789MN,VEH003,RFD20241003303,Presente,UMIDO,UMIDO CONT.STRADALI,UTZ002,45.7801,11.8034,MUSSOLENTE,MUSSOLENTE,BASSANO,240,26
2025-06-12 17:33:13,OP012QR,VEH004,RFD20250203302,Presente,SECCO,SECCO PAP,UTZ002,45.7346,11.6918,MAROSTICA,BASSANO DEL GRAPPA,BASSANO,1100,26
2025-06-12 18:39:30,IL789MN,VEH003,RFD20241001301,Non Presente,NA,UMIDO CONT.STRADALI,NA,45.5658,11.9400,NA,CAMPOSAMPIERO,CAMPOSAMPIERO,NA,NA
2025-06-13 06:14:12,AB123CD,VEH001,RFD20241001301,Non Presente,NA,SECCO PAP,NA,45.5658,11.9399,NA,CAMPOSAMPIERO,CAMPOSAMPIERO,NA,NA
2025-06-13 06:23:40,ST345UV,VEH005,RFD20241001301,Non Presente,NA,VETRO PAP,NA,45.5658,11.9399,NA,CAMPOSAMPIERO,CAMPOSAMPIERO,NA,NA
2025-06-13 07:09:20,AB123CD,VEH001,RFD20241004065,Presente,SECCO,SECCO PAP,UTZ007,45.6154,11.6652,SAN PIETRO IN GU,SAN PIETRO IN GU,CAMPOSAMPIERO,1100,26
2025-06-13 08:46:08,AB123CD,VEH001,RFD20241004003,Presente,SECCO,SECCO PAP,UTZ008,45.4362,11.7855,RUBANO,RUBANO,RUBANO,240,26
2025-06-13 09:47:38,EF456GH,VEH002,RFD20250221038,Presente,CARTA,CARTA CONT.STRADALI,UTZ005,45.6902,11.6328,SCHIAVON,SCHIAVON,BASSANO,240,26
2025-06-13 10:17:54,EF456GH,VEH002,RFD20241004159,Presente,CARTA,CARTA CONT.STRADALI,UTZ004,45.4415,11.7882,RUBANO,RUBANO,RUBANO,1100,26
2025-06-13 10:34:23,AB123CD,VEH001,RFD20241004137,Presente,SECCO,SECCO PAP,UTZ012,45.5272,11.9707,BORGORICCO,BORGORICCO,CAMPOSAMPIERO,1100,26
2025-06-13 10:55:02,EF456GH,VEH002,RFD20241004197,Presente,CARTA,CARTA CONT.STRADALI,UTZ018,45.8647,11.5124,ASIAGO,ASIAGO,ASIAGO,240,26
2025-06-13 10:57:41,EF456GH,VEH002,RFD20241004028,Presente,CARTA,CARTA CONT.STRADALI,UTZ005,45.8598,11.3941,ROTZO,ROTZO,ASIAGO,240,26
2025-06-13 12:53:26,OP012QR,VEH004,RFD20241101042,Presente,SECCO,SECCO PAP,UTZ001,45.3869,11.7892,SELVAZZANO DENTRO,SELVAZZANO DENTRO,RUBANO,1100,26
2025-06-13 13:19:00,OP012QR,VEH004,RFD20250418055,Presente,SECCO,SECCO PAP,UTZ002,45.8010,11.6141,LUSIANA CONCO,LUSIANA CONCO,ASIAGO,240,26
2025-06-13 13:52:35,OP012QR,VEH004,RFD20241004044,Presente,SECCO,SECCO PAP,UTZ009,45.6809,11.6935,TEZZE SUL BRENTA,TEZZE SUL BRENTA,BASSANO,240,26
2025-06-13 14:34:55,IL789MN,VEH003,RFD20241004177,Presente,PLASTICA E METALLI,PLASTICA PAP,UTZ048,45.7667,11.7335,BASSANO DEL GRAPPA,BASSANO DEL GRAPPA,BASSANO,770,26
2025-06-13 14:40:36,OP012QR,VEH004,RFD20250203302,Presente,SECCO,SECCO PAP,UTZ002,45.7267,11.6814,MAROSTICA,NOVE,BASSANO,1100,26
2025-06-13 15:25:37,OP012QR,VEH004,RFD20250203302,Presente,SECCO,SECCO PAP,UTZ002,45.7451,11.6572,MAROSTICA,MAROSTICA,BASSANO,1100,26
2025-06-13 15:59:31,OP012QR,VEH004,RFD20241018010,Presente,SECCO,SECCO PAP,UTZ001,45.3634,11.9847,SAONARA,SAONARA,CAMPOSAMPIERO,1100,26
2025-06-13 16:29:48,ST345UV,VEH005,RFD20241004115,Presente,VETRO,VETRO PAP,UTZ001,45.4292,11.7850,RUBANO,RUBANO,RUBANO,1100,26
2025-06-13 17:14:49,ST345UV,VEH005,RFD20241004185,Presente,VETRO,VETRO PAP,UTZ043,45.4032,11.7499,SACCOLONGO,SACCOLONGO,RUBANO,1100,26
2025-06-14 06:09:53,OP012QR,VEH004,RFD20241001301,Non Presente,NA,SECCO PAP,NA,45.5658,11.9399,NA,CAMPOSAMPIERO,CAMPOSAMPIERO,NA,NA
2025-06-14 06:12:03,IL789MN,VEH003,RFD20241001301,Non Presente,NA,UMIDO PAP,NA,45.5658,11.9399,NA,CAMPOSAMPIERO,CAMPOSAMPIERO,NA,NA
2025-06-14 12:32:30,OP012QR,VEH004,RFD20241005091,Presente,SECCO,SECCO PAP,UTZ016,45.5854,11.8054,SAN GIORGIO IN BOSCO,SAN GIORGIO IN BOSCO,CAMPOSAMPIERO,1100,26
2025-06-14 13:36:43,OP012QR,VEH004,RFD20241005012,Presente,SECCO,SECCO PAP,UTZ035,45.8086,11.7284,POVE DEL GRAPPA,POVE DEL GRAPPA,BASSANO,1100,26
2025-06-14 13:40:23,OP012QR,VEH004,RFD20250203302,Presente,SECCO,SECCO PAP,UTZ002,45.7278,11.6777,MAROSTICA,NOVE,BASSANO,1100,26
2025-06-14 15:18:33,IL789MN,VEH003,RFD20241005169,Presente,VERDE E RAMAGLIE,VERDE PAP,UTZ008,45.6470,11.6825,POZZOLEONE,POZZOLEONE,BASSANO,240,26
2025-06-14 15:28:47,OP012QR,VEH004,RFD20241019135,Presente,SECCO,SECCO PAP,UTZ019,45.6499,11.8547,SAN MARTINO DI LUPARI,SAN MARTINO DI LUPARI,CAMPOSAMPIERO,240,26
2025-06-14 16:15:46,IL789MN,VEH003,RFD20241005144,Presente,VERDE E RAMAGLIE,VERDE PAP,UTZ013,45.4201,11.6828,CERVARESE SANTA CROCE,CERVARESE SANTA CROCE,RUBANO,240,26
2025-06-14 17:20:07,OP012QR,VEH004,RFD20250203302,Presente,SECCO,SECCO PAP,UTZ002,45.7268,11.6818,MAROSTICA,NOVE,BASSANO,1100,26
2025-06-14 17:28:44,IL789MN,VEH003,RFD20241005064,Presente,VERDE E RAMAGLIE,VERDE PAP,UTZ010,45.3061,11.7338,GALZIGNANO TERME,GALZIGNANO TERME,RUBANO,240,26
2025-06-15 07:08:47,AB123CD,VEH001,RFD20241006147,Presente,CARTA,CARTA CONT.STRADALI,UTZ003,45.3312,11.7374,TORREGLIA,TORREGLIA,RUBANO,240,26
2025-06-15 07:18:01,AB123CD,VEH001,RFD20241006101,Presente,CARTA,CARTA CONT.STRADALI,UTZ012,45.5776,11.9328,CAMPOSAMPIERO,CAMPOSAMPIERO,CAMPOSAMPIERO,1100,26
2025-06-15 08:14:46,AB123CD,VEH001,RFD20241006174,Presente,CARTA,CARTA CONT.STRADALI,UTZ047,45.3069,11.7165,GALZIGNANO TERME,GALZIGNANO TERME,RUBANO,240,26
2025-06-15 08:35:54,AB123CD,VEH001,RFD20241006168,Presente,CARTA,CARTA CONT.STRADALI,UTZ003,45.5472,12.0105,MASSANZAGO,MASSANZAGO,CAMPOSAMPIERO,1100,26
2025-06-15 09:20:25,AB123CD,VEH001,RFD20241006192,Presente,CARTA,CARTA CONT.STRADALI,UTZ001,45.6511,11.8274,TOMBOLO,TOMBOLO,CAMPOSAMPIERO,1100,26
2025-06-15 09:29:05,AB123CD,VEH001,RFD20241006180,Presente,CARTA,CARTA CONT.STRADALI,UTZ003,45.6362,11.7543,FONTANIVA,FONTANIVA,CAMPOSAMPIERO,240,26
2025-06-15 09:38:33,AB123CD,VEH001,RFD20241006066,Presente,CARTA,CARTA CONT.STRADALI,UTZ011,45.3105,11.7321,GALZIGNANO TERME,GALZIGNANO TERME,RUBANO,1100,26
2025-06-15 10:42:07,AB123CD,VEH001,RFD20241006134,Presente,CARTA,CARTA CONT.STRADALI,UTZ001,45.5032,11.9010,CAMPODARSEGO,CAMPODARSEGO,CAMPOSAMPIERO,240,26
2025-06-15 10:56:51,AB123CD,VEH001,RFD20241006095,Presente,CARTA,CARTA CONT.STRADALI,UTZ034,45.4855,11.7453,CAMPODORO,CAMPODORO,RUBANO,1100,26
2025-06-16 06:17:36,EF456GH,VEH002,RFD20241001301,Non Presente,NA,CARTA CONT.STRADALI,NA,45.5658,11.9399,NA,CAMPOSAMPIERO,CAMPOSAMPIERO,NA,NA
2025-06-16 06:21:18,IL789MN,VEH003,RFD20241007043,Presente,UMIDO,UMIDO PAP,UTZ001,45.7956,11.7347,POVE DEL GRAPPA,POVE DEL GRAPPA,BASSANO,240,26
2025-06-16 07:19:17,AB123CD,VEH001,RFD20241007126,Presente,SECCO,SECCO PAP,UTZ001,45.6477,11.6837,POZZOLEONE,POZZOLEONE,BASSANO,1100,26
2025-06-16 07:57:32,IL789MN,VEH003,RFD20241007142,Presente,UMIDO,UMIDO PAP,UTZ001,45.3359,11.7883,MONTEGROTTO TERME,MONTEGROTTO TERME,RUBANO,770,26
2025-06-16 08:08:00,AB123CD,VEH001,RFD20241007113,Presente,SECCO,SECCO PAP,UTZ022,45.4249,11.7901,RUBANO,RUBANO,RUBANO,1100,26
2025-06-16 09:10:06,AB123CD,VEH001,RFD20241007146,Presente,SECCO,SECCO PAP,UTZ018,45.3018,11.7335,GALZIGNANO TERME,GALZIGNANO TERME,RUBANO,240,26
2025-06-16 12:15:34,OP012QR,VEH004,RFD20250203302,Presente,SECCO,SECCO PAP,UTZ002,45.7362,11.6679,MAROSTICA,MAROSTICA,BASSANO,1100,26
2025-06-16 12:36:51,OP012QR,VEH004,RFD20250203302,Presente,SECCO,SECCO PAP,UTZ002,45.7371,11.6952,MAROSTICA,BASSANO DEL GRAPPA,BASSANO,1100,26
2025-06-16 12:59:30,OP012QR,VEH004,RFD20241007193,Presente,SECCO,SECCO PAP,UTZ005,45.6645,11.8336,GALLIERA VENETA,GALLIERA VENETA,CAMPOSAMPIERO,240,26
2025-06-16 13:17:18,OP012QR,VEH004,RFD20241007190,Presente,SECCO,SECCO PAP,UTZ031,45.4336,11.7794,RUBANO,RUBANO,RUBANO,1100,26
2025-06-16 13:25:11,IL789MN,VEH003,RFD20241007067,Presente,UMIDO,UMIDO CONT.STRADALI,UTZ010,45.3992,11.7456,SACCOLONGO,SACCOLONGO,RUBANO,770,26
2025-06-16 13:29:37,IL789MN,VEH003,RFD20241007233,Non Presente,NA,UMIDO CONT.STRADALI,NA,45.3299,11.8015,NA,MONTEGROTTO TERME,RUBANO,NA,NA
2025-06-16 13:36:46,IL789MN,VEH003,RFD20250505199,Presente,UMIDO,UMIDO CONT.STRADALI,UTZ034,45.4280,11.7887,RUBANO,RUBANO,RUBANO,240,26
2025-06-16 13:51:34,ST345UV,VEH005,RFD20241007039,Presente,VETRO,VETRO PAP,UTZ025,45.5286,11.9681,BORGORICCO,BORGORICCO,CAMPOSAMPIERO,770,26
2025-06-16 14:52:01,IL789MN,VEH003,RFD20241007148,Presente,UMIDO,UMIDO CONT.STRADALI,UTZ025,45.7745,11.7215,BASSANO DEL GRAPPA,BASSANO DEL GRAPPA,BASSANO,240,26
2025-06-16 15:01:55,ST345UV,VEH005,RFD20241007076,Presente,VETRO,VETRO PAP,UTZ001,45.7718,11.7305,BASSANO DEL GRAPPA,BASSANO DEL GRAPPA,BASSANO,1100,26
2025-06-16 15:05:15,IL789MN,VEH003,RFD20241007054,Presente,UMIDO,UMIDO CONT.STRADALI,UTZ013,45.6530,11.8165,TOMBOLO,TOMBOLO,CAMPOSAMPIERO,240,26
2025-06-16 15:39:20,ST345UV,VEH005,RFD20241007081,Presente,VETRO,VETRO PAP,UTZ003,45.7215,11.7649,ROSA',ROSA',BASSANO,1100,26
2025-06-16 17:12:07,OP012QR,VEH004,RFD20241007120,Presente,SECCO,SECCO PAP,UTZ002,45.4334,11.7852,RUBANO,RUBANO,RUBANO,1100,26
2025-06-17 06:00:00,AB123CD,VEH001,RFD20241008171,Presente,CARTA,CARTA/CARTONE PAP,UTZ023,45.7279,11.7642,ROSA',ROSA',BASSANO,240,26
2025-06-17 06:14:55,EF456GH,VEH002,RFD20241001301,Non Presente,NA,VETRO PAP,NA,45.5658,11.9399,NA,CAMPOSAMPIERO,CAMPOSAMPIERO,NA,NA
2025-06-17 07:11:09,IL789MN,VEH003,RFD20241009227,Non Presente,NA,UMIDO PAP,NA,45.8963,11.5508,NA,GALLIO,ASIAGO,NA,NA
2025-06-17 08:37:15,AB123CD,VEH001,RFD20241022136,Presente,CARTA,CARTA/CARTONE PAP,UTZ038,45.7886,11.7571,ROMANO D'EZZELINO,ROMANO D'EZZELINO,BASSANO,240,26
2025-06-17 09:00:47,EF456GH,VEH002,RFD20241008026,Presente,VETRO,VETRO PAP,UTZ008,45.7923,11.7304,POVE DEL GRAPPA,POVE DEL GRAPPA,BASSANO,1100,26
2025-06-17 10:26:41,IL789MN,VEH003,RFD20241008059,Presente,UMIDO,UMIDO PAP,UTZ001,45.4021,11.7943,SELVAZZANO DENTRO,SELVAZZANO DENTRO,RUBANO,240,26
2025-06-17 11:13:50,AB123CD,VEH001,RFD20241008062,Presente,CARTA,CARTA/CARTONE PAP,UTZ002,45.3628,11.6654,ROVOLON,ROVOLON,RUBANO,1100,26
2025-06-17 13:08:35,ST345UV,VEH005,RFD20241008023,Presente,PLASTICA E METALLI,PLAST.CONT.STRADALI,UTZ027,45.3022,11.7241,GALZIGNANO TERME,GALZIGNANO TERME,RUBANO,770,26
2025-06-17 13:15:50,OP012QR,VEH004,RFD20241008102,Presente,SECCO,SECCO PAP,UTZ024,45.8899,11.6269,FOZA,FOZA,ASIAGO,1100,26
2025-06-17 13:41:38,OP012QR,VEH004,RFD20250203302,Presente,SECCO,SECCO PAP,UTZ002,45.7353,11.6927,MAROSTICA,BASSANO DEL GRAPPA,BASSANO,1100,26
2025-06-17 15:12:06,OP012QR,VEH004,RFD20250203302,Presente,SECCO,SECCO PAP,UTZ002,45.7338,11.6908,MAROSTICA,NOVE,BASSANO,1100,26
2025-06-17 15:31:26,ST345UV,VEH005,RFD20241008187,Presente,PLASTICA E METALLI,PLAST.CONT.STRADALI,UTZ002,45.6584,11.8266,GALLIERA VENETA,GALLIERA VENETA,CAMPOSAMPIERO,770,26
2025-06-17 15:33:18,IL789MN,VEH003,RFD20241008032,Presente,PLASTICA E METALLI,PLASTICA PAP,UTZ026,45.3984,11.7486,SACCOLONGO,SACCOLONGO,RUBANO,770,26
2025-06-17 16:19:36,OP012QR,VEH004,RFD20241008099,Presente,SECCO,SECCO PAP,UTZ015,45.7173,11.7676,ROSA',ROSA',BASSANO,1100,26
2025-06-18 06:22:14,EF456GH,VEH002,RFD20241001301,Non Presente,NA,CARTA CONT.STRADALI,NA,45.5658,11.9399,NA,CAMPOSAMPIERO,CAMPOSAMPIERO,NA,NA
2025-06-18 06:53:24,AB123CD,VEH001,RFD20241009151,Presente,SECCO,SECCO PAP,UTZ026,45.5940,11.9394,LOREGGIA,LOREGGIA,CAMPOSAMPIERO,240,26
2025-06-18 07:09:33,AB123CD,VEH001,RFD20241009041,Presente,SECCO,SECCO PAP,UTZ001,45.5654,11.8988,SANTA GIUSTINA IN COLLE,SANTA GIUSTINA IN COLLE,CAMPOSAMPIERO,1100,26
2025-06-18 07:53:22,AB123CD,VEH001,RFD20241009128,Presente,SECCO,SECCO PAP,UTZ002,45.4110,11.7369,SACCOLONGO,SACCOLONGO,RUBANO,1100,26
2025-06-18 08:26:29,AB123CD,VEH001,RFD20241009189,Presente,SECCO,SECCO PAP,UTZ002,45.4235,11.7904,RUBANO,RUBANO,RUBANO,1100,26
2025-06-18 09:51:37,AB123CD,VEH001,RFD20241009093,Presente,SECCO,SECCO PAP,UTZ040,45.7099,11.7970,ROSSANO VENETO,ROSSANO VENETO,BASSANO,1100,26
2025-06-18 09:56:09,AB123CD,VEH001,RFD20241009111,Presente,SECCO,SECCO PAP,UTZ042,45.6087,11.6742,SAN PIETRO IN GU,SAN PIETRO IN GU,CAMPOSAMPIERO,240,26
2025-06-18 10:38:54,AB123CD,VEH001,RFD20241009108,Presente,SECCO,SECCO PAP,UTZ003,45.6954,11.7109,TEZZE SUL BRENTA,TEZZE SUL BRENTA,BASSANO,240,26
2025-06-18 10:53:29,AB123CD,VEH001,RFD20241009106,Presente,SECCO,SECCO PAP,UTZ004,45.7672,11.7353,BASSANO DEL GRAPPA,BASSANO DEL GRAPPA,BASSANO,240,26
2025-06-18 11:09:46,AB123CD,VEH001,RFD20241009227,Non Presente,NA,SECCO PAP,NA,45.8962,11.5508,NA,GALLIO,ASIAGO,NA,NA
2025-06-18 13:48:19,OP012QR,VEH004,RFD20241009107,Presente,SECCO,SECCO PAP,UTZ033,45.5707,11.9321,CAMPOSAMPIERO,CAMPOSAMPIERO,CAMPOSAMPIERO,1100,26
2025-06-18 14:09:10,OP012QR,VEH004,RFD20250203302,Presente,SECCO,SECCO PAP,UTZ002,45.7407,11.6625,MAROSTICA,MAROSTICA,BASSANO,1100,26
2025-06-18 14:24:47,IL789MN,VEH003,RFD20241009045,Presente,VERDE E RAMAGLIE,VERDE PAP,UTZ030,45.5619,12.0076,MASSANZAGO,MASSANZAGO,CAMPOSAMPIERO,240,26
2025-06-18 14:25:43,ST345UV,VEH005,RFD20241009150,Presente,VETRO,VETRO PAP,UTZ027,45.5793,11.9327,CAMPOSAMPIERO,CAMPOSAMPIERO,CAMPOSAMPIERO,1100,26
2025-06-18 14:40:06,IL789MN,VEH003,RFD20241009205,Non Presente,NA,VERDE PAP,NA,45.8678,11.5015,NA,ASIAGO,ASIAGO,NA,NA
2025-06-18 15:42:26,OP012QR,VEH004,RFD20241009085,Presente,SECCO,SECCO PAP,UTZ016,45.4845,11.8336,LIMENA,LIMENA,RUBANO,1100,26
2025-06-18 16:13:36,OP012QR,VEH004,RFD20241009140,Presente,SECCO,SECCO PAP,UTZ002,45.9449,11.7210,ENEGO,ENEGO,ASIAGO,1100,26
2025-06-18 17:13:51,OP012QR,VEH004,RFD20250203302,Presente,SECCO,SECCO PAP,UTZ002,45.7417,11.7014,MAROSTICA,BASSANO DEL GRAPPA,BASSANO,1100,26
2025-06-19 06:23:06,OP012QR,VEH004,RFD20241001301,Non Presente,NA,SECCO PAP,NA,45.5658,11.9399,NA,CAMPOSAMPIERO,CAMPOSAMPIERO,NA,NA
2025-06-19 07:53:58,IL789MN,VEH003,RFD20241010068,Presente,UMIDO,UMIDO PAP,UTZ004,45.4899,11.7452,CAMPODORO,CAMPODORO,RUBANO,240,26
2025-06-19 10:06:40,AB123CD,VEH001,RFD20241010013,Presente,CARTA,CARTA/CARTONE PAP,UTZ009,45.7805,11.7403,BASSANO DEL GRAPPA,BASSANO DEL GRAPPA,BASSANO,1100,26
2025-06-19 14:02:12,OP012QR,VEH004,RFD20250203302,Presente,SECCO,SECCO PAP,UTZ002,45.7380,11.6654,MAROSTICA,MAROSTICA,BASSANO,1100,26
2025-06-19 14:12:43,OP012QR,VEH004,RFD20250313133,Presente,SECCO,SECCO PAP,UTZ005,45.6415,11.7536,FONTANIVA,FONTANIVA,CAMPOSAMPIERO,1100,26
2025-06-19 14:15:35,ST345UV,VEH005,RFD20241010022,Presente,PLASTICA E METALLI,PLAST.CONT.STRADALI,UTZ032,45.3666,11.9839,SAONARA,SAONARA,CAMPOSAMPIERO,770,26
2025-06-19 14:36:05,IL789MN,VEH003,RFD20241010109,Presente,UMIDO,UMIDO CONT.STRADALI,UTZ018,45.7767,11.7332,BASSANO DEL GRAPPA,BASSANO DEL GRAPPA,BASSANO,770,26
2025-06-19 15:20:32,OP012QR,VEH004,RFD20241010119,Presente,SECCO,SECCO PAP,UTZ002,45.5623,11.9074,SANTA GIUSTINA IN COLLE,SANTA GIUSTINA IN COLLE,CAMPOSAMPIERO,1100,26
2025-06-19 15:33:38,ST345UV,VEH005,RFD20241010154,Presente,PLASTICA E METALLI,PLAST.CONT.STRADALI,UTZ005,45.8640,11.5161,ASIAGO,ASIAGO,ASIAGO,770,26
2025-06-19 16:09:11,OP012QR,VEH004,RFD20241010074,Presente,SECCO,SECCO PAP,UTZ006,45.6211,11.6996,CARMIGNANO DI BRENTA,CARMIGNANO DI BRENTA,CAMPOSAMPIERO,1100,26
2025-06-19 17:14:42,OP012QR,VEH004,RFD20241010069,Presente,SECCO,SECCO PAP,UTZ020,45.7309,11.7589,ROSA',ROSA',BASSANO,240,26
2025-06-19 18:25:36,OP012QR,VEH004,RFD20250203302,Presente,SECCO,SECCO PAP,UTZ002,45.7327,11.6718,MAROSTICA,MAROSTICA,BASSANO,1100,26
2025-06-20 07:11:04,AB123CD,VEH001,RFD20241011132,Presente,SECCO,SECCO PAP,UTZ001,45.5771,11.9308,CAMPOSAMPIERO,CAMPOSAMPIERO,CAMPOSAMPIERO,1100,26
2025-06-20 07:39:03,AB123CD,VEH001,RFD20241025029,Presente,SECCO,SECCO PAP,UTZ001,45.7802,11.7923,MUSSOLENTE,MUSSOLENTE,BASSANO,240,26
2025-06-20 07:44:29,AB123CD,VEH001,RFD20250509017,Presente,SECCO,SECCO PAP,UTZ002,45.5764,11.9323,CAMPOSAMPIERO,CAMPOSAMPIERO,CAMPOSAMPIERO,1100,26
2025-06-20 09:34:26,AB123CD,VEH001,RFD20241011139,Presente,SECCO,SECCO PAP,UTZ002,45.6196,11.6596,SAN PIETRO IN GU,SAN PIETRO IN GU,CAMPOSAMPIERO,1100,26
2025-06-20 09:36:13,AB123CD,VEH001,RFD20241011176,Presente,SECCO,SECCO PAP,UTZ008,45.4677,11.8515,LIMENA,LIMENA,RUBANO,1100,26
2025-06-20 10:32:07,AB123CD,VEH001,RFD20250425200,Presente,SECCO,SECCO PAP,UTZ015,45.5440,11.9261,SAN GIORGIO DELLE PERTICHE,SAN GIORGIO DELLE PERTICHE,CAMPOSAMPIERO,1100,26
2025-06-20 12:17:56,OP012QR,VEH004,RFD20250203302,Presente,SECCO,SECCO PAP,UTZ002,45.7275,11.6822,MAROSTICA,NOVE,BASSANO,1100,26
2025-06-20 13:12:11,ST345UV,VEH005,RFD20241011025,Presente,VETRO,VETRO PAP,UTZ031,45.5449,11.9054,SAN GIORGIO DELLE PERTICHE,SAN GIORGIO DELLE PERTICHE,CAMPOSAMPIERO,1100,13
2025-06-20 14:04:57,OP012QR,VEH004,RFD20241011121,Presente,SECCO,SECCO PAP,UTZ015,45.4087,11.7483,SACCOLONGO,SACCOLONGO,RUBANO,1100,26
2025-06-20 14:53:20,OP012QR,VEH004,RFD20241011124,Presente,SECCO,SECCO PAP,UTZ001,45.6385,11.8462,SAN MARTINO DI LUPARI,SAN MARTINO DI LUPARI,CAMPOSAMPIERO,240,26
2025-06-20 15:12:50,ST345UV,VEH005,RFD20241011182,Presente,VETRO,VETRO PAP,UTZ047,45.5918,11.6998,GAZZO,GAZZO,CAMPOSAMPIERO,1100,26
2025-06-20 15:27:42,IL789MN,VEH003,RFD20241016234,Non Presente,NA,PLASTICA PAP,NA,45.5602,11.8172,NA,CAMPO SAN MARTINO,CAMPOSAMPIERO,NA,NA
2025-06-20 15:42:53,ST345UV,VEH005,RFD20241011125,Presente,VETRO,VETRO PAP,UTZ014,45.5746,11.9219,CAMPOSAMPIERO,CAMPOSAMPIERO,CAMPOSAMPIERO,1100,26
2025-06-20 16:31:24,IL789MN,VEH003,RFD20241011019,Presente,PLASTICA E METALLI,PLASTICA PAP,UTZ001,45.6001,12.0034,PIOMBINO DESE,PIOMBINO DESE,CAMPOSAMPIERO,770,26
2025-06-20 17:00:03,IL789MN,VEH003,RFD20241025075,Presente,PLASTICA E METALLI,PLASTICA PAP,UTZ001,45.7967,11.7437,ROMANO D'EZZELINO,ROMANO D'EZZELINO,BASSANO,770,26
2025-06-20 17:29:37,OP012QR,VEH004,RFD20241011004,Presente,SECCO,SECCO PAP,UTZ024,45.7923,11.7672,ROMANO D'EZZELINO,ROMANO D'EZZELINO,BASSANO,240,26
2025-06-20 17:40:37,OP012QR,VEH004,RFD20250203302,Presente,SECCO,SECCO PAP,UTZ002,45.7260,11.6804,MAROSTICA,NOVE,BASSANO,1100,26
2025-06-20 18:32:40,ST345UV,VEH005,RFD20241001301,Non Presente,NA,VETRO PAP,NA,45.5658,11.9400,NA,CAMPOSAMPIERO,CAMPOSAMPIERO,NA,NA
2025-06-20 18:41:16,AB123CD,VEH001,RFD20241001301,Non Presente,NA,SECCO PAP,NA,45.5658,11.9398,NA,CAMPOSAMPIERO,CAMPOSAMPIERO,NA,NA
2025-06-21 09:07:42,AB123CD,VEH001,RFD20241012116,Presente,CARTA,CARTA/CARTONE PAP,UTZ009,45.3958,11.7910,SELVAZZANO DENTRO,SELVAZZANO DENTRO,RUBANO,240,26
2025-06-21 12:00:00,OP012QR,VEH004,RFD20241012082,Presente,SECCO,SECCO PAP,UTZ001,45.6592,11.8291,GALLIERA VENETA,GALLIERA VENETA,CAMPOSAMPIERO,240,26
2025-06-21 14:07:54,IL789MN,VEH003,RFD20241012047,Presente,VERDE E RAMAGLIE,VERDE PAP,UTZ028,45.7547,11.7432,BASSANO DEL GRAPPA,BASSANO DEL GRAPPA,BASSANO,240,26
2025-06-21 15:17:55,IL789MN,VEH003,RFD20241008231,Non Presente,NA,VERDE PAP,NA,45.6865,11.7002,NA,TEZZE SUL BRENTA,BASSANO,NA,NA
2025-06-21 15:43:24,IL789MN,VEH003,RFD20241012089,Presente,VERDE E RAMAGLIE,VERDE PAP,UTZ017,45.7289,11.6733,NOVE,NOVE,BASSANO,240,26
2025-06-21 15:57:46,IL789MN,VEH003,RFD20241012052,Presente,VERDE E RAMAGLIE,VERDE PAP,UTZ002,45.6997,11.6387,SCHIAVON,SCHIAVON,BASSANO,1100,26
2025-06-21 16:26:25,OP012QR,VEH004,RFD20250203302,Presente,SECCO,SECCO PAP,UTZ002,45.7262,11.6807,MAROSTICA,NOVE,BASSANO,1100,26
2025-06-21 16:42:24,OP012QR,VEH004,RFD20250203302,Presente,SECCO,SECCO PAP,UTZ002,45.7362,11.6942,MAROSTICA,BASSANO DEL GRAPPA,BASSANO,1100,26
2025-06-21 18:50:00,IL789MN,VEH003,RFD20241001301,Non Presente,NA,VERDE PAP,NA,45.5658,11.9399,NA,CAMPOSAMPIERO,CAMPOSAMPIERO,NA,NA
2025-06-22 07:15:51,AB123CD,VEH001,RFD20241013046,Presente,CARTA,CARTA CONT.STRADALI,UTZ035,45.3085,11.7299,GALZIGNANO TERME,GALZIGNANO TERME,RUBANO,240,26
2025-06-22 07:45:26,AB123CD,VEH001,RFD20241013167,Presente,CARTA,CARTA CONT.STRADALI,UTZ022,45.9006,11.6394,FOZA,FOZA,ASIAGO,240,26
2025-06-22 07:59:02,AB123CD,VEH001,RFD20241013030,Presente,CARTA,CARTA CONT.STRADALI,UTZ001,45.6913,11.7997,ROSSANO VENETO,ROSSANO VENETO,BASSANO,1100,26
2025-06-22 07:59:25,AB123CD,VEH001,RFD20241013130,Presente,CARTA,CARTA CONT.STRADALI,UTZ004,45.4268,11.6851,CERVARESE SANTA CROCE,CERVARESE SANTA CROCE,RUBANO,240,26
2025-06-22 08:02:18,AB123CD,VEH001,RFD20241013129,Presente,CARTA,CARTA CONT.STRADALI,UTZ031,45.6328,11.7062,CARMIGNANO DI BRENTA,CARMIGNANO DI BRENTA,CAMPOSAMPIERO,240,26
2025-06-22 08:38:50,AB123CD,VEH001,RFD20241013083,Presente,CARTA,CARTA CONT.STRADALI,UTZ030,45.3138,11.7395,GALZIGNANO TERME,GALZIGNANO TERME,RUBANO,240,26
2025-06-22 08:54:55,AB123CD,VEH001,RFD20241013172,Presente,CARTA,CARTA CONT.STRADALI,UTZ001,45.3300,11.7374,TORREGLIA,TORREGLIA,RUBANO,240,26
2025-06-22 15:32:28,AB123CD,VEH001,RFD20241028220,Non Presente,NA,CARTA CONT.STRADALI,NA,45.6487,11.8228,NA,TOMBOLO,CAMPOSAMPIERO,NA,NA
2025-06-23 06:14:01,OP012QR,VEH004,RFD20241001301,Non Presente,NA,SECCO PAP,NA,45.5658,11.9399,NA,CAMPOSAMPIERO,CAMPOSAMPIERO,NA,NA
2025-06-23 08:08:08,AB123CD,VEH001,RFD20250203051,Presente,SECCO,SECCO PAP,UTZ003,45.6499,11.8269,TOMBOLO,TOMBOLO,CAMPOSAMPIERO,1100,26
2025-06-23 08:56:12,EF456GH,VEH002,RFD20241014011,Presente,CARTA,CARTA CONT.STRADALI,UTZ034,45.6443,11.8630,SAN MARTINO DI LUPARI,SAN MARTINO DI LUPARI,CAMPOSAMPIERO,1100,26
2025-06-23 09:05:15,EF456GH,VEH002,RFD20250331008,Presente,CARTA,CARTA CONT.STRADALI,UTZ001,45.5242,11.8288,CURTAROLO,CURTAROLO,CAMPOSAMPIERO,240,26
2025-06-23 09:10:47,AB123CD,VEH001,RFD20250512160,Presente,SECCO,SECCO PAP,UTZ029,45.8623,11.5241,ASIAGO,ASIAGO,ASIAGO,1100,26
2025-06-23 09:44:29,AB123CD,VEH001,RFD20241014117,Presente,SECCO,SECCO PAP,UTZ001,45.6415,11.7838,CITTADELLA,CITTADELLA,CAMPOSAMPIERO,1100,26
2025-06-23 13:27:13,OP012QR,VEH004,RFD20241014024,Presente,SECCO,SECCO PAP,UTZ040,45.5361,11.9674,BORGORICCO,BORGORICCO,CAMPOSAMPIERO,1100,26
2025-06-23 14:49:19,OP012QR,VEH004,RFD20241014033,Presente,SECCO,SECCO PAP,UTZ006,45.8593,11.4002,ROTZO,ROTZO,ASIAGO,1100,26
2025-06-23 15:16:22,IL789MN,VEH003,RFD20241028145,Presente,UMIDO,UMIDO CONT.STRADALI,UTZ004,45.4284,11.7852,RUBANO,RUBANO,RUBANO,240,26
2025-06-23 15:35:06,ST345UV,VEH005,RFD20250623215,Non Presente,NA,VETRO PAP,NA,45.4433,11.9227,NA,CADONEGHE,CAMPOSAMPIERO,NA,NA
2025-06-23 16:20:40,OP012QR,VEH004,RFD20241028163,Presente,SECCO,SECCO PAP,UTZ003,45.7272,11.7666,ROSA',ROSA',BASSANO,1100,26
2025-06-23 17:12:42,OP012QR,VEH004,RFD20250203302,Presente,SECCO,SECCO PAP,UTZ002,45.7362,11.6936,MAROSTICA,BASSANO DEL GRAPPA,BASSANO,1100,26
2025-06-23 18:16:46,OP012QR,VEH004,RFD20250203302,Presente,SECCO,SECCO PAP,UTZ002,45.7422,11.7020,MAROSTICA,BASSANO DEL GRAPPA,BASSANO,1100,26
2025-06-24 06:02:32,EF456GH,VEH002,RFD20241001301,Non Presente,NA,VETRO PAP,NA,45.5658,11.9399,NA,CAMPOSAMPIERO,CAMPOSAMPIERO,NA,NA
2025-06-24 06:10:21,EF456GH,VEH002,RFD20241001301,Non Presente,NA,VETRO PAP,NA,45.5658,11.9399,NA,CAMPOSAMPIERO,CAMPOSAMPIERO,NA,NA
2025-06-24 06:14:02,AB123CD,VEH001,RFD20250624006,Presente,CARTA,CARTA/CARTONE PAP,UTZ003,45.6302,11.7009,CARMIGNANO DI BRENTA,CARMIGNANO DI BRENTA,CAMPOSAMPIERO,240,26
2025-06-24 07:47:32,AB123CD,VEH001,RFD20241001103,Presente,CARTA,CARTA/CARTONE PAP,UTZ013,45.5660,11.9180,CAMPOSAMPIERO,CAMPOSAMPIERO,CAMPOSAMPIERO,240,26
2025-06-24 08:38:27,AB123CD,VEH001,RFD20241001040,Presente,CARTA,CARTA/CARTONE PAP,UTZ006,45.4760,11.8478,LIMENA,LIMENA,RUBANO,240,26
2025-06-24 09:32:47,IL789MN,VEH003,RFD20241001152,Presente,UMIDO,UMIDO PAP,UTZ037,45.4375,11.9253,CADONEGHE,CADONEGHE,CAMPOSAMPIERO,240,26
2025-06-24 09:36:39,IL789MN,VEH003,RFD20241001072,Presente,UMIDO,UMIDO PAP,UTZ003,45.8087,11.5992,LUSIANA CONCO,LUSIANA CONCO,ASIAGO,240,26
2025-06-24 09:55:59,EF456GH,VEH002,RFD20241210020,Presente,VETRO,VETRO PAP,UTZ006,45.5346,11.9100,SAN GIORGIO DELLE PERTICHE,SAN GIORGIO DELLE PERTICHE,CAMPOSAMPIERO,770,13
2025-06-24 13:00:00,IL789MN,VEH003,RFD20241001122,Presente,PLASTICA E METALLI,PLASTICA PAP,UTZ012,45.8053,11.7262,POVE DEL GRAPPA,POVE DEL GRAPPA,BASSANO,770,26
2025-06-24 14:09:27,ST345UV,VEH005,RFD20241001114,Presente,PLASTICA E METALLI,PLAST.CONT.STRADALI,UTZ005,45.8611,11.5204,ASIAGO,ASIAGO,ASIAGO,770,26
2025-06-24 14:24:53,IL789MN,VEH003,RFD20241001158,Presente,PLASTICA E METALLI,PLASTICA PAP,UTZ034,45.6545,11.8573,SAN MARTINO DI LUPARI,SAN MARTINO DI LUPARI,CAMPOSAMPIERO,770,26
2025-06-24 14:32:37,OP012QR,VEH004,RFD20250203302,Presente,SECCO,SECCO PAP,UTZ002,45.7447,11.6579,MAROSTICA,MAROSTICA,BASSANO,1100,26
2025-06-24 14:34:50,ST345UV,VEH005,RFD20250508213,Non Presente,NA,PLAST.CONT.STRADALI,NA,45.7255,11.6033,NA,COLCERESA,BASSANO,NA,NA
2025-06-24 14:45:03,OP012QR,VEH004,RFD20241001181,Presente,SECCO,SECCO PAP,UTZ008,45.6546,11.6826,POZZOLEONE,POZZOLEONE,BASSANO,1100,26
2025-06-24 14:50:23,OP012QR,VEH004,RFD20241015048,Presente,SECCO,SECCO PAP,UTZ030,45.4295,11.7921,RUBANO,RUBANO,RUBANO,1100,26
2025-06-24 15:12:25,OP012QR,VEH004,RFD20250203302,Presente,SECCO,SECCO PAP,UTZ002,45.7396,11.6986,MAROSTICA,BASSANO DEL GRAPPA,BASSANO,1100,26
2025-06-24 17:47:33,ST345UV,VEH005,RFD20241001209,Non Presente,NA,PLAST.CONT.STRADALI,NA,45.6481,11.8301,NA,TOMBOLO,CAMPOSAMPIERO,NA,NA
2025-06-25 06:19:12,EF456GH,VEH002,RFD20241001301,Non Presente,NA,CARTA CONT.STRADALI,NA,45.5658,11.9400,NA,CAMPOSAMPIERO,CAMPOSAMPIERO,NA,NA
2025-06-25 08:31:16,AB123CD,VEH001,RFD20250514018,Presente,SECCO,SECCO PAP,UTZ005,45.7965,11.7361,POVE DEL GRAPPA,POVE DEL GRAPPA,BASSANO,1100,26
2025-06-25 08:38:37,EF456GH,VEH002,RFD20241002131,Presente,CARTA,CARTA CONT.STRADALI,UTZ001,45.8909,11.6336,FOZA,FOZA,ASIAGO,240,26
2025-06-25 08:55:34,AB123CD,VEH001,RFD20241002105,Presente,SECCO,SECCO PAP,UTZ002,45.7148,11.7669,ROSA',ROSA',BASSANO,240,26
2025-06-25 09:29:06,AB123CD,VEH001,RFD20250205056,Presente,SECCO,SECCO PAP,UTZ001,45.5197,11.8284,CURTAROLO,CURTAROLO,CAMPOSAMPIERO,240,26
2025-06-25 10:01:12,AB123CD,VEH001,RFD20241002183,Presente,SECCO,SECCO PAP,UTZ009,45.7282,11.7951,CASSOLA,CASSOLA,BASSANO,1100,26
2025-06-25 10:33:40,EF456GH,VEH002,RFD20241002073,Presente,CARTA,CARTA CONT.STRADALI,UTZ050,45.4020,11.7535,SACCOLONGO,SACCOLONGO,RUBANO,1100,26
2025-06-25 12:47:53,OP012QR,VEH004,RFD20250203302,Presente,SECCO,SECCO PAP,UTZ002,45.7351,11.6925,MAROSTICA,BASSANO DEL GRAPPA,BASSANO,1100,26
2025-06-25 13:32:50,OP012QR,VEH004,RFD20241002203,Non Presente,NA,SECCO PAP,NA,45.3695,11.6596,NA,ROVOLON,RUBANO,NA,NA
2025-06-25 13:34:59,OP012QR,VEH004,RFD20241002094,Presente,SECCO,SECCO PAP,UTZ005,45.5789,11.9239,CAMPOSAMPIERO,CAMPOSAMPIERO,CAMPOSAMPIERO,240,26
2025-06-25 13:41:44,OP012QR,VEH004,RFD20241002078,Presente,SECCO,SECCO PAP,UTZ009,45.8878,11.5488,GALLIO,GALLIO,ASIAGO,1100,26
2025-06-25 13:45:47,OP012QR,VEH004,RFD20250203302,Presente,SECCO,SECCO PAP,UTZ002,45.7319,11.6884,MAROSTICA,NOVE,BASSANO,1100,26
2025-06-25 14:32:17,OP012QR,VEH004,RFD20241030037,Presente,SECCO,SECCO PAP,UTZ014,45.8815,11.5384,GALLIO,GALLIO,ASIAGO,1100,26
2025-06-25 14:45:02,IL789MN,VEH003,RFD20241002217,Non Presente,NA,VERDE PAP,NA,45.6306,11.6935,NA,CARMIGNANO DI BRENTA,CAMPOSAMPIERO,NA,NA
2025-06-25 15:11:05,OP012QR,VEH004,RFD20241002184,Presente,SECCO,SECCO PAP,UTZ002,45.7701,11.7358,BASSANO DEL GRAPPA,BASSANO DEL GRAPPA,BASSANO,1100,26
2025-06-25 16:31:12,ST345UV,VEH005,RFD20241002053,Presente,VETRO,VETRO PAP,UTZ022,45.7623,11.7435,BASSANO DEL GRAPPA,BASSANO DEL GRAPPA,BASSANO,1100,26
2025-06-25 16:43:19,IL789MN,VEH003,RFD20241002198,Presente,VERDE E RAMAGLIE,VERDE PAP,UTZ001,45.8722,11.5268,ASIAGO,ASIAGO,ASIAGO,240,26
2025-06-25 17:45:14,IL789MN,VEH003,RFD20241030027,Presente,VERDE E RAMAGLIE,VERDE PAP,UTZ024,45.3835,11.9774,SAONARA,SAONARA,CAMPOSAMPIERO,240,26
2025-06-26 06:23:42,EF456GH,VEH002,RFD20241001301,Non Presente,NA,VETRO PAP,NA,45.5657,11.9398,NA,CAMPOSAMPIERO,CAMPOSAMPIERO,NA,NA
2025-06-26 06:58:05,AB123CD,VEH001,RFD20241017188,Presente,CARTA,CARTA/CARTONE PAP,UTZ015,45.5633,12.0209,MASSANZAGO,MASSANZAGO,CAMPOSAMPIERO,240,26
2025-06-26 08:22:24,AB123CD,VEH001,RFD20241003141,Presente,CARTA,CARTA/CARTONE PAP,UTZ008,45.5762,11.7105,GAZZO,GAZZO,CAMPOSAMPIERO,1100,26
2025-06-26 08:49:48,EF456GH,VEH002,RFD20241017034,Presente,VETRO,VETRO PAP,UTZ036,45.7637,11.7390,BASSANO DEL GRAPPA,BASSANO DEL GRAPPA,BASSANO,1100,13
2025-06-26 09:20:09,AB123CD,VEH001,RFD20241003096,Presente,CARTA,CARTA/CARTONE PAP,UTZ017,45.5711,11.9267,CAMPOSAMPIERO,CAMPOSAMPIERO,CAMPOSAMPIERO,1100,26
2025-06-26 09:53:10,IL789MN,VEH003,RFD20241002229,Non Presente,NA,UMIDO PAP,NA,45.7207,11.6124,NA,COLCERESA,BASSANO,NA,NA
2025-06-26 10:34:34,EF456GH,VEH002,RFD20241003157,Presente,VETRO,VETRO PAP,UTZ013,45.4909,11.7441,CAMPODORO,CAMPODORO,RUBANO,1100,26
2025-06-26 12:40:29,EF456GH,VEH002,RFD20241003230,Non Presente,NA,VETRO PAP,NA,45.6960,11.6363,NA,SCHIAVON,BASSANO,NA,NA
2025-06-26 12:51:58,OP012QR,VEH004,RFD20250203302,Presente,SECCO,SECCO PAP,UTZ002,45.7325,11.6892,MAROSTICA,NOVE,BASSANO,1100,26
2025-06-26 13:35:00,IL789MN,VEH003,RFD20241003127,Presente,UMIDO,UMIDO CONT.STRADALI,UTZ001,45.7727,11.7288,BASSANO DEL GRAPPA,BASSANO DEL GRAPPA,BASSANO,240,26
2025-06-26 13:35:13,ST345UV,VEH005,RFD20241003138,Presente,PLASTICA E METALLI,PLAST.CONT.STRADALI,UTZ005,45.6087,11.6729,SAN PIETRO IN GU,SAN PIETRO IN GU,CAMPOSAMPIERO,770,26
2025-06-26 14:10:21,OP012QR,VEH004,RFD20250203302,Presente,SECCO,SECCO PAP,UTZ002,45.7427,11.6602,MAROSTICA,MAROSTICA,BASSANO,1100,26
2025-06-26 14:27:43,OP012QR,VEH004,RFD20241003061,Presente,SECCO,SECCO PAP,UTZ002,45.5340,11.9613,BORGORICCO,BORGORICCO,CAMPOSAMPIERO,1100,26
2025-06-26 16:15:00,OP012QR,VEH004,RFD20241003164,Presente,SECCO,SECCO PAP,UTZ003,45.7793,11.7295,BASSANO DEL GRAPPA,BASSANO DEL GRAPPA,BASSANO,240,26
2025-06-26 16:27:44,IL789MN,VEH003,RFD20241003303,Presente,UMIDO,UMIDO CONT.STRADALI,UTZ002,45.7841,11.8089,MUSSOLENTE,MUSSOLENTE,BASSANO,240,26
2025-06-27 06:11:12,IL789MN,VEH003,RFD20241001301,Non Presente,NA,UMIDO PAP,NA,45.5658,11.9399,NA,CAMPOSAMPIERO,CAMPOSAMPIERO,NA,NA
2025-06-27 07:47:03,AB123CD,VEH001,RFD20250207211,Non Presente,NA,SECCO PAP,NA,45.7171,11.6852,NA,NOVE,BASSANO,NA,NA
2025-06-27 08:41:11,AB123CD,VEH001,RFD20241004003,Presente,SECCO,SECCO PAP,UTZ008,45.4363,11.7856,RUBANO,RUBANO,RUBANO,240,26
2025-06-27 09:04:24,EF456GH,VEH002,RFD20241004123,Presente,CARTA,CARTA CONT.STRADALI,UTZ032,45.6490,11.7783,CITTADELLA,CITTADELLA,CAMPOSAMPIERO,240,26
2025-06-27 09:08:14,EF456GH,VEH002,RFD20241018161,Presente,CARTA,CARTA CONT.STRADALI,UTZ034,45.5713,11.9295,CAMPOSAMPIERO,CAMPOSAMPIERO,CAMPOSAMPIERO,1100,26
2025-06-27 09:23:14,EF456GH,VEH002,RFD20250221038,Presente,CARTA,CARTA CONT.STRADALI,UTZ005,45.6900,11.6329,SCHIAVON,SCHIAVON,BASSANO,240,26
2025-06-27 10:08:16,EF456GH,VEH002,RFD20241004159,Presente,CARTA,CARTA CONT.STRADALI,UTZ004,45.4415,11.7880,RUBANO,RUBANO,RUBANO,1100,26
2025-06-27 10:20:26,EF456GH,VEH002,RFD20241004197,Presente,CARTA,CARTA CONT.STRADALI,UTZ018,45.8645,11.5124,ASIAGO,ASIAGO,ASIAGO,240,26
2025-06-27 10:29:52,AB123CD,VEH001,RFD20241004137,Presente,SECCO,SECCO PAP,UTZ012,45.5273,11.9709,BORGORICCO,BORGORICCO,CAMPOSAMPIERO,1100,26
2025-06-27 10:51:21,EF456GH,VEH002,RFD20241004028,Presente,CARTA,CARTA CONT.STRADALI,UTZ005,45.8599,11.3939,ROTZO,ROTZO,ASIAGO,240,26
2025-06-27 12:11:29,OP012QR,VEH004,RFD20241101042,Presente,SECCO,SECCO PAP,UTZ001,45.3867,11.7892,SELVAZZANO DENTRO,SELVAZZANO DENTRO,RUBANO,1100,26
2025-06-27 13:19:00,OP012QR,VEH004,RFD20250418055,Presente,SECCO,SECCO PAP,UTZ002,45.8006,11.6138,LUSIANA CONCO,LUSIANA CONCO,ASIAGO,240,26
2025-06-27 14:00:10,OP012QR,VEH004,RFD20241004044,Presente,SECCO,SECCO PAP,UTZ009,45.6807,11.6936,TEZZE SUL BRENTA,TEZZE SUL BRENTA,BASSANO,240,26
2025-06-27 14:26:50,IL789MN,VEH003,RFD20241004177,Presente,PLASTICA E METALLI,PLASTICA PAP,UTZ048,45.7666,11.7334,BASSANO DEL GRAPPA,BASSANO DEL GRAPPA,BASSANO,770,26
2025-06-27 14:55:07,OP012QR,VEH004,RFD20250203302,Presente,SECCO,SECCO PAP,UTZ002,45.7322,11.6722,MAROSTICA,MAROSTICA,BASSANO,1100,26
2025-06-27 15:48:04,OP012QR,VEH004,RFD20241018010,Presente,SECCO,SECCO PAP,UTZ001,45.3634,11.9844,SAONARA,SAONARA,CAMPOSAMPIERO,1100,26
2025-06-27 16:33:24,ST345UV,VEH005,RFD20241004115,Presente,VETRO,VETRO PAP,UTZ001,45.4293,11.7848,RUBANO,RUBANO,RUBANO,1100,26
2025-06-27 17:33:27,ST345UV,VEH005,RFD20241004185,Presente,VETRO,VETRO PAP,UTZ043,45.4033,11.7498,SACCOLONGO,SACCOLONGO,RUBANO,1100,26
2025-06-27 18:00:51,OP012QR,VEH004,RFD20250203302,Presente,SECCO,SECCO PAP,UTZ002,45.7395,11.6636,MAROSTICA,MAROSTICA,BASSANO,1100,26
2025-06-28 06:22:45,AB123CD,VEH001,RFD20241001301,Non Presente,NA,CARTA/CARTONE PAP,NA,45.5658,11.9399,NA,CAMPOSAMPIERO,CAMPOSAMPIERO,NA,NA
2025-06-28 12:30:44,OP012QR,VEH004,RFD20241005091,Presente,SECCO,SECCO PAP,UTZ016,45.5853,11.8055,SAN GIORGIO IN BOSCO,SAN GIORGIO IN BOSCO,CAMPOSAMPIERO,1100,26
2025-06-28 12:52:18,OP012QR,VEH004,RFD20250203302,Presente,SECCO,SECCO PAP,UTZ002,45.7298,11.6854,MAROSTICA,NOVE,BASSANO,1100,26
2025-06-28 14:27:11,OP012QR,VEH004,RFD20241005012,Presente,SECCO,SECCO PAP,UTZ035,45.8084,11.7286,POVE DEL GRAPPA,POVE DEL GRAPPA,BASSANO,1100,26
2025-06-28 15:08:54,IL789MN,VEH003,RFD20241005169,Presente,VERDE E RAMAGLIE,VERDE PAP,UTZ008,45.6471,11.6824,POZZOLEONE,POZZOLEONE,BASSANO,240,26
2025-06-28 15:20:05,OP012QR,VEH004,RFD20250203302,Presente,SECCO,SECCO PAP,UTZ002,45.7386,11.6972,MAROSTICA,BASSANO DEL GRAPPA,BASSANO,1100,26
2025-06-28 15:41:58,OP012QR,VEH004,RFD20241019135,Presente,SECCO,SECCO PAP,UTZ019,45.6501,11.8544,SAN MARTINO DI LUPARI,SAN MARTINO DI LUPARI,CAMPOSAMPIERO,240,26
2025-06-28 15:51:31,IL789MN,VEH003,RFD20241005144,Presente,VERDE E RAMAGLIE,VERDE PAP,UTZ013,45.4201,11.6829,CERVARESE SANTA CROCE,CERVARESE SANTA CROCE,RUBANO,240,26
2025-06-29 07:03:44,AB123CD,VEH001,RFD20241006147,Presente,CARTA,CARTA CONT.STRADALI,UTZ003,45.3316,11.7372,TORREGLIA,TORREGLIA,RUBANO,240,26
2025-06-29 07:23:09,AB123CD,VEH001,RFD20241006101,Presente,CARTA,CARTA CONT.STRADALI,UTZ012,45.5775,11.9328,CAMPOSAMPIERO,CAMPOSAMPIERO,CAMPOSAMPIERO,1100,26
2025-06-29 08:24:08,AB123CD,VEH001,RFD20241006168,Presente,CARTA,CARTA CONT.STRADALI,UTZ003,45.5473,12.0107,MASSANZAGO,MASSANZAGO,CAMPOSAMPIERO,1100,26
2025-06-29 08:25:45,AB123CD,VEH001,RFD20241006174,Presente,CARTA,CARTA CONT.STRADALI,UTZ047,45.3070,11.7161,GALZIGNANO TERME,GALZIGNANO TERME,RUBANO,240,26
2025-06-29 09:11:46,AB123CD,VEH001,RFD20241006192,Presente,CARTA,CARTA CONT.STRADALI,UTZ001,45.6511,11.8273,TOMBOLO,TOMBOLO,CAMPOSAMPIERO,1100,26
2025-06-29 09:13:56,AB123CD,VEH001,RFD20241020036,Presente,CARTA,CARTA CONT.STRADALI,UTZ007,45.6520,11.7818,CITTADELLA,CITTADELLA,CAMPOSAMPIERO,1100,26
2025-06-29 09:32:40,AB123CD,VEH001,RFD20241006180,Presente,CARTA,CARTA CONT.STRADALI,UTZ003,45.6362,11.7544,FONTANIVA,FONTANIVA,CAMPOSAMPIERO,240,26
2025-06-29 09:41:45,AB123CD,VEH001,RFD20241006066,Presente,CARTA,CARTA CONT.STRADALI,UTZ011,45.3104,11.7321,GALZIGNANO TERME,GALZIGNANO TERME,RUBANO,1100,26
2025-06-29 11:13:32,AB123CD,VEH001,RFD20241006095,Presente,CARTA,CARTA CONT.STRADALI,UTZ034,45.4857,11.7454,CAMPODORO,CAMPODORO,RUBANO,1100,26
2025-06-29 12:04:51,AB123CD,VEH001,RFD20241027216,Non Presente,NA,CARTA CONT.STRADALI,NA,45.4481,11.7530,NA,MESTRINO,RUBANO,NA,NA
2025-06-30 06:07:24,EF456GH,VEH002,RFD20241001301,Non Presente,NA,CARTA CONT.STRADALI,NA,45.5658,11.9399,NA,CAMPOSAMPIERO,CAMPOSAMPIERO,NA,NA
2025-06-30 06:18:17,IL789MN,VEH003,RFD20241007043,Presente,UMIDO,UMIDO PAP,UTZ001,45.7955,11.7346,POVE DEL GRAPPA,POVE DEL GRAPPA,BASSANO,240,26
2025-06-30 06:23:57,IL789MN,VEH003,RFD20241001301,Non Presente,NA,UMIDO PAP,NA,45.5658,11.9398,NA,CAMPOSAMPIERO,CAMPOSAMPIERO,NA,NA
2025-06-30 07:27:04,AB123CD,VEH001,RFD20241007126,Presente,SECCO,SECCO PAP,UTZ001,45.6476,11.6837,POZZOLEONE,POZZOLEONE,BASSANO,1100,26
2025-06-30 08:21:59,AB123CD,VEH001,RFD20241007113,Presente,SECCO,SECCO PAP,UTZ022,45.4248,11.7899,RUBANO,RUBANO,RUBANO,1100,26
2025-06-30 08:26:32,IL789MN,VEH003,RFD20241007142,Presente,UMIDO,UMIDO PAP,UTZ001,45.3359,11.7884,MONTEGROTTO TERME,MONTEGROTTO TERME,RUBANO,770,26
2025-06-30 09:09:57,AB123CD,VEH001,RFD20241007146,Presente,SECCO,SECCO PAP,UTZ018,45.3019,11.7335,GALZIGNANO TERME,GALZIGNANO TERME,RUBANO,240,26
2025-06-30 12:49:47,OP012QR,VEH004,RFD20241007193,Presente,SECCO,SECCO PAP,UTZ005,45.6646,11.8336,GALLIERA VENETA,GALLIERA VENETA,CAMPOSAMPIERO,240,26
2025-06-30 13:07:41,IL789MN,VEH003,RFD20250505199,Presente,UMIDO,UMIDO CONT.STRADALI,UTZ034,45.4281,11.7885,RUBANO,RUBANO,RUBANO,240,26
2025-06-30 13:09:26,OP012QR,VEH004,RFD20241007090,Presente,SECCO,SECCO PAP,UTZ021,45.7165,11.6077,COLCERESA,COLCERESA,BASSANO,1100,26
2025-06-30 13:10:44,OP012QR,VEH004,RFD20241007190,Presente,SECCO,SECCO PAP,UTZ031,45.4335,11.7795,RUBANO,RUBANO,RUBANO,1100,26
2025-06-30 13:24:08,ST345UV,VEH005,RFD20241007039,Presente,VETRO,VETRO PAP,UTZ025,45.5286,11.9681,BORGORICCO,BORGORICCO,CAMPOSAMPIERO,770,26
2025-06-30 13:36:02,IL789MN,VEH003,RFD20241007067,Presente,UMIDO,UMIDO CONT.STRADALI,UTZ010,45.3992,11.7455,SACCOLONGO,SACCOLONGO,RUBANO,770,26
2025-06-30 14:13:45,IL789MN,VEH003,RFD20241007233,Non Presente,NA,UMIDO CONT.STRADALI,NA,45.3299,11.8014,NA,MONTEGROTTO TERME,RUBANO,NA,NA
2025-06-30 14:57:08,ST345UV,VEH005,RFD20241007076,Presente,VETRO,VETRO PAP,UTZ001,45.7717,11.7306,BASSANO DEL GRAPPA,BASSANO DEL GRAPPA,BASSANO,1100,26
2025-06-30 15:25:43,IL789MN,VEH003,RFD20241007148,Presente,UMIDO,UMIDO CONT.STRADALI,UTZ025,45.7744,11.7213,BASSANO DEL GRAPPA,BASSANO DEL GRAPPA,BASSANO,240,26
2025-06-30 16:02:31,OP012QR,VEH004,RFD20250203302,Presente,SECCO,SECCO PAP,UTZ002,45.7264,11.6807,MAROSTICA,NOVE,BASSANO,1100,26
2025-06-30 16:45:22,OP012QR,VEH004,RFD20241007120,Presente,SECCO,SECCO PAP,UTZ002,45.4336,11.7854,RUBANO,RUBANO,RUBANO,1100,26
2025-06-30 18:29:22,OP012QR,VEH004,RFD20250203302,Presente,SECCO,SECCO PAP,UTZ002,45.7351,11.6685,MAROSTICA,MAROSTICA,BASSANO,1100,26
2025-07-01 06:11:05,IL789MN,VEH003,RFD20241001301,Non Presente,NA,UMIDO PAP,NA,45.5658,11.9399,NA,CAMPOSAMPIERO,CAMPOSAMPIERO,NA,NA
2025-07-01 08:46:54,EF456GH,VEH002,RFD20241008026,Presente,VETRO,VETRO PAP,UTZ008,45.7926,11.7306,POVE DEL GRAPPA,POVE DEL GRAPPA,BASSANO,1100,26
2025-07-01 09:05:25,AB123CD,VEH001,RFD20241022136,Presente,CARTA,CARTA/CARTONE PAP,UTZ038,45.7885,11.7572,ROMANO D'EZZELINO,ROMANO D'EZZELINO,BASSANO,240,26
2025-07-01 10:31:49,IL789MN,VEH003,RFD20241008059,Presente,UMIDO,UMIDO PAP,UTZ001,45.4023,11.7942,SELVAZZANO DENTRO,SELVAZZANO DENTRO,RUBANO,240,26
2025-07-01 12:29:28,OP012QR,VEH004,RFD20250203302,Presente,SECCO,SECCO PAP,UTZ002,45.7435,11.7039,MAROSTICA,BASSANO DEL GRAPPA,BASSANO,1100,26
2025-07-01 12:44:28,OP012QR,VEH004,RFD20250325228,Non Presente,NA,SECCO PAP,NA,45.4791,11.8451,NA,LIMENA,RUBANO,NA,NA
2025-07-01 13:18:04,OP012QR,VEH004,RFD20241008077,Presente,SECCO,SECCO PAP,UTZ024,45.3617,11.6633,ROVOLON,ROVOLON,RUBANO,1100,26
2025-07-01 13:20:30,OP012QR,VEH004,RFD20241008102,Presente,SECCO,SECCO PAP,UTZ024,45.8898,11.6269,FOZA,FOZA,ASIAGO,1100,26
2025-07-01 16:22:49,ST345UV,VEH005,RFD20241008187,Presente,PLASTICA E METALLI,PLAST.CONT.STRADALI,UTZ002,45.6584,11.8266,GALLIERA VENETA,GALLIERA VENETA,CAMPOSAMPIERO,770,26
2025-07-01 17:02:15,OP012QR,VEH004,RFD20241008099,Presente,SECCO,SECCO PAP,UTZ015,45.7173,11.7677,ROSA',ROSA',BASSANO,1100,26
2025-07-01 18:05:35,OP012QR,VEH004,RFD20250203302,Presente,SECCO,SECCO PAP,UTZ002,45.7350,11.6691,MAROSTICA,MAROSTICA,BASSANO,1100,26
2025-07-01 18:52:13,EF456GH,VEH002,RFD20241001301,Non Presente,NA,VETRO PAP,NA,45.5659,11.9399,NA,CAMPOSAMPIERO,CAMPOSAMPIERO,NA,NA
2025-07-02 07:20:08,AB123CD,VEH001,RFD20241009041,Presente,SECCO,SECCO PAP,UTZ001,45.5654,11.8988,SANTA GIUSTINA IN COLLE,SANTA GIUSTINA IN COLLE,CAMPOSAMPIERO,1100,26
2025-07-02 07:24:29,AB123CD,VEH001,RFD20241009151,Presente,SECCO,SECCO PAP,UTZ026,45.5941,11.9393,LOREGGIA,LOREGGIA,CAMPOSAMPIERO,240,26
2025-07-02 08:15:39,AB123CD,VEH001,RFD20241009128,Presente,SECCO,SECCO PAP,UTZ002,45.4110,11.7370,SACCOLONGO,SACCOLONGO,RUBANO,1100,26
2025-07-02 08:34:38,AB123CD,VEH001,RFD20241009189,Presente,SECCO,SECCO PAP,UTZ002,45.4234,11.7905,RUBANO,RUBANO,RUBANO,1100,26
2025-07-02 09:17:02,AB123CD,VEH001,RFD20241009093,Presente,SECCO,SECCO PAP,UTZ040,45.7099,11.7974,ROSSANO VENETO,ROSSANO VENETO,BASSANO,1100,26
2025-07-02 09:50:23,AB123CD,VEH001,RFD20241009111,Presente,SECCO,SECCO PAP,UTZ042,45.6087,11.6744,SAN PIETRO IN GU,SAN PIETRO IN GU,CAMPOSAMPIERO,240,26
2025-07-02 10:11:01,AB123CD,VEH001,RFD20241009106,Presente,SECCO,SECCO PAP,UTZ004,45.7670,11.7353,BASSANO DEL GRAPPA,BASSANO DEL GRAPPA,BASSANO,240,26
2025-07-02 10:40:43,AB123CD,VEH001,RFD20241009108,Presente,SECCO,SECCO PAP,UTZ003,45.6957,11.7107,TEZZE SUL BRENTA,TEZZE SUL BRENTA,BASSANO,240,26
2025-07-02 11:37:18,AB123CD,VEH001,RFD20241009227,Non Presente,NA,SECCO PAP,NA,45.8962,11.5508,NA,GALLIO,ASIAGO,NA,NA
2025-07-02 12:40:37,OP012QR,VEH004,RFD20250203302,Presente,SECCO,SECCO PAP,UTZ002,45.7408,11.7001,MAROSTICA,BASSANO DEL GRAPPA,BASSANO,1100,26
2025-07-02 13:31:18,OP012QR,VEH004,RFD20241009107,Presente,SECCO,SECCO PAP,UTZ033,45.5708,11.9322,CAMPOSAMPIERO,CAMPOSAMPIERO,CAMPOSAMPIERO,1100,26
2025-07-02 14:08:00,IL789MN,VEH003,RFD20241009045,Presente,VERDE E RAMAGLIE,VERDE PAP,UTZ030,45.5618,12.0077,MASSANZAGO,MASSANZAGO,CAMPOSAMPIERO,240,26
2025-07-02 14:16:29,ST345UV,VEH005,RFD20241009150,Presente,VETRO,VETRO PAP,UTZ027,45.5791,11.9326,CAMPOSAMPIERO,CAMPOSAMPIERO,CAMPOSAMPIERO,1100,26
2025-07-02 14:50:49,IL789MN,VEH003,RFD20241009205,Non Presente,NA,VERDE PAP,NA,45.8677,11.5018,NA,ASIAGO,ASIAGO,NA,NA
2025-07-02 15:04:28,OP012QR,VEH004,RFD20250203302,Presente,SECCO,SECCO PAP,UTZ002,45.7439,11.6586,MAROSTICA,MAROSTICA,BASSANO,1100,26
2025-07-02 15:12:40,OP012QR,VEH004,RFD20241009085,Presente,SECCO,SECCO PAP,UTZ016,45.4844,11.8336,LIMENA,LIMENA,RUBANO,1100,26
2025-07-02 18:32:59,EF456GH,VEH002,RFD20241001301,Non Presente,NA,CARTA CONT.STRADALI,NA,45.5658,11.9399,NA,CAMPOSAMPIERO,CAMPOSAMPIERO,NA,NA
2025-07-03 06:07:15,EF456GH,VEH002,RFD20241001301,Non Presente,NA,VETRO PAP,NA,45.5658,11.9399,NA,CAMPOSAMPIERO,CAMPOSAMPIERO,NA,NA
2025-07-03 07:47:36,IL789MN,VEH003,RFD20241010068,Presente,UMIDO,UMIDO PAP,UTZ004,45.4897,11.7452,CAMPODORO,CAMPODORO,RUBANO,240,26
2025-07-03 08:20:07,EF456GH,VEH002,RFD20241024149,Presente,VETRO,VETRO PAP,UTZ004,45.5619,11.9087,SANTA GIUSTINA IN COLLE,SANTA GIUSTINA IN COLLE,CAMPOSAMPIERO,1100,13
2025-07-03 10:06:55,AB123CD,VEH001,RFD20241010194,Presente,CARTA,CARTA/CARTONE PAP,UTZ017,45.7813,11.7307,BASSANO DEL GRAPPA,BASSANO DEL GRAPPA,BASSANO,240,26
2025-07-03 13:12:15,OP012QR,VEH004,RFD20250203302,Presente,SECCO,SECCO PAP,UTZ002,45.7441,11.6585,MAROSTICA,MAROSTICA,BASSANO,1100,26
2025-07-03 13:23:34,IL789MN,VEH003,RFD20241010178,Presente,UMIDO,UMIDO CONT.STRADALI,UTZ004,45.6588,11.8247,GALLIERA VENETA,GALLIERA VENETA,CAMPOSAMPIERO,240,26
2025-07-03 13:28:21,OP012QR,VEH004,RFD20250313133,Presente,SECCO,SECCO PAP,UTZ005,45.6414,11.7534,FONTANIVA,FONTANIVA,CAMPOSAMPIERO,1100,26
2025-07-03 14:17:56,ST345UV,VEH005,RFD20241010022,Presente,PLASTICA E METALLI,PLAST.CONT.STRADALI,UTZ032,45.3668,11.9841,SAONARA,SAONARA,CAMPOSAMPIERO,770,26
2025-07-03 14:32:08,IL789MN,VEH003,RFD20241010109,Presente,UMIDO,UMIDO CONT.STRADALI,UTZ018,45.7765,11.7332,BASSANO DEL GRAPPA,BASSANO DEL GRAPPA,BASSANO,770,26
2025-07-03 15:15:16,ST345UV,VEH005,RFD20241010154,Presente,PLASTICA E METALLI,PLAST.CONT.STRADALI,UTZ005,45.8641,11.5161,ASIAGO,ASIAGO,ASIAGO,770,26
2025-07-03 15:23:07,ST345UV,VEH005,RFD20241010079,Presente,PLASTICA E METALLI,PLAST.CONT.STRADALI,UTZ004,45.8870,11.6250,FOZA,FOZA,ASIAGO,770,26
2025-07-03 16:32:07,OP012QR,VEH004,RFD20241010074,Presente,SECCO,SECCO PAP,UTZ006,45.6211,11.6994,CARMIGNANO DI BRENTA,CARMIGNANO DI BRENTA,CAMPOSAMPIERO,1100,26
2025-07-03 17:06:36,OP012QR,VEH004,RFD20241010069,Presente,SECCO,SECCO PAP,UTZ020,45.7307,11.7590,ROSA',ROSA',BASSANO,240,26
2025-07-03 18:44:48,OP012QR,VEH004,RFD20250203302,Presente,SECCO,SECCO PAP,UTZ002,45.7441,11.6586,MAROSTICA,MAROSTICA,BASSANO,1100,26
2025-07-03 18:58:36,EF456GH,VEH002,RFD20241001301,Non Presente,NA,VETRO PAP,NA,45.5658,11.9399,NA,CAMPOSAMPIERO,CAMPOSAMPIERO,NA,NA
2025-07-04 06:19:53,OP012QR,VEH004,RFD20241001301,Non Presente,NA,SECCO PAP,NA,45.5657,11.9399,NA,CAMPOSAMPIERO,CAMPOSAMPIERO,NA,NA
2025-07-04 07:43:47,AB123CD,VEH001,RFD20241011132,Presente,SECCO,SECCO PAP,UTZ001,45.5772,11.9310,CAMPOSAMPIERO,CAMPOSAMPIERO,CAMPOSAMPIERO,1100,26
2025-07-04 07:46:31,AB123CD,VEH001,RFD20250509017,Presente,SECCO,SECCO PAP,UTZ002,45.5765,11.9324,CAMPOSAMPIERO,CAMPOSAMPIERO,CAMPOSAMPIERO,1100,26
2025-07-04 08:18:01,AB123CD,VEH001,RFD20241025029,Presente,SECCO,SECCO PAP,UTZ001,45.7802,11.7922,MUSSOLENTE,MUSSOLENTE,BASSANO,240,26
2025-07-04 08:41:58,EF456GH,VEH002,RFD20241011223,Non Presente,NA,CARTA CONT.STRADALI,NA,45.9024,11.6323,NA,FOZA,ASIAGO,NA,NA
2025-07-04 09:52:59,AB123CD,VEH001,RFD20241011176,Presente,SECCO,SECCO PAP,UTZ008,45.4675,11.8512,LIMENA,LIMENA,RUBANO,1100,26
2025-07-04 10:26:01,AB123CD,VEH001,RFD20250425200,Presente,SECCO,SECCO PAP,UTZ015,45.5440,11.9259,SAN GIORGIO DELLE PERTICHE,SAN GIORGIO DELLE PERTICHE,CAMPOSAMPIERO,1100,26
2025-07-04 11:32:31,AB123CD,VEH001,RFD20241025196,Presente,SECCO,SECCO PAP,UTZ029,45.8642,11.5204,ASIAGO,ASIAGO,ASIAGO,1100,26
2025-07-04 12:39:46,OP012QR,VEH004,RFD20250203302,Presente,SECCO,SECCO PAP,UTZ002,45.7324,11.6719,MAROSTICA,MAROSTICA,BASSANO,1100,26
2025-07-04 13:11:33,OP012QR,VEH004,RFD20250203302,Presente,SECCO,SECCO PAP,UTZ002,45.7299,11.6853,MAROSTICA,NOVE,BASSANO,1100,26
2025-07-04 13:47:56,ST345UV,VEH005,RFD20241025087,Presente,VETRO,VETRO PAP,UTZ021,45.4967,11.9049,CAMPODARSEGO,CAMPODARSEGO,CAMPOSAMPIERO,1100,13
2025-07-04 14:46:55,ST345UV,VEH005,RFD20241011182,Presente,VETRO,VETRO PAP,UTZ047,45.5918,11.6997,GAZZO,GAZZO,CAMPOSAMPIERO,1100,26
2025-07-04 14:52:06,ST345UV,VEH005,RFD20241025031,Presente,VETRO,VETRO PAP,UTZ026,45.7757,11.7459,BASSANO DEL GRAPPA,BASSANO DEL GRAPPA,BASSANO,1100,13
2025-07-04 15:22:38,OP012QR,VEH004,RFD20241011124,Presente,SECCO,SECCO PAP,UTZ001,45.6386,11.8461,SAN MARTINO DI LUPARI,SAN MARTINO DI LUPARI,CAMPOSAMPIERO,240,26
2025-07-04 15:29:17,ST345UV,VEH005,RFD20241025060,Presente,VETRO,VETRO PAP,UTZ003,45.3334,11.7954,MONTEGROTTO TERME,MONTEGROTTO TERME,RUBANO,1100,13
2025-07-04 15:39:14,ST345UV,VEH005,RFD20241011125,Presente,VETRO,VETRO PAP,UTZ014,45.5744,11.9220,CAMPOSAMPIERO,CAMPOSAMPIERO,CAMPOSAMPIERO,1100,26
2025-07-04 16:30:57,IL789MN,VEH003,RFD20241011019,Presente,PLASTICA E METALLI,PLASTICA PAP,UTZ001,45.6000,12.0031,PIOMBINO DESE,PIOMBINO DESE,CAMPOSAMPIERO,770,26
2025-07-04 17:24:30,IL789MN,VEH003,RFD20241025075,Presente,PLASTICA E METALLI,PLASTICA PAP,UTZ001,45.7966,11.7435,ROMANO D'EZZELINO,ROMANO D'EZZELINO,BASSANO,770,26
2025-07-04 17:36:26,OP012QR,VEH004,RFD20241011004,Presente,SECCO,SECCO PAP,UTZ024,45.7921,11.7674,ROMANO D'EZZELINO,ROMANO D'EZZELINO,BASSANO,240,26
2025-07-05 06:07:57,AB123CD,VEH001,RFD20241001301,Non Presente,NA,CARTA/CARTONE PAP,NA,45.5658,11.9399,NA,CAMPOSAMPIERO,CAMPOSAMPIERO,NA,NA
2025-07-05 06:13:28,IL789MN,VEH003,RFD20241001301,Non Presente,NA,UMIDO PAP,NA,45.5658,11.9398,NA,CAMPOSAMPIERO,CAMPOSAMPIERO,NA,NA
2025-07-05 07:38:14,AB123CD,VEH001,RFD20241012118,Presente,CARTA,CARTA/CARTONE PAP,UTZ019,45.6945,11.7070,TEZZE SUL BRENTA,TEZZE SUL BRENTA,BASSANO,1100,26
2025-07-05 08:42:33,IL789MN,VEH003,RFD20250215084,Presente,UMIDO,UMIDO PAP,UTZ022,45.6087,11.7350,GRANTORTO,GRANTORTO,CAMPOSAMPIERO,240,26
2025-07-05 09:24:18,AB123CD,VEH001,RFD20241012116,Presente,CARTA,CARTA/CARTONE PAP,UTZ009,45.3958,11.7910,SELVAZZANO DENTRO,SELVAZZANO DENTRO,RUBANO,240,26
2025-07-05 12:29:03,OP012QR,VEH004,RFD20241012082,Presente,SECCO,SECCO PAP,UTZ001,45.6591,11.8291,GALLIERA VENETA,GALLIERA VENETA,CAMPOSAMPIERO,240,26
2025-07-05 13:52:28,IL789MN,VEH003,RFD20241012047,Presente,VERDE E RAMAGLIE,VERDE PAP,UTZ028,45.7547,11.7433,BASSANO DEL GRAPPA,BASSANO DEL GRAPPA,BASSANO,240,26
2025-07-05 14:10:36,OP012QR,VEH004,RFD20250203302,Presente,SECCO,SECCO PAP,UTZ002,45.7428,11.7026,MAROSTICA,BASSANO DEL GRAPPA,BASSANO,1100,26
2025-07-05 15:50:37,IL789MN,VEH003,RFD20241012052,Presente,VERDE E RAMAGLIE,VERDE PAP,UTZ002,45.6999,11.6386,SCHIAVON,SCHIAVON,BASSANO,1100,26
2025-07-05 15:55:50,IL789MN,VEH003,RFD20241012089,Presente,VERDE E RAMAGLIE,VERDE PAP,UTZ017,45.7290,11.6733,NOVE,NOVE,BASSANO,240,26
2025-07-05 17:16:20,OP012QR,VEH004,RFD20250203302,Presente,SECCO,SECCO PAP,UTZ002,45.7374,11.6956,MAROSTICA,BASSANO DEL GRAPPA,BASSANO,1100,26
2025-07-06 07:13:26,AB123CD,VEH001,RFD20241013046,Presente,CARTA,CARTA CONT.STRADALI,UTZ035,45.3085,11.7297,GALZIGNANO TERME,GALZIGNANO TERME,RUBANO,240,26
2025-07-06 07:48:06,AB123CD,VEH001,RFD20241013167,Presente,CARTA,CARTA CONT.STRADALI,UTZ022,45.9008,11.6394,FOZA,FOZA,ASIAGO,240,26
2025-07-06 07:50:34,AB123CD,VEH001,RFD20241013129,Presente,CARTA,CARTA CONT.STRADALI,UTZ031,45.6329,11.7060,CARMIGNANO DI BRENTA,CARMIGNANO DI BRENTA,CAMPOSAMPIERO,240,26
2025-07-06 08:07:32,AB123CD,VEH001,RFD20241013130,Presente,CARTA,CARTA CONT.STRADALI,UTZ004,45.4265,11.6849,CERVARESE SANTA CROCE,CERVARESE SANTA CROCE,RUBANO,240,26
2025-07-06 08:26:33,AB123CD,VEH001,RFD20241013030,Presente,CARTA,CARTA CONT.STRADALI,UTZ001,45.6913,11.7994,ROSSANO VENETO,ROSSANO VENETO,BASSANO,1100,26
2025-07-06 09:02:36,AB123CD,VEH001,RFD20241013083,Presente,CARTA,CARTA CONT.STRADALI,UTZ030,45.3138,11.7394,GALZIGNANO TERME,GALZIGNANO TERME,RUBANO,240,26
2025-07-06 09:09:01,AB123CD,VEH001,RFD20241013172,Presente,CARTA,CARTA CONT.STRADALI,UTZ001,45.3300,11.7374,TORREGLIA,TORREGLIA,RUBANO,240,26
2025-07-07 06:16:59,AB123CD,VEH001,RFD20241001301,Non Presente,NA,SECCO PAP,NA,45.5659,11.9399,NA,CAMPOSAMPIERO,CAMPOSAMPIERO,NA,NA
2025-07-07 08:24:36,EF456GH,VEH002,RFD20250331008,Presente,CARTA,CARTA CONT.STRADALI,UTZ001,45.5242,11.8288,CURTAROLO,CURTAROLO,CAMPOSAMPIERO,240,26
2025-07-07 08:51:21,EF456GH,VEH002,RFD20241014011,Presente,CARTA,CARTA CONT.STRADALI,UTZ034,45.6442,11.8630,SAN MARTINO DI LUPARI,SAN MARTINO DI LUPARI,CAMPOSAMPIERO,1100,26
2025-07-07 09:44:27,AB123CD,VEH001,RFD20241014117,Presente,SECCO,SECCO PAP,UTZ001,45.6417,11.7838,CITTADELLA,CITTADELLA,CAMPOSAMPIERO,1100,26
2025-07-07 09:50:50,EF456GH,VEH002,RFD20241014191,Presente,CARTA,CARTA CONT.STRADALI,UTZ005,45.3679,11.6628,ROVOLON,ROVOLON,RUBANO,1100,26
2025-07-07 13:07:51,IL789MN,VEH003,RFD20241014226,Non Presente,NA,UMIDO CONT.STRADALI,NA,45.4291,11.7855,NA,RUBANO,RUBANO,NA,NA
2025-07-07 13:25:08,OP012QR,VEH004,RFD20241014024,Presente,SECCO,SECCO PAP,UTZ040,45.5363,11.9675,BORGORICCO,BORGORICCO,CAMPOSAMPIERO,1100,26
2025-07-07 14:23:29,OP012QR,VEH004,RFD20241014033,Presente,SECCO,SECCO PAP,UTZ006,45.8593,11.4002,ROTZO,ROTZO,ASIAGO,1100,26
2025-07-07 14:43:01,OP012QR,VEH004,RFD20250203302,Presente,SECCO,SECCO PAP,UTZ002,45.7328,11.6891,MAROSTICA,NOVE,BASSANO,1100,26
2025-07-07 15:07:00,IL789MN,VEH003,RFD20241028173,Presente,UMIDO,UMIDO CONT.STRADALI,UTZ004,45.7627,11.7419,BASSANO DEL GRAPPA,BASSANO DEL GRAPPA,BASSANO,240,26
2025-07-07 15:29:30,OP012QR,VEH004,RFD20250203302,Presente,SECCO,SECCO PAP,UTZ002,45.7343,11.6916,MAROSTICA,BASSANO DEL GRAPPA,BASSANO,1100,26
2025-07-07 16:32:45,OP012QR,VEH004,RFD20241028163,Presente,SECCO,SECCO PAP,UTZ003,45.7272,11.7667,ROSA',ROSA',BASSANO,1100,26
2025-07-08 06:25:24,AB123CD,VEH001,RFD20250624006,Presente,CARTA,CARTA/CARTONE PAP,UTZ003,45.6301,11.7010,CARMIGNANO DI BRENTA,CARMIGNANO DI BRENTA,CAMPOSAMPIERO,240,26
2025-07-08 08:15:04,AB123CD,VEH001,RFD20241001103,Presente,CARTA,CARTA/CARTONE PAP,UTZ013,45.5660,11.9181,CAMPOSAMPIERO,CAMPOSAMPIERO,CAMPOSAMPIERO,240,26
2025-07-08 08:23:18,AB123CD,VEH001,RFD20241001040,Presente,CARTA,CARTA/CARTONE PAP,UTZ006,45.4761,11.8478,LIMENA,LIMENA,RUBANO,240,26
2025-07-08 09:41:47,IL789MN,VEH003,RFD20241001072,Presente,UMIDO,UMIDO PAP,UTZ003,45.8086,11.5992,LUSIANA CONCO,LUSIANA CONCO,ASIAGO,240,26
2025-07-08 09:45:05,IL789MN,VEH003,RFD20241001152,Presente,UMIDO,UMIDO PAP,UTZ037,45.4374,11.9251,CADONEGHE,CADONEGHE,CAMPOSAMPIERO,240,26
2025-07-08 13:28:10,IL789MN,VEH003,RFD20241001122,Presente,PLASTICA E METALLI,PLASTICA PAP,UTZ012,45.8052,11.7263,POVE DEL GRAPPA,POVE DEL GRAPPA,BASSANO,770,26
2025-07-08 14:37:53,IL789MN,VEH003,RFD20241001158,Presente,PLASTICA E METALLI,PLASTICA PAP,UTZ034,45.6546,11.8574,SAN MARTINO DI LUPARI,SAN MARTINO DI LUPARI,CAMPOSAMPIERO,770,26
2025-07-08 14:39:29,ST345UV,VEH005,RFD20241001114,Presente,PLASTICA E METALLI,PLAST.CONT.STRADALI,UTZ005,45.8610,11.5203,ASIAGO,ASIAGO,ASIAGO,770,26
2025-07-08 14:43:58,OP012QR,VEH004,RFD20241001181,Presente,SECCO,SECCO PAP,UTZ008,45.6547,11.6827,POZZOLEONE,POZZOLEONE,BASSANO,1100,26
2025-07-08 15:15:27,OP012QR,VEH004,RFD20250203302,Presente,SECCO,SECCO PAP,UTZ002,45.7402,11.6992,MAROSTICA,BASSANO DEL GRAPPA,BASSANO,1100,26
2025-07-08 15:34:26,OP012QR,VEH004,RFD20241001058,Presente,SECCO,SECCO PAP,UTZ035,45.3439,11.6639,TEOLO,TEOLO,RUBANO,1100,26
2025-07-08 15:44:55,OP012QR,VEH004,RFD20241015048,Presente,SECCO,SECCO PAP,UTZ030,45.4296,11.7920,RUBANO,RUBANO,RUBANO,1100,26
2025-07-08 18:26:56,ST345UV,VEH005,RFD20241001209,Non Presente,NA,PLAST.CONT.STRADALI,NA,45.6483,11.8300,NA,TOMBOLO,CAMPOSAMPIERO,NA,NA
2025-07-08 18:37:21,OP012QR,VEH004,RFD20250203302,Presente,SECCO,SECCO PAP,UTZ002,45.7327,11.6894,MAROSTICA,NOVE,BASSANO,1100,26
2025-07-08 18:47:22,ST345UV,VEH005,RFD20241001301,Non Presente,NA,PLAST.CONT.STRADALI,NA,45.5659,11.9399,NA,CAMPOSAMPIERO,CAMPOSAMPIERO,NA,NA
2025-07-09 07:14:56,AB123CD,VEH001,RFD20241002049,Presente,SECCO,SECCO PAP,UTZ003,45.3395,11.7380,TORREGLIA,TORREGLIA,RUBANO,1100,26
2025-07-09 07:57:22,AB123CD,VEH001,RFD20250514018,Presente,SECCO,SECCO PAP,UTZ005,45.7966,11.7361,POVE DEL GRAPPA,POVE DEL GRAPPA,BASSANO,1100,26
2025-07-09 08:41:14,EF456GH,VEH002,RFD20241002131,Presente,CARTA,CARTA CONT.STRADALI,UTZ001,45.8911,11.6337,FOZA,FOZA,ASIAGO,240,26
2025-07-09 09:28:46,AB123CD,VEH001,RFD20241002105,Presente,SECCO,SECCO PAP,UTZ002,45.7147,11.7668,ROSA',ROSA',BASSANO,240,26
2025-07-09 09:45:21,EF456GH,VEH002,RFD20241002073,Presente,CARTA,CARTA CONT.STRADALI,UTZ050,45.4022,11.7537,SACCOLONGO,SACCOLONGO,RUBANO,1100,26
2025-07-09 09:56:04,AB123CD,VEH001,RFD20241002183,Presente,SECCO,SECCO PAP,UTZ009,45.7283,11.7951,CASSOLA,CASSOLA,BASSANO,1100,26
2025-07-09 09:56:06,AB123CD,VEH001,RFD20250205056,Presente,SECCO,SECCO PAP,UTZ001,45.5196,11.8283,CURTAROLO,CURTAROLO,CAMPOSAMPIERO,240,26
2025-07-09 11:17:55,AB123CD,VEH001,RFD20241002088,Presente,SECCO,SECCO PAP,UTZ005,45.7998,11.6069,LUSIANA CONCO,LUSIANA CONCO,ASIAGO,1100,26
2025-07-09 13:10:10,OP012QR,VEH004,RFD20241002203,Non Presente,NA,SECCO PAP,NA,45.3697,11.6597,NA,ROVOLON,RUBANO,NA,NA
2025-07-09 13:30:03,OP012QR,VEH004,RFD20250203302,Presente,SECCO,SECCO PAP,UTZ002,45.7371,11.6669,MAROSTICA,MAROSTICA,BASSANO,1100,26
2025-07-09 13:36:22,OP012QR,VEH004,RFD20241002094,Presente,SECCO,SECCO PAP,UTZ005,45.5788,11.9238,CAMPOSAMPIERO,CAMPOSAMPIERO,CAMPOSAMPIERO,240,26
2025-07-09 14:00:12,OP012QR,VEH004,RFD20241002078,Presente,SECCO,SECCO PAP,UTZ009,45.8879,11.5488,GALLIO,GALLIO,ASIAGO,1100,26
2025-07-09 14:14:25,IL789MN,VEH003,RFD20241002217,Non Presente,NA,VERDE PAP,NA,45.6308,11.6935,NA,CARMIGNANO DI BRENTA,CAMPOSAMPIERO,NA,NA
2025-07-09 14:50:14,IL789MN,VEH003,RFD20241016234,Non Presente,NA,VERDE PAP,NA,45.5602,11.8171,NA,CAMPO SAN MARTINO,CAMPOSAMPIERO,NA,NA
2025-07-09 15:06:49,ST345UV,VEH005,RFD20241002229,Non Presente,NA,VETRO PAP,NA,45.7207,11.6124,NA,COLCERESA,BASSANO,NA,NA
2025-07-09 15:06:50,OP012QR,VEH004,RFD20241002184,Presente,SECCO,SECCO PAP,UTZ002,45.7699,11.7360,BASSANO DEL GRAPPA,BASSANO DEL GRAPPA,BASSANO,1100,26
2025-07-09 15:12:15,OP012QR,VEH004,RFD20241030037,Presente,SECCO,SECCO PAP,UTZ014,45.8817,11.5385,GALLIO,GALLIO,ASIAGO,1100,26
2025-07-09 16:10:04,ST345UV,VEH005,RFD20241002053,Presente,VETRO,VETRO PAP,UTZ022,45.7623,11.7435,BASSANO DEL GRAPPA,BASSANO DEL GRAPPA,BASSANO,1100,26
2025-07-09 16:32:27,IL789MN,VEH003,RFD20241002015,Presente,VERDE E RAMAGLIE,VERDE PAP,UTZ030,45.6657,11.8190,GALLIERA VENETA,GALLIERA VENETA,CAMPOSAMPIERO,1100,26
2025-07-09 17:29:59,IL789MN,VEH003,RFD20241030027,Presente,VERDE E RAMAGLIE,VERDE PAP,UTZ024,45.3835,11.9772,SAONARA,SAONARA,CAMPOSAMPIERO,240,26
2025-07-09 17:58:17,OP012QR,VEH004,RFD20250203302,Presente,SECCO,SECCO PAP,UTZ002,45.7275,11.6828,MAROSTICA,NOVE,BASSANO,1100,26
2025-07-09 18:46:15,OP012QR,VEH004,RFD20241001301,Non Presente,NA,SECCO PAP,NA,45.5658,11.9399,NA,CAMPOSAMPIERO,CAMPOSAMPIERO,NA,NA
2025-07-10 06:12:10,ST345UV,VEH005,RFD20241001301,Non Presente,NA,PULIZIA TERRIT.,NA,45.5658,11.9399,NA,CAMPOSAMPIERO,CAMPOSAMPIERO,NA,NA
2025-07-10 07:10:15,AB123CD,VEH001,RFD20241017188,Presente,CARTA,CARTA/CARTONE PAP,UTZ015,45.5635,12.0208,MASSANZAGO,MASSANZAGO,CAMPOSAMPIERO,240,26
2025-07-10 08:48:28,AB123CD,VEH001,RFD20241003141,Presente,CARTA,CARTA/CARTONE PAP,UTZ008,45.5761,11.7104,GAZZO,GAZZO,CAMPOSAMPIERO,1100,26
2025-07-10 09:11:04,AB123CD,VEH001,RFD20241003096,Presente,CARTA,CARTA/CARTONE PAP,UTZ017,45.5711,11.9267,CAMPOSAMPIERO,CAMPOSAMPIERO,CAMPOSAMPIERO,1100,26
2025-07-10 09:37:16,EF456GH,VEH002,RFD20241003035,Presente,VETRO,VETRO PAP,UTZ003,45.7181,11.5990,COLCERESA,COLCERESA,BASSANO,1100,13
2025-07-10 10:13:52,EF456GH,VEH002,RFD20241003157,Presente,VETRO,VETRO PAP,UTZ013,45.4908,11.7441,CAMPODORO,CAMPODORO,RUBANO,1100,26
2025-07-10 13:29:36,IL789MN,VEH003,RFD20241003127,Presente,UMIDO,UMIDO CONT.STRADALI,UTZ001,45.7729,11.7288,BASSANO DEL GRAPPA,BASSANO DEL GRAPPA,BASSANO,240,26
2025-07-10 13:29:51,OP012QR,VEH004,RFD20250203302,Presente,SECCO,SECCO PAP,UTZ002,45.7421,11.7018,MAROSTICA,BASSANO DEL GRAPPA,BASSANO,1100,26
2025-07-10 14:01:28,ST345UV,VEH005,RFD20241003138,Presente,PLASTICA E METALLI,PLAST.CONT.STRADALI,UTZ005,45.6086,11.6728,SAN PIETRO IN GU,SAN PIETRO IN GU,CAMPOSAMPIERO,770,26
2025-07-10 14:12:03,OP012QR,VEH004,RFD20241003061,Presente,SECCO,SECCO PAP,UTZ002,45.5340,11.9615,BORGORICCO,BORGORICCO,CAMPOSAMPIERO,1100,26
2025-07-10 15:24:35,OP012QR,VEH004,RFD20250203302,Presente,SECCO,SECCO PAP,UTZ002,45.7397,11.6984,MAROSTICA,BASSANO DEL GRAPPA,BASSANO,1100,26
2025-07-10 15:54:46,OP012QR,VEH004,RFD20241003164,Presente,SECCO,SECCO PAP,UTZ003,45.7794,11.7295,BASSANO DEL GRAPPA,BASSANO DEL GRAPPA,BASSANO,240,26
2025-07-10 17:26:55,IL789MN,VEH003,RFD20241003303,Presente,UMIDO,UMIDO CONT.STRADALI,UTZ002,45.7744,11.8039,MUSSOLENTE,MUSSOLENTE,BASSANO,240,26
2025-07-10 18:48:17,ST345UV,VEH005,RFD20241001301,Non Presente,NA,PLAST.CONT.STRADALI,NA,45.5657,11.9399,NA,CAMPOSAMPIERO,CAMPOSAMPIERO,NA,NA
2025-07-11 06:38:20,AB123CD,VEH001,00BD00000000000000000008,Presente,NA,SECCO PAP,SAC004,45.8664,11.5103,NA,ASIAGO,ASIAGO,NA,NA
2025-07-11 07:03:01,AB123CD,VEH001,RFD20250207211,Non Presente,NA,SECCO PAP,NA,45.7171,11.6853,NA,NOVE,BASSANO,NA,NA
2025-07-11 07:20:47,AB123CD,VEH001,RFD20241004065,Presente,SECCO,SECCO PAP,UTZ007,45.6153,11.6651,SAN PIETRO IN GU,SAN PIETRO IN GU,CAMPOSAMPIERO,1100,26
2025-07-11 08:08:15,AB123CD,VEH001,RFD20241004003,Presente,SECCO,SECCO PAP,UTZ008,45.4365,11.7855,RUBANO,RUBANO,RUBANO,240,26
2025-07-11 08:43:30,EF456GH,VEH002,RFD20241004123,Presente,CARTA,CARTA CONT.STRADALI,UTZ032,45.6489,11.7782,CITTADELLA,CITTADELLA,CAMPOSAMPIERO,240,26
2025-07-11 09:06:44,EF456GH,VEH002,RFD20241018161,Presente,CARTA,CARTA CONT.STRADALI,UTZ034,45.5714,11.9296,CAMPOSAMPIERO,CAMPOSAMPIERO,CAMPOSAMPIERO,1100,26
2025-07-11 09:36:12,EF456GH,VEH002,RFD20250221038,Presente,CARTA,CARTA CONT.STRADALI,UTZ005,45.6901,11.6327,SCHIAVON,SCHIAVON,BASSANO,240,26
2025-07-11 10:17:10,EF456GH,VEH002,RFD20241004197,Presente,CARTA,CARTA CONT.STRADALI,UTZ018,45.8647,11.5124,ASIAGO,ASIAGO,ASIAGO,240,26
2025-07-11 10:32:35,EF456GH,VEH002,RFD20241004159,Presente,CARTA,CARTA CONT.STRADALI,UTZ004,45.4415,11.7879,RUBANO,RUBANO,RUBANO,1100,26
2025-07-11 10:44:41,AB123CD,VEH001,RFD20241004137,Presente,SECCO,SECCO PAP,UTZ012,45.5273,11.9708,BORGORICCO,BORGORICCO,CAMPOSAMPIERO,1100,26
2025-07-11 11:08:42,EF456GH,VEH002,RFD20241004028,Presente,CARTA,CARTA CONT.STRADALI,UTZ005,45.8598,11.3939,ROTZO,ROTZO,ASIAGO,240,26
2025-07-11 12:55:50,OP012QR,VEH004,RFD20241101042,Presente,SECCO,SECCO PAP,UTZ001,45.3868,11.7891,SELVAZZANO DENTRO,SELVAZZANO DENTRO,RUBANO,1100,26
2025-07-11 13:15:46,OP012QR,VEH004,RFD20250418055,Presente,SECCO,SECCO PAP,UTZ002,45.8008,11.6138,LUSIANA CONCO,LUSIANA CONCO,ASIAGO,240,26
2025-07-11 13:57:09,OP012QR,VEH004,RFD20241004044,Presente,SECCO,SECCO PAP,UTZ009,45.6807,11.6937,TEZZE SUL BRENTA,TEZZE SUL BRENTA,BASSANO,240,26
2025-07-11 14:30:32,IL789MN,VEH003,RFD20241004177,Presente,PLASTICA E METALLI,PLASTICA PAP,UTZ048,45.7667,11.7335,BASSANO DEL GRAPPA,BASSANO DEL GRAPPA,BASSANO,770,26
2025-07-11 15:35:38,OP012QR,VEH004,RFD20250203302,Presente,SECCO,SECCO PAP,UTZ002,45.7432,11.7034,MAROSTICA,BASSANO DEL GRAPPA,BASSANO,1100,26
2025-07-11 16:31:05,ST345UV,VEH005,RFD20241004115,Presente,VETRO,VETRO PAP,UTZ001,45.4291,11.7849,RUBANO,RUBANO,RUBANO,1100,26
2025-07-11 16:40:53,ST345UV,VEH005,RFD20241004185,Presente,VETRO,VETRO PAP,UTZ043,45.4031,11.7497,SACCOLONGO,SACCOLONGO,RUBANO,1100,26
2025-07-11 18:05:53,OP012QR,VEH004,RFD20250203302,Presente,SECCO,SECCO PAP,UTZ002,45.7432,11.7033,MAROSTICA,BASSANO DEL GRAPPA,BASSANO,1100,26
2025-07-11 18:55:26,ST345UV,VEH005,RFD20241001301,Non Presente,NA,VETRO PAP,NA,45.5658,11.9399,NA,CAMPOSAMPIERO,CAMPOSAMPIERO,NA,NA
2025-07-12 06:08:09,ST345UV,VEH005,RFD20241001301,Non Presente,NA,SERVIZI MERCATI,NA,45.5658,11.9399,NA,CAMPOSAMPIERO,CAMPOSAMPIERO,NA,NA
2025-07-12 12:02:01,OP012QR,VEH004,RFD20241005091,Presente,SECCO,SECCO PAP,UTZ016,45.5851,11.8056,SAN GIORGIO IN BOSCO,SAN GIORGIO IN BOSCO,CAMPOSAMPIERO,1100,26
2025-07-12 13:56:46,OP012QR,VEH004,RFD20241005012,Presente,SECCO,SECCO PAP,UTZ035,45.8085,11.7285,POVE DEL GRAPPA,POVE DEL GRAPPA,BASSANO,1100,26
2025-07-12 14:02:29,OP012QR,VEH004,RFD20250203302,Presente,SECCO,SECCO PAP,UTZ002,45.7359,11.6680,MAROSTICA,MAROSTICA,BASSANO,1100,26
2025-07-12 15:01:46,IL789MN,VEH003,RFD20241005169,Presente,VERDE E RAMAGLIE,VERDE PAP,UTZ008,45.6472,11.6825,POZZOLEONE,POZZOLEONE,BASSANO,240,26
2025-07-12 15:28:23,OP012QR,VEH004,RFD20241019135,Presente,SECCO,SECCO PAP,UTZ019,45.6499,11.8545,SAN MARTINO DI LUPARI,SAN MARTINO DI LUPARI,CAMPOSAMPIERO,240,26
2025-07-12 16:01:22,IL789MN,VEH003,RFD20241005144,Presente,VERDE E RAMAGLIE,VERDE PAP,UTZ013,45.4200,11.6830,CERVARESE SANTA CROCE,CERVARESE SANTA CROCE,RUBANO,240,26
2025-07-12 17:37:24,IL789MN,VEH003,RFD20241005064,Presente,VERDE E RAMAGLIE,VERDE PAP,UTZ010,45.3060,11.7336,GALZIGNANO TERME,GALZIGNANO TERME,RUBANO,240,26
2025-07-12 17:52:03,OP012QR,VEH004,RFD20250203302,Presente,SECCO,SECCO PAP,UTZ002,45.7421,11.7019,MAROSTICA,BASSANO DEL GRAPPA,BASSANO,1100,26
2025-07-13 07:00:00,AB123CD,VEH001,RFD20241006101,Presente,CARTA,CARTA CONT.STRADALI,UTZ012,45.5775,11.9329,CAMPOSAMPIERO,CAMPOSAMPIERO,CAMPOSAMPIERO,1100,26
2025-07-13 07:09:15,AB123CD,VEH001,RFD20241006147,Presente,CARTA,CARTA CONT.STRADALI,UTZ003,45.3314,11.7375,TORREGLIA,TORREGLIA,RUBANO,240,26
2025-07-13 08:14:59,AB123CD,VEH001,RFD20250713080,Presente,CARTA,CARTA CONT.STRADALI,UTZ001,45.4366,11.7481,MESTRINO,MESTRINO,RUBANO,240,26
2025-07-13 08:20:26,AB123CD,VEH001,RFD20241006174,Presente,CARTA,CARTA CONT.STRADALI,UTZ047,45.3067,11.7164,GALZIGNANO TERME,GALZIGNANO TERME,RUBANO,240,26
2025-07-13 09:05:56,AB123CD,VEH001,RFD20241020036,Presente,CARTA,CARTA CONT.STRADALI,UTZ007,45.6519,11.7821,CITTADELLA,CITTADELLA,CAMPOSAMPIERO,1100,26
2025-07-13 09:24:13,AB123CD,VEH001,RFD20241006180,Presente,CARTA,CARTA CONT.STRADALI,UTZ003,45.6360,11.7547,FONTANIVA,FONTANIVA,CAMPOSAMPIERO,240,26
2025-07-13 09:30:07,AB123CD,VEH001,RFD20241006066,Presente,CARTA,CARTA CONT.STRADALI,UTZ011,45.3103,11.7321,GALZIGNANO TERME,GALZIGNANO TERME,RUBANO,1100,26
2025-07-13 09:43:31,AB123CD,VEH001,RFD20250713165,Presente,CARTA,CARTA CONT.STRADALI,UTZ004,45.8897,11.5499,GALLIO,GALLIO,ASIAGO,240,26
2025-07-13 10:18:12,AB123CD,VEH001,RFD20250713098,Presente,CARTA,CARTA CONT.STRADALI,UTZ001,45.6473,11.6824,POZZOLEONE,POZZOLEONE,BASSANO,1100,26
2025-07-13 10:53:36,AB123CD,VEH001,RFD20241006095,Presente,CARTA,CARTA CONT.STRADALI,UTZ034,45.4855,11.7453,CAMPODORO,CAMPODORO,RUBANO,1100,26
2025-07-13 11:02:37,AB123CD,VEH001,RFD20241006134,Presente,CARTA,CARTA CONT.STRADALI,UTZ001,45.5032,11.9008,CAMPODARSEGO,CAMPODARSEGO,CAMPOSAMPIERO,240,26
2025-07-14 06:16:54,AB123CD,VEH001,RFD20241001301,Non Presente,NA,SECCO PAP,NA,45.5658,11.9398,NA,CAMPOSAMPIERO,CAMPOSAMPIERO,NA,NA
2025-07-14 06:50:06,IL789MN,VEH003,RFD20241007043,Presente,UMIDO,UMIDO PAP,UTZ001,45.7956,11.7347,POVE DEL GRAPPA,POVE DEL GRAPPA,BASSANO,240,26
2025-07-14 07:27:28,AB123CD,VEH001,RFD20241007126,Presente,SECCO,SECCO PAP,UTZ001,45.6477,11.6836,POZZOLEONE,POZZOLEONE,BASSANO,1100,26
2025-07-14 07:49:14,AB123CD,VEH001,RFD20241007113,Presente,SECCO,SECCO PAP,UTZ022,45.4248,11.7899,RUBANO,RUBANO,RUBANO,1100,26
2025-07-14 08:07:00,IL789MN,VEH003,RFD20241007142,Presente,UMIDO,UMIDO PAP,UTZ001,45.3361,11.7886,MONTEGROTTO TERME,MONTEGROTTO TERME,RUBANO,770,26
2025-07-14 09:35:18,AB123CD,VEH001,RFD20241007146,Presente,SECCO,SECCO PAP,UTZ018,45.3019,11.7334,GALZIGNANO TERME,GALZIGNANO TERME,RUBANO,240,26
2025-07-14 12:08:46,OP012QR,VEH004,RFD20250203302,Presente,SECCO,SECCO PAP,UTZ002,45.7292,11.6759,MAROSTICA,NOVE,BASSANO,1100,26
2025-07-14 12:25:07,OP012QR,VEH004,RFD20241007090,Presente,SECCO,SECCO PAP,UTZ021,45.7169,11.6079,COLCERESA,COLCERESA,BASSANO,1100,26
2025-07-14 13:08:42,IL789MN,VEH003,RFD20250505199,Presente,UMIDO,UMIDO CONT.STRADALI,UTZ034,45.4281,11.7887,RUBANO,RUBANO,RUBANO,240,26
2025-07-14 13:14:20,OP012QR,VEH004,RFD20241007190,Presente,SECCO,SECCO PAP,UTZ031,45.4336,11.7794,RUBANO,RUBANO,RUBANO,1100,26
2025-07-14 13:24:42,OP012QR,VEH004,RFD20241007193,Presente,SECCO,SECCO PAP,UTZ005,45.6646,11.8337,GALLIERA VENETA,GALLIERA VENETA,CAMPOSAMPIERO,240,26
2025-07-14 13:44:25,ST345UV,VEH005,RFD20241007039,Presente,VETRO,VETRO PAP,UTZ025,45.5287,11.9684,BORGORICCO,BORGORICCO,CAMPOSAMPIERO,770,26
2025-07-14 13:48:48,IL789MN,VEH003,RFD20241007067,Presente,UMIDO,UMIDO CONT.STRADALI,UTZ010,45.3994,11.7457,SACCOLONGO,SACCOLONGO,RUBANO,770,26
2025-07-14 14:44:47,ST345UV,VEH005,RFD20241007076,Presente,VETRO,VETRO PAP,UTZ001,45.7716,11.7306,BASSANO DEL GRAPPA,BASSANO DEL GRAPPA,BASSANO,1100,26
2025-07-14 15:12:54,OP012QR,VEH004,RFD20250203302,Presente,SECCO,SECCO PAP,UTZ002,45.7437,11.7038,MAROSTICA,BASSANO DEL GRAPPA,BASSANO,1100,26
2025-07-14 15:13:45,IL789MN,VEH003,RFD20241007148,Presente,UMIDO,UMIDO CONT.STRADALI,UTZ025,45.7746,11.7214,BASSANO DEL GRAPPA,BASSANO DEL GRAPPA,BASSANO,240,26
2025-07-14 15:36:20,ST345UV,VEH005,RFD20241007081,Presente,VETRO,VETRO PAP,UTZ003,45.7212,11.7651,ROSA',ROSA',BASSANO,1100,26
2025-07-14 17:16:55,OP012QR,VEH004,RFD20241007120,Presente,SECCO,SECCO PAP,UTZ002,45.4335,11.7850,RUBANO,RUBANO,RUBANO,1100,26
2025-07-15 06:05:00,OP012QR,VEH004,RFD20241001301,Non Presente,NA,SECCO PAP,NA,45.5658,11.9399,NA,CAMPOSAMPIERO,CAMPOSAMPIERO,NA,NA
2025-07-15 06:14:56,AB123CD,VEH001,RFD20241008171,Presente,CARTA,CARTA/CARTONE PAP,UTZ023,45.7279,11.7640,ROSA',ROSA',BASSANO,240,26
2025-07-15 08:48:09,AB123CD,VEH001,RFD20241022136,Presente,CARTA,CARTA/CARTONE PAP,UTZ038,45.7886,11.7571,ROMANO D'EZZELINO,ROMANO D'EZZELINO,BASSANO,240,26
2025-07-15 08:55:23,EF456GH,VEH002,RFD20241008026,Presente,VETRO,VETRO PAP,UTZ008,45.7924,11.7305,POVE DEL GRAPPA,POVE DEL GRAPPA,BASSANO,1100,26
2025-07-15 10:12:49,IL789MN,VEH003,RFD20241008059,Presente,UMIDO,UMIDO PAP,UTZ001,45.4021,11.7941,SELVAZZANO DENTRO,SELVAZZANO DENTRO,RUBANO,240,26
2025-07-15 11:09:09,AB123CD,VEH001,RFD20241008062,Presente,CARTA,CARTA/CARTONE PAP,UTZ002,45.3629,11.6654,ROVOLON,ROVOLON,RUBANO,1100,26
2025-07-15 12:28:31,OP012QR,VEH004,RFD20241008077,Presente,SECCO,SECCO PAP,UTZ024,45.3618,11.6635,ROVOLON,ROVOLON,RUBANO,1100,26
2025-07-15 12:39:52,OP012QR,VEH004,RFD20250325228,Non Presente,NA,SECCO PAP,NA,45.4793,11.8451,NA,LIMENA,RUBANO,NA,NA
2025-07-15 13:07:28,ST345UV,VEH005,RFD20241008023,Presente,PLASTICA E METALLI,PLAST.CONT.STRADALI,UTZ027,45.3022,11.7243,GALZIGNANO TERME,GALZIGNANO TERME,RUBANO,770,26
2025-07-15 13:27:16,OP012QR,VEH004,RFD20241008155,Presente,SECCO,SECCO PAP,UTZ002,45.8754,11.5200,ASIAGO,ASIAGO,ASIAGO,240,26
2025-07-15 13:55:20,OP012QR,VEH004,RFD20241008102,Presente,SECCO,SECCO PAP,UTZ024,45.8898,11.6268,FOZA,FOZA,ASIAGO,1100,26
2025-07-15 15:38:14,IL789MN,VEH003,RFD20241008032,Presente,PLASTICA E METALLI,PLASTICA PAP,UTZ026,45.3983,11.7484,SACCOLONGO,SACCOLONGO,RUBANO,770,26
2025-07-15 16:02:52,ST345UV,VEH005,RFD20241008187,Presente,PLASTICA E METALLI,PLAST.CONT.STRADALI,UTZ002,45.6584,11.8265,GALLIERA VENETA,GALLIERA VENETA,CAMPOSAMPIERO,770,26
2025-07-15 16:36:42,OP012QR,VEH004,RFD20250203302,Presente,SECCO,SECCO PAP,UTZ002,45.7369,11.6668,MAROSTICA,MAROSTICA,BASSANO,1100,26
2025-07-15 16:55:18,OP012QR,VEH004,RFD20241008099,Presente,SECCO,SECCO PAP,UTZ015,45.7173,11.7676,ROSA',ROSA',BASSANO,1100,26
2025-07-15 17:30:27,AB123CD,VEH001,RFD20250715210,Non Presente,NA,CARTA/CARTONE PAP,NA,45.6514,11.7461,NA,FONTANIVA,CAMPOSAMPIERO,NA,NA
2025-07-15 18:27:12,OP012QR,VEH004,RFD20250203302,Presente,SECCO,SECCO PAP,UTZ002,45.7291,11.6843,MAROSTICA,NOVE,BASSANO,1100,26
2025-07-16 06:13:03,OP012QR,VEH004,RFD20241001301,Non Presente,NA,SECCO PAP,NA,45.5659,11.9399,NA,CAMPOSAMPIERO,CAMPOSAMPIERO,NA,NA
2025-07-16 06:43:23,AB123CD,VEH001,RFD20241009151,Presente,SECCO,SECCO PAP,UTZ026,45.5939,11.9394,LOREGGIA,LOREGGIA,CAMPOSAMPIERO,240,26
2025-07-16 07:28:18,AB123CD,VEH001,RFD20241009041,Presente,SECCO,SECCO PAP,UTZ001,45.5653,11.8987,SANTA GIUSTINA IN COLLE,SANTA GIUSTINA IN COLLE,CAMPOSAMPIERO,1100,26
2025-07-16 07:55:52,AB123CD,VEH001,RFD20241009128,Presente,SECCO,SECCO PAP,UTZ002,45.4109,11.7370,SACCOLONGO,SACCOLONGO,RUBANO,1100,26
2025-07-16 08:07:20,AB123CD,VEH001,RFD20241009189,Presente,SECCO,SECCO PAP,UTZ002,45.4233,11.7903,RUBANO,RUBANO,RUBANO,1100,26
2025-07-16 08:57:26,AB123CD,VEH001,RFD20241009093,Presente,SECCO,SECCO PAP,UTZ040,45.7097,11.7972,ROSSANO VENETO,ROSSANO VENETO,BASSANO,1100,26
2025-07-16 09:22:44,AB123CD,VEH001,RFD20241009111,Presente,SECCO,SECCO PAP,UTZ042,45.6086,11.6743,SAN PIETRO IN GU,SAN PIETRO IN GU,CAMPOSAMPIERO,240,26
2025-07-16 09:45:50,EF456GH,VEH002,RFD20250129179,Presente,CARTA,CARTA CONT.STRADALI,UTZ002,45.6440,11.8306,TOMBOLO,TOMBOLO,CAMPOSAMPIERO,1100,26
2025-07-16 10:21:57,EF456GH,VEH002,RFD20241009227,Non Presente,NA,CARTA CONT.STRADALI,NA,45.8964,11.5508,NA,GALLIO,ASIAGO,NA,NA
2025-07-16 10:32:33,AB123CD,VEH001,RFD20241009106,Presente,SECCO,SECCO PAP,UTZ004,45.7669,11.7353,BASSANO DEL GRAPPA,BASSANO DEL GRAPPA,BASSANO,240,26
2025-07-16 10:38:53,AB123CD,VEH001,RFD20241009108,Presente,SECCO,SECCO PAP,UTZ003,45.6954,11.7108,TEZZE SUL BRENTA,TEZZE SUL BRENTA,BASSANO,240,26
2025-07-16 10:49:25,EF456GH,VEH002,RFD20241009218,Non Presente,NA,CARTA CONT.STRADALI,NA,45.5588,11.9138,NA,SANTA GIUSTINA IN COLLE,CAMPOSAMPIERO,NA,NA
2025-07-16 12:57:13,OP012QR,VEH004,RFD20250203302,Presente,SECCO,SECCO PAP,UTZ002,45.7401,11.6991,MAROSTICA,BASSANO DEL GRAPPA,BASSANO,1100,26
2025-07-16 14:06:31,IL789MN,VEH003,RFD20241009045,Presente,VERDE E RAMAGLIE,VERDE PAP,UTZ030,45.5618,12.0078,MASSANZAGO,MASSANZAGO,CAMPOSAMPIERO,240,26
2025-07-16 14:09:24,OP012QR,VEH004,RFD20241009107,Presente,SECCO,SECCO PAP,UTZ033,45.5707,11.9321,CAMPOSAMPIERO,CAMPOSAMPIERO,CAMPOSAMPIERO,1100,26
2025-07-16 14:28:38,ST345UV,VEH005,RFD20241009150,Presente,VETRO,VETRO PAP,UTZ027,45.5790,11.9325,CAMPOSAMPIERO,CAMPOSAMPIERO,CAMPOSAMPIERO,1100,26
2025-07-16 15:03:08,IL789MN,VEH003,RFD20241009205,Non Presente,NA,VERDE PAP,NA,45.8678,11.5018,NA,ASIAGO,ASIAGO,NA,NA
2025-07-16 15:29:11,OP012QR,VEH004,RFD20241009085,Presente,SECCO,SECCO PAP,UTZ016,45.4842,11.8337,LIMENA,LIMENA,RUBANO,1100,26
2025-07-16 15:59:58,OP012QR,VEH004,RFD20241009140,Presente,SECCO,SECCO PAP,UTZ002,45.9449,11.7210,ENEGO,ENEGO,ASIAGO,1100,26
2025-07-16 18:40:15,EF456GH,VEH002,RFD20241001301,Non Presente,NA,CARTA CONT.STRADALI,NA,45.5658,11.9399,NA,CAMPOSAMPIERO,CAMPOSAMPIERO,NA,NA
2025-07-16 18:45:35,OP012QR,VEH004,RFD20250203302,Presente,SECCO,SECCO PAP,UTZ002,45.7362,11.6677,MAROSTICA,MAROSTICA,BASSANO,1100,26
2025-07-17 06:02:58,EF456GH,VEH002,RFD20241001301,Non Presente,NA,VETRO PAP,NA,45.5658,11.9399,NA,CAMPOSAMPIERO,CAMPOSAMPIERO,NA,NA
2025-07-17 08:33:11,IL789MN,VEH003,RFD20241010068,Presente,UMIDO,UMIDO PAP,UTZ004,45.4896,11.7452,CAMPODORO,CAMPODORO,RUBANO,240,26
2025-07-17 09:26:37,AB123CD,VEH001,RFD20241010013,Presente,CARTA,CARTA/CARTONE PAP,UTZ009,45.7802,11.7403,BASSANO DEL GRAPPA,BASSANO DEL GRAPPA,BASSANO,1100,26
2025-07-17 09:52:56,AB123CD,VEH001,RFD20241010194,Presente,CARTA,CARTA/CARTONE PAP,UTZ017,45.7813,11.7311,BASSANO DEL GRAPPA,BASSANO DEL GRAPPA,BASSANO,240,26
2025-07-17 13:54:46,OP012QR,VEH004,RFD20250313133,Presente,SECCO,SECCO PAP,UTZ005,45.6414,11.7535,FONTANIVA,FONTANIVA,CAMPOSAMPIERO,1100,26
2025-07-17 13:55:34,ST345UV,VEH005,RFD20241010022,Presente,PLASTICA E METALLI,PLAST.CONT.STRADALI,UTZ032,45.3666,11.9840,SAONARA,SAONARA,CAMPOSAMPIERO,770,26
2025-07-17 15:01:09,ST345UV,VEH005,RFD20241010079,Presente,PLASTICA E METALLI,PLAST.CONT.STRADALI,UTZ004,45.8868,11.6250,FOZA,FOZA,ASIAGO,770,26
2025-07-17 15:44:07,ST345UV,VEH005,RFD20241010154,Presente,PLASTICA E METALLI,PLAST.CONT.STRADALI,UTZ005,45.8640,11.5161,ASIAGO,ASIAGO,ASIAGO,770,26
2025-07-17 15:49:08,OP012QR,VEH004,RFD20241010119,Presente,SECCO,SECCO PAP,UTZ002,45.5624,11.9075,SANTA GIUSTINA IN COLLE,SANTA GIUSTINA IN COLLE,CAMPOSAMPIERO,1100,26
2025-07-17 16:00:57,OP012QR,VEH004,RFD20250203302,Presente,SECCO,SECCO PAP,UTZ002,45.7437,11.6589,MAROSTICA,MAROSTICA,BASSANO,1100,26
2025-07-17 16:37:02,OP012QR,VEH004,RFD20241010074,Presente,SECCO,SECCO PAP,UTZ006,45.6210,11.6996,CARMIGNANO DI BRENTA,CARMIGNANO DI BRENTA,CAMPOSAMPIERO,1100,26
2025-07-17 16:40:43,OP012QR,VEH004,RFD20241010069,Presente,SECCO,SECCO PAP,UTZ020,45.7310,11.7591,ROSA',ROSA',BASSANO,240,26
2025-07-17 17:52:17,OP012QR,VEH004,RFD20250203302,Presente,SECCO,SECCO PAP,UTZ002,45.7415,11.6615,MAROSTICA,MAROSTICA,BASSANO,1100,26
2025-07-18 06:12:03,EF456GH,VEH002,RFD20241001301,Non Presente,NA,CARTA CONT.STRADALI,NA,45.5658,11.9399,NA,CAMPOSAMPIERO,CAMPOSAMPIERO,NA,NA
2025-07-18 06:24:00,ST345UV,VEH005,RFD20241001301,Non Presente,NA,VETRO PAP,NA,45.5658,11.9399,NA,CAMPOSAMPIERO,CAMPOSAMPIERO,NA,NA
2025-07-18 07:02:03,AB123CD,VEH001,RFD20241011132,Presente,SECCO,SECCO PAP,UTZ001,45.5771,11.9311,CAMPOSAMPIERO,CAMPOSAMPIERO,CAMPOSAMPIERO,1100,26
2025-07-18 07:55:02,AB123CD,VEH001,RFD20250509017,Presente,SECCO,SECCO PAP,UTZ002,45.5767,11.9324,CAMPOSAMPIERO,CAMPOSAMPIERO,CAMPOSAMPIERO,1100,26
2025-07-18 08:10:54,AB123CD,VEH001,RFD20241025029,Presente,SECCO,SECCO PAP,UTZ001,45.7804,11.7921,MUSSOLENTE,MUSSOLENTE,BASSANO,240,26
2025-07-18 09:35:38,AB123CD,VEH001,RFD20241011139,Presente,SECCO,SECCO PAP,UTZ002,45.6197,11.6597,SAN PIETRO IN GU,SAN PIETRO IN GU,CAMPOSAMPIERO,1100,26
2025-07-18 10:01:26,AB123CD,VEH001,RFD20241011176,Presente,SECCO,SECCO PAP,UTZ008,45.4678,11.8517,LIMENA,LIMENA,RUBANO,1100,26
2025-07-18 11:43:18,AB123CD,VEH001,RFD20241025196,Presente,SECCO,SECCO PAP,UTZ029,45.8643,11.5205,ASIAGO,ASIAGO,ASIAGO,1100,26
2025-07-18 12:39:53,OP012QR,VEH004,RFD20250203302,Presente,SECCO,SECCO PAP,UTZ002,45.7260,11.6797,MAROSTICA,NOVE,BASSANO,1100,26
2025-07-18 13:40:11,ST345UV,VEH005,RFD20241011025,Presente,VETRO,VETRO PAP,UTZ031,45.5448,11.9053,SAN GIORGIO DELLE PERTICHE,SAN GIORGIO DELLE PERTICHE,CAMPOSAMPIERO,1100,13
2025-07-18 13:50:49,OP012QR,VEH004,RFD20241011121,Presente,PLASTICA E METALLI,SECCO PAP,UTZ015,45.4087,11.7482,SACCOLONGO,SACCOLONGO,RUBANO,1100,26
2025-07-18 14:46:12,ST345UV,VEH005,RFD20241011182,Presente,VETRO,VETRO PAP,UTZ047,45.5920,11.6998,GAZZO,GAZZO,CAMPOSAMPIERO,1100,26
2025-07-18 15:01:29,OP012QR,VEH004,RFD20241011124,Presente,SECCO,SECCO PAP,UTZ001,45.6388,11.8461,SAN MARTINO DI LUPARI,SAN MARTINO DI LUPARI,CAMPOSAMPIERO,240,26
2025-07-18 15:31:41,ST345UV,VEH005,RFD20241011125,Presente,VETRO,VETRO PAP,UTZ014,45.5744,11.9220,CAMPOSAMPIERO,CAMPOSAMPIERO,CAMPOSAMPIERO,1100,26
2025-07-18 16:11:18,OP012QR,VEH004,RFD20250203302,Presente,SECCO,SECCO PAP,UTZ002,45.7350,11.6690,MAROSTICA,MAROSTICA,BASSANO,1100,26
2025-07-18 16:40:19,IL789MN,VEH003,RFD20241011019,Presente,PLASTICA E METALLI,PLASTICA PAP,UTZ001,45.6001,12.0030,PIOMBINO DESE,PIOMBINO DESE,CAMPOSAMPIERO,770,26
2025-07-18 16:42:26,IL789MN,VEH003,RFD20241025075,Presente,PLASTICA E METALLI,PLASTICA PAP,UTZ001,45.7967,11.7436,ROMANO D'EZZELINO,ROMANO D'EZZELINO,BASSANO,770,26
2025-07-18 17:22:30,OP012QR,VEH004,RFD20241011004,Presente,SECCO,SECCO PAP,UTZ024,45.7921,11.7673,ROMANO D'EZZELINO,ROMANO D'EZZELINO,BASSANO,240,26
2025-07-19 06:01:20,IL789MN,VEH003,RFD20241001301,Non Presente,NA,UMIDO PAP,NA,45.5658,11.9400,NA,CAMPOSAMPIERO,CAMPOSAMPIERO,NA,NA
2025-07-19 06:05:57,EF456GH,VEH002,RFD20241001301,Non Presente,NA,VETRO PAP,NA,45.5657,11.9400,NA,CAMPOSAMPIERO,CAMPOSAMPIERO,NA,NA
2025-07-19 07:56:24,AB123CD,VEH001,RFD20241012118,Presente,CARTA,CARTA/CARTONE PAP,UTZ019,45.6945,11.7071,TEZZE SUL BRENTA,TEZZE SUL BRENTA,BASSANO,1100,26
2025-07-19 08:07:22,ST345UV,VEH005,RFD20241016234,Non Presente,NA,SERVIZI MERCATI,NA,45.5601,11.8173,NA,CAMPO SAN MARTINO,CAMPOSAMPIERO,NA,NA
2025-07-19 08:24:35,IL789MN,VEH003,RFD20250215084,Presente,UMIDO,UMIDO PAP,UTZ022,45.6086,11.7353,GRANTORTO,GRANTORTO,CAMPOSAMPIERO,240,26
2025-07-19 09:10:37,AB123CD,VEH001,RFD20241012116,Presente,CARTA,CARTA/CARTONE PAP,UTZ009,45.3961,11.7907,SELVAZZANO DENTRO,SELVAZZANO DENTRO,RUBANO,240,26
2025-07-19 12:03:15,OP012QR,VEH004,RFD20241012082,Presente,SECCO,SECCO PAP,UTZ001,45.6592,11.8291,GALLIERA VENETA,GALLIERA VENETA,CAMPOSAMPIERO,240,26
2025-07-19 13:34:56,OP012QR,VEH004,RFD20250203302,Presente,SECCO,SECCO PAP,UTZ002,45.7449,11.6574,MAROSTICA,MAROSTICA,BASSANO,1100,26
2025-07-19 13:53:37,IL789MN,VEH003,RFD20241012047,Presente,VERDE E RAMAGLIE,VERDE PAP,UTZ028,45.7549,11.7431,BASSANO DEL GRAPPA,BASSANO DEL GRAPPA,BASSANO,240,26
2025-07-19 15:15:40,IL789MN,VEH003,RFD20241008231,Non Presente,NA,VERDE PAP,NA,45.6864,11.7001,NA,TEZZE SUL BRENTA,BASSANO,NA,NA
2025-07-19 16:09:46,IL789MN,VEH003,RFD20241012089,Presente,VERDE E RAMAGLIE,VERDE PAP,UTZ017,45.7290,11.6733,NOVE,NOVE,BASSANO,240,26
2025-07-19 18:50:09,OP012QR,VEH004,RFD20250203302,Presente,SECCO,SECCO PAP,UTZ002,45.7409,11.6622,MAROSTICA,MAROSTICA,BASSANO,1100,26
2025-07-20 07:20:13,AB123CD,VEH001,RFD20241013046,Presente,CARTA,CARTA CONT.STRADALI,UTZ035,45.3084,11.7298,GALZIGNANO TERME,GALZIGNANO TERME,RUBANO,240,26
2025-07-20 07:55:42,AB123CD,VEH001,RFD20241013030,Presente,CARTA,CARTA CONT.STRADALI,UTZ001,45.6914,11.7996,ROSSANO VENETO,ROSSANO VENETO,BASSANO,1100,26
2025-07-20 08:02:42,AB123CD,VEH001,RFD20241013130,Presente,CARTA,CARTA CONT.STRADALI,UTZ004,45.4267,11.6850,CERVARESE SANTA CROCE,CERVARESE SANTA CROCE,RUBANO,240,26
2025-07-20 08:02:50,AB123CD,VEH001,RFD20241013129,Presente,CARTA,CARTA CONT.STRADALI,UTZ031,45.6329,11.7061,CARMIGNANO DI BRENTA,CARMIGNANO DI BRENTA,CAMPOSAMPIERO,240,26
2025-07-20 08:22:31,AB123CD,VEH001,RFD20241013083,Presente,CARTA,CARTA CONT.STRADALI,UTZ030,45.3137,11.7395,GALZIGNANO TERME,GALZIGNANO TERME,RUBANO,240,26
2025-07-20 09:12:44,AB123CD,VEH001,RFD20241013172,Presente,CARTA,CARTA CONT.STRADALI,UTZ001,45.3301,11.7374,TORREGLIA,TORREGLIA,RUBANO,240,26
2025-07-21 06:31:11,IL789MN,VEH003,RFD20241008208,Non Presente,NA,UMIDO PAP,NA,45.8667,11.5122,NA,ASIAGO,ASIAGO,NA,NA
2025-07-21 08:14:54,AB123CD,VEH001,RFD20250512016,Presente,SECCO,SECCO PAP,UTZ019,45.7747,11.8025,MUSSOLENTE,MUSSOLENTE,BASSANO,1100,26
2025-07-21 08:41:31,EF456GH,VEH002,RFD20250331008,Presente,CARTA,CARTA CONT.STRADALI,UTZ001,45.5242,11.8288,CURTAROLO,CURTAROLO,CAMPOSAMPIERO,240,26
2025-07-21 09:11:34,AB123CD,VEH001,RFD20241014117,Presente,SECCO,SECCO PAP,UTZ001,45.6417,11.7837,CITTADELLA,CITTADELLA,CAMPOSAMPIERO,1100,26
2025-07-21 09:13:21,EF456GH,VEH002,RFD20241014011,Presente,CARTA,CARTA CONT.STRADALI,UTZ034,45.6441,11.8630,SAN MARTINO DI LUPARI,SAN MARTINO DI LUPARI,CAMPOSAMPIERO,1100,26
2025-07-21 09:29:06,EF456GH,VEH002,RFD20241014191,Presente,CARTA,CARTA CONT.STRADALI,UTZ005,45.3679,11.6626,ROVOLON,ROVOLON,RUBANO,1100,26
2025-07-21 13:25:01,OP012QR,VEH004,RFD20241014024,Presente,SECCO,SECCO PAP,UTZ040,45.5363,11.9675,BORGORICCO,BORGORICCO,CAMPOSAMPIERO,1100,26
2025-07-21 14:01:12,OP012QR,VEH004,RFD20241014033,Presente,SECCO,SECCO PAP,UTZ006,45.8591,11.4002,ROTZO,ROTZO,ASIAGO,1100,26
2025-07-21 14:49:44,IL789MN,VEH003,RFD20241028145,Presente,UMIDO,UMIDO CONT.STRADALI,UTZ004,45.4285,11.7851,RUBANO,RUBANO,RUBANO,240,26
2025-07-21 15:07:11,IL789MN,VEH003,RFD20241028173,Presente,UMIDO,UMIDO CONT.STRADALI,UTZ004,45.7625,11.7419,BASSANO DEL GRAPPA,BASSANO DEL GRAPPA,BASSANO,240,26
2025-07-21 15:19:05,OP012QR,VEH004,RFD20250203302,Presente,SECCO,SECCO PAP,UTZ002,45.7331,11.6897,MAROSTICA,NOVE,BASSANO,1100,26
2025-07-21 16:16:26,OP012QR,VEH004,RFD20241028163,Presente,SECCO,SECCO PAP,UTZ003,45.7273,11.7666,ROSA',ROSA',BASSANO,1100,26
2025-07-21 16:56:17,OP012QR,VEH004,RFD20250203302,Presente,SECCO,SECCO PAP,UTZ002,45.7308,11.6740,MAROSTICA,NOVE,BASSANO,1100,26
2025-07-21 18:38:08,EF456GH,VEH002,RFD20241001301,Non Presente,NA,CARTA CONT.STRADALI,NA,45.5658,11.9399,NA,CAMPOSAMPIERO,CAMPOSAMPIERO,NA,NA
2025-07-21 18:45:16,EF456GH,VEH002,RFD20241001301,Non Presente,NA,CARTA CONT.STRADALI,NA,45.5658,11.9399,NA,CAMPOSAMPIERO,CAMPOSAMPIERO,NA,NA
2025-07-22 06:24:46,AB123CD,VEH001,RFD20250624006,Presente,CARTA,CARTA/CARTONE PAP,UTZ003,45.6301,11.7012,CARMIGNANO DI BRENTA,CARMIGNANO DI BRENTA,CAMPOSAMPIERO,240,26
2025-07-22 07:53:55,AB123CD,VEH001,RFD20241001103,Presente,CARTA,CARTA/CARTONE PAP,UTZ013,45.5661,11.9182,CAMPOSAMPIERO,CAMPOSAMPIERO,CAMPOSAMPIERO,240,26
2025-07-22 09:47:13,IL789MN,VEH003,RFD20241001072,Presente,UMIDO,UMIDO PAP,UTZ003,45.8083,11.5991,LUSIANA CONCO,LUSIANA CONCO,ASIAGO,240,26
2025-07-22 10:00:38,IL789MN,VEH003,RFD20241001152,Presente,UMIDO,UMIDO PAP,UTZ037,45.4374,11.9252,CADONEGHE,CADONEGHE,CAMPOSAMPIERO,240,26
2025-07-22 10:20:06,EF456GH,VEH002,RFD20241210020,Presente,VETRO,VETRO PAP,UTZ006,45.5347,11.9097,SAN GIORGIO DELLE PERTICHE,SAN GIORGIO DELLE PERTICHE,CAMPOSAMPIERO,770,13
2025-07-22 13:35:22,IL789MN,VEH003,RFD20241001122,Presente,PLASTICA E METALLI,PLASTICA PAP,UTZ012,45.8052,11.7262,POVE DEL GRAPPA,POVE DEL GRAPPA,BASSANO,770,26
2025-07-22 14:30:10,OP012QR,VEH004,RFD20241001181,Presente,SECCO,SECCO PAP,UTZ008,45.6546,11.6827,POZZOLEONE,POZZOLEONE,BASSANO,1100,26
2025-07-22 14:31:51,ST345UV,VEH005,RFD20241001114,Presente,PLASTICA E METALLI,PLAST.CONT.STRADALI,UTZ005,45.8611,11.5203,ASIAGO,ASIAGO,ASIAGO,770,26
2025-07-22 14:32:12,IL789MN,VEH003,RFD20241001158,Presente,PLASTICA E METALLI,PLASTICA PAP,UTZ034,45.6544,11.8574,SAN MARTINO DI LUPARI,SAN MARTINO DI LUPARI,CAMPOSAMPIERO,770,26
2025-07-22 15:01:08,OP012QR,VEH004,RFD20241015048,Presente,SECCO,SECCO PAP,UTZ030,45.4295,11.7921,RUBANO,RUBANO,RUBANO,1100,26
2025-07-22 15:01:31,OP012QR,VEH004,RFD20250203302,Presente,SECCO,SECCO PAP,UTZ002,45.7341,11.6702,MAROSTICA,MAROSTICA,BASSANO,1100,26
2025-07-22 15:28:32,OP012QR,VEH004,RFD20241001058,Presente,SECCO,SECCO PAP,UTZ035,45.3438,11.6639,TEOLO,TEOLO,RUBANO,1100,26
2025-07-22 15:33:55,OP012QR,VEH004,RFD20250203302,Presente,SECCO,SECCO PAP,UTZ002,45.7366,11.6946,MAROSTICA,BASSANO DEL GRAPPA,BASSANO,1100,26
2025-07-22 17:40:38,ST345UV,VEH005,RFD20241001209,Non Presente,NA,PLAST.CONT.STRADALI,NA,45.6481,11.8299,NA,TOMBOLO,CAMPOSAMPIERO,NA,NA
2025-07-22 18:43:16,AB123CD,VEH001,RFD20241001301,Non Presente,NA,CARTA/CARTONE PAP,NA,45.5658,11.9399,NA,CAMPOSAMPIERO,CAMPOSAMPIERO,NA,NA
2025-07-23 06:17:53,ST345UV,VEH005,RFD20241001301,Non Presente,NA,ASSISTENTE SERVIZI,NA,45.5658,11.9399,NA,CAMPOSAMPIERO,CAMPOSAMPIERO,NA,NA
2025-07-23 07:16:37,AB123CD,VEH001,RFD20241002049,Presente,SECCO,SECCO PAP,UTZ003,45.3394,11.7381,TORREGLIA,TORREGLIA,RUBANO,1100,26
2025-07-23 07:35:53,EF456GH,VEH002,RFD20241002071,Presente,CARTA,CARTA CONT.STRADALI,UTZ033,45.4326,11.7846,RUBANO,RUBANO,RUBANO,1100,26
2025-07-23 08:45:52,AB123CD,VEH001,RFD20250514018,Presente,SECCO,SECCO PAP,UTZ005,45.7965,11.7362,POVE DEL GRAPPA,POVE DEL GRAPPA,BASSANO,1100,26
2025-07-23 09:18:29,EF456GH,VEH002,RFD20241002131,Presente,CARTA,CARTA CONT.STRADALI,UTZ001,45.8910,11.6336,FOZA,FOZA,ASIAGO,240,26
2025-07-23 09:33:22,AB123CD,VEH001,RFD20241002105,Presente,SECCO,SECCO PAP,UTZ002,45.7147,11.7669,ROSA',ROSA',BASSANO,240,26
2025-07-23 09:54:43,AB123CD,VEH001,RFD20250205056,Presente,SECCO,SECCO PAP,UTZ001,45.5196,11.8282,CURTAROLO,CURTAROLO,CAMPOSAMPIERO,240,26
2025-07-23 09:55:08,EF456GH,VEH002,RFD20241002073,Presente,CARTA,CARTA CONT.STRADALI,UTZ050,45.4020,11.7535,SACCOLONGO,SACCOLONGO,RUBANO,1100,26
2025-07-23 10:10:58,AB123CD,VEH001,RFD20241002183,Presente,SECCO,SECCO PAP,UTZ009,45.7284,11.7950,CASSOLA,CASSOLA,BASSANO,1100,26
2025-07-23 11:33:39,AB123CD,VEH001,RFD20241002088,Presente,SECCO,SECCO PAP,UTZ005,45.8000,11.6069,LUSIANA CONCO,LUSIANA CONCO,ASIAGO,1100,26
2025-07-23 13:39:20,OP012QR,VEH004,RFD20241002203,Non Presente,NA,SECCO PAP,NA,45.3696,11.6594,NA,ROVOLON,RUBANO,NA,NA
2025-07-23 13:47:33,ST345UV,VEH005,RFD20241030153,Presente,VETRO,VETRO PAP,UTZ005,45.7238,11.6764,NOVE,NOVE,BASSANO,1100,26
2025-07-23 13:56:57,OP012QR,VEH004,RFD20241002094,Presente,SECCO,SECCO PAP,UTZ005,45.5787,11.9239,CAMPOSAMPIERO,CAMPOSAMPIERO,CAMPOSAMPIERO,240,26
2025-07-23 14:10:46,OP012QR,VEH004,RFD20241002078,Presente,SECCO,SECCO PAP,UTZ009,45.8880,11.5488,GALLIO,GALLIO,ASIAGO,1100,26
2025-07-23 14:24:06,OP012QR,VEH004,RFD20250203302,Presente,SECCO,SECCO PAP,UTZ002,45.7293,11.6757,MAROSTICA,NOVE,BASSANO,1100,26
2025-07-23 14:26:06,IL789MN,VEH003,RFD20241016234,Non Presente,NA,VERDE PAP,NA,45.5603,11.8172,NA,CAMPO SAN MARTINO,CAMPOSAMPIERO,NA,NA
2025-07-23 14:33:40,OP012QR,VEH004,RFD20250203302,Presente,SECCO,SECCO PAP,UTZ002,45.7288,11.6845,MAROSTICA,NOVE,BASSANO,1100,26
2025-07-23 14:35:46,OP012QR,VEH004,RFD20241002184,Presente,SECCO,SECCO PAP,UTZ002,45.7699,11.7359,BASSANO DEL GRAPPA,BASSANO DEL GRAPPA,BASSANO,1100,26
2025-07-23 14:45:53,OP012QR,VEH004,RFD20241030037,Presente,SECCO,SECCO PAP,UTZ014,45.8817,11.5385,GALLIO,GALLIO,ASIAGO,1100,26
2025-07-23 14:55:19,ST345UV,VEH005,RFD20241002229,Non Presente,NA,VETRO PAP,NA,45.7208,11.6123,NA,COLCERESA,BASSANO,NA,NA
2025-07-23 16:20:22,IL789MN,VEH003,RFD20241002015,Presente,VERDE E RAMAGLIE,VERDE PAP,UTZ030,45.6656,11.8189,GALLIERA VENETA,GALLIERA VENETA,CAMPOSAMPIERO,1100,26
2025-07-23 16:38:06,IL789MN,VEH003,RFD20241002198,Presente,VERDE E RAMAGLIE,VERDE PAP,UTZ001,45.8721,11.5269,ASIAGO,ASIAGO,ASIAGO,240,26
2025-07-23 17:58:48,IL789MN,VEH003,RFD20241030027,Presente,VERDE E RAMAGLIE,VERDE PAP,UTZ024,45.3837,11.9775,SAONARA,SAONARA,CAMPOSAMPIERO,240,26
2025-07-24 06:20:11,IL789MN,VEH003,RFD20241001301,Non Presente,NA,UMIDO PAP,NA,45.5658,11.9399,NA,CAMPOSAMPIERO,CAMPOSAMPIERO,NA,NA
2025-07-24 06:23:12,IL789MN,VEH003,RFD20241001301,Non Presente,NA,UMIDO PAP,NA,45.5658,11.9400,NA,CAMPOSAMPIERO,CAMPOSAMPIERO,NA,NA
2025-07-24 06:57:31,AB123CD,VEH001,RFD20241017188,Presente,CARTA,CARTA/CARTONE PAP,UTZ015,45.5634,12.0208,MASSANZAGO,MASSANZAGO,CAMPOSAMPIERO,240,26
2025-07-24 07:01:54,AB123CD,VEH001,RFD20241014226,Non Presente,NA,CARTA/CARTONE PAP,NA,45.4291,11.7856,NA,RUBANO,RUBANO,NA,NA
2025-07-24 08:11:56,AB123CD,VEH001,RFD20241003141,Presente,CARTA,CARTA/CARTONE PAP,UTZ008,45.5759,11.7104,GAZZO,GAZZO,CAMPOSAMPIERO,1100,26
2025-07-24 08:22:33,EF456GH,VEH002,RFD20241017034,Presente,VETRO,VETRO PAP,UTZ036,45.7637,11.7391,BASSANO DEL GRAPPA,BASSANO DEL GRAPPA,BASSANO,1100,13
2025-07-24 08:47:28,AB123CD,VEH001,RFD20241031097,Presente,CARTA,CARTA/CARTONE PAP,UTZ011,45.6008,11.8145,SAN GIORGIO IN BOSCO,SAN GIORGIO IN BOSCO,CAMPOSAMPIERO,1100,26
2025-07-24 09:05:21,AB123CD,VEH001,RFD20241003096,Presente,CARTA,CARTA/CARTONE PAP,UTZ017,45.5711,11.9268,CAMPOSAMPIERO,CAMPOSAMPIERO,CAMPOSAMPIERO,1100,26
2025-07-24 10:31:39,EF456GH,VEH002,RFD20241003157,Presente,VETRO,VETRO PAP,UTZ013,45.4908,11.7439,CAMPODORO,CAMPODORO,RUBANO,1100,26
2025-07-24 13:39:27,IL789MN,VEH003,RFD20241003127,Presente,UMIDO,UMIDO CONT.STRADALI,UTZ001,45.7728,11.7289,BASSANO DEL GRAPPA,BASSANO DEL GRAPPA,BASSANO,240,26
2025-07-24 13:47:42,ST345UV,VEH005,RFD20241003138,Presente,PLASTICA E METALLI,PLAST.CONT.STRADALI,UTZ005,45.6086,11.6727,SAN PIETRO IN GU,SAN PIETRO IN GU,CAMPOSAMPIERO,770,26
2025-07-24 14:22:53,OP012QR,VEH004,RFD20241003061,Presente,SECCO,SECCO PAP,UTZ002,45.5339,11.9616,BORGORICCO,BORGORICCO,CAMPOSAMPIERO,1100,26
2025-07-24 14:30:27,IL789MN,VEH003,RFD20250123212,Non Presente,NA,UMIDO CONT.STRADALI,NA,45.4273,11.7902,NA,RUBANO,RUBANO,NA,NA
2025-07-24 16:30:43,OP012QR,VEH004,RFD20241003164,Presente,SECCO,SECCO PAP,UTZ003,45.7796,11.7293,BASSANO DEL GRAPPA,BASSANO DEL GRAPPA,BASSANO,240,26
2025-07-24 16:45:32,OP012QR,VEH004,RFD20250203302,Presente,SECCO,SECCO PAP,UTZ002,45.7263,11.6808,MAROSTICA,NOVE,BASSANO,1100,26
2025-07-24 16:49:34,IL789MN,VEH003,RFD20241003303,Presente,UMIDO,UMIDO CONT.STRADALI,UTZ002,45.7806,11.8028,MUSSOLENTE,MUSSOLENTE,BASSANO,240,26
2025-07-24 18:27:29,OP012QR,VEH004,RFD20250203302,Presente,SECCO,SECCO PAP,UTZ002,45.7358,11.6679,MAROSTICA,MAROSTICA,BASSANO,1100,26
2025-07-25 06:15:37,ST345UV,VEH005,RFD20241001301,Non Presente,NA,VETRO PAP,NA,45.5657,11.9399,NA,CAMPOSAMPIERO,CAMPOSAMPIERO,NA,NA
2025-07-25 06:22:35,IL789MN,VEH003,RFD20241001301,Non Presente,NA,UMIDO PAP,NA,45.5658,11.9399,NA,CAMPOSAMPIERO,CAMPOSAMPIERO,NA,NA
2025-07-25 06:48:22,AB123CD,VEH001,RFD20241004065,Presente,SECCO,SECCO PAP,UTZ007,45.6154,11.6653,SAN PIETRO IN GU,SAN PIETRO IN GU,CAMPOSAMPIERO,1100,26
2025-07-25 07:17:08,AB123CD,VEH001,RFD20250207211,Non Presente,NA,SECCO PAP,NA,45.7173,11.6853,NA,NOVE,BASSANO,NA,NA
2025-07-25 08:13:00,AB123CD,VEH001,RFD20241004003,Presente,SECCO,SECCO PAP,UTZ008,45.4363,11.7857,RUBANO,RUBANO,RUBANO,240,26
2025-07-25 08:48:29,OP012QR,VEH004,RFD20241002229,Non Presente,NA,SECCO PAP,NA,45.7207,11.6122,NA,COLCERESA,BASSANO,NA,NA
2025-07-25 09:07:21,EF456GH,VEH002,RFD20241004123,Presente,CARTA,CARTA CONT.STRADALI,UTZ032,45.6488,11.7782,CITTADELLA,CITTADELLA,CAMPOSAMPIERO,240,26
2025-07-25 09:31:04,EF456GH,VEH002,RFD20241018161,Presente,CARTA,CARTA CONT.STRADALI,UTZ034,45.5713,11.9295,CAMPOSAMPIERO,CAMPOSAMPIERO,CAMPOSAMPIERO,1100,26
2025-07-25 09:38:54,EF456GH,VEH002,RFD20250221038,Presente,CARTA,CARTA CONT.STRADALI,UTZ005,45.6901,11.6328,SCHIAVON,SCHIAVON,BASSANO,240,26
2025-07-25 10:40:13,EF456GH,VEH002,RFD20241004197,Presente,CARTA,CARTA CONT.STRADALI,UTZ018,45.8647,11.5124,ASIAGO,ASIAGO,ASIAGO,240,26
2025-07-25 10:42:24,EF456GH,VEH002,RFD20241004159,Presente,CARTA,CARTA CONT.STRADALI,UTZ004,45.4417,11.7881,RUBANO,RUBANO,RUBANO,1100,26
2025-07-25 10:58:12,AB123CD,VEH001,RFD20241004137,Presente,SECCO,SECCO PAP,UTZ012,45.5273,11.9708,BORGORICCO,BORGORICCO,CAMPOSAMPIERO,1100,26
2025-07-25 11:21:33,EF456GH,VEH002,RFD20241004028,Presente,CARTA,CARTA CONT.STRADALI,UTZ005,45.8598,11.3938,ROTZO,ROTZO,ASIAGO,240,26
2025-07-25 12:00:00,OP012QR,VEH004,RFD20241101042,Presente,SECCO,SECCO PAP,UTZ001,45.3869,11.7892,SELVAZZANO DENTRO,SELVAZZANO DENTRO,RUBANO,1100,26
2025-07-25 12:27:38,OP012QR,VEH004,RFD20250203302,Presente,SECCO,SECCO PAP,UTZ002,45.7308,11.6867,MAROSTICA,NOVE,BASSANO,1100,26
2025-07-25 13:38:45,OP012QR,VEH004,RFD20250418055,Presente,SECCO,SECCO PAP,UTZ002,45.8009,11.6139,LUSIANA CONCO,LUSIANA CONCO,ASIAGO,240,26
2025-07-25 13:44:13,OP012QR,VEH004,RFD20241004044,Presente,SECCO,SECCO PAP,UTZ009,45.6807,11.6936,TEZZE SUL BRENTA,TEZZE SUL BRENTA,BASSANO,240,26
2025-07-25 16:04:29,OP012QR,VEH004,RFD20241018010,Presente,SECCO,SECCO PAP,UTZ001,45.3634,11.9847,SAONARA,SAONARA,CAMPOSAMPIERO,1100,26
2025-07-25 16:15:46,OP012QR,VEH004,RFD20250203302,Presente,SECCO,SECCO PAP,UTZ002,45.7391,11.6977,MAROSTICA,BASSANO DEL GRAPPA,BASSANO,1100,26
2025-07-25 16:26:54,ST345UV,VEH005,RFD20241004115,Presente,VETRO,VETRO PAP,UTZ001,45.4290,11.7848,RUBANO,RUBANO,RUBANO,1100,26
2025-07-26 06:16:25,EF456GH,VEH002,RFD20241001301,Non Presente,NA,VETRO PAP,NA,45.5658,11.9399,NA,CAMPOSAMPIERO,CAMPOSAMPIERO,NA,NA
2025-07-26 06:16:46,AB123CD,VEH001,RFD20241001301,Non Presente,NA,CARTA/CARTONE PAP,NA,45.5658,11.9399,NA,CAMPOSAMPIERO,CAMPOSAMPIERO,NA,NA
2025-07-26 07:15:13,ST345UV,VEH005,RFD20241016234,Non Presente,NA,SERVIZI MERCATI,NA,45.5602,11.8170,NA,CAMPO SAN MARTINO,CAMPOSAMPIERO,NA,NA
2025-07-26 08:07:07,AB123CD,VEH001,RFD20250208143,Presente,CARTA,CARTA/CARTONE PAP,UTZ009,45.6126,12.0046,PIOMBINO DESE,PIOMBINO DESE,CAMPOSAMPIERO,240,26
2025-07-26 10:12:20,IL789MN,VEH003,RFD20250726222,Non Presente,NA,UMIDO PAP,NA,45.3661,11.6670,NA,ROVOLON,RUBANO,NA,NA
2025-07-26 14:10:28,OP012QR,VEH004,RFD20241005012,Presente,SECCO,SECCO PAP,UTZ035,45.8087,11.7285,POVE DEL GRAPPA,POVE DEL GRAPPA,BASSANO,1100,26
2025-07-26 14:38:34,OP012QR,VEH004,RFD20250203302,Presente,SECCO,SECCO PAP,UTZ002,45.7408,11.6625,MAROSTICA,MAROSTICA,BASSANO,1100,26
2025-07-26 14:50:08,OP012QR,VEH004,RFD20250203302,Presente,SECCO,SECCO PAP,UTZ002,45.7405,11.6626,MAROSTICA,MAROSTICA,BASSANO,1100,26
2025-07-26 14:53:51,IL789MN,VEH003,RFD20241005169,Presente,VERDE E RAMAGLIE,VERDE PAP,UTZ008,45.6471,11.6823,POZZOLEONE,POZZOLEONE,BASSANO,240,26
2025-07-26 15:45:53,OP012QR,VEH004,RFD20241019135,Presente,SECCO,SECCO PAP,UTZ019,45.6500,11.8545,SAN MARTINO DI LUPARI,SAN MARTINO DI LUPARI,CAMPOSAMPIERO,240,26
2025-07-26 15:47:25,IL789MN,VEH003,RFD20241005144,Presente,VERDE E RAMAGLIE,VERDE PAP,UTZ013,45.4200,11.6832,CERVARESE SANTA CROCE,CERVARESE SANTA CROCE,RUBANO,240,26
2025-07-26 17:45:02,IL789MN,VEH003,RFD20241005064,Presente,VERDE E RAMAGLIE,VERDE PAP,UTZ010,45.3061,11.7336,GALZIGNANO TERME,GALZIGNANO TERME,RUBANO,240,26
2025-07-27 07:00:00,AB123CD,VEH001,RFD20241006101,Presente,CARTA,CARTA CONT.STRADALI,UTZ012,45.5774,11.9328,CAMPOSAMPIERO,CAMPOSAMPIERO,CAMPOSAMPIERO,1100,26
2025-07-27 07:22:00,AB123CD,VEH001,RFD20241006147,Presente,CARTA,CARTA CONT.STRADALI,UTZ003,45.3314,11.7373,TORREGLIA,TORREGLIA,RUBANO,240,26
2025-07-27 07:54:17,AB123CD,VEH001,RFD20241006174,Presente,CARTA,CARTA CONT.STRADALI,UTZ047,45.3070,11.7164,GALZIGNANO TERME,GALZIGNANO TERME,RUBANO,240,26
2025-07-27 08:32:34,AB123CD,VEH001,RFD20250713080,Presente,CARTA,CARTA CONT.STRADALI,UTZ001,45.4365,11.7482,MESTRINO,MESTRINO,RUBANO,240,26
2025-07-27 09:00:50,AB123CD,VEH001,RFD20241006168,Presente,CARTA,CARTA CONT.STRADALI,UTZ003,45.5470,12.0105,MASSANZAGO,MASSANZAGO,CAMPOSAMPIERO,1100,26
2025-07-27 09:12:48,AB123CD,VEH001,RFD20241006192,Presente,CARTA,CARTA CONT.STRADALI,UTZ001,45.6511,11.8274,TOMBOLO,TOMBOLO,CAMPOSAMPIERO,1100,26
2025-07-27 09:13:41,AB123CD,VEH001,RFD20241020036,Presente,CARTA,CARTA CONT.STRADALI,UTZ007,45.6521,11.7818,CITTADELLA,CITTADELLA,CAMPOSAMPIERO,1100,26
2025-07-27 09:22:38,AB123CD,VEH001,RFD20241006180,Presente,CARTA,CARTA CONT.STRADALI,UTZ003,45.6359,11.7543,FONTANIVA,FONTANIVA,CAMPOSAMPIERO,240,26
2025-07-27 10:06:43,AB123CD,VEH001,RFD20250713165,Presente,CARTA,CARTA CONT.STRADALI,UTZ004,45.8894,11.5499,GALLIO,GALLIO,ASIAGO,240,26
2025-07-27 10:36:02,AB123CD,VEH001,RFD20250713098,Presente,CARTA,CARTA CONT.STRADALI,UTZ001,45.6473,11.6824,POZZOLEONE,POZZOLEONE,BASSANO,1100,26
2025-07-27 10:57:03,AB123CD,VEH001,RFD20241006095,Presente,CARTA,CARTA CONT.STRADALI,UTZ034,45.4854,11.7454,CAMPODORO,CAMPODORO,RUBANO,1100,26
2025-07-27 11:02:40,AB123CD,VEH001,RFD20241006134,Presente,CARTA,CARTA CONT.STRADALI,UTZ001,45.5031,11.9009,CAMPODARSEGO,CAMPODARSEGO,CAMPOSAMPIERO,240,26
2025-07-28 06:05:14,OP012QR,VEH004,RFD20241001301,Non Presente,NA,SECCO PAP,NA,45.5657,11.9399,NA,CAMPOSAMPIERO,CAMPOSAMPIERO,NA,NA
2025-07-28 06:14:39,IL789MN,VEH003,RFD20241007043,Presente,UMIDO,UMIDO PAP,UTZ001,45.7954,11.7346,POVE DEL GRAPPA,POVE DEL GRAPPA,BASSANO,240,26
2025-07-28 06:56:08,AB123CD,VEH001,RFD20241007126,Presente,SECCO,SECCO PAP,UTZ001,45.6478,11.6834,POZZOLEONE,POZZOLEONE,BASSANO,1100,26
2025-07-28 08:12:28,AB123CD,VEH001,RFD20241007113,Presente,SECCO,SECCO PAP,UTZ022,45.4248,11.7899,RUBANO,RUBANO,RUBANO,1100,26
2025-07-28 08:16:01,IL789MN,VEH003,RFD20241007142,Presente,UMIDO,UMIDO PAP,UTZ001,45.3361,11.7885,MONTEGROTTO TERME,MONTEGROTTO TERME,RUBANO,770,26
2025-07-28 09:20:25,AB123CD,VEH001,RFD20241007146,Presente,SECCO,SECCO PAP,UTZ018,45.3018,11.7334,GALZIGNANO TERME,GALZIGNANO TERME,RUBANO,240,26
2025-07-28 12:07:11,OP012QR,VEH004,RFD20241007090,Presente,SECCO,SECCO PAP,UTZ021,45.7167,11.6077,COLCERESA,COLCERESA,BASSANO,1100,26
2025-07-28 12:49:13,OP012QR,VEH004,RFD20241007190,Presente,SECCO,SECCO PAP,UTZ031,45.4335,11.7795,RUBANO,RUBANO,RUBANO,1100,26
2025-07-28 13:11:43,IL789MN,VEH003,RFD20250505199,Presente,UMIDO,UMIDO CONT.STRADALI,UTZ034,45.4280,11.7885,RUBANO,RUBANO,RUBANO,240,26
2025-07-28 13:12:20,IL789MN,VEH003,RFD20241007067,Presente,UMIDO,UMIDO CONT.STRADALI,UTZ010,45.3994,11.7455,SACCOLONGO,SACCOLONGO,RUBANO,770,26
2025-07-28 13:27:19,OP012QR,VEH004,RFD20241007193,Presente,SECCO,SECCO PAP,UTZ005,45.6644,11.8335,GALLIERA VENETA,GALLIERA VENETA,CAMPOSAMPIERO,240,26
2025-07-28 13:41:58,IL789MN,VEH003,RFD20241007233,Non Presente,NA,UMIDO CONT.STRADALI,NA,45.3299,11.8016,NA,MONTEGROTTO TERME,RUBANO,NA,NA
2025-07-28 13:42:24,ST345UV,VEH005,RFD20241007039,Presente,VETRO,VETRO PAP,UTZ025,45.5287,11.9682,BORGORICCO,BORGORICCO,CAMPOSAMPIERO,770,26
2025-07-28 14:50:43,IL789MN,VEH003,RFD20241007148,Presente,UMIDO,UMIDO CONT.STRADALI,UTZ025,45.7745,11.7213,BASSANO DEL GRAPPA,BASSANO DEL GRAPPA,BASSANO,240,26
2025-07-28 14:54:40,IL789MN,VEH003,RFD20241007054,Presente,UMIDO,UMIDO CONT.STRADALI,UTZ013,45.6526,11.8165,TOMBOLO,TOMBOLO,CAMPOSAMPIERO,240,26
2025-07-28 14:56:43,ST345UV,VEH005,RFD20241007076,Presente,VETRO,VETRO PAP,UTZ001,45.7716,11.7306,BASSANO DEL GRAPPA,BASSANO DEL GRAPPA,BASSANO,1100,26
2025-07-28 15:14:10,ST345UV,VEH005,RFD20241007081,Presente,VETRO,VETRO PAP,UTZ003,45.7215,11.7648,ROSA',ROSA',BASSANO,1100,26
2025-07-28 15:18:46,OP012QR,VEH004,RFD20250203302,Presente,SECCO,SECCO PAP,UTZ002,45.7385,11.6649,MAROSTICA,MAROSTICA,BASSANO,1100,26
2025-07-28 17:41:12,OP012QR,VEH004,RFD20241007120,Presente,SECCO,SECCO PAP,UTZ002,45.4334,11.7854,RUBANO,RUBANO,RUBANO,1100,26
2025-07-28 18:54:44,OP012QR,VEH004,RFD20250203302,Presente,SECCO,SECCO PAP,UTZ002,45.7449,11.6576,MAROSTICA,MAROSTICA,BASSANO,1100,26
2025-07-29 06:02:11,AB123CD,VEH001,RFD20241008171,Presente,CARTA,CARTA/CARTONE PAP,UTZ023,45.7280,11.7642,ROSA',ROSA',BASSANO,240,26
2025-07-29 06:03:08,OP012QR,VEH004,RFD20241001301,Non Presente,NA,SECCO PAP,NA,45.5658,11.9399,NA,CAMPOSAMPIERO,CAMPOSAMPIERO,NA,NA
2025-07-29 08:36:44,EF456GH,VEH002,RFD20241008026,Presente,VETRO,VETRO PAP,UTZ008,45.7924,11.7304,POVE DEL GRAPPA,POVE DEL GRAPPA,BASSANO,1100,26
2025-07-29 08:57:32,AB123CD,VEH001,RFD20241022136,Presente,CARTA,CARTA/CARTONE PAP,UTZ038,45.7887,11.7570,ROMANO D'EZZELINO,ROMANO D'EZZELINO,BASSANO,240,26
2025-07-29 10:22:40,AB123CD,VEH001,RFD20241008062,Presente,CARTA,CARTA/CARTONE PAP,UTZ002,45.3628,11.6654,ROVOLON,ROVOLON,RUBANO,1100,26
2025-07-29 10:36:26,IL789MN,VEH003,RFD20241008059,Presente,UMIDO,UMIDO PAP,UTZ001,45.4022,11.7942,SELVAZZANO DENTRO,SELVAZZANO DENTRO,RUBANO,240,26
2025-07-29 12:42:42,OP012QR,VEH004,RFD20250325228,Non Presente,NA,SECCO PAP,NA,45.4793,11.8448,NA,LIMENA,RUBANO,NA,NA
2025-07-29 12:57:10,OP012QR,VEH004,RFD20241008155,Presente,SECCO,SECCO PAP,UTZ002,45.8753,11.5202,ASIAGO,ASIAGO,ASIAGO,240,26
2025-07-29 13:08:54,OP012QR,VEH004,RFD20241008077,Presente,SECCO,SECCO PAP,UTZ024,45.3618,11.6637,ROVOLON,ROVOLON,RUBANO,1100,26
2025-07-29 13:28:57,ST345UV,VEH005,RFD20241008023,Presente,PLASTICA E METALLI,PLAST.CONT.STRADALI,UTZ027,45.3021,11.7243,GALZIGNANO TERME,GALZIGNANO TERME,RUBANO,770,26
2025-07-29 13:48:24,OP012QR,VEH004,RFD20241008102,Presente,SECCO,SECCO PAP,UTZ024,45.8898,11.6270,FOZA,FOZA,ASIAGO,1100,26
2025-07-29 15:10:41,OP012QR,VEH004,RFD20250203302,Presente,SECCO,SECCO PAP,UTZ002,45.7336,11.6902,MAROSTICA,NOVE,BASSANO,1100,26
2025-07-29 15:40:26,IL789MN,VEH003,RFD20241008032,Presente,PLASTICA E METALLI,PLASTICA PAP,UTZ026,45.3981,11.7483,SACCOLONGO,SACCOLONGO,RUBANO,770,26
2025-07-29 16:10:43,ST345UV,VEH005,RFD20241008187,Presente,PLASTICA E METALLI,PLAST.CONT.STRADALI,UTZ002,45.6585,11.8267,GALLIERA VENETA,GALLIERA VENETA,CAMPOSAMPIERO,770,26
2025-07-29 16:36:17,OP012QR,VEH004,RFD20250203302,Presente,SECCO,SECCO PAP,UTZ002,45.7304,11.6864,MAROSTICA,NOVE,BASSANO,1100,26
2025-07-29 16:42:00,OP012QR,VEH004,RFD20241008099,Presente,SECCO,SECCO PAP,UTZ015,45.7176,11.7676,ROSA',ROSA',BASSANO,1100,26
2025-07-30 06:11:08,AB123CD,VEH001,RFD20241001301,Non Presente,NA,SECCO PAP,NA,45.5659,11.9399,NA,CAMPOSAMPIERO,CAMPOSAMPIERO,NA,NA
2025-07-30 06:37:40,AB123CD,VEH001,RFD20241009151,Presente,SECCO,SECCO PAP,UTZ026,45.5941,11.9394,LOREGGIA,LOREGGIA,CAMPOSAMPIERO,240,26
2025-07-30 07:36:53,AB123CD,VEH001,RFD20241009041,Presente,SECCO,SECCO PAP,UTZ001,45.5652,11.8988,SANTA GIUSTINA IN COLLE,SANTA GIUSTINA IN COLLE,CAMPOSAMPIERO,1100,26
2025-07-30 07:57:41,AB123CD,VEH001,RFD20241009128,Presente,SECCO,SECCO PAP,UTZ002,45.4112,11.7369,SACCOLONGO,SACCOLONGO,RUBANO,1100,26
2025-07-30 08:14:46,AB123CD,VEH001,RFD20241009189,Presente,SECCO,SECCO PAP,UTZ002,45.4233,11.7904,RUBANO,RUBANO,RUBANO,1100,26
2025-07-30 09:18:36,AB123CD,VEH001,RFD20241009093,Presente,SECCO,SECCO PAP,UTZ040,45.7097,11.7973,ROSSANO VENETO,ROSSANO VENETO,BASSANO,1100,26
2025-07-30 09:50:54,AB123CD,VEH001,RFD20241009111,Presente,SECCO,SECCO PAP,UTZ042,45.6086,11.6744,SAN PIETRO IN GU,SAN PIETRO IN GU,CAMPOSAMPIERO,240,26
2025-07-30 10:22:00,ST345UV,VEH005,RFD20241002217,Non Presente,NA,ASSISTENTE SERVIZI,NA,45.6307,11.6936,NA,CARMIGNANO DI BRENTA,CAMPOSAMPIERO,NA,NA
2025-07-30 10:37:23,AB123CD,VEH001,RFD20241009108,Presente,SECCO,SECCO PAP,UTZ003,45.6955,11.7106,TEZZE SUL BRENTA,TEZZE SUL BRENTA,BASSANO,240,26
2025-07-30 10:48:40,AB123CD,VEH001,RFD20241009106,Presente,SECCO,SECCO PAP,UTZ004,45.7672,11.7354,BASSANO DEL GRAPPA,BASSANO DEL GRAPPA,BASSANO,240,26
2025-07-30 10:59:46,AB123CD,VEH001,RFD20241009227,Non Presente,NA,SECCO PAP,NA,45.8964,11.5509,NA,GALLIO,ASIAGO,NA,NA
2025-07-30 11:28:24,EF456GH,VEH002,RFD20241009218,Non Presente,NA,CARTA CONT.STRADALI,NA,45.5589,11.9136,NA,SANTA GIUSTINA IN COLLE,CAMPOSAMPIERO,NA,NA
2025-07-30 13:34:15,OP012QR,VEH004,RFD20250203302,Presente,SECCO,SECCO PAP,UTZ002,45.7301,11.6748,MAROSTICA,NOVE,BASSANO,1100,26
2025-07-30 13:58:58,OP012QR,VEH004,RFD20241009107,Presente,SECCO,SECCO PAP,UTZ033,45.5707,11.9324,CAMPOSAMPIERO,CAMPOSAMPIERO,CAMPOSAMPIERO,1100,26
2025-07-30 14:26:02,ST345UV,VEH005,RFD20241009150,Presente,VETRO,VETRO PAP,UTZ027,45.5793,11.9325,CAMPOSAMPIERO,CAMPOSAMPIERO,CAMPOSAMPIERO,1100,26
2025-07-30 15:56:16,OP012QR,VEH004,RFD20241009140,Presente,SECCO,SECCO PAP,UTZ002,45.9450,11.7210,ENEGO,ENEGO,ASIAGO,1100,26
2025-07-30 17:58:01,OP012QR,VEH004,RFD20250203302,Presente,SECCO,SECCO PAP,UTZ002,45.7404,11.6625,MAROSTICA,MAROSTICA,BASSANO,1100,26
2025-07-31 06:07:05,EF456GH,VEH002,RFD20241001301,Non Presente,NA,VETRO PAP,NA,45.5658,11.9399,NA,CAMPOSAMPIERO,CAMPOSAMPIERO,NA,NA
2025-07-31 07:42:51,IL789MN,VEH003,RFD20241010068,Presente,UMIDO,UMIDO PAP,UTZ004,45.4898,11.7450,CAMPODORO,CAMPODORO,RUBANO,240,26
2025-07-31 08:03:16,EF456GH,VEH002,RFD20241024149,Presente,VETRO,VETRO PAP,UTZ004,45.5621,11.9085,SANTA GIUSTINA IN COLLE,SANTA GIUSTINA IN COLLE,CAMPOSAMPIERO,1100,13
2025-07-31 10:03:16,AB123CD,VEH001,RFD20241010194,Presente,CARTA,CARTA/CARTONE PAP,UTZ017,45.7813,11.7309,BASSANO DEL GRAPPA,BASSANO DEL GRAPPA,BASSANO,240,26
2025-07-31 13:24:49,OP012QR,VEH004,RFD20250313133,Presente,SECCO,SECCO PAP,UTZ005,45.6412,11.7535,FONTANIVA,FONTANIVA,CAMPOSAMPIERO,1100,26
2025-07-31 13:30:25,IL789MN,VEH003,RFD20241010178,Presente,UMIDO,UMIDO CONT.STRADALI,UTZ004,45.6588,11.8248,GALLIERA VENETA,GALLIERA VENETA,CAMPOSAMPIERO,240,26
2025-07-31 14:21:04,ST345UV,VEH005,RFD20241010022,Presente,PLASTICA E METALLI,PLAST.CONT.STRADALI,UTZ032,45.3667,11.9839,SAONARA,SAONARA,CAMPOSAMPIERO,770,26
2025-07-31 15:16:12,ST345UV,VEH005,RFD20250123212,Non Presente,NA,PLAST.CONT.STRADALI,NA,45.4272,11.7901,NA,RUBANO,RUBANO,NA,NA
2025-07-31 15:17:17,OP012QR,VEH004,RFD20250203302,Presente,SECCO,SECCO PAP,UTZ002,45.7322,11.6724,MAROSTICA,MAROSTICA,BASSANO,1100,26
2025-07-31 15:20:39,IL789MN,VEH003,RFD20241010195,Presente,UMIDO,UMIDO CONT.STRADALI,UTZ049,45.3154,11.7322,GALZIGNANO TERME,GALZIGNANO TERME,RUBANO,240,26
2025-07-31 15:21:26,IL789MN,VEH003,RFD20241010109,Presente,UMIDO,UMIDO CONT.STRADALI,UTZ018,45.7766,11.7333,BASSANO DEL GRAPPA,BASSANO DEL GRAPPA,BASSANO,770,26
2025-07-31 15:29:01,ST345UV,VEH005,RFD20241010079,Presente,PLASTICA E METALLI,PLAST.CONT.STRADALI,UTZ004,45.8870,11.6251,FOZA,FOZA,ASIAGO,770,26
2025-07-31 15:29:59,OP012QR,VEH004,RFD20241010119,Presente,SECCO,SECCO PAP,UTZ002,45.5623,11.9075,SANTA GIUSTINA IN COLLE,SANTA GIUSTINA IN COLLE,CAMPOSAMPIERO,1100,26
2025-07-31 15:45:04,ST345UV,VEH005,RFD20241010154,Presente,PLASTICA E METALLI,PLAST.CONT.STRADALI,UTZ005,45.8641,11.5160,ASIAGO,ASIAGO,ASIAGO,770,26
2025-07-31 16:22:22,OP012QR,VEH004,RFD20250203302,Presente,SECCO,SECCO PAP,UTZ002,45.7335,11.6707,MAROSTICA,MAROSTICA,BASSANO,1100,26
2025-07-31 16:28:05,OP012QR,VEH004,RFD20241010074,Presente,SECCO,SECCO PAP,UTZ006,45.6210,11.6995,CARMIGNANO DI BRENTA,CARMIGNANO DI BRENTA,CAMPOSAMPIERO,1100,26
2025-07-31 16:39:50,OP012QR,VEH004,RFD20241010069,Presente,SECCO,SECCO PAP,UTZ020,45.7309,11.7591,ROSA',ROSA',BASSANO,240,26
2025-08-01 06:05:14,OP012QR,VEH004,RFD20241001301,Non Presente,NA,SECCO PAP,NA,45.5658,11.9399,NA,CAMPOSAMPIERO,CAMPOSAMPIERO,NA,NA
2025-08-01 07:22:02,AB123CD,VEH001,RFD20241011132,Presente,SECCO,SECCO PAP,UTZ001,45.5772,11.9310,CAMPOSAMPIERO,CAMPOSAMPIERO,CAMPOSAMPIERO,1100,26
2025-08-01 08:06:00,AB123CD,VEH001,RFD20250509017,Presente,SECCO,SECCO PAP,UTZ002,45.5765,11.9323,CAMPOSAMPIERO,CAMPOSAMPIERO,CAMPOSAMPIERO,1100,26
2025-08-01 08:38:16,EF456GH,VEH002,RFD20241011223,Non Presente,NA,CARTA CONT.STRADALI,NA,45.9027,11.6324,NA,FOZA,ASIAGO,NA,NA
2025-08-01 09:42:14,AB123CD,VEH001,RFD20241011139,Presente,SECCO,SECCO PAP,UTZ002,45.6197,11.6597,SAN PIETRO IN GU,SAN PIETRO IN GU,CAMPOSAMPIERO,1100,26
2025-08-01 10:01:54,AB123CD,VEH001,RFD20241011176,Presente,SECCO,SECCO PAP,UTZ008,45.4678,11.8515,LIMENA,LIMENA,RUBANO,1100,26
2025-08-01 10:26:25,AB123CD,VEH001,RFD20250425200,Presente,SECCO,SECCO PAP,UTZ015,45.5441,11.9262,SAN GIORGIO DELLE PERTICHE,SAN GIORGIO DELLE PERTICHE,CAMPOSAMPIERO,1100,26
2025-08-01 11:51:21,AB123CD,VEH001,RFD20241025196,Presente,SECCO,SECCO PAP,UTZ029,45.8643,11.5204,ASIAGO,ASIAGO,ASIAGO,1100,26
2025-08-01 13:28:23,ST345UV,VEH005,RFD20241025087,Presente,VETRO,VETRO PAP,UTZ021,45.4967,11.9050,CAMPODARSEGO,CAMPODARSEGO,CAMPOSAMPIERO,1100,13
2025-08-01 13:37:06,OP012QR,VEH004,RFD20241011121,Presente,PLASTICA E METALLI,SECCO PAP,UTZ015,45.4087,11.7481,SACCOLONGO,SACCOLONGO,RUBANO,1100,26
2025-08-01 15:00:24,ST345UV,VEH005,RFD20241011182,Presente,VETRO,VETRO PAP,UTZ047,45.5920,11.6997,GAZZO,GAZZO,CAMPOSAMPIERO,1100,26
2025-08-01 15:13:39,OP012QR,VEH004,RFD20241011124,Presente,SECCO,SECCO PAP,UTZ001,45.6385,11.8462,SAN MARTINO DI LUPARI,SAN MARTINO DI LUPARI,CAMPOSAMPIERO,240,26
2025-08-01 15:22:19,ST345UV,VEH005,RFD20241025060,Presente,VETRO,VETRO PAP,UTZ003,45.3335,11.7956,MONTEGROTTO TERME,MONTEGROTTO TERME,RUBANO,1100,13
2025-08-01 15:43:01,ST345UV,VEH005,RFD20241011125,Presente,VETRO,VETRO PAP,UTZ014,45.5746,11.9219,CAMPOSAMPIERO,CAMPOSAMPIERO,CAMPOSAMPIERO,1100,26
2025-08-01 16:24:37,IL789MN,VEH003,RFD20241025075,Presente,PLASTICA E METALLI,PLASTICA PAP,UTZ001,45.7966,11.7437,ROMANO D'EZZELINO,ROMANO D'EZZELINO,BASSANO,770,26
2025-08-01 16:48:07,IL789MN,VEH003,RFD20241011019,Presente,PLASTICA E METALLI,PLASTICA PAP,UTZ001,45.6001,12.0031,PIOMBINO DESE,PIOMBINO DESE,CAMPOSAMPIERO,770,26
2025-08-01 17:19:13,OP012QR,VEH004,RFD20250203302,Presente,SECCO,SECCO PAP,UTZ002,45.7397,11.6633,MAROSTICA,MAROSTICA,BASSANO,1100,26
2025-08-01 17:34:00,OP012QR,VEH004,RFD20241011004,Presente,SECCO,SECCO PAP,UTZ024,45.7923,11.7674,ROMANO D'EZZELINO,ROMANO D'EZZELINO,BASSANO,240,26
2025-08-01 18:35:47,OP012QR,VEH004,RFD20250203302,Presente,SECCO,SECCO PAP,UTZ002,45.7309,11.6738,MAROSTICA,NOVE,BASSANO,1100,26
2025-08-02 06:07:03,ST345UV,VEH005,RFD20241001301,Non Presente,NA,SERVIZI MERCATI,NA,45.5658,11.9399,NA,CAMPOSAMPIERO,CAMPOSAMPIERO,NA,NA
2025-08-02 07:21:46,AB123CD,VEH001,RFD20241012118,Presente,CARTA,CARTA/CARTONE PAP,UTZ019,45.6946,11.7068,TEZZE SUL BRENTA,TEZZE SUL BRENTA,BASSANO,1100,26
2025-08-02 08:35:34,IL789MN,VEH003,RFD20250215084,Presente,UMIDO,UMIDO PAP,UTZ022,45.6086,11.7351,GRANTORTO,GRANTORTO,CAMPOSAMPIERO,240,26
2025-08-02 09:11:50,AB123CD,VEH001,RFD20241012116,Presente,CARTA,CARTA/CARTONE PAP,UTZ009,45.3959,11.7909,SELVAZZANO DENTRO,SELVAZZANO DENTRO,RUBANO,240,26
2025-08-02 12:27:21,OP012QR,VEH004,RFD20241012082,Presente,SECCO,SECCO PAP,UTZ001,45.6591,11.8290,GALLIERA VENETA,GALLIERA VENETA,CAMPOSAMPIERO,240,26
2025-08-02 14:19:12,IL789MN,VEH003,RFD20241012047,Presente,VERDE E RAMAGLIE,VERDE PAP,UTZ028,45.7548,11.7432,BASSANO DEL GRAPPA,BASSANO DEL GRAPPA,BASSANO,240,26
2025-08-02 15:14:01,IL789MN,VEH003,RFD20241008231,Non Presente,NA,VERDE PAP,NA,45.6868,11.7001,NA,TEZZE SUL BRENTA,BASSANO,NA,NA
2025-08-02 15:47:10,IL789MN,VEH003,RFD20241012052,Presente,VERDE E RAMAGLIE,VERDE PAP,UTZ002,45.6998,11.6386,SCHIAVON,SCHIAVON,BASSANO,1100,26
2025-08-02 16:09:05,IL789MN,VEH003,RFD20241012089,Presente,VERDE E RAMAGLIE,VERDE PAP,UTZ017,45.7290,11.6736,NOVE,NOVE,BASSANO,240,26
2025-08-02 17:02:47,OP012QR,VEH004,RFD20250203302,Presente,SECCO,SECCO PAP,UTZ002,45.7326,11.6892,MAROSTICA,NOVE,BASSANO,1100,26
2025-08-02 17:24:40,OP012QR,VEH004,RFD20250203302,Presente,SECCO,SECCO PAP,UTZ002,45.7298,11.6752,MAROSTICA,NOVE,BASSANO,1100,26
2025-08-03 07:02:14,AB123CD,VEH001,RFD20241013167,Presente,CARTA,CARTA CONT.STRADALI,UTZ022,45.9006,11.6395,FOZA,FOZA,ASIAGO,240,26
2025-08-03 07:24:36,AB123CD,VEH001,RFD20241013046,Presente,CARTA,CARTA CONT.STRADALI,UTZ035,45.3083,11.7300,GALZIGNANO TERME,GALZIGNANO TERME,RUBANO,240,26
2025-08-03 07:43:45,AB123CD,VEH001,RFD20241013129,Presente,CARTA,CARTA CONT.STRADALI,UTZ031,45.6328,11.7061,CARMIGNANO DI BRENTA,CARMIGNANO DI BRENTA,CAMPOSAMPIERO,240,26
2025-08-03 08:08:33,AB123CD,VEH001,RFD20241013030,Presente,CARTA,CARTA CONT.STRADALI,UTZ001,45.6914,11.7996,ROSSANO VENETO,ROSSANO VENETO,BASSANO,1100,26
2025-08-03 08:13:18,AB123CD,VEH001,RFD20241013130,Presente,CARTA,CARTA CONT.STRADALI,UTZ004,45.4265,11.6848,CERVARESE SANTA CROCE,CERVARESE SANTA CROCE,RUBANO,240,26
2025-08-04 06:18:38,OP012QR,VEH004,RFD20241001301,Non Presente,NA,SECCO PAP,NA,45.5658,11.9399,NA,CAMPOSAMPIERO,CAMPOSAMPIERO,NA,NA
2025-08-04 08:16:50,AB123CD,VEH001,RFD20250203051,Presente,SECCO,SECCO PAP,UTZ003,45.6501,11.8268,TOMBOLO,TOMBOLO,CAMPOSAMPIERO,1100,26
2025-08-04 09:08:51,EF456GH,VEH002,RFD20250331008,Presente,CARTA,CARTA CONT.STRADALI,UTZ001,45.5243,11.8289,CURTAROLO,CURTAROLO,CAMPOSAMPIERO,240,26
2025-08-04 09:14:25,EF456GH,VEH002,RFD20241014011,Presente,CARTA,CARTA CONT.STRADALI,UTZ034,45.6443,11.8630,SAN MARTINO DI LUPARI,SAN MARTINO DI LUPARI,CAMPOSAMPIERO,1100,26
2025-08-04 09:40:00,AB123CD,VEH001,RFD20241014117,Presente,SECCO,SECCO PAP,UTZ001,45.6416,11.7836,CITTADELLA,CITTADELLA,CAMPOSAMPIERO,1100,26
2025-08-04 09:43:24,EF456GH,VEH002,RFD20241014191,Presente,CARTA,CARTA CONT.STRADALI,UTZ005,45.3678,11.6629,ROVOLON,ROVOLON,RUBANO,1100,26
2025-08-04 13:04:02,IL789MN,VEH003,RFD20241014226,Non Presente,NA,UMIDO CONT.STRADALI,NA,45.4290,11.7857,NA,RUBANO,RUBANO,NA,NA
2025-08-04 13:13:05,OP012QR,VEH004,RFD20250203302,Presente,SECCO,SECCO PAP,UTZ002,45.7379,11.6962,MAROSTICA,BASSANO DEL GRAPPA,BASSANO,1100,26
2025-08-04 13:52:26,OP012QR,VEH004,RFD20241014024,Presente,SECCO,SECCO PAP,UTZ040,45.5362,11.9674,BORGORICCO,BORGORICCO,CAMPOSAMPIERO,1100,26
2025-08-04 14:33:13,IL789MN,VEH003,RFD20241028145,Presente,UMIDO,UMIDO CONT.STRADALI,UTZ004,45.4286,11.7852,RUBANO,RUBANO,RUBANO,240,26
2025-08-04 14:39:48,OP012QR,VEH004,RFD20241014033,Presente,SECCO,SECCO PAP,UTZ006,45.8591,11.4002,ROTZO,ROTZO,ASIAGO,1100,26
2025-08-04 14:42:40,IL789MN,VEH003,RFD20241028173,Presente,UMIDO,UMIDO CONT.STRADALI,UTZ004,45.7626,11.7419,BASSANO DEL GRAPPA,BASSANO DEL GRAPPA,BASSANO,240,26
2025-08-04 15:27:39,OP012QR,VEH004,RFD20250203302,Presente,SECCO,SECCO PAP,UTZ002,45.7360,11.6679,MAROSTICA,MAROSTICA,BASSANO,1100,26
2025-08-04 16:24:07,OP012QR,VEH004,RFD20241028163,Presente,SECCO,SECCO PAP,UTZ003,45.7273,11.7668,ROSA',ROSA',BASSANO,1100,26
2025-08-05 09:42:50,IL789MN,VEH003,RFD20241001072,Presente,UMIDO,UMIDO PAP,UTZ003,45.8085,11.5993,LUSIANA CONCO,LUSIANA CONCO,ASIAGO,240,26
2025-08-05 09:50:17,IL789MN,VEH003,RFD20241001152,Presente,UMIDO,UMIDO PAP,UTZ037,45.4374,11.9252,CADONEGHE,CADONEGHE,CAMPOSAMPIERO,240,26
2025-08-05 10:02:37,IL789MN,VEH003,RFD20241009227,Non Presente,NA,UMIDO PAP,NA,45.8964,11.5509,NA,GALLIO,ASIAGO,NA,NA
2025-08-05 13:01:21,OP012QR,VEH004,00BD00000000000000000102,Non Presente,NA,SECCO PAP,NA,45.6478,11.7785,NA,CITTADELLA,CAMPOSAMPIERO,NA,NA
2025-08-05 13:11:04,IL789MN,VEH003,RFD20241001122,Presente,PLASTICA E METALLI,PLASTICA PAP,UTZ012,45.8053,11.7263,POVE DEL GRAPPA,POVE DEL GRAPPA,BASSANO,770,26
2025-08-05 14:06:29,ST345UV,VEH005,RFD20241001114,Presente,PLASTICA E METALLI,PLAST.CONT.STRADALI,UTZ005,45.8609,11.5205,ASIAGO,ASIAGO,ASIAGO,770,26
2025-08-05 14:30:53,IL789MN,VEH003,RFD20241001158,Presente,PLASTICA E METALLI,PLASTICA PAP,UTZ034,45.6545,11.8576,SAN MARTINO DI LUPARI,SAN MARTINO DI LUPARI,CAMPOSAMPIERO,770,26
2025-08-05 15:12:27,OP012QR,VEH004,RFD20241015048,Presente,SECCO,SECCO PAP,UTZ030,45.4292,11.7921,RUBANO,RUBANO,RUBANO,1100,26
2025-08-05 15:31:23,OP012QR,VEH004,RFD20250207211,Non Presente,NA,SECCO PAP,NA,45.7172,11.6853,NA,NOVE,BASSANO,NA,NA
2025-08-05 15:34:53,OP012QR,VEH004,RFD20241001058,Presente,SECCO,SECCO PAP,UTZ035,45.3440,11.6638,TEOLO,TEOLO,RUBANO,1100,26
2025-08-05 16:55:29,OP012QR,VEH004,RFD20250203302,Presente,SECCO,SECCO PAP,UTZ002,45.7357,11.6682,MAROSTICA,MAROSTICA,BASSANO,1100,26
2025-08-05 17:42:42,OP012QR,VEH004,RFD20250203302,Presente,SECCO,SECCO PAP,UTZ002,45.7335,11.6708,MAROSTICA,MAROSTICA,BASSANO,1100,26
2025-08-05 17:53:28,ST345UV,VEH005,RFD20241001209,Non Presente,NA,PLAST.CONT.STRADALI,NA,45.6482,11.8298,NA,TOMBOLO,CAMPOSAMPIERO,NA,NA
2025-08-05 18:41:17,IL789MN,VEH003,RFD20241001301,Non Presente,NA,PLASTICA PAP,NA,45.5657,11.9399,NA,CAMPOSAMPIERO,CAMPOSAMPIERO,NA,NA
2025-08-05 18:54:38,IL789MN,VEH003,RFD20241001301,Non Presente,NA,PLASTICA PAP,NA,45.5658,11.9399,NA,CAMPOSAMPIERO,CAMPOSAMPIERO,NA,NA
2025-08-06 06:08:35,ST345UV,VEH005,RFD20241001301,Non Presente,NA,ASSISTENTE SERVIZI,NA,45.5658,11.9399,NA,CAMPOSAMPIERO,CAMPOSAMPIERO,NA,NA
2025-08-06 06:30:38,AB123CD,VEH001,RFD20241002049,Presente,SECCO,SECCO PAP,UTZ003,45.3393,11.7379,TORREGLIA,TORREGLIA,RUBANO,1100,26
2025-08-06 08:00:10,EF456GH,VEH002,RFD20241002071,Presente,CARTA,CARTA CONT.STRADALI,UTZ033,45.4327,11.7847,RUBANO,RUBANO,RUBANO,1100,26
2025-08-06 08:45:25,EF456GH,VEH002,RFD20241002131,Presente,CARTA,CARTA CONT.STRADALI,UTZ001,45.8908,11.6335,FOZA,FOZA,ASIAGO,240,26
2025-08-06 08:46:08,AB123CD,VEH001,RFD20250514018,Presente,SECCO,SECCO PAP,UTZ005,45.7965,11.7360,POVE DEL GRAPPA,POVE DEL GRAPPA,BASSANO,1100,26
2025-08-06 09:24:04,AB123CD,VEH001,RFD20241002105,Presente,SECCO,SECCO PAP,UTZ002,45.7148,11.7667,ROSA',ROSA',BASSANO,240,26
2025-08-06 09:45:54,AB123CD,VEH001,RFD20241002183,Presente,SECCO,SECCO PAP,UTZ009,45.7283,11.7951,CASSOLA,CASSOLA,BASSANO,1100,26
2025-08-06 09:58:24,EF456GH,VEH002,RFD20241002073,Presente,CARTA,CARTA CONT.STRADALI,UTZ050,45.4021,11.7537,SACCOLONGO,SACCOLONGO,RUBANO,1100,26
2025-08-06 10:13:03,AB123CD,VEH001,RFD20250205056,Presente,SECCO,SECCO PAP,UTZ001,45.5196,11.8284,CURTAROLO,CURTAROLO,CAMPOSAMPIERO,240,26
2025-08-06 11:23:15,AB123CD,VEH001,RFD20241002088,Presente,SECCO,SECCO PAP,UTZ005,45.8000,11.6070,LUSIANA CONCO,LUSIANA CONCO,ASIAGO,1100,26
2025-08-06 13:20:08,OP012QR,VEH004,RFD20241002203,Non Presente,NA,SECCO PAP,NA,45.3696,11.6596,NA,ROVOLON,RUBANO,NA,NA
2025-08-06 13:31:29,OP012QR,VEH004,RFD20241002094,Presente,SECCO,SECCO PAP,UTZ005,45.5788,11.9239,CAMPOSAMPIERO,CAMPOSAMPIERO,CAMPOSAMPIERO,240,26
2025-08-06 13:47:07,OP012QR,VEH004,RFD20241002078,Presente,SECCO,SECCO PAP,UTZ009,45.8880,11.5486,GALLIO,GALLIO,ASIAGO,1100,26
2025-08-06 14:17:11,IL789MN,VEH003,RFD20241002217,Non Presente,NA,VERDE PAP,NA,45.6308,11.6934,NA,CARMIGNANO DI BRENTA,CAMPOSAMPIERO,NA,NA
2025-08-06 14:23:08,OP012QR,VEH004,RFD20250203302,Presente,SECCO,SECCO PAP,UTZ002,45.7384,11.6968,MAROSTICA,BASSANO DEL GRAPPA,BASSANO,1100,26
2025-08-06 14:40:58,OP012QR,VEH004,RFD20241030037,Presente,SECCO,SECCO PAP,UTZ014,45.8816,11.5386,GALLIO,GALLIO,ASIAGO,1100,26
2025-08-06 14:43:16,OP012QR,VEH004,RFD20250203302,Presente,SECCO,SECCO PAP,UTZ002,45.7308,11.6739,MAROSTICA,NOVE,BASSANO,1100,26
2025-08-06 14:51:30,IL789MN,VEH003,RFD20241016234,Non Presente,NA,VERDE PAP,NA,45.5603,11.8171,NA,CAMPO SAN MARTINO,CAMPOSAMPIERO,NA,NA
2025-08-06 16:01:07,IL789MN,VEH003,RFD20241002015,Presente,VERDE E RAMAGLIE,VERDE PAP,UTZ030,45.6657,11.8192,GALLIERA VENETA,GALLIERA VENETA,CAMPOSAMPIERO,1100,26
2025-08-06 16:34:25,IL789MN,VEH003,RFD20241002198,Presente,VERDE E RAMAGLIE,VERDE PAP,UTZ001,45.8722,11.5269,ASIAGO,ASIAGO,ASIAGO,240,26
2025-08-06 17:36:48,IL789MN,VEH003,RFD20241030027,Presente,VERDE E RAMAGLIE,VERDE PAP,UTZ024,45.3838,11.9774,SAONARA,SAONARA,CAMPOSAMPIERO,240,26
2025-08-07 06:06:32,IL789MN,VEH003,RFD20241001301,Non Presente,NA,UMIDO PAP,NA,45.5658,11.9399,NA,CAMPOSAMPIERO,CAMPOSAMPIERO,NA,NA
2025-08-07 07:05:10,AB123CD,VEH001,RFD20241017188,Presente,CARTA,CARTA/CARTONE PAP,UTZ015,45.5635,12.0209,MASSANZAGO,MASSANZAGO,CAMPOSAMPIERO,240,26
2025-08-07 08:06:16,AB123CD,VEH001,RFD20241031097,Presente,CARTA,CARTA/CARTONE PAP,UTZ011,45.6008,11.8144,SAN GIORGIO IN BOSCO,SAN GIORGIO IN BOSCO,CAMPOSAMPIERO,1100,26
2025-08-07 09:17:53,AB123CD,VEH001,RFD20241003096,Presente,CARTA,CARTA/CARTONE PAP,UTZ017,45.5711,11.9266,CAMPOSAMPIERO,CAMPOSAMPIERO,CAMPOSAMPIERO,1100,26
2025-08-07 09:19:26,EF456GH,VEH002,RFD20241003035,Presente,VETRO,VETRO PAP,UTZ003,45.7182,11.5991,COLCERESA,COLCERESA,BASSANO,1100,13
2025-08-07 10:13:11,EF456GH,VEH002,RFD20241003157,Presente,VETRO,VETRO PAP,UTZ013,45.4909,11.7440,CAMPODORO,CAMPODORO,RUBANO,1100,26
2025-08-07 10:37:20,EF456GH,VEH002,RFD20250123212,Non Presente,NA,VETRO PAP,NA,45.4274,11.7902,NA,RUBANO,RUBANO,NA,NA
2025-08-07 12:29:40,EF456GH,VEH002,RFD20241003230,Non Presente,NA,VETRO PAP,NA,45.6961,11.6363,NA,SCHIAVON,BASSANO,NA,NA
2025-08-07 13:26:32,IL789MN,VEH003,RFD20241003127,Presente,UMIDO,UMIDO CONT.STRADALI,UTZ001,45.7727,11.7289,BASSANO DEL GRAPPA,BASSANO DEL GRAPPA,BASSANO,240,26
2025-08-07 13:38:43,ST345UV,VEH005,RFD20241003138,Presente,PLASTICA E METALLI,PLAST.CONT.STRADALI,UTZ005,45.6087,11.6730,SAN PIETRO IN GU,SAN PIETRO IN GU,CAMPOSAMPIERO,770,26
2025-08-07 13:58:32,OP012QR,VEH004,RFD20250203302,Presente,SECCO,SECCO PAP,UTZ002,45.7425,11.6603,MAROSTICA,MAROSTICA,BASSANO,1100,26
2025-08-07 14:16:30,OP012QR,VEH004,RFD20241003061,Presente,SECCO,SECCO PAP,UTZ002,45.5341,11.9612,BORGORICCO,BORGORICCO,CAMPOSAMPIERO,1100,26
2025-08-07 14:35:15,OP012QR,VEH004,RFD20250403104,Presente,SECCO,SECCO PAP,UTZ012,45.3327,11.7373,TORREGLIA,TORREGLIA,RUBANO,1100,26
2025-08-07 14:36:52,OP012QR,VEH004,RFD20250203302,Presente,SECCO,SECCO PAP,UTZ002,45.7267,11.6813,MAROSTICA,NOVE,BASSANO,1100,26
2025-08-07 14:45:03,ST345UV,VEH005,RFD20241002229,Non Presente,NA,PLAST.CONT.STRADALI,NA,45.7208,11.6122,NA,COLCERESA,BASSANO,NA,NA
2025-08-07 15:33:37,ST345UV,VEH005,RFD20250523232,Non Presente,NA,PLAST.CONT.STRADALI,NA,45.5731,11.7136,NA,GAZZO,CAMPOSAMPIERO,NA,NA
2025-08-07 16:31:12,OP012QR,VEH004,RFD20241003164,Presente,SECCO,SECCO PAP,UTZ003,45.7793,11.7296,BASSANO DEL GRAPPA,BASSANO DEL GRAPPA,BASSANO,240,26
2025-08-07 16:50:04,IL789MN,VEH003,RFD20241003303,Presente,UMIDO,UMIDO CONT.STRADALI,UTZ002,45.7779,11.8108,MUSSOLENTE,MUSSOLENTE,BASSANO,240,26
2025-08-07 17:08:56,ST345UV,VEH005,RFD20241015224,Non Presente,NA,PLAST.CONT.STRADALI,NA,45.3941,11.7474,NA,SACCOLONGO,RUBANO,NA,NA
2025-08-08 06:22:28,AB123CD,VEH001,RFD20241001301,Non Presente,NA,SECCO PAP,NA,45.5657,11.9398,NA,CAMPOSAMPIERO,CAMPOSAMPIERO,NA,NA
2025-08-08 06:45:07,AB123CD,VEH001,RFD20241004065,Presente,SECCO,SECCO PAP,UTZ007,45.6154,11.6649,SAN PIETRO IN GU,SAN PIETRO IN GU,CAMPOSAMPIERO,1100,26
2025-08-08 07:18:08,AB123CD,VEH001,RFD20250207211,Non Presente,NA,SECCO PAP,NA,45.7170,11.6855,NA,NOVE,BASSANO,NA,NA
2025-08-08 08:44:34,EF456GH,VEH002,RFD20241004123,Presente,CARTA,CARTA CONT.STRADALI,UTZ032,45.6489,11.7781,CITTADELLA,CITTADELLA,CAMPOSAMPIERO,240,26
2025-08-08 08:53:16,EF456GH,VEH002,RFD20241018161,Presente,CARTA,CARTA CONT.STRADALI,UTZ034,45.5715,11.9296,CAMPOSAMPIERO,CAMPOSAMPIERO,CAMPOSAMPIERO,1100,26
2025-08-08 08:58:30,AB123CD,VEH001,RFD20241004003,Presente,SECCO,SECCO PAP,UTZ008,45.4366,11.7855,RUBANO,RUBANO,RUBANO,240,26
2025-08-08 09:33:07,EF456GH,VEH002,RFD20250221038,Presente,CARTA,CARTA CONT.STRADALI,UTZ005,45.6904,11.6329,SCHIAVON,SCHIAVON,BASSANO,240,26
2025-08-08 10:30:18,EF456GH,VEH002,RFD20241004197,Presente,CARTA,CARTA CONT.STRADALI,UTZ018,45.8647,11.5125,ASIAGO,ASIAGO,ASIAGO,240,26
2025-08-08 10:31:24,EF456GH,VEH002,RFD20241004159,Presente,CARTA,CARTA CONT.STRADALI,UTZ004,45.4416,11.7879,RUBANO,RUBANO,RUBANO,1100,26
2025-08-08 10:51:57,AB123CD,VEH001,RFD20241004137,Presente,SECCO,SECCO PAP,UTZ012,45.5271,11.9708,BORGORICCO,BORGORICCO,CAMPOSAMPIERO,1100,26
2025-08-08 11:03:37,EF456GH,VEH002,RFD20241004028,Presente,CARTA,CARTA CONT.STRADALI,UTZ005,45.8597,11.3940,ROTZO,ROTZO,ASIAGO,240,26
2025-08-08 12:02:32,OP012QR,VEH004,RFD20241101042,Presente,SECCO,SECCO PAP,UTZ001,45.3869,11.7892,SELVAZZANO DENTRO,SELVAZZANO DENTRO,RUBANO,1100,26
2025-08-08 13:43:33,OP012QR,VEH004,RFD20250418055,Presente,SECCO,SECCO PAP,UTZ002,45.8008,11.6140,LUSIANA CONCO,LUSIANA CONCO,ASIAGO,240,26
2025-08-08 13:55:46,OP012QR,VEH004,RFD20241004044,Presente,SECCO,SECCO PAP,UTZ009,45.6808,11.6938,TEZZE SUL BRENTA,TEZZE SUL BRENTA,BASSANO,240,26
2025-08-08 14:47:09,IL789MN,VEH003,RFD20241004177,Presente,PLASTICA E METALLI,PLASTICA PAP,UTZ048,45.7667,11.7335,BASSANO DEL GRAPPA,BASSANO DEL GRAPPA,BASSANO,770,26
2025-08-08 15:51:47,OP012QR,VEH004,RFD20241018010,Presente,SECCO,SECCO PAP,UTZ001,45.3635,11.9848,SAONARA,SAONARA,CAMPOSAMPIERO,1100,26
2025-08-08 16:49:45,ST345UV,VEH005,RFD20241004115,Presente,VETRO,VETRO PAP,UTZ001,45.4293,11.7849,RUBANO,RUBANO,RUBANO,1100,26
2025-08-08 16:54:56,OP012QR,VEH004,RFD20250203302,Presente,SECCO,SECCO PAP,UTZ002,45.7317,11.6881,MAROSTICA,NOVE,BASSANO,1100,26
2025-08-08 17:01:14,OP012QR,VEH004,RFD20250203302,Presente,SECCO,SECCO PAP,UTZ002,45.7336,11.6904,MAROSTICA,NOVE,BASSANO,1100,26
2025-08-08 17:13:16,ST345UV,VEH005,RFD20241004185,Presente,VETRO,VETRO PAP,UTZ043,45.4033,11.7498,SACCOLONGO,SACCOLONGO,RUBANO,1100,26
2025-08-09 12:34:06,OP012QR,VEH004,RFD20241005091,Presente,SECCO,SECCO PAP,UTZ016,45.5854,11.8055,SAN GIORGIO IN BOSCO,SAN GIORGIO IN BOSCO,CAMPOSAMPIERO,1100,26
2025-08-09 13:42:06,OP012QR,VEH004,RFD20250203302,Presente,SECCO,SECCO PAP,UTZ002,45.7431,11.6594,MAROSTICA,MAROSTICA,BASSANO,1100,26
2025-08-09 14:01:57,OP012QR,VEH004,RFD20241005012,Presente,SECCO,SECCO PAP,UTZ035,45.8086,11.7284,POVE DEL GRAPPA,POVE DEL GRAPPA,BASSANO,1100,26
2025-08-09 15:02:01,OP012QR,VEH004,RFD20241019135,Presente,SECCO,SECCO PAP,UTZ019,45.6497,11.8545,SAN MARTINO DI LUPARI,SAN MARTINO DI LUPARI,CAMPOSAMPIERO,240,26
2025-08-09 15:07:08,IL789MN,VEH003,RFD20241005169,Presente,VERDE E RAMAGLIE,VERDE PAP,UTZ008,45.6469,11.6823,POZZOLEONE,POZZOLEONE,BASSANO,240,26
2025-08-09 15:47:13,IL789MN,VEH003,RFD20241005144,Presente,VERDE E RAMAGLIE,VERDE PAP,UTZ013,45.4200,11.6828,CERVARESE SANTA CROCE,CERVARESE SANTA CROCE,RUBANO,240,26
2025-08-09 16:58:46,OP012QR,VEH004,RFD20250203302,Presente,SECCO,SECCO PAP,UTZ002,45.7276,11.6823,MAROSTICA,NOVE,BASSANO,1100,26
2025-08-09 18:40:56,OP012QR,VEH004,RFD20241001301,Non Presente,NA,SECCO PAP,NA,45.5658,11.9399,NA,CAMPOSAMPIERO,CAMPOSAMPIERO,NA,NA
2025-08-09 18:45:50,IL789MN,VEH003,RFD20241001301,Non Presente,NA,VERDE PAP,NA,45.5657,11.9398,NA,CAMPOSAMPIERO,CAMPOSAMPIERO,NA,NA
2025-08-10 07:08:22,AB123CD,VEH001,RFD20241006101,Presente,CARTA,CARTA CONT.STRADALI,UTZ012,45.5775,11.9331,CAMPOSAMPIERO,CAMPOSAMPIERO,CAMPOSAMPIERO,1100,26
2025-08-10 08:39:04,AB123CD,VEH001,RFD20241006168,Presente,CARTA,CARTA CONT.STRADALI,UTZ003,45.5470,12.0107,MASSANZAGO,MASSANZAGO,CAMPOSAMPIERO,1100,26
2025-08-10 08:41:58,AB123CD,VEH001,RFD20250713080,Presente,CARTA,CARTA CONT.STRADALI,UTZ001,45.4365,11.7481,MESTRINO,MESTRINO,RUBANO,240,26
2025-08-10 09:02:41,AB123CD,VEH001,RFD20241006192,Presente,CARTA,CARTA CONT.STRADALI,UTZ001,45.6510,11.8273,TOMBOLO,TOMBOLO,CAMPOSAMPIERO,1100,26
2025-08-10 09:04:49,AB123CD,VEH001,RFD20241020036,Presente,CARTA,CARTA CONT.STRADALI,UTZ007,45.6520,11.7817,CITTADELLA,CITTADELLA,CAMPOSAMPIERO,1100,26
2025-08-10 09:21:55,AB123CD,VEH001,RFD20241006066,Presente,CARTA,CARTA CONT.STRADALI,UTZ011,45.3105,11.7322,GALZIGNANO TERME,GALZIGNANO TERME,RUBANO,1100,26
2025-08-10 09:25:18,AB123CD,VEH001,RFD20241006180,Presente,CARTA,CARTA CONT.STRADALI,UTZ003,45.6360,11.7545,FONTANIVA,FONTANIVA,CAMPOSAMPIERO,240,26
2025-08-10 09:30:07,AB123CD,VEH001,RFD20250713165,Presente,CARTA,CARTA CONT.STRADALI,UTZ004,45.8892,11.5499,GALLIO,GALLIO,ASIAGO,240,26
2025-08-10 09:49:10,AB123CD,VEH001,RFD20250713098,Presente,CARTA,CARTA CONT.STRADALI,UTZ001,45.6473,11.6825,POZZOLEONE,POZZOLEONE,BASSANO,1100,26
2025-08-10 10:52:05,AB123CD,VEH001,RFD20241006134,Presente,CARTA,CARTA CONT.STRADALI,UTZ001,45.5031,11.9010,CAMPODARSEGO,CAMPODARSEGO,CAMPOSAMPIERO,240,26
2025-08-10 11:00:28,AB123CD,VEH001,RFD20241006095,Presente,CARTA,CARTA CONT.STRADALI,UTZ034,45.4857,11.7452,CAMPODORO,CAMPODORO,RUBANO,1100,26
2025-08-11 06:02:17,IL789MN,VEH003,RFD20241007043,Presente,UMIDO,UMIDO PAP,UTZ001,45.7954,11.7348,POVE DEL GRAPPA,POVE DEL GRAPPA,BASSANO,240,26
2025-08-11 06:06:48,EF456GH,VEH002,RFD20241001301,Non Presente,NA,CARTA CONT.STRADALI,NA,45.5658,11.9399,NA,CAMPOSAMPIERO,CAMPOSAMPIERO,NA,NA
2025-08-11 07:03:58,AB123CD,VEH001,RFD20241007126,Presente,SECCO,SECCO PAP,UTZ001,45.6476,11.6838,POZZOLEONE,POZZOLEONE,BASSANO,1100,26
2025-08-11 08:07:16,AB123CD,VEH001,RFD20241007113,Presente,SECCO,SECCO PAP,UTZ022,45.4248,11.7898,RUBANO,RUBANO,RUBANO,1100,26
2025-08-11 08:31:26,IL789MN,VEH003,RFD20241007142,Presente,UMIDO,UMIDO PAP,UTZ001,45.3361,11.7886,MONTEGROTTO TERME,MONTEGROTTO TERME,RUBANO,770,26
2025-08-11 09:27:20,AB123CD,VEH001,RFD20241007146,Presente,SECCO,SECCO PAP,UTZ018,45.3018,11.7335,GALZIGNANO TERME,GALZIGNANO TERME,RUBANO,240,26
2025-08-11 10:05:15,AB123CD,VEH001,RFD20241021092,Presente,SECCO,SECCO PAP,UTZ041,45.3284,11.7922,MONTEGROTTO TERME,MONTEGROTTO TERME,RUBANO,1100,26
2025-08-11 12:11:51,OP012QR,VEH004,RFD20241007090,Presente,SECCO,SECCO PAP,UTZ021,45.7166,11.6076,COLCERESA,COLCERESA,BASSANO,1100,26
2025-08-11 12:58:33,OP012QR,VEH004,RFD20241007190,Presente,CARTA,SECCO PAP,UTZ031,45.4336,11.7794,RUBANO,RUBANO,RUBANO,1100,26
2025-08-11 12:59:53,OP012QR,VEH004,RFD20241007193,Presente,SECCO,SECCO PAP,UTZ005,45.6645,11.8335,GALLIERA VENETA,GALLIERA VENETA,CAMPOSAMPIERO,240,26
2025-08-11 13:30:31,IL789MN,VEH003,RFD20250505199,Presente,UMIDO,UMIDO CONT.STRADALI,UTZ034,45.4280,11.7887,RUBANO,RUBANO,RUBANO,240,26
2025-08-11 13:51:57,IL789MN,VEH003,RFD20241007067,Presente,UMIDO,UMIDO CONT.STRADALI,UTZ010,45.3993,11.7456,SACCOLONGO,SACCOLONGO,RUBANO,770,26
2025-08-11 14:14:36,IL789MN,VEH003,RFD20241007233,Non Presente,NA,UMIDO CONT.STRADALI,NA,45.3299,11.8013,NA,MONTEGROTTO TERME,RUBANO,NA,NA
2025-08-11 14:22:24,ST345UV,VEH005,RFD20241007039,Presente,VETRO,VETRO PAP,UTZ025,45.5287,11.9681,BORGORICCO,BORGORICCO,CAMPOSAMPIERO,770,26
2025-08-11 14:54:24,OP012QR,VEH004,RFD20250203302,Presente,SECCO,SECCO PAP,UTZ002,45.7264,11.6793,MAROSTICA,NOVE,BASSANO,1100,26
2025-08-11 15:29:25,IL789MN,VEH003,RFD20241007148,Presente,UMIDO,UMIDO CONT.STRADALI,UTZ025,45.7745,11.7212,BASSANO DEL GRAPPA,BASSANO DEL GRAPPA,BASSANO,240,26
2025-08-11 15:47:12,OP012QR,VEH004,RFD20250203302,Presente,SECCO,SECCO PAP,UTZ002,45.7439,11.7044,MAROSTICA,BASSANO DEL GRAPPA,BASSANO,1100,26
2025-08-11 16:15:25,ST345UV,VEH005,RFD20241007081,Presente,VETRO,VETRO PAP,UTZ003,45.7212,11.7648,ROSA',ROSA',BASSANO,1100,26
2025-08-11 17:17:07,OP012QR,VEH004,RFD20241007120,Presente,SECCO,SECCO PAP,UTZ002,45.4333,11.7852,RUBANO,RUBANO,RUBANO,1100,26
2025-08-12 06:21:35,AB123CD,VEH001,RFD20241001301,Non Presente,NA,CARTA/CARTONE PAP,NA,45.5658,11.9399,NA,CAMPOSAMPIERO,CAMPOSAMPIERO,NA,NA
2025-08-12 06:56:09,AB123CD,VEH001,RFD20241008171,Presente,CARTA,CARTA/CARTONE PAP,UTZ023,45.7282,11.7641,ROSA',ROSA',BASSANO,240,26
2025-08-12 08:48:42,EF456GH,VEH002,RFD20241008026,Presente,VETRO,VETRO PAP,UTZ008,45.7922,11.7305,POVE DEL GRAPPA,POVE DEL GRAPPA,BASSANO,1100,26
2025-08-12 08:50:17,AB123CD,VEH001,RFD20241022136,Presente,CARTA,CARTA/CARTONE PAP,UTZ038,45.7884,11.7570,ROMANO D'EZZELINO,ROMANO D'EZZELINO,BASSANO,240,26
2025-08-12 10:30:32,IL789MN,VEH003,RFD20241008059,Presente,UMIDO,UMIDO PAP,UTZ001,45.4022,11.7941,SELVAZZANO DENTRO,SELVAZZANO DENTRO,RUBANO,240,26
2025-08-12 13:11:15,OP012QR,VEH004,RFD20250325228,Non Presente,NA,SECCO PAP,NA,45.4793,11.8448,NA,LIMENA,RUBANO,NA,NA
2025-08-12 13:11:56,OP012QR,VEH004,RFD20241008077,Presente,SECCO,SECCO PAP,UTZ024,45.3618,11.6637,ROVOLON,ROVOLON,RUBANO,1100,26
2025-08-12 13:16:38,OP012QR,VEH004,RFD20241008155,Presente,SECCO,SECCO PAP,UTZ002,45.8752,11.5200,ASIAGO,ASIAGO,ASIAGO,240,26
2025-08-12 13:29:54,OP012QR,VEH004,RFD20241008102,Presente,SECCO,SECCO PAP,UTZ024,45.8898,11.6269,FOZA,FOZA,ASIAGO,1100,26
2025-08-12 14:03:50,ST345UV,VEH005,RFD20241008023,Presente,PLASTICA E METALLI,PLAST.CONT.STRADALI,UTZ027,45.3023,11.7244,GALZIGNANO TERME,GALZIGNANO TERME,RUBANO,770,26
2025-08-12 15:31:11,IL789MN,VEH003,RFD20241008032,Presente,PLASTICA E METALLI,PLASTICA PAP,UTZ026,45.3985,11.7485,SACCOLONGO,SACCOLONGO,RUBANO,770,26
2025-08-12 15:37:40,ST345UV,VEH005,RFD20241008187,Presente,PLASTICA E METALLI,PLAST.CONT.STRADALI,UTZ002,45.6584,11.8266,GALLIERA VENETA,GALLIERA VENETA,CAMPOSAMPIERO,770,26
2025-08-12 16:16:30,OP012QR,VEH004,RFD20250203302,Presente,SECCO,SECCO PAP,UTZ002,45.7368,11.6672,MAROSTICA,MAROSTICA,BASSANO,1100,26
2025-08-12 16:36:59,OP012QR,VEH004,RFD20250203302,Presente,SECCO,SECCO PAP,UTZ002,45.7408,11.7001,MAROSTICA,BASSANO DEL GRAPPA,BASSANO,1100,26
2025-08-12 16:40:47,OP012QR,VEH004,RFD20241008099,Presente,SECCO,SECCO PAP,UTZ015,45.7174,11.7677,ROSA',ROSA',BASSANO,1100,26
2025-08-13 06:02:52,AB123CD,VEH001,RFD20241001301,Non Presente,NA,SECCO PAP,NA,45.5658,11.9399,NA,CAMPOSAMPIERO,CAMPOSAMPIERO,NA,NA
2025-08-13 07:03:58,AB123CD,VEH001,RFD20241009151,Presente,SECCO,SECCO PAP,UTZ026,45.5941,11.9394,LOREGGIA,LOREGGIA,CAMPOSAMPIERO,240,26
2025-08-13 07:05:35,AB123CD,VEH001,RFD20241009041,Presente,SECCO,SECCO PAP,UTZ001,45.5651,11.8988,SANTA GIUSTINA IN COLLE,SANTA GIUSTINA IN COLLE,CAMPOSAMPIERO,1100,26
2025-08-13 07:57:49,AB123CD,VEH001,RFD20241009128,Presente,SECCO,SECCO PAP,UTZ002,45.4112,11.7370,SACCOLONGO,SACCOLONGO,RUBANO,1100,26
2025-08-13 08:43:43,AB123CD,VEH001,RFD20241009189,Presente,SECCO,SECCO PAP,UTZ002,45.4234,11.7904,RUBANO,RUBANO,RUBANO,1100,26
2025-08-13 09:52:41,AB123CD,VEH001,RFD20241009093,Presente,SECCO,SECCO PAP,UTZ040,45.7099,11.7970,ROSSANO VENETO,ROSSANO VENETO,BASSANO,1100,26
2025-08-13 10:12:42,AB123CD,VEH001,RFD20241009106,Presente,SECCO,SECCO PAP,UTZ004,45.7671,11.7353,BASSANO DEL GRAPPA,BASSANO DEL GRAPPA,BASSANO,240,26
2025-08-13 10:44:58,AB123CD,VEH001,RFD20241009108,Presente,SECCO,SECCO PAP,UTZ003,45.6954,11.7108,TEZZE SUL BRENTA,TEZZE SUL BRENTA,BASSANO,240,26
2025-08-13 11:07:14,EF456GH,VEH002,RFD20241009218,Non Presente,NA,CARTA CONT.STRADALI,NA,45.5589,11.9138,NA,SANTA GIUSTINA IN COLLE,CAMPOSAMPIERO,NA,NA
2025-08-13 12:15:58,OP012QR,VEH004,RFD20250203302,Presente,SECCO,SECCO PAP,UTZ002,45.7352,11.6689,MAROSTICA,MAROSTICA,BASSANO,1100,26
2025-08-13 12:59:07,OP012QR,VEH004,RFD20250203302,Presente,SECCO,SECCO PAP,UTZ002,45.7281,11.6771,MAROSTICA,NOVE,BASSANO,1100,26
2025-08-13 13:52:32,IL789MN,VEH003,RFD20241009045,Presente,VERDE E RAMAGLIE,VERDE PAP,UTZ030,45.5620,12.0076,MASSANZAGO,MASSANZAGO,CAMPOSAMPIERO,240,26
2025-08-13 13:53:59,OP012QR,VEH004,RFD20241009107,Presente,SECCO,SECCO PAP,UTZ033,45.5705,11.9322,CAMPOSAMPIERO,CAMPOSAMPIERO,CAMPOSAMPIERO,1100,26
2025-08-13 14:28:51,ST345UV,VEH005,RFD20241009150,Presente,VETRO,VETRO PAP,UTZ027,45.5791,11.9325,CAMPOSAMPIERO,CAMPOSAMPIERO,CAMPOSAMPIERO,1100,26
2025-08-13 15:57:29,OP012QR,VEH004,RFD20241009140,Presente,SECCO,SECCO PAP,UTZ002,45.9449,11.7211,ENEGO,ENEGO,ASIAGO,1100,26
2025-08-13 16:01:13,OP012QR,VEH004,RFD20241009085,Presente,SECCO,SECCO PAP,UTZ016,45.4843,11.8339,LIMENA,LIMENA,RUBANO,1100,26
2025-08-14 08:01:11,IL789MN,VEH003,RFD20241010068,Presente,UMIDO,UMIDO PAP,UTZ004,45.4897,11.7452,CAMPODORO,CAMPODORO,RUBANO,240,26
2025-08-14 09:41:32,AB123CD,VEH001,RFD20241010194,Presente,CARTA,CARTA/CARTONE PAP,UTZ017,45.7811,11.7308,BASSANO DEL GRAPPA,BASSANO DEL GRAPPA,BASSANO,240,26
2025-08-14 12:40:55,OP012QR,VEH004,RFD20250203302,Presente,SECCO,SECCO PAP,UTZ002,45.7358,11.6682,MAROSTICA,MAROSTICA,BASSANO,1100,26
2025-08-14 13:32:51,IL789MN,VEH003,RFD20241010178,Presente,UMIDO,UMIDO CONT.STRADALI,UTZ004,45.6590,11.8249,GALLIERA VENETA,GALLIERA VENETA,CAMPOSAMPIERO,240,26
2025-08-14 14:05:19,OP012QR,VEH004,RFD20250313133,Presente,SECCO,SECCO PAP,UTZ005,45.6415,11.7534,FONTANIVA,FONTANIVA,CAMPOSAMPIERO,1100,26
2025-08-14 14:17:26,ST345UV,VEH005,RFD20241010022,Presente,PLASTICA E METALLI,PLAST.CONT.STRADALI,UTZ032,45.3665,11.9843,SAONARA,SAONARA,CAMPOSAMPIERO,770,26
2025-08-14 14:35:08,IL789MN,VEH003,RFD20241010109,Presente,UMIDO,UMIDO CONT.STRADALI,UTZ018,45.7767,11.7331,BASSANO DEL GRAPPA,BASSANO DEL GRAPPA,BASSANO,770,26
2025-08-14 14:52:13,ST345UV,VEH005,RFD20241010154,Presente,PLASTICA E METALLI,PLAST.CONT.STRADALI,UTZ005,45.8640,11.5159,ASIAGO,ASIAGO,ASIAGO,770,26
2025-08-14 15:21:31,OP012QR,VEH004,RFD20250203302,Presente,SECCO,SECCO PAP,UTZ002,45.7341,11.6701,MAROSTICA,MAROSTICA,BASSANO,1100,26
2025-08-14 15:23:19,OP012QR,VEH004,RFD20241010119,Presente,SECCO,SECCO PAP,UTZ002,45.5623,11.9075,SANTA GIUSTINA IN COLLE,SANTA GIUSTINA IN COLLE,CAMPOSAMPIERO,1100,26
2025-08-14 15:28:34,ST345UV,VEH005,RFD20241010079,Presente,PLASTICA E METALLI,PLAST.CONT.STRADALI,UTZ004,45.8870,11.6248,FOZA,FOZA,ASIAGO,770,26
2025-08-14 16:50:08,OP012QR,VEH004,RFD20241010069,Presente,SECCO,SECCO PAP,UTZ020,45.7310,11.7590,ROSA',ROSA',BASSANO,240,26
2025-08-14 18:34:51,EF456GH,VEH002,RFD20241001301,Non Presente,NA,VETRO PAP,NA,45.5659,11.9398,NA,CAMPOSAMPIERO,CAMPOSAMPIERO,NA,NA
2025-08-15 07:56:17,AB123CD,VEH001,RFD20250509017,Presente,SECCO,SECCO PAP,UTZ002,45.5767,11.9323,CAMPOSAMPIERO,CAMPOSAMPIERO,CAMPOSAMPIERO,1100,26
2025-08-15 07:57:05,AB123CD,VEH001,RFD20241025029,Presente,SECCO,SECCO PAP,UTZ001,45.7802,11.7922,MUSSOLENTE,MUSSOLENTE,BASSANO,240,26
2025-08-15 09:28:30,AB123CD,VEH001,RFD20241011139,Presente,SECCO,SECCO PAP,UTZ002,45.6196,11.6595,SAN PIETRO IN GU,SAN PIETRO IN GU,CAMPOSAMPIERO,1100,26
2025-08-15 09:31:52,AB123CD,VEH001,RFD20241011176,Presente,SECCO,SECCO PAP,UTZ008,45.4676,11.8514,LIMENA,LIMENA,RUBANO,1100,26
2025-08-15 10:34:36,AB123CD,VEH001,RFD20250425200,Presente,SECCO,SECCO PAP,UTZ015,45.5441,11.9260,SAN GIORGIO DELLE PERTICHE,SAN GIORGIO DELLE PERTICHE,CAMPOSAMPIERO,1100,26
2025-08-15 11:35:58,AB123CD,VEH001,RFD20241025196,Presente,SECCO,SECCO PAP,UTZ029,45.8643,11.5204,ASIAGO,ASIAGO,ASIAGO,1100,26
2025-08-15 13:31:35,ST345UV,VEH005,RFD20241011025,Presente,VETRO,VETRO PAP,UTZ031,45.5450,11.9054,SAN GIORGIO DELLE PERTICHE,SAN GIORGIO DELLE PERTICHE,CAMPOSAMPIERO,1100,13
2025-08-15 14:12:01,OP012QR,VEH004,RFD20241011121,Presente,PLASTICA E METALLI,SECCO PAP,UTZ015,45.4087,11.7482,SACCOLONGO,SACCOLONGO,RUBANO,1100,26
2025-08-15 14:32:33,ST345UV,VEH005,RFD20241028220,Non Presente,NA,VETRO PAP,NA,45.6489,11.8225,NA,TOMBOLO,CAMPOSAMPIERO,NA,NA
2025-08-15 15:04:43,ST345UV,VEH005,RFD20241011182,Presente,VETRO,VETRO PAP,UTZ047,45.5921,11.6999,GAZZO,GAZZO,CAMPOSAMPIERO,1100,26
2025-08-15 15:06:05,OP012QR,VEH004,RFD20241011124,Presente,SECCO,SECCO PAP,UTZ001,45.6386,11.8464,SAN MARTINO DI LUPARI,SAN MARTINO DI LUPARI,CAMPOSAMPIERO,240,26
2025-08-15 15:23:52,OP012QR,VEH004,RFD20250203302,Presente,SECCO,SECCO PAP,UTZ002,45.7319,11.6728,MAROSTICA,MAROSTICA,BASSANO,1100,26
2025-08-15 16:06:03,ST345UV,VEH005,RFD20241011125,Presente,VETRO,VETRO PAP,UTZ014,45.5745,11.9218,CAMPOSAMPIERO,CAMPOSAMPIERO,CAMPOSAMPIERO,1100,26
2025-08-15 16:15:54,IL789MN,VEH003,RFD20241011019,Presente,PLASTICA E METALLI,PLASTICA PAP,UTZ001,45.6001,12.0031,PIOMBINO DESE,PIOMBINO DESE,CAMPOSAMPIERO,770,26
2025-08-15 16:54:45,OP012QR,VEH004,RFD20250203302,Presente,SECCO,SECCO PAP,UTZ002,45.7323,11.6724,MAROSTICA,MAROSTICA,BASSANO,1100,26
2025-08-15 17:06:37,IL789MN,VEH003,RFD20241025075,Presente,PLASTICA E METALLI,PLASTICA PAP,UTZ001,45.7966,11.7439,ROMANO D'EZZELINO,ROMANO D'EZZELINO,BASSANO,770,26
2025-08-15 17:10:45,EF456GH,VEH002,RFD20250123212,Non Presente,NA,CARTA CONT.STRADALI,NA,45.4271,11.7901,NA,RUBANO,RUBANO,NA,NA
2025-08-15 17:45:24,OP012QR,VEH004,RFD20241011004,Presente,SECCO,SECCO PAP,UTZ024,45.7924,11.7674,ROMANO D'EZZELINO,ROMANO D'EZZELINO,BASSANO,240,26
2025-08-15 18:40:48,IL789MN,VEH003,RFD20241001301,Non Presente,NA,PLASTICA PAP,NA,45.5658,11.9400,NA,CAMPOSAMPIERO,CAMPOSAMPIERO,NA,NA
2025-08-16 07:33:51,AB123CD,VEH001,RFD20241012118,Presente,CARTA,CARTA/CARTONE PAP,UTZ019,45.6944,11.7069,TEZZE SUL BRENTA,TEZZE SUL BRENTA,BASSANO,1100,26
2025-08-16 08:40:26,AB123CD,VEH001,RFD20241012116,Presente,CARTA,CARTA/CARTONE PAP,UTZ009,45.3960,11.7908,SELVAZZANO DENTRO,SELVAZZANO DENTRO,RUBANO,240,26
2025-08-16 12:12:38,OP012QR,VEH004,RFD20241012082,Presente,SECCO,SECCO PAP,UTZ001,45.6592,11.8291,GALLIERA VENETA,GALLIERA VENETA,CAMPOSAMPIERO,240,26
2025-08-16 14:11:12,IL789MN,VEH003,RFD20241012047,Presente,VERDE E RAMAGLIE,VERDE PAP,UTZ028,45.7546,11.7433,BASSANO DEL GRAPPA,BASSANO DEL GRAPPA,BASSANO,240,26
2025-08-16 15:12:28,OP012QR,VEH004,RFD20250203302,Presente,SECCO,SECCO PAP,UTZ002,45.7271,11.6821,MAROSTICA,NOVE,BASSANO,1100,26
2025-08-16 15:25:10,IL789MN,VEH003,RFD20241008231,Non Presente,NA,VERDE PAP,NA,45.6868,11.7000,NA,TEZZE SUL BRENTA,BASSANO,NA,NA
2025-08-16 15:29:50,IL789MN,VEH003,RFD20241012089,Presente,VERDE E RAMAGLIE,VERDE PAP,UTZ017,45.7288,11.6734,NOVE,NOVE,BASSANO,240,26
2025-08-16 15:59:48,IL789MN,VEH003,RFD20241012052,Presente,VERDE E RAMAGLIE,VERDE PAP,UTZ002,45.6997,11.6388,SCHIAVON,SCHIAVON,BASSANO,1100,26
2025-08-16 17:03:28,OP012QR,VEH004,RFD20250203302,Presente,SECCO,SECCO PAP,UTZ002,45.7306,11.6866,MAROSTICA,NOVE,BASSANO,1100,26
2025-08-16 18:33:33,EF456GH,VEH002,RFD20241001301,Non Presente,NA,VETRO PAP,NA,45.5658,11.9399,NA,CAMPOSAMPIERO,CAMPOSAMPIERO,NA,NA
2025-08-16 18:48:38,EF456GH,VEH002,RFD20241001301,Non Presente,NA,VETRO PAP,NA,45.5659,11.9398,NA,CAMPOSAMPIERO,CAMPOSAMPIERO,NA,NA
2025-08-17 07:16:55,AB123CD,VEH001,RFD20241013046,Presente,CARTA,CARTA CONT.STRADALI,UTZ035,45.3083,11.7298,GALZIGNANO TERME,GALZIGNANO TERME,RUBANO,240,26
2025-08-17 07:34:42,AB123CD,VEH001,RFD20241013167,Presente,CARTA,CARTA CONT.STRADALI,UTZ022,45.9008,11.6396,FOZA,FOZA,ASIAGO,240,26
2025-08-17 08:04:00,AB123CD,VEH001,RFD20241013130,Presente,CARTA,CARTA CONT.STRADALI,UTZ004,45.4267,11.6851,CERVARESE SANTA CROCE,CERVARESE SANTA CROCE,RUBANO,240,26
2025-08-17 08:21:05,AB123CD,VEH001,RFD20241013030,Presente,CARTA,CARTA CONT.STRADALI,UTZ001,45.6914,11.7997,ROSSANO VENETO,ROSSANO VENETO,BASSANO,1100,26
2025-08-17 08:47:39,AB123CD,VEH001,RFD20241013083,Presente,CARTA,CARTA CONT.STRADALI,UTZ030,45.3136,11.7394,GALZIGNANO TERME,GALZIGNANO TERME,RUBANO,240,26
2025-08-17 09:18:31,AB123CD,VEH001,RFD20241013172,Presente,CARTA,CARTA CONT.STRADALI,UTZ001,45.3301,11.7374,TORREGLIA,TORREGLIA,RUBANO,240,26
2025-08-18 06:10:31,IL789MN,VEH003,RFD20241008208,Non Presente,NA,UMIDO PAP,NA,45.8667,11.5124,NA,ASIAGO,ASIAGO,NA,NA
2025-08-18 06:12:30,OP012QR,VEH004,RFD20241001301,Non Presente,NA,SECCO PAP,NA,45.5657,11.9398,NA,CAMPOSAMPIERO,CAMPOSAMPIERO,NA,NA
2025-08-18 08:06:39,AB123CD,VEH001,RFD20250203051,Presente,SECCO,SECCO PAP,UTZ003,45.6500,11.8267,TOMBOLO,TOMBOLO,CAMPOSAMPIERO,1100,26
2025-08-18 09:21:47,EF456GH,VEH002,RFD20250331008,Presente,CARTA,CARTA CONT.STRADALI,UTZ001,45.5241,11.8289,CURTAROLO,CURTAROLO,CAMPOSAMPIERO,240,26
2025-08-18 09:33:30,AB123CD,VEH001,RFD20241014117,Presente,SECCO,SECCO PAP,UTZ001,45.6416,11.7836,CITTADELLA,CITTADELLA,CAMPOSAMPIERO,1100,26
2025-08-18 09:50:08,EF456GH,VEH002,RFD20241014191,Presente,CARTA,CARTA CONT.STRADALI,UTZ005,45.3679,11.6628,ROVOLON,ROVOLON,RUBANO,1100,26
2025-08-18 13:20:35,OP012QR,VEH004,RFD20241014024,Presente,SECCO,SECCO PAP,UTZ040,45.5362,11.9674,BORGORICCO,BORGORICCO,CAMPOSAMPIERO,1100,26
2025-08-18 13:49:19,IL789MN,VEH003,RFD20241014226,Non Presente,NA,UMIDO CONT.STRADALI,NA,45.4290,11.7856,NA,RUBANO,RUBANO,NA,NA
2025-08-18 14:25:39,OP012QR,VEH004,RFD20241014033,Presente,SECCO,SECCO PAP,UTZ006,45.8594,11.4004,ROTZO,ROTZO,ASIAGO,1100,26
2025-08-18 14:43:41,OP012QR,VEH004,RFD20250203302,Presente,SECCO,SECCO PAP,UTZ002,45.7416,11.6612,MAROSTICA,MAROSTICA,BASSANO,1100,26
2025-08-18 15:05:19,IL789MN,VEH003,RFD20241028173,Presente,UMIDO,UMIDO CONT.STRADALI,UTZ004,45.7625,11.7419,BASSANO DEL GRAPPA,BASSANO DEL GRAPPA,BASSANO,240,26
2025-08-18 17:09:24,OP012QR,VEH004,RFD20250203302,Presente,SECCO,SECCO PAP,UTZ002,45.7284,11.6838,MAROSTICA,NOVE,BASSANO,1100,26
2025-08-19 06:40:10,AB123CD,VEH001,RFD20250624006,Presente,CARTA,CARTA/CARTONE PAP,UTZ003,45.6300,11.7011,CARMIGNANO DI BRENTA,CARMIGNANO DI BRENTA,CAMPOSAMPIERO,240,26
2025-08-19 08:25:23,AB123CD,VEH001,RFD20241001040,Presente,CARTA,CARTA/CARTONE PAP,UTZ006,45.4760,11.8480,LIMENA,LIMENA,RUBANO,240,26
2025-08-19 09:47:15,IL789MN,VEH003,RFD20241001072,Presente,UMIDO,UMIDO PAP,UTZ003,45.8085,11.5991,LUSIANA CONCO,LUSIANA CONCO,ASIAGO,240,26
2025-08-19 10:00:54,IL789MN,VEH003,RFD20241001152,Presente,UMIDO,UMIDO PAP,UTZ037,45.4375,11.9251,CADONEGHE,CADONEGHE,CAMPOSAMPIERO,240,26
2025-08-19 10:36:56,EF456GH,VEH002,RFD20241210020,Presente,VETRO,VETRO PAP,UTZ006,45.5346,11.9100,SAN GIORGIO DELLE PERTICHE,SAN GIORGIO DELLE PERTICHE,CAMPOSAMPIERO,770,13
2025-08-19 13:13:08,IL789MN,VEH003,RFD20241001122,Presente,PLASTICA E METALLI,PLASTICA PAP,UTZ012,45.8051,11.7261,POVE DEL GRAPPA,POVE DEL GRAPPA,BASSANO,770,26
2025-08-19 14:31:29,IL789MN,VEH003,RFD20241001158,Presente,PLASTICA E METALLI,PLASTICA PAP,UTZ034,45.6545,11.8574,SAN MARTINO DI LUPARI,SAN MARTINO DI LUPARI,CAMPOSAMPIERO,770,26
2025-08-19 14:40:35,ST345UV,VEH005,RFD20241001114,Presente,PLASTICA E METALLI,PLAST.CONT.STRADALI,UTZ005,45.8611,11.5204,ASIAGO,ASIAGO,ASIAGO,770,26
2025-08-19 14:57:27,OP012QR,VEH004,RFD20241001181,Presente,SECCO,SECCO PAP,UTZ008,45.6543,11.6826,POZZOLEONE,POZZOLEONE,BASSANO,1100,26
2025-08-19 15:07:44,OP012QR,VEH004,RFD20250203302,Presente,SECCO,SECCO PAP,UTZ002,45.7327,11.6714,MAROSTICA,MAROSTICA,BASSANO,1100,26
2025-08-19 16:35:41,OP012QR,VEH004,RFD20250203302,Presente,SECCO,SECCO PAP,UTZ002,45.7349,11.6920,MAROSTICA,BASSANO DEL GRAPPA,BASSANO,1100,26
2025-08-19 17:54:13,ST345UV,VEH005,RFD20241001209,Non Presente,NA,PLAST.CONT.STRADALI,NA,45.6483,11.8300,NA,TOMBOLO,CAMPOSAMPIERO,NA,NA
2025-08-19 18:50:07,OP012QR,VEH004,RFD20241001301,Non Presente,NA,SECCO PAP,NA,45.5657,11.9398,NA,CAMPOSAMPIERO,CAMPOSAMPIERO,NA,NA
2025-08-20 06:01:06,EF456GH,VEH002,RFD20241001301,Non Presente,NA,CARTA CONT.STRADALI,NA,45.5658,11.9399,NA,CAMPOSAMPIERO,CAMPOSAMPIERO,NA,NA
2025-08-20 07:45:50,AB123CD,VEH001,RFD20250820009,Presente,SECCO,SECCO PAP,UTZ009,45.5262,11.9529,BORGORICCO,BORGORICCO,CAMPOSAMPIERO,1100,26
2025-08-20 07:52:37,EF456GH,VEH002,RFD20241002071,Presente,CARTA,CARTA CONT.STRADALI,UTZ033,45.4325,11.7845,RUBANO,RUBANO,RUBANO,1100,26
2025-08-20 07:58:44,AB123CD,VEH001,RFD20250820063,Presente,SECCO,SECCO PAP,UTZ039,45.3675,11.9820,SAONARA,SAONARA,CAMPOSAMPIERO,1100,26
2025-08-20 08:29:25,AB123CD,VEH001,RFD20250514018,Presente,SECCO,SECCO PAP,UTZ005,45.7966,11.7361,POVE DEL GRAPPA,POVE DEL GRAPPA,BASSANO,1100,26
2025-08-20 09:08:37,AB123CD,VEH001,RFD20241002105,Presente,SECCO,SECCO PAP,UTZ002,45.7146,11.7669,ROSA',ROSA',BASSANO,240,26
2025-08-20 10:06:52,AB123CD,VEH001,RFD20250205056,Presente,SECCO,SECCO PAP,UTZ001,45.5196,11.8284,CURTAROLO,CURTAROLO,CAMPOSAMPIERO,240,26
2025-08-20 10:29:01,AB123CD,VEH001,RFD20241002183,Presente,SECCO,SECCO PAP,UTZ009,45.7282,11.7950,CASSOLA,CASSOLA,BASSANO,1100,26
2025-08-20 10:57:29,EF456GH,VEH002,RFD20241014226,Non Presente,NA,CARTA CONT.STRADALI,NA,45.4291,11.7858,NA,RUBANO,RUBANO,NA,NA
2025-08-20 11:20:05,AB123CD,VEH001,RFD20241002088,Presente,SECCO,SECCO PAP,UTZ005,45.7999,11.6070,LUSIANA CONCO,LUSIANA CONCO,ASIAGO,1100,26
2025-08-20 13:30:37,OP012QR,VEH004,RFD20241002078,Presente,SECCO,SECCO PAP,UTZ009,45.8878,11.5489,GALLIO,GALLIO,ASIAGO,1100,26
2025-08-20 13:36:24,OP012QR,VEH004,RFD20250203302,Presente,SECCO,SECCO PAP,UTZ002,45.7413,11.7006,MAROSTICA,BASSANO DEL GRAPPA,BASSANO,1100,26
2025-08-20 13:49:56,OP012QR,VEH004,RFD20241002203,Non Presente,NA,SECCO PAP,NA,45.3695,11.6594,NA,ROVOLON,RUBANO,NA,NA
2025-08-20 13:59:45,ST345UV,VEH005,RFD20241030153,Presente,VETRO,VETRO PAP,UTZ005,45.7238,11.6765,NOVE,NOVE,BASSANO,1100,26
2025-08-20 14:01:48,OP012QR,VEH004,RFD20241002094,Presente,SECCO,SECCO PAP,UTZ005,45.5788,11.9240,CAMPOSAMPIERO,CAMPOSAMPIERO,CAMPOSAMPIERO,240,26
2025-08-20 14:10:58,OP012QR,VEH004,RFD20250203302,Presente,SECCO,SECCO PAP,UTZ002,45.7402,11.6629,MAROSTICA,MAROSTICA,BASSANO,1100,26
2025-08-20 14:23:57,IL789MN,VEH003,RFD20241002217,Non Presente,NA,VERDE PAP,NA,45.6308,11.6937,NA,CARMIGNANO DI BRENTA,CAMPOSAMPIERO,NA,NA
2025-08-20 14:27:13,OP012QR,VEH004,RFD20241002184,Presente,SECCO,SECCO PAP,UTZ002,45.7700,11.7357,BASSANO DEL GRAPPA,BASSANO DEL GRAPPA,BASSANO,1100,26
2025-08-20 14:37:27,IL789MN,VEH003,RFD20241016234,Non Presente,NA,VERDE PAP,NA,45.5602,11.8171,NA,CAMPO SAN MARTINO,CAMPOSAMPIERO,NA,NA
2025-08-20 15:03:24,ST345UV,VEH005,RFD20241002229,Non Presente,NA,VETRO PAP,NA,45.7208,11.6121,NA,COLCERESA,BASSANO,NA,NA
2025-08-20 15:07:22,OP012QR,VEH004,RFD20241030037,Presente,SECCO,SECCO PAP,UTZ014,45.8815,11.5384,GALLIO,GALLIO,ASIAGO,1100,26
2025-08-20 15:57:17,IL789MN,VEH003,RFD20241002015,Presente,VERDE E RAMAGLIE,VERDE PAP,UTZ030,45.6656,11.8191,GALLIERA VENETA,GALLIERA VENETA,CAMPOSAMPIERO,1100,26
2025-08-20 16:54:56,IL789MN,VEH003,RFD20241002198,Presente,VERDE E RAMAGLIE,VERDE PAP,UTZ001,45.8722,11.5267,ASIAGO,ASIAGO,ASIAGO,240,26
2025-08-20 17:21:59,IL789MN,VEH003,RFD20241030027,Presente,VERDE E RAMAGLIE,VERDE PAP,UTZ024,45.3836,11.9774,SAONARA,SAONARA,CAMPOSAMPIERO,240,26
2025-08-21 06:07:34,OP012QR,VEH004,RFD20241001301,Non Presente,NA,SECCO PAP,NA,45.5659,11.9399,NA,CAMPOSAMPIERO,CAMPOSAMPIERO,NA,NA
2025-08-21 06:18:02,AB123CD,VEH001,RFD20241001301,Non Presente,NA,CARTA/CARTONE PAP,NA,45.5658,11.9399,NA,CAMPOSAMPIERO,CAMPOSAMPIERO,NA,NA
2025-08-21 06:39:58,AB123CD,VEH001,RFD20241017188,Presente,CARTA,CARTA/CARTONE PAP,UTZ015,45.5634,12.0207,MASSANZAGO,MASSANZAGO,CAMPOSAMPIERO,240,26
2025-08-21 08:36:15,EF456GH,VEH002,RFD20241017034,Presente,VETRO,VETRO PAP,UTZ036,45.7637,11.7391,BASSANO DEL GRAPPA,BASSANO DEL GRAPPA,BASSANO,1100,13
2025-08-21 08:38:51,AB123CD,VEH001,RFD20241003141,Presente,CARTA,CARTA/CARTONE PAP,UTZ008,45.5761,11.7104,GAZZO,GAZZO,CAMPOSAMPIERO,1100,26
2025-08-21 09:15:47,AB123CD,VEH001,RFD20241003096,Presente,CARTA,CARTA/CARTONE PAP,UTZ017,45.5712,11.9267,CAMPOSAMPIERO,CAMPOSAMPIERO,CAMPOSAMPIERO,1100,26
2025-08-21 10:02:16,EF456GH,VEH002,RFD20241003157,Presente,VETRO,VETRO PAP,UTZ013,45.4908,11.7441,CAMPODORO,CAMPODORO,RUBANO,1100,26
2025-08-21 12:43:28,EF456GH,VEH002,RFD20241003230,Non Presente,NA,VETRO PAP,NA,45.6961,11.6362,NA,SCHIAVON,BASSANO,NA,NA
2025-08-21 13:20:56,OP012QR,VEH004,RFD20250203302,Presente,SECCO,SECCO PAP,UTZ002,45.7283,11.6769,MAROSTICA,NOVE,BASSANO,1100,26
2025-08-21 13:23:39,IL789MN,VEH003,RFD20241003127,Presente,UMIDO,UMIDO CONT.STRADALI,UTZ001,45.7729,11.7288,BASSANO DEL GRAPPA,BASSANO DEL GRAPPA,BASSANO,240,26
2025-08-21 13:39:11,ST345UV,VEH005,RFD20241003138,Presente,PLASTICA E METALLI,PLAST.CONT.STRADALI,UTZ043,45.6088,11.6729,SAN PIETRO IN GU,SAN PIETRO IN GU,CAMPOSAMPIERO,770,26
2025-08-21 14:02:06,OP012QR,VEH004,RFD20250403104,Presente,SECCO,SECCO PAP,UTZ012,45.3328,11.7373,TORREGLIA,TORREGLIA,RUBANO,1100,26
2025-08-21 14:38:23,OP012QR,VEH004,RFD20241003061,Presente,SECCO,SECCO PAP,UTZ002,45.5340,11.9613,BORGORICCO,BORGORICCO,CAMPOSAMPIERO,1100,26
2025-08-21 16:33:02,OP012QR,VEH004,RFD20241003164,Presente,SECCO,SECCO PAP,UTZ003,45.7796,11.7296,BASSANO DEL GRAPPA,BASSANO DEL GRAPPA,BASSANO,240,26
2025-08-21 17:03:56,IL789MN,VEH003,RFD20241003303,Presente,UMIDO,UMIDO CONT.STRADALI,UTZ002,45.7749,11.8031,MUSSOLENTE,MUSSOLENTE,BASSANO,240,26
2025-08-21 18:22:01,OP012QR,VEH004,RFD20250203302,Presente,SECCO,SECCO PAP,UTZ002,45.7419,11.7013,MAROSTICA,BASSANO DEL GRAPPA,BASSANO,1100,26
2025-08-22 06:15:39,AB123CD,VEH001,RFD20241001301,Non Presente,NA,SECCO PAP,NA,45.5658,11.9399,NA,CAMPOSAMPIERO,CAMPOSAMPIERO,NA,NA
2025-08-22 06:28:47,AB123CD,VEH001,RFD20241004065,Presente,SECCO,SECCO PAP,UTZ007,45.6155,11.6652,SAN PIETRO IN GU,SAN PIETRO IN GU,CAMPOSAMPIERO,1100,26
2025-08-22 07:20:42,AB123CD,VEH001,RFD20250207211,Non Presente,NA,SECCO PAP,NA,45.7172,11.6854,NA,NOVE,BASSANO,NA,NA
2025-08-22 08:13:01,AB123CD,VEH001,RFD20241004003,Presente,SECCO,SECCO PAP,UTZ008,45.4364,11.7858,RUBANO,RUBANO,RUBANO,240,26
2025-08-22 08:57:15,EF456GH,VEH002,RFD20241004123,Presente,CARTA,CARTA CONT.STRADALI,UTZ032,45.6489,11.7783,CITTADELLA,CITTADELLA,CAMPOSAMPIERO,240,26
2025-08-22 09:08:43,EF456GH,VEH002,RFD20241018161,Presente,CARTA,CARTA CONT.STRADALI,UTZ034,45.5714,11.9293,CAMPOSAMPIERO,CAMPOSAMPIERO,CAMPOSAMPIERO,1100,26
2025-08-22 09:18:58,EF456GH,VEH002,RFD20250221038,Presente,CARTA,CARTA CONT.STRADALI,UTZ005,45.6901,11.6327,SCHIAVON,SCHIAVON,BASSANO,240,26
2025-08-22 10:03:06,EF456GH,VEH002,RFD20241004197,Presente,CARTA,CARTA CONT.STRADALI,UTZ018,45.8648,11.5127,ASIAGO,ASIAGO,ASIAGO,240,26
2025-08-22 10:54:00,EF456GH,VEH002,RFD20241004159,Presente,CARTA,CARTA CONT.STRADALI,UTZ004,45.4415,11.7880,RUBANO,RUBANO,RUBANO,1100,26
2025-08-22 11:00:19,AB123CD,VEH001,RFD20241004137,Presente,SECCO,SECCO PAP,UTZ012,45.5271,11.9710,BORGORICCO,BORGORICCO,CAMPOSAMPIERO,1100,26
2025-08-22 11:20:00,EF456GH,VEH002,RFD20241004028,Presente,CARTA,CARTA CONT.STRADALI,UTZ005,45.8599,11.3939,ROTZO,ROTZO,ASIAGO,240,26
2025-08-22 13:38:42,OP012QR,VEH004,RFD20250418055,Presente,SECCO,SECCO PAP,UTZ002,45.8007,11.6140,LUSIANA CONCO,LUSIANA CONCO,ASIAGO,240,26
2025-08-22 14:33:01,IL789MN,VEH003,RFD20241004177,Presente,PLASTICA E METALLI,PLASTICA PAP,UTZ048,45.7668,11.7335,BASSANO DEL GRAPPA,BASSANO DEL GRAPPA,BASSANO,770,26
2025-08-22 15:05:04,OP012QR,VEH004,RFD20250203302,Presente,SECCO,SECCO PAP,UTZ002,45.7312,11.6735,MAROSTICA,MAROSTICA,BASSANO,1100,26
2025-08-22 15:22:08,OP012QR,VEH004,RFD20241018010,Presente,SECCO,SECCO PAP,UTZ001,45.3633,11.9846,SAONARA,SAONARA,CAMPOSAMPIERO,1100,26
2025-08-22 16:55:11,ST345UV,VEH005,RFD20241004115,Presente,VETRO,VETRO PAP,UTZ001,45.4292,11.7850,RUBANO,RUBANO,RUBANO,1100,26
2025-08-22 16:57:15,OP012QR,VEH004,RFD20250203302,Presente,SECCO,SECCO PAP,UTZ002,45.7397,11.6637,MAROSTICA,MAROSTICA,BASSANO,1100,26
2025-08-22 17:14:23,ST345UV,VEH005,RFD20241004185,Presente,VETRO,VETRO PAP,UTZ043,45.4033,11.7497,SACCOLONGO,SACCOLONGO,RUBANO,1100,26
2025-08-23 06:05:08,EF456GH,VEH002,RFD20241001301,Non Presente,NA,VETRO PAP,NA,45.5658,11.9399,NA,CAMPOSAMPIERO,CAMPOSAMPIERO,NA,NA
2025-08-23 06:16:35,AB123CD,VEH001,RFD20241001301,Non Presente,NA,CARTA/CARTONE PAP,NA,45.5658,11.9399,NA,CAMPOSAMPIERO,CAMPOSAMPIERO,NA,NA
2025-08-23 12:18:09,OP012QR,VEH004,RFD20241005091,Presente,SECCO,SECCO PAP,UTZ016,45.5854,11.8055,SAN GIORGIO IN BOSCO,SAN GIORGIO IN BOSCO,CAMPOSAMPIERO,1100,26
2025-08-23 13:39:48,OP012QR,VEH004,RFD20241005012,Presente,SECCO,SECCO PAP,UTZ035,45.8086,11.7286,POVE DEL GRAPPA,POVE DEL GRAPPA,BASSANO,1100,26
2025-08-23 14:11:57,OP012QR,VEH004,RFD20250203302,Presente,SECCO,SECCO PAP,UTZ002,45.7341,11.6910,MAROSTICA,BASSANO DEL GRAPPA,BASSANO,1100,26
2025-08-23 14:45:09,IL789MN,VEH003,RFD20241005169,Presente,VERDE E RAMAGLIE,VERDE PAP,UTZ008,45.6471,11.6824,POZZOLEONE,POZZOLEONE,BASSANO,240,26
2025-08-23 14:49:16,OP012QR,VEH004,RFD20241019135,Presente,SECCO,SECCO PAP,UTZ019,45.6500,11.8546,SAN MARTINO DI LUPARI,SAN MARTINO DI LUPARI,CAMPOSAMPIERO,240,26
2025-08-23 15:39:09,OP012QR,VEH004,RFD20250203302,Presente,SECCO,SECCO PAP,UTZ002,45.7261,11.6808,MAROSTICA,NOVE,BASSANO,1100,26
2025-08-23 16:02:54,IL789MN,VEH003,RFD20241005144,Presente,VERDE E RAMAGLIE,VERDE PAP,UTZ013,45.4200,11.6829,CERVARESE SANTA CROCE,CERVARESE SANTA CROCE,RUBANO,240,26
2025-08-23 17:15:15,IL789MN,VEH003,RFD20241005064,Presente,VERDE E RAMAGLIE,VERDE PAP,UTZ010,45.3061,11.7337,GALZIGNANO TERME,GALZIGNANO TERME,RUBANO,240,26
2025-08-24 07:17:46,AB123CD,VEH001,RFD20241006147,Presente,CARTA,CARTA CONT.STRADALI,UTZ003,45.3314,11.7374,TORREGLIA,TORREGLIA,RUBANO,240,26
2025-08-24 07:20:04,AB123CD,VEH001,RFD20241006101,Presente,CARTA,CARTA CONT.STRADALI,UTZ012,45.5776,11.9330,CAMPOSAMPIERO,CAMPOSAMPIERO,CAMPOSAMPIERO,1100,26
2025-08-24 08:07:25,AB123CD,VEH001,RFD20241006174,Presente,CARTA,CARTA CONT.STRADALI,UTZ047,45.3069,11.7163,GALZIGNANO TERME,GALZIGNANO TERME,RUBANO,240,26
2025-08-24 08:29:27,AB123CD,VEH001,RFD20250713080,Presente,CARTA,CARTA CONT.STRADALI,UTZ001,45.4369,11.7483,MESTRINO,MESTRINO,RUBANO,240,26
2025-08-24 08:34:03,AB123CD,VEH001,RFD20241006168,Presente,CARTA,CARTA CONT.STRADALI,UTZ003,45.5471,12.0106,MASSANZAGO,MASSANZAGO,CAMPOSAMPIERO,1100,26
2025-08-24 09:19:35,AB123CD,VEH001,RFD20241006180,Presente,CARTA,CARTA CONT.STRADALI,UTZ003,45.6361,11.7542,FONTANIVA,FONTANIVA,CAMPOSAMPIERO,240,26
2025-08-24 09:34:04,AB123CD,VEH001,RFD20241006066,Presente,CARTA,CARTA CONT.STRADALI,UTZ011,45.3104,11.7320,GALZIGNANO TERME,GALZIGNANO TERME,RUBANO,1100,26
2025-08-24 09:47:06,AB123CD,VEH001,RFD20250713165,Presente,CARTA,CARTA CONT.STRADALI,UTZ004,45.8893,11.5498,GALLIO,GALLIO,ASIAGO,240,26
2025-08-24 10:01:08,AB123CD,VEH001,RFD20250713098,Presente,CARTA,CARTA CONT.STRADALI,UTZ001,45.6474,11.6824,POZZOLEONE,POZZOLEONE,BASSANO,1100,26
2025-08-24 10:21:05,AB123CD,VEH001,RFD20241006134,Presente,CARTA,CARTA CONT.STRADALI,UTZ001,45.5030,11.9010,CAMPODARSEGO,CAMPODARSEGO,CAMPOSAMPIERO,240,26
2025-08-24 11:17:16,AB123CD,VEH001,RFD20241006095,Presente,CARTA,CARTA CONT.STRADALI,UTZ034,45.4856,11.7455,CAMPODORO,CAMPODORO,RUBANO,1100,26
2025-08-25 06:07:06,ST345UV,VEH005,RFD20241001301,Non Presente,NA,ASSISTENTE SERVIZI,NA,45.5659,11.9399,NA,CAMPOSAMPIERO,CAMPOSAMPIERO,NA,NA
2025-08-25 06:28:07,IL789MN,VEH003,RFD20241007043,Presente,UMIDO,UMIDO PAP,UTZ001,45.7955,11.7349,POVE DEL GRAPPA,POVE DEL GRAPPA,BASSANO,240,26
2025-08-25 09:34:46,AB123CD,VEH001,RFD20241007146,Presente,SECCO,SECCO PAP,UTZ018,45.3019,11.7335,GALZIGNANO TERME,GALZIGNANO TERME,RUBANO,240,26
2025-08-25 12:29:32,OP012QR,VEH004,RFD20241007090,Presente,SECCO,SECCO PAP,UTZ021,45.7167,11.6078,COLCERESA,COLCERESA,BASSANO,1100,26
2025-08-25 12:47:26,OP012QR,VEH004,RFD20241007190,Presente,CARTA,SECCO PAP,UTZ031,45.4336,11.7793,RUBANO,RUBANO,RUBANO,1100,26
2025-08-25 13:05:46,OP012QR,VEH004,RFD20241007193,Presente,SECCO,SECCO PAP,UTZ005,45.6645,11.8335,GALLIERA VENETA,GALLIERA VENETA,CAMPOSAMPIERO,240,26
2025-08-25 13:20:50,IL789MN,VEH003,RFD20250505199,Presente,UMIDO,UMIDO CONT.STRADALI,UTZ034,45.4282,11.7886,RUBANO,RUBANO,RUBANO,240,26
2025-08-25 13:36:13,IL789MN,VEH003,RFD20241007233,Non Presente,NA,UMIDO CONT.STRADALI,NA,45.3299,11.8014,NA,MONTEGROTTO TERME,RUBANO,NA,NA
2025-08-25 13:38:23,IL789MN,VEH003,RFD20241007067,Presente,UMIDO,UMIDO CONT.STRADALI,UTZ010,45.3992,11.7456,SACCOLONGO,SACCOLONGO,RUBANO,770,26
2025-08-25 14:19:01,IL789MN,VEH003,RFD20250825166,Presente,UMIDO,UMIDO CONT.STRADALI,UTZ002,45.5911,11.8073,SAN GIORGIO IN BOSCO,SAN GIORGIO IN BOSCO,CAMPOSAMPIERO,240,26
2025-08-25 14:19:21,OP012QR,VEH004,RFD20250203302,Presente,SECCO,SECCO PAP,UTZ002,45.7438,11.7040,MAROSTICA,BASSANO DEL GRAPPA,BASSANO,1100,26
2025-08-25 14:41:53,OP012QR,VEH004,RFD20250203302,Presente,SECCO,SECCO PAP,UTZ002,45.7452,11.6571,MAROSTICA,MAROSTICA,BASSANO,1100,26
2025-08-25 15:28:25,ST345UV,VEH005,RFD20241007076,Presente,VETRO,VETRO PAP,UTZ001,45.7718,11.7305,BASSANO DEL GRAPPA,BASSANO DEL GRAPPA,BASSANO,1100,26
2025-08-25 15:48:05,ST345UV,VEH005,RFD20241007081,Presente,VETRO,VETRO PAP,UTZ003,45.7214,11.7649,ROSA',ROSA',BASSANO,1100,26
2025-08-25 17:00:40,OP012QR,VEH004,RFD20241007120,Presente,SECCO,SECCO PAP,UTZ002,45.4333,11.7852,RUBANO,RUBANO,RUBANO,1100,26
2025-08-26 09:13:55,EF456GH,VEH002,RFD20241008026,Presente,VETRO,VETRO PAP,UTZ008,45.7924,11.7303,POVE DEL GRAPPA,POVE DEL GRAPPA,BASSANO,1100,26
2025-08-26 09:21:25,AB123CD,VEH001,RFD20241022136,Presente,CARTA,CARTA/CARTONE PAP,UTZ038,45.7886,11.7571,ROMANO D'EZZELINO,ROMANO D'EZZELINO,BASSANO,240,26
2025-08-26 10:22:26,IL789MN,VEH003,RFD20241008059,Presente,UMIDO,UMIDO PAP,UTZ001,45.4021,11.7944,SELVAZZANO DENTRO,SELVAZZANO DENTRO,RUBANO,240,26
2025-08-26 12:34:17,OP012QR,VEH004,RFD20250325228,Non Presente,NA,SECCO PAP,NA,45.4793,11.8449,NA,LIMENA,RUBANO,NA,NA
2025-08-26 13:01:15,OP012QR,VEH004,RFD20241008077,Presente,SECCO,SECCO PAP,UTZ024,45.3619,11.6636,ROVOLON,ROVOLON,RUBANO,1100,26
2025-08-26 13:16:29,OP012QR,VEH004,RFD20241008102,Presente,SECCO,SECCO PAP,UTZ024,45.8898,11.6270,FOZA,FOZA,ASIAGO,1100,26
2025-08-26 13:28:13,ST345UV,VEH005,RFD20241008023,Presente,PLASTICA E METALLI,PLAST.CONT.STRADALI,UTZ027,45.3021,11.7242,GALZIGNANO TERME,GALZIGNANO TERME,RUBANO,770,26
2025-08-26 14:14:06,OP012QR,VEH004,RFD20250203302,Presente,SECCO,SECCO PAP,UTZ002,45.7350,11.6689,MAROSTICA,MAROSTICA,BASSANO,1100,26
2025-08-26 14:24:03,OP012QR,VEH004,RFD20250203302,Presente,SECCO,SECCO PAP,UTZ002,45.7427,11.6599,MAROSTICA,MAROSTICA,BASSANO,1100,26
2025-08-26 15:48:00,IL789MN,VEH003,RFD20241008032,Presente,PLASTICA E METALLI,PLASTICA PAP,UTZ026,45.3983,11.7486,SACCOLONGO,SACCOLONGO,RUBANO,770,26
2025-08-26 16:19:40,ST345UV,VEH005,RFD20241008187,Presente,PLASTICA E METALLI,PLAST.CONT.STRADALI,UTZ002,45.6584,11.8265,GALLIERA VENETA,GALLIERA VENETA,CAMPOSAMPIERO,770,26
2025-08-26 16:55:08,OP012QR,VEH004,RFD20241008099,Presente,SECCO,SECCO PAP,UTZ015,45.7173,11.7676,ROSA',ROSA',BASSANO,1100,26
2025-08-26 18:55:08,ST345UV,VEH005,RFD20241001301,Non Presente,NA,PLAST.CONT.STRADALI,NA,45.5659,11.9398,NA,CAMPOSAMPIERO,CAMPOSAMPIERO,NA,NA
2025-08-27 06:07:53,EF456GH,VEH002,RFD20241001301,Non Presente,NA,CARTA CONT.STRADALI,NA,45.5658,11.9400,NA,CAMPOSAMPIERO,CAMPOSAMPIERO,NA,NA
2025-08-27 07:12:44,AB123CD,VEH001,RFD20241009151,Presente,SECCO,SECCO PAP,UTZ026,45.5938,11.9394,LOREGGIA,LOREGGIA,CAMPOSAMPIERO,240,26
2025-08-27 07:28:50,AB123CD,VEH001,RFD20241009128,Presente,SECCO,SECCO PAP,UTZ002,45.4110,11.7370,SACCOLONGO,SACCOLONGO,RUBANO,1100,26
2025-08-27 08:30:27,AB123CD,VEH001,RFD20241009189,Presente,SECCO,SECCO PAP,UTZ002,45.4232,11.7904,RUBANO,RUBANO,RUBANO,1100,26
2025-08-27 09:26:13,AB123CD,VEH001,RFD20241009111,Presente,SECCO,SECCO PAP,UTZ042,45.6086,11.6743,SAN PIETRO IN GU,SAN PIETRO IN GU,CAMPOSAMPIERO,240,26
2025-08-27 10:32:05,AB123CD,VEH001,RFD20241009106,Presente,SECCO,SECCO PAP,UTZ004,45.7671,11.7354,BASSANO DEL GRAPPA,BASSANO DEL GRAPPA,BASSANO,240,26
2025-08-27 11:02:41,AB123CD,VEH001,RFD20241009108,Presente,SECCO,SECCO PAP,UTZ003,45.6953,11.7106,TEZZE SUL BRENTA,TEZZE SUL BRENTA,BASSANO,240,26
2025-08-27 11:03:27,EF456GH,VEH002,RFD20241009218,Non Presente,NA,CARTA CONT.STRADALI,NA,45.5588,11.9136,NA,SANTA GIUSTINA IN COLLE,CAMPOSAMPIERO,NA,NA
2025-08-27 14:07:34,OP012QR,VEH004,RFD20241009107,Presente,SECCO,SECCO PAP,UTZ033,45.5707,11.9321,CAMPOSAMPIERO,CAMPOSAMPIERO,CAMPOSAMPIERO,1100,26
2025-08-27 14:21:42,ST345UV,VEH005,RFD20241009150,Presente,VETRO,VETRO PAP,UTZ027,45.5791,11.9324,CAMPOSAMPIERO,CAMPOSAMPIERO,CAMPOSAMPIERO,1100,26
2025-08-27 14:24:14,IL789MN,VEH003,RFD20241009045,Presente,VERDE E RAMAGLIE,VERDE PAP,UTZ030,45.5619,12.0079,MASSANZAGO,MASSANZAGO,CAMPOSAMPIERO,240,26
2025-08-27 14:41:15,IL789MN,VEH003,RFD20241009205,Non Presente,NA,VERDE PAP,NA,45.8678,11.5016,NA,ASIAGO,ASIAGO,NA,NA
2025-08-27 15:41:11,OP012QR,VEH004,RFD20241009085,Presente,SECCO,SECCO PAP,UTZ016,45.4843,11.8337,LIMENA,LIMENA,RUBANO,1100,26
2025-08-27 15:54:45,OP012QR,VEH004,RFD20241009140,Presente,SECCO,SECCO PAP,UTZ002,45.9451,11.7211,ENEGO,ENEGO,ASIAGO,1100,26
2025-08-27 16:31:25,OP012QR,VEH004,RFD20250203302,Presente,SECCO,SECCO PAP,UTZ002,45.7283,11.6836,MAROSTICA,NOVE,BASSANO,1100,26
2025-08-27 17:32:44,OP012QR,VEH004,RFD20250203302,Presente,SECCO,SECCO PAP,UTZ002,45.7433,11.6594,MAROSTICA,MAROSTICA,BASSANO,1100,26
2025-08-27 18:44:55,IL789MN,VEH003,RFD20241001301,Non Presente,NA,VERDE PAP,NA,45.5658,11.9400,NA,CAMPOSAMPIERO,CAMPOSAMPIERO,NA,NA
2025-08-28 08:09:55,IL789MN,VEH003,RFD20241010068,Presente,UMIDO,UMIDO PAP,UTZ004,45.4898,11.7451,CAMPODORO,CAMPODORO,RUBANO,240,26
2025-08-28 08:46:18,EF456GH,VEH002,RFD20241024149,Presente,VETRO,VETRO PAP,UTZ004,45.5622,11.9086,SANTA GIUSTINA IN COLLE,SANTA GIUSTINA IN COLLE,CAMPOSAMPIERO,1100,13
2025-08-28 09:58:27,AB123CD,VEH001,RFD20241010194,Presente,CARTA,CARTA/CARTONE PAP,UTZ017,45.7813,11.7309,BASSANO DEL GRAPPA,BASSANO DEL GRAPPA,BASSANO,240,26
2025-08-28 10:23:00,AB123CD,VEH001,RFD20241010013,Presente,CARTA,CARTA/CARTONE PAP,UTZ009,45.7802,11.7402,BASSANO DEL GRAPPA,BASSANO DEL GRAPPA,BASSANO,1100,26
2025-08-28 13:31:42,OP012QR,VEH004,RFD20250203302,Presente,SECCO,SECCO PAP,UTZ002,45.7332,11.6902,MAROSTICA,NOVE,BASSANO,1100,26
2025-08-28 13:47:59,IL789MN,VEH003,RFD20241010178,Presente,UMIDO,UMIDO CONT.STRADALI,UTZ004,45.6588,11.8249,GALLIERA VENETA,GALLIERA VENETA,CAMPOSAMPIERO,240,26
2025-08-28 14:17:30,ST345UV,VEH005,RFD20241010022,Presente,PLASTICA E METALLI,PLAST.CONT.STRADALI,UTZ032,45.3665,11.9840,SAONARA,SAONARA,CAMPOSAMPIERO,770,26
2025-08-28 14:19:44,OP012QR,VEH004,RFD20250313133,Presente,SECCO,SECCO PAP,UTZ005,45.6413,11.7535,FONTANIVA,FONTANIVA,CAMPOSAMPIERO,1100,26
2025-08-28 14:52:50,OP012QR,VEH004,RFD20250203302,Presente,SECCO,SECCO PAP,UTZ002,45.7381,11.6967,MAROSTICA,BASSANO DEL GRAPPA,BASSANO,1100,26
2025-08-28 14:58:42,ST345UV,VEH005,RFD20241010079,Presente,PLASTICA E METALLI,PLAST.CONT.STRADALI,UTZ004,45.8870,11.6249,FOZA,FOZA,ASIAGO,770,26
2025-08-28 15:01:38,ST345UV,VEH005,RFD20250523232,Non Presente,NA,PLAST.CONT.STRADALI,NA,45.5732,11.7134,NA,GAZZO,CAMPOSAMPIERO,NA,NA
2025-08-28 15:07:45,IL789MN,VEH003,RFD20241010109,Presente,UMIDO,UMIDO CONT.STRADALI,UTZ018,45.7767,11.7330,BASSANO DEL GRAPPA,BASSANO DEL GRAPPA,BASSANO,770,26
2025-08-28 15:44:15,ST345UV,VEH005,RFD20241010154,Presente,PLASTICA E METALLI,PLAST.CONT.STRADALI,UTZ005,45.8640,11.5159,ASIAGO,ASIAGO,ASIAGO,770,26
2025-08-28 16:43:49,OP012QR,VEH004,RFD20241010074,Presente,SECCO,SECCO PAP,UTZ006,45.6210,11.6994,CARMIGNANO DI BRENTA,CARMIGNANO DI BRENTA,CAMPOSAMPIERO,1100,26
2025-08-28 17:00:49,OP012QR,VEH004,RFD20241010069,Presente,SECCO,SECCO PAP,UTZ020,45.7309,11.7593,ROSA',ROSA',BASSANO,240,26
2025-08-28 18:44:03,IL789MN,VEH003,RFD20241001301,Non Presente,NA,UMIDO CONT.STRADALI,NA,45.5658,11.9400,NA,CAMPOSAMPIERO,CAMPOSAMPIERO,NA,NA
2025-08-29 06:10:00,OP012QR,VEH004,RFD20241001301,Non Presente,NA,SECCO PAP,NA,45.5659,11.9399,NA,CAMPOSAMPIERO,CAMPOSAMPIERO,NA,NA
2025-08-29 07:33:38,AB123CD,VEH001,RFD20241011132,Presente,SECCO,SECCO PAP,UTZ001,45.5773,11.9309,CAMPOSAMPIERO,CAMPOSAMPIERO,CAMPOSAMPIERO,1100,26
2025-08-29 08:10:27,EF456GH,VEH002,RFD20241011223,Non Presente,NA,CARTA CONT.STRADALI,NA,45.9025,11.6324,NA,FOZA,ASIAGO,NA,NA
2025-08-29 09:26:44,AB123CD,VEH001,RFD20241011139,Presente,SECCO,SECCO PAP,UTZ002,45.6196,11.6597,SAN PIETRO IN GU,SAN PIETRO IN GU,CAMPOSAMPIERO,1100,26
2025-08-29 10:33:00,AB123CD,VEH001,RFD20250425200,Presente,SECCO,SECCO PAP,UTZ015,45.5440,11.9261,SAN GIORGIO DELLE PERTICHE,SAN GIORGIO DELLE PERTICHE,CAMPOSAMPIERO,1100,26
2025-08-29 13:43:46,ST345UV,VEH005,RFD20241025175,Presente,VETRO,VETRO PAP,UTZ006,45.4899,11.7533,CAMPODORO,CAMPODORO,RUBANO,1100,13
2025-08-29 14:02:27,ST345UV,VEH005,RFD20241025087,Presente,VETRO,VETRO PAP,UTZ021,45.4965,11.9048,CAMPODARSEGO,CAMPODARSEGO,CAMPOSAMPIERO,1100,13
2025-08-29 14:56:14,ST345UV,VEH005,RFD20241011182,Presente,VETRO,VETRO PAP,UTZ047,45.5921,11.6997,GAZZO,GAZZO,CAMPOSAMPIERO,1100,26
2025-08-29 15:03:58,ST345UV,VEH005,RFD20241025060,Presente,VETRO,VETRO PAP,UTZ003,45.3333,11.7956,MONTEGROTTO TERME,MONTEGROTTO TERME,RUBANO,1100,13
2025-08-29 15:27:36,OP012QR,VEH004,RFD20241011124,Presente,SECCO,SECCO PAP,UTZ001,45.6386,11.8460,SAN MARTINO DI LUPARI,SAN MARTINO DI LUPARI,CAMPOSAMPIERO,240,26
2025-08-29 15:46:55,OP012QR,VEH004,RFD20250203302,Presente,SECCO,SECCO PAP,UTZ002,45.7382,11.6970,MAROSTICA,BASSANO DEL GRAPPA,BASSANO,1100,26
2025-08-29 15:59:11,ST345UV,VEH005,RFD20241011125,Presente,VETRO,VETRO PAP,UTZ014,45.5743,11.9220,CAMPOSAMPIERO,CAMPOSAMPIERO,CAMPOSAMPIERO,1100,26
2025-08-29 16:13:12,IL789MN,VEH003,RFD20241011019,Presente,PLASTICA E METALLI,PLASTICA PAP,UTZ001,45.6001,12.0032,PIOMBINO DESE,PIOMBINO DESE,CAMPOSAMPIERO,770,26
2025-08-29 16:57:18,IL789MN,VEH003,RFD20241025075,Presente,PLASTICA E METALLI,PLASTICA PAP,UTZ001,45.7967,11.7437,ROMANO D'EZZELINO,ROMANO D'EZZELINO,BASSANO,770,26
2025-08-29 17:58:15,OP012QR,VEH004,RFD20250203302,Presente,SECCO,SECCO PAP,UTZ002,45.7297,11.6853,MAROSTICA,NOVE,BASSANO,1100,26
2025-08-29 17:59:06,OP012QR,VEH004,RFD20241011004,Presente,SECCO,SECCO PAP,UTZ024,45.7922,11.7672,ROMANO D'EZZELINO,ROMANO D'EZZELINO,BASSANO,240,26
2025-08-30 06:01:11,AB123CD,VEH001,RFD20241001301,Non Presente,NA,CARTA/CARTONE PAP,NA,45.5658,11.9399,NA,CAMPOSAMPIERO,CAMPOSAMPIERO,NA,NA
2025-08-30 06:09:15,OP012QR,VEH004,RFD20241001301,Non Presente,NA,SECCO PAP,NA,45.5658,11.9400,NA,CAMPOSAMPIERO,CAMPOSAMPIERO,NA,NA
2025-08-30 06:58:21,OP012QR,VEH004,RFD20250325228,Non Presente,NA,SECCO PAP,NA,45.4794,11.8448,NA,LIMENA,RUBANO,NA,NA
2025-08-30 07:28:36,AB123CD,VEH001,RFD20241012118,Presente,CARTA,CARTA/CARTONE PAP,UTZ019,45.6946,11.7070,TEZZE SUL BRENTA,TEZZE SUL BRENTA,BASSANO,1100,26
2025-08-30 08:36:40,IL789MN,VEH003,RFD20250215084,Presente,UMIDO,UMIDO PAP,UTZ022,45.6087,11.7350,GRANTORTO,GRANTORTO,CAMPOSAMPIERO,240,26
2025-08-30 09:09:11,AB123CD,VEH001,RFD20241012116,Presente,CARTA,CARTA/CARTONE PAP,UTZ009,45.3961,11.7907,SELVAZZANO DENTRO,SELVAZZANO DENTRO,RUBANO,240,26
2025-08-30 12:55:34,OP012QR,VEH004,RFD20250203302,Presente,SECCO,SECCO PAP,UTZ002,45.7258,11.6800,MAROSTICA,NOVE,BASSANO,1100,26
2025-08-30 14:00:20,IL789MN,VEH003,RFD20241012047,Presente,VERDE E RAMAGLIE,VERDE PAP,UTZ028,45.7548,11.7434,BASSANO DEL GRAPPA,BASSANO DEL GRAPPA,BASSANO,240,26
2025-08-30 15:22:58,IL789MN,VEH003,RFD20241008231,Non Presente,NA,VERDE PAP,NA,45.6868,11.6999,NA,TEZZE SUL BRENTA,BASSANO,NA,NA
2025-08-30 15:51:04,IL789MN,VEH003,RFD20241012089,Presente,VERDE E RAMAGLIE,VERDE PAP,UTZ017,45.7289,11.6732,NOVE,NOVE,BASSANO,240,26
2025-08-30 18:44:21,OP012QR,VEH004,RFD20250203302,Presente,SECCO,SECCO PAP,UTZ002,45.7342,11.6700,MAROSTICA,MAROSTICA,BASSANO,1100,26
2025-08-31 07:03:27,AB123CD,VEH001,RFD20241013046,Presente,CARTA,CARTA CONT.STRADALI,UTZ035,45.3083,11.7299,GALZIGNANO TERME,GALZIGNANO TERME,RUBANO,240,26
2025-08-31 07:34:23,AB123CD,VEH001,RFD20241013130,Presente,CARTA,CARTA CONT.STRADALI,UTZ004,45.4267,11.6851,CERVARESE SANTA CROCE,CERVARESE SANTA CROCE,RUBANO,240,26
2025-08-31 07:52:55,AB123CD,VEH001,RFD20241013030,Presente,CARTA,CARTA CONT.STRADALI,UTZ001,45.6914,11.7994,ROSSANO VENETO,ROSSANO VENETO,BASSANO,1100,26
2025-08-31 08:04:00,AB123CD,VEH001,RFD20241013129,Presente,CARTA,CARTA CONT.STRADALI,UTZ031,45.6329,11.7060,CARMIGNANO DI BRENTA,CARMIGNANO DI BRENTA,CAMPOSAMPIERO,240,26
2025-08-31 08:15:30,AB123CD,VEH001,RFD20241009227,Non Presente,NA,CARTA CONT.STRADALI,NA,45.8965,11.5510,NA,GALLIO,ASIAGO,NA,NA
2025-08-31 08:52:12,AB123CD,VEH001,RFD20241013083,Presente,CARTA,CARTA CONT.STRADALI,UTZ030,45.3139,11.7394,GALZIGNANO TERME,GALZIGNANO TERME,RUBANO,240,26
2025-08-31 09:12:09,AB123CD,VEH001,RFD20241013172,Presente,CARTA,CARTA CONT.STRADALI,UTZ001,45.3299,11.7373,TORREGLIA,TORREGLIA,RUBANO,240,26
2025-09-01 06:00:00,AB123CD,VEH001,RFD20250901001,Presente,CARTA,SECCO PAP,UTZ001,45.7667,11.7342,BASSANO DEL GRAPPA,BASSANO DEL GRAPPA,BASSANO,240,26
2025-09-01 06:15:00,AB123CD,VEH001,RFD20250901002,Presente,SECCO,SECCO PAP,UTZ002,45.7674,11.7349,BASSANO DEL GRAPPA,BASSANO DEL GRAPPA,BASSANO,1100,26
2025-09-01 06:22:48,ST345UV,VEH005,RFD20241001301,Non Presente,NA,ASSISTENTE SERVIZI,NA,45.5658,11.9400,NA,CAMPOSAMPIERO,CAMPOSAMPIERO,NA,NA
2025-09-01 06:30:00,AB123CD,VEH001,RFD20250901201,Non Presente,NA,SECCO PAP,NA,45.7681,11.7356,NA,BASSANO DEL GRAPPA,BASSANO,NA,NA
2025-09-01 07:20:40,IL789MN,VEH003,RFD20241008208,Non Presente,NA,UMIDO PAP,NA,45.8668,11.5123,NA,ASIAGO,ASIAGO,NA,NA
2025-09-01 09:15:38,EF456GH,VEH002,RFD20250331008,Presente,CARTA,CARTA CONT.STRADALI,UTZ001,45.5242,11.8287,CURTAROLO,CURTAROLO,CAMPOSAMPIERO,240,26
2025-09-01 09:18:23,EF456GH,VEH002,RFD20241014011,Presente,CARTA,CARTA CONT.STRADALI,UTZ034,45.6445,11.8630,SAN MARTINO DI LUPARI,SAN MARTINO DI LUPARI,CAMPOSAMPIERO,1100,26
2025-09-01 09:39:26,AB123CD,VEH001,RFD20241014117,Presente,SECCO,SECCO PAP,UTZ001,45.6416,11.7837,CITTADELLA,CITTADELLA,CAMPOSAMPIERO,1100,26
2025-09-01 10:06:24,EF456GH,VEH002,RFD20241014191,Presente,CARTA,CARTA CONT.STRADALI,UTZ005,45.3677,11.6627,ROVOLON,ROVOLON,RUBANO,1100,26
2025-09-01 12:33:52,OP012QR,VEH004,RFD20250203302,Presente,SECCO,SECCO PAP,UTZ002,45.7275,11.6778,MAROSTICA,NOVE,BASSANO,1100,26
2025-09-01 12:48:05,OP012QR,VEH004,RFD20250901050,Presente,SECCO,SECCO PAP,UTZ001,45.6960,11.6417,SCHIAVON,SCHIAVON,BASSANO,240,26
2025-09-01 13:01:39,OP012QR,VEH004,RFD20241014024,Presente,SECCO,SECCO PAP,UTZ040,45.5362,11.9673,BORGORICCO,BORGORICCO,CAMPOSAMPIERO,1100,26
2025-09-01 14:12:56,OP012QR,VEH004,RFD20241014033,Presente,SECCO,SECCO PAP,UTZ006,45.8593,11.4001,ROTZO,ROTZO,ASIAGO,1100,26
2025-09-01 14:42:20,IL789MN,VEH003,RFD20241028145,Presente,UMIDO,UMIDO CONT.STRADALI,UTZ004,45.4286,11.7850,RUBANO,RUBANO,RUBANO,240,26
2025-09-01 15:01:52,IL789MN,VEH003,RFD20241028173,Presente,UMIDO,UMIDO CONT.STRADALI,UTZ004,45.7623,11.7419,BASSANO DEL GRAPPA,BASSANO DEL GRAPPA,BASSANO,240,26
2025-09-01 16:30:35,OP012QR,VEH004,RFD20241028163,Presente,SECCO,SECCO PAP,UTZ003,45.7272,11.7667,ROSA',ROSA',BASSANO,1100,26
2025-09-01 17:54:15,OP012QR,VEH004,RFD20250203302,Presente,SECCO,SECCO PAP,UTZ002,45.7436,11.7037,MAROSTICA,BASSANO DEL GRAPPA,BASSANO,1100,26
2025-09-02 06:48:50,AB123CD,VEH001,RFD20250624006,Presente,CARTA,CARTA/CARTONE PAP,UTZ003,45.6302,11.7010,CARMIGNANO DI BRENTA,CARMIGNANO DI BRENTA,CAMPOSAMPIERO,240,26
2025-09-02 07:59:16,AB123CD,VEH001,RFD20241001103,Presente,CARTA,CARTA/CARTONE PAP,UTZ013,45.5660,11.9180,CAMPOSAMPIERO,CAMPOSAMPIERO,CAMPOSAMPIERO,240,26
2025-09-02 08:31:19,AB123CD,VEH001,RFD20241001040,Presente,CARTA,CARTA/CARTONE PAP,UTZ006,45.4759,11.8480,LIMENA,LIMENA,RUBANO,240,26
2025-09-02 09:32:52,IL789MN,VEH003,RFD20241001072,Presente,UMIDO,UMIDO PAP,UTZ003,45.8084,11.5992,LUSIANA CONCO,LUSIANA CONCO,ASIAGO,240,26
2025-09-02 10:15:01,IL789MN,VEH003,RFD20241001152,Presente,UMIDO,UMIDO PAP,UTZ037,45.4374,11.9253,CADONEGHE,CADONEGHE,CAMPOSAMPIERO,240,26
2025-09-02 13:15:47,IL789MN,VEH003,RFD20241001122,Presente,PLASTICA E METALLI,PLASTICA PAP,UTZ012,45.8052,11.7259,POVE DEL GRAPPA,POVE DEL GRAPPA,BASSANO,770,26
2025-09-02 14:03:57,ST345UV,VEH005,RFD20241001114,Presente,PLASTICA E METALLI,PLAST.CONT.STRADALI,UTZ005,45.8610,11.5203,ASIAGO,ASIAGO,ASIAGO,770,26
2025-09-02 14:15:47,IL789MN,VEH003,RFD20241001158,Presente,PLASTICA E METALLI,PLASTICA PAP,UTZ034,45.6545,11.8574,SAN MARTINO DI LUPARI,SAN MARTINO DI LUPARI,CAMPOSAMPIERO,770,26
2025-09-02 14:31:03,OP012QR,VEH004,RFD20241001181,Presente,SECCO,SECCO PAP,UTZ008,45.6546,11.6827,POZZOLEONE,POZZOLEONE,BASSANO,1100,26
2025-09-02 15:12:03,OP012QR,VEH004,RFD20241015048,Presente,SECCO,SECCO PAP,UTZ030,45.4295,11.7921,RUBANO,RUBANO,RUBANO,1100,26
2025-09-02 15:20:24,OP012QR,VEH004,RFD20241001058,Presente,SECCO,SECCO PAP,UTZ035,45.3439,11.6638,TEOLO,TEOLO,RUBANO,1100,26
2025-09-02 18:19:17,OP012QR,VEH004,RFD20250203302,Presente,SECCO,SECCO PAP,UTZ002,45.7375,11.6663,MAROSTICA,MAROSTICA,BASSANO,1100,26
2025-09-02 18:33:30,OP012QR,VEH004,RFD20250203302,Presente,SECCO,SECCO PAP,UTZ002,45.7309,11.6734,MAROSTICA,MAROSTICA,BASSANO,1100,26
2025-09-02 18:38:24,AB123CD,VEH001,RFD20241001301,Non Presente,NA,CARTA/CARTONE PAP,NA,45.5657,11.9399,NA,CAMPOSAMPIERO,CAMPOSAMPIERO,NA,NA
2025-09-02 18:50:21,IL789MN,VEH003,RFD20241109214,Non Presente,NA,PLASTICA PAP,NA,45.6046,11.7306,NA,GRANTORTO,CAMPOSAMPIERO,NA,NA
2025-09-03 06:44:24,AB123CD,VEH001,RFD20241002049,Presente,SECCO,SECCO PAP,UTZ003,45.3395,11.7380,TORREGLIA,TORREGLIA,RUBANO,1100,26
2025-09-03 07:17:56,AB123CD,VEH001,RFD20250820009,Presente,SECCO,SECCO PAP,UTZ009,45.5262,11.9529,BORGORICCO,BORGORICCO,CAMPOSAMPIERO,1100,26
2025-09-03 07:47:11,EF456GH,VEH002,RFD20241002071,Presente,CARTA,CARTA CONT.STRADALI,UTZ033,45.4325,11.7847,RUBANO,RUBANO,RUBANO,1100,26
2025-09-03 08:00:17,AB123CD,VEH001,RFD20250820063,Presente,SECCO,SECCO PAP,UTZ039,45.3676,11.9819,SAONARA,SAONARA,CAMPOSAMPIERO,1100,26
2025-09-03 08:34:46,AB123CD,VEH001,RFD20250514018,Presente,SECCO,SECCO PAP,UTZ005,45.7964,11.7361,POVE DEL GRAPPA,POVE DEL GRAPPA,BASSANO,1100,26
2025-09-03 08:59:44,EF456GH,VEH002,RFD20241002131,Presente,CARTA,CARTA CONT.STRADALI,UTZ001,45.8910,11.6336,FOZA,FOZA,ASIAGO,240,26
2025-09-03 09:21:40,AB123CD,VEH001,RFD20241002105,Presente,SECCO,SECCO PAP,UTZ002,45.7147,11.7667,ROSA',ROSA',BASSANO,240,26
2025-09-03 10:10:19,AB123CD,VEH001,RFD20241002183,Presente,SECCO,SECCO PAP,UTZ009,45.7284,11.7952,CASSOLA,CASSOLA,BASSANO,1100,26
2025-09-03 10:27:53,EF456GH,VEH002,RFD20241002073,Presente,CARTA,CARTA CONT.STRADALI,UTZ050,45.4021,11.7537,SACCOLONGO,SACCOLONGO,RUBANO,1100,26
2025-09-03 11:39:23,AB123CD,VEH001,RFD20241002088,Presente,SECCO,SECCO PAP,UTZ005,45.8000,11.6070,LUSIANA CONCO,LUSIANA CONCO,ASIAGO,1100,26
2025-09-03 13:28:02,OP012QR,VEH004,RFD20241002203,Non Presente,NA,SECCO PAP,NA,45.3696,11.6595,NA,ROVOLON,RUBANO,NA,NA
2025-09-03 13:46:05,OP012QR,VEH004,RFD20241002078,Presente,SECCO,SECCO PAP,UTZ009,45.8879,11.5488,GALLIO,GALLIO,ASIAGO,1100,26
2025-09-03 13:52:45,OP012QR,VEH004,RFD20241002094,Presente,SECCO,SECCO PAP,UTZ005,45.5788,11.9240,CAMPOSAMPIERO,CAMPOSAMPIERO,CAMPOSAMPIERO,240,26
2025-09-03 14:13:15,OP012QR,VEH004,RFD20241009227,Non Presente,NA,SECCO PAP,NA,45.8963,11.5508,NA,GALLIO,ASIAGO,NA,NA
2025-09-03 14:34:24,OP012QR,VEH004,RFD20241030037,Presente,SECCO,SECCO PAP,UTZ014,45.8817,11.5386,GALLIO,GALLIO,ASIAGO,1100,26
2025-09-03 15:04:02,OP012QR,VEH004,RFD20241002184,Presente,SECCO,SECCO PAP,UTZ002,45.7698,11.7359,BASSANO DEL GRAPPA,BASSANO DEL GRAPPA,BASSANO,1100,26
2025-09-03 15:16:22,IL789MN,VEH003,RFD20241016234,Non Presente,NA,VERDE PAP,NA,45.5603,11.8172,NA,CAMPO SAN MARTINO,CAMPOSAMPIERO,NA,NA
2025-09-03 16:05:15,IL789MN,VEH003,RFD20241002015,Presente,VERDE E RAMAGLIE,VERDE PAP,UTZ030,45.6657,11.8193,GALLIERA VENETA,GALLIERA VENETA,CAMPOSAMPIERO,1100,26
2025-09-03 16:53:37,OP012QR,VEH004,RFD20250203302,Presente,SECCO,SECCO PAP,UTZ002,45.7344,11.6915,MAROSTICA,BASSANO DEL GRAPPA,BASSANO,1100,26
2025-09-03 17:10:38,IL789MN,VEH003,RFD20241002198,Presente,VERDE E RAMAGLIE,VERDE PAP,UTZ001,45.8722,11.5271,ASIAGO,ASIAGO,ASIAGO,240,26
2025-09-03 17:58:48,IL789MN,VEH003,RFD20241030027,Presente,VERDE E RAMAGLIE,VERDE PAP,UTZ024,45.3835,11.9775,SAONARA,SAONARA,CAMPOSAMPIERO,240,26
2025-09-03 18:44:29,OP012QR,VEH004,RFD20250203302,Presente,SECCO,SECCO PAP,UTZ002,45.7353,11.6686,MAROSTICA,MAROSTICA,BASSANO,1100,26
2025-09-03 18:48:18,EF456GH,VEH002,RFD20241001301,Non Presente,NA,CARTA CONT.STRADALI,NA,45.5659,11.9399,NA,CAMPOSAMPIERO,CAMPOSAMPIERO,NA,NA
2025-09-04 06:07:27,EF456GH,VEH002,RFD20241001301,Non Presente,NA,VETRO PAP,NA,45.5658,11.9399,NA,CAMPOSAMPIERO,CAMPOSAMPIERO,NA,NA
2025-09-04 07:42:34,IL789MN,VEH003,RFD20241226156,Presente,UMIDO,UMIDO PAP,UTZ001,45.8914,11.6308,FOZA,FOZA,ASIAGO,240,26
2025-09-04 08:28:05,AB123CD,VEH001,RFD20241031097,Presente,CARTA,CARTA/CARTONE PAP,UTZ011,45.6009,11.8144,SAN GIORGIO IN BOSCO,SAN GIORGIO IN BOSCO,CAMPOSAMPIERO,1100,26
2025-09-04 08:39:58,AB123CD,VEH001,RFD20241003141,Presente,CARTA,CARTA/CARTONE PAP,UTZ008,45.5759,11.7107,GAZZO,GAZZO,CAMPOSAMPIERO,1100,26
2025-09-04 09:12:53,EF456GH,VEH002,RFD20241003035,Presente,VETRO,VETRO PAP,UTZ003,45.7182,11.5992,COLCERESA,COLCERESA,BASSANO,1100,13
2025-09-04 09:38:19,AB123CD,VEH001,RFD20241003096,Presente,CARTA,CARTA/CARTONE PAP,UTZ017,45.5710,11.9266,CAMPOSAMPIERO,CAMPOSAMPIERO,CAMPOSAMPIERO,1100,26
2025-09-04 10:14:28,EF456GH,VEH002,RFD20241003157,Presente,VETRO,VETRO PAP,UTZ013,45.4907,11.7440,CAMPODORO,CAMPODORO,RUBANO,1100,26
2025-09-04 10:26:23,EF456GH,VEH002,RFD20250123212,Non Presente,NA,VETRO PAP,NA,45.4274,11.7902,NA,RUBANO,RUBANO,NA,NA
2025-09-04 12:18:48,EF456GH,VEH002,RFD20241003230,Non Presente,NA,VETRO PAP,NA,45.6959,11.6362,NA,SCHIAVON,BASSANO,NA,NA
2025-09-04 13:24:25,IL789MN,VEH003,RFD20241003127,Presente,UMIDO,UMIDO CONT.STRADALI,UTZ001,45.7726,11.7288,BASSANO DEL GRAPPA,BASSANO DEL GRAPPA,BASSANO,240,26
2025-09-04 13:34:19,ST345UV,VEH005,RFD20241003138,Presente,PLASTICA E METALLI,PLAST.CONT.STRADALI,UTZ043,45.6087,11.6726,SAN PIETRO IN GU,SAN PIETRO IN GU,CAMPOSAMPIERO,770,26
2025-09-04 14:06:26,OP012QR,VEH004,RFD20250203302,Presente,SECCO,SECCO PAP,UTZ002,45.7295,11.6851,MAROSTICA,NOVE,BASSANO,1100,26
2025-09-04 14:18:36,OP012QR,VEH004,RFD20241003061,Presente,SECCO,SECCO PAP,UTZ002,45.5339,11.9613,BORGORICCO,BORGORICCO,CAMPOSAMPIERO,1100,26
2025-09-04 14:18:57,ST345UV,VEH005,RFD20241027216,Non Presente,NA,PLAST.CONT.STRADALI,NA,45.4483,11.7528,NA,MESTRINO,RUBANO,NA,NA
2025-09-04 14:29:31,OP012QR,VEH004,RFD20250203302,Presente,SECCO,SECCO PAP,UTZ002,45.7371,11.6949,MAROSTICA,BASSANO DEL GRAPPA,BASSANO,1100,26
2025-09-04 16:41:32,IL789MN,VEH003,RFD20241003303,Presente,UMIDO,UMIDO CONT.STRADALI,UTZ002,45.7836,11.8083,MUSSOLENTE,MUSSOLENTE,BASSANO,240,26
2025-09-04 18:49:37,OP012QR,VEH004,RFD20241001301,Non Presente,NA,SECCO PAP,NA,45.5658,11.9399,NA,CAMPOSAMPIERO,CAMPOSAMPIERO,NA,NA
2025-09-05 06:10:40,ST345UV,VEH005,RFD20241001301,Non Presente,NA,VETRO PAP,NA,45.5658,11.9398,NA,CAMPOSAMPIERO,CAMPOSAMPIERO,NA,NA
2025-09-05 06:53:19,AB123CD,VEH001,RFD20241004065,Presente,SECCO,SECCO PAP,UTZ007,45.6154,11.6652,SAN PIETRO IN GU,SAN PIETRO IN GU,CAMPOSAMPIERO,1100,26
2025-09-05 07:18:04,AB123CD,VEH001,RFD20250207211,Non Presente,NA,SECCO PAP,NA,45.7172,11.6852,NA,NOVE,BASSANO,NA,NA
2025-09-05 08:14:26,EF456GH,VEH002,RFD20250905100,Presente,CARTA,CARTA CONT.STRADALI,UTZ006,45.4744,11.8449,LIMENA,LIMENA,RUBANO,240,26
2025-09-05 08:27:58,AB123CD,VEH001,RFD20241004003,Presente,SECCO,SECCO PAP,UTZ008,45.4364,11.7857,RUBANO,RUBANO,RUBANO,240,26
2025-09-05 08:41:20,EF456GH,VEH002,RFD20241004123,Presente,CARTA,CARTA CONT.STRADALI,UTZ032,45.6488,11.7783,CITTADELLA,CITTADELLA,CAMPOSAMPIERO,240,26
2025-09-05 09:36:41,EF456GH,VEH002,RFD20241018161,Presente,CARTA,CARTA CONT.STRADALI,UTZ034,45.5715,11.9296,CAMPOSAMPIERO,CAMPOSAMPIERO,CAMPOSAMPIERO,1100,26
2025-09-05 10:00:10,EF456GH,VEH002,RFD20250221038,Presente,CARTA,CARTA CONT.STRADALI,UTZ005,45.6903,11.6329,SCHIAVON,SCHIAVON,BASSANO,240,26
2025-09-05 10:20:28,AB123CD,VEH001,RFD20241004137,Presente,SECCO,SECCO PAP,UTZ012,45.5274,11.9711,BORGORICCO,BORGORICCO,CAMPOSAMPIERO,1100,26
2025-09-05 10:30:13,EF456GH,VEH002,RFD20241004159,Presente,CARTA,CARTA CONT.STRADALI,UTZ004,45.4416,11.7880,RUBANO,RUBANO,RUBANO,1100,26
2025-09-05 10:39:19,EF456GH,VEH002,RFD20241004028,Presente,CARTA,CARTA CONT.STRADALI,UTZ005,45.8600,11.3940,ROTZO,ROTZO,ASIAGO,240,26
2025-09-05 12:12:50,OP012QR,VEH004,RFD20250203302,Presente,SECCO,SECCO PAP,UTZ002,45.7366,11.6945,MAROSTICA,BASSANO DEL GRAPPA,BASSANO,1100,26
2025-09-05 12:52:27,OP012QR,VEH004,RFD20250203302,Presente,SECCO,SECCO PAP,UTZ002,45.7278,11.6827,MAROSTICA,NOVE,BASSANO,1100,26
2025-09-05 13:19:02,OP012QR,VEH004,RFD20250418055,Presente,SECCO,SECCO PAP,UTZ002,45.8011,11.6140,LUSIANA CONCO,LUSIANA CONCO,ASIAGO,240,26
2025-09-05 14:34:19,IL789MN,VEH003,RFD20241004177,Presente,PLASTICA E METALLI,PLASTICA PAP,UTZ048,45.7668,11.7335,BASSANO DEL GRAPPA,BASSANO DEL GRAPPA,BASSANO,770,26
2025-09-05 14:39:58,OP012QR,VEH004,RFD20241004044,Presente,SECCO,SECCO PAP,UTZ009,45.6808,11.6936,TEZZE SUL BRENTA,TEZZE SUL BRENTA,BASSANO,240,26
2025-09-05 15:51:38,OP012QR,VEH004,RFD20241018010,Presente,SECCO,SECCO PAP,UTZ001,45.3634,11.9846,SAONARA,SAONARA,CAMPOSAMPIERO,1100,26
2025-09-05 16:09:03,ST345UV,VEH005,RFD20241004115,Presente,VETRO,VETRO PAP,UTZ001,45.4290,11.7849,RUBANO,RUBANO,RUBANO,1100,26
2025-09-05 17:17:07,ST345UV,VEH005,RFD20241004185,Presente,VETRO,VETRO PAP,UTZ043,45.4034,11.7499,SACCOLONGO,SACCOLONGO,RUBANO,1100,26
2025-09-06 06:00:42,EF456GH,VEH002,RFD20241001301,Non Presente,NA,VETRO PAP,NA,45.5658,11.9398,NA,CAMPOSAMPIERO,CAMPOSAMPIERO,NA,NA
2025-09-06 06:12:26,AB123CD,VEH001,RFD20241001301,Non Presente,NA,CARTA/CARTONE PAP,NA,45.5658,11.9399,NA,CAMPOSAMPIERO,CAMPOSAMPIERO,NA,NA
2025-09-06 12:28:44,OP012QR,VEH004,RFD20241005091,Presente,SECCO,SECCO PAP,UTZ016,45.5852,11.8053,SAN GIORGIO IN BOSCO,SAN GIORGIO IN BOSCO,CAMPOSAMPIERO,1100,26
2025-09-06 13:44:59,OP012QR,VEH004,RFD20250203302,Presente,SECCO,SECCO PAP,UTZ002,45.7439,11.7042,MAROSTICA,BASSANO DEL GRAPPA,BASSANO,1100,26
2025-09-06 13:59:12,OP012QR,VEH004,RFD20241005012,Presente,SECCO,SECCO PAP,UTZ035,45.8088,11.7285,POVE DEL GRAPPA,POVE DEL GRAPPA,BASSANO,1100,26
2025-09-06 15:10:53,IL789MN,VEH003,RFD20241005169,Presente,VERDE E RAMAGLIE,VERDE PAP,UTZ008,45.6472,11.6824,POZZOLEONE,POZZOLEONE,BASSANO,240,26
2025-09-06 15:17:20,OP012QR,VEH004,RFD20241019135,Presente,SECCO,SECCO PAP,UTZ019,45.6498,11.8547,SAN MARTINO DI LUPARI,SAN MARTINO DI LUPARI,CAMPOSAMPIERO,240,26
2025-09-06 16:01:47,IL789MN,VEH003,RFD20241005144,Presente,VERDE E RAMAGLIE,VERDE PAP,UTZ013,45.4203,11.6829,CERVARESE SANTA CROCE,CERVARESE SANTA CROCE,RUBANO,240,26
2025-09-06 16:31:18,OP012QR,VEH004,RFD20250203302,Presente,SECCO,SECCO PAP,UTZ002,45.7331,11.6715,MAROSTICA,MAROSTICA,BASSANO,1100,26
2025-09-06 17:10:54,IL789MN,VEH003,RFD20241005064,Presente,VERDE E RAMAGLIE,VERDE PAP,UTZ010,45.3062,11.7337,GALZIGNANO TERME,GALZIGNANO TERME,RUBANO,240,26
2025-09-07 07:05:24,AB123CD,VEH001,RFD20241006101,Presente,CARTA,CARTA CONT.STRADALI,UTZ012,45.5776,11.9330,CAMPOSAMPIERO,CAMPOSAMPIERO,CAMPOSAMPIERO,1100,26
2025-09-07 07:32:02,AB123CD,VEH001,RFD20241006147,Presente,CARTA,CARTA CONT.STRADALI,UTZ003,45.3316,11.7374,TORREGLIA,TORREGLIA,RUBANO,240,26
2025-09-07 08:03:16,AB123CD,VEH001,RFD20241006174,Presente,CARTA,CARTA CONT.STRADALI,UTZ047,45.3070,11.7164,GALZIGNANO TERME,GALZIGNANO TERME,RUBANO,240,26
2025-09-07 09:15:00,AB123CD,VEH001,RFD20241020036,Presente,CARTA,CARTA CONT.STRADALI,UTZ007,45.6521,11.7819,CITTADELLA,CITTADELLA,CAMPOSAMPIERO,1100,26
2025-09-07 09:25:46,AB123CD,VEH001,RFD20241006066,Presente,CARTA,CARTA CONT.STRADALI,UTZ011,45.3104,11.7321,GALZIGNANO TERME,GALZIGNANO TERME,RUBANO,1100,26
2025-09-07 09:35:39,AB123CD,VEH001,RFD20241006180,Presente,CARTA,CARTA CONT.STRADALI,UTZ003,45.6361,11.7542,FONTANIVA,FONTANIVA,CAMPOSAMPIERO,240,26
2025-09-07 10:07:52,AB123CD,VEH001,RFD20250713165,Presente,CARTA,CARTA CONT.STRADALI,UTZ004,45.8894,11.5499,GALLIO,GALLIO,ASIAGO,240,26
2025-09-07 10:17:14,AB123CD,VEH001,RFD20250713098,Presente,CARTA,CARTA CONT.STRADALI,UTZ001,45.6473,11.6825,POZZOLEONE,POZZOLEONE,BASSANO,1100,26
2025-09-07 10:48:26,AB123CD,VEH001,RFD20241006134,Presente,CARTA,CARTA CONT.STRADALI,UTZ001,45.5032,11.9009,CAMPODARSEGO,CAMPODARSEGO,CAMPOSAMPIERO,240,26
2025-09-08 06:08:07,ST345UV,VEH005,RFD20241001301,Non Presente,NA,ASSISTENTE SERVIZI,NA,45.5658,11.9399,NA,CAMPOSAMPIERO,CAMPOSAMPIERO,NA,NA
2025-09-08 06:50:58,IL789MN,VEH003,RFD20241007043,Presente,UMIDO,UMIDO PAP,UTZ001,45.7954,11.7347,POVE DEL GRAPPA,POVE DEL GRAPPA,BASSANO,240,26
2025-09-08 07:24:33,AB123CD,VEH001,RFD20241007126,Presente,SECCO,SECCO PAP,UTZ001,45.6476,11.6835,POZZOLEONE,POZZOLEONE,BASSANO,1100,26
2025-09-08 08:03:56,AB123CD,VEH001,RFD20241007113,Presente,SECCO,SECCO PAP,UTZ022,45.4246,11.7900,RUBANO,RUBANO,RUBANO,1100,26
2025-09-08 08:25:42,IL789MN,VEH003,RFD20241007142,Presente,UMIDO,UMIDO PAP,UTZ001,45.3363,11.7884,MONTEGROTTO TERME,MONTEGROTTO TERME,RUBANO,770,26
2025-09-08 09:47:26,AB123CD,VEH001,RFD20241007146,Presente,SECCO,SECCO PAP,UTZ018,45.3018,11.7335,GALZIGNANO TERME,GALZIGNANO TERME,RUBANO,240,26
2025-09-08 12:06:56,OP012QR,VEH004,RFD20250203302,Presente,SECCO,SECCO PAP,UTZ002,45.7433,11.6592,MAROSTICA,MAROSTICA,BASSANO,1100,26
2025-09-08 13:04:46,OP012QR,VEH004,RFD20241007190,Presente,CARTA,SECCO PAP,UTZ031,45.4333,11.7794,RUBANO,RUBANO,RUBANO,1100,26
2025-09-08 13:10:31,OP012QR,VEH004,RFD20250901050,Presente,SECCO,SECCO PAP,UTZ001,45.6960,11.6416,SCHIAVON,SCHIAVON,BASSANO,240,26
2025-09-08 13:15:58,OP012QR,VEH004,RFD20241007193,Presente,SECCO,SECCO PAP,UTZ005,45.6646,11.8335,GALLIERA VENETA,GALLIERA VENETA,CAMPOSAMPIERO,240,26
2025-09-08 13:35:19,IL789MN,VEH003,RFD20250505199,Presente,UMIDO,UMIDO CONT.STRADALI,UTZ034,45.4280,11.7885,RUBANO,RUBANO,RUBANO,240,26
2025-09-08 13:36:17,IL789MN,VEH003,RFD20241007067,Presente,UMIDO,UMIDO CONT.STRADALI,UTZ010,45.3996,11.7455,SACCOLONGO,SACCOLONGO,RUBANO,770,26
2025-09-08 13:58:00,IL789MN,VEH003,RFD20250825166,Presente,UMIDO,UMIDO CONT.STRADALI,UTZ002,45.5908,11.8074,SAN GIORGIO IN BOSCO,SAN GIORGIO IN BOSCO,CAMPOSAMPIERO,240,26
2025-09-08 13:58:32,ST345UV,VEH005,RFD20241007039,Presente,VETRO,VETRO PAP,UTZ025,45.5287,11.9682,BORGORICCO,BORGORICCO,CAMPOSAMPIERO,770,26
2025-09-08 13:59:19,IL789MN,VEH003,RFD20241007233,Non Presente,NA,UMIDO CONT.STRADALI,NA,45.3299,11.8013,NA,MONTEGROTTO TERME,RUBANO,NA,NA
2025-09-08 14:41:40,IL789MN,VEH003,RFD20241007054,Presente,UMIDO,UMIDO CONT.STRADALI,UTZ013,45.6526,11.8166,TOMBOLO,TOMBOLO,CAMPOSAMPIERO,240,26
2025-09-08 15:03:03,ST345UV,VEH005,RFD20241007076,Presente,VETRO,VETRO PAP,UTZ001,45.7717,11.7306,BASSANO DEL GRAPPA,BASSANO DEL GRAPPA,BASSANO,1100,26
2025-09-08 15:11:55,IL789MN,VEH003,RFD20241007148,Presente,UMIDO,UMIDO CONT.STRADALI,UTZ025,45.7744,11.7215,BASSANO DEL GRAPPA,BASSANO DEL GRAPPA,BASSANO,240,26
2025-09-08 15:55:44,ST345UV,VEH005,RFD20241007081,Presente,VETRO,VETRO PAP,UTZ003,45.7215,11.7651,ROSA',ROSA',BASSANO,1100,26
2025-09-08 16:48:13,OP012QR,VEH004,RFD20241007120,Presente,SECCO,SECCO PAP,UTZ002,45.4334,11.7853,RUBANO,RUBANO,RUBANO,1100,26
2025-09-08 17:20:47,OP012QR,VEH004,RFD20250203302,Presente,SECCO,SECCO PAP,UTZ002,45.7290,11.6847,MAROSTICA,NOVE,BASSANO,1100,26
2025-09-08 18:42:57,ST345UV,VEH005,RFD20241001301,Non Presente,NA,VETRO PAP,NA,45.5658,11.9399,NA,CAMPOSAMPIERO,CAMPOSAMPIERO,NA,NA
2025-09-09 06:18:13,ST345UV,VEH005,RFD20241001301,Non Presente,NA,PULIZIA TERRIT.,NA,45.5658,11.9399,NA,CAMPOSAMPIERO,CAMPOSAMPIERO,NA,NA
2025-09-09 06:27:51,AB123CD,VEH001,RFD20241008171,Presente,CARTA,CARTA/CARTONE PAP,UTZ023,45.7279,11.7644,ROSA',ROSA',BASSANO,240,26
2025-09-09 08:34:11,EF456GH,VEH002,RFD20241008026,Presente,VETRO,VETRO PAP,UTZ008,45.7922,11.7304,POVE DEL GRAPPA,POVE DEL GRAPPA,BASSANO,1100,26
2025-09-09 09:13:18,AB123CD,VEH001,RFD20241022136,Presente,CARTA,CARTA/CARTONE PAP,UTZ038,45.7885,11.7571,ROMANO D'EZZELINO,ROMANO D'EZZELINO,BASSANO,240,26
2025-09-09 10:58:24,AB123CD,VEH001,RFD20241008062,Presente,CARTA,CARTA/CARTONE PAP,UTZ002,45.3629,11.6653,ROVOLON,ROVOLON,RUBANO,1100,26
2025-09-09 13:00:34,OP012QR,VEH004,RFD20250325228,Non Presente,NA,SECCO PAP,NA,45.4793,11.8449,NA,LIMENA,RUBANO,NA,NA
2025-09-09 13:10:45,ST345UV,VEH005,RFD20241008023,Presente,PLASTICA E METALLI,PLAST.CONT.STRADALI,UTZ027,45.3021,11.7244,GALZIGNANO TERME,GALZIGNANO TERME,RUBANO,770,26
2025-09-09 13:12:13,OP012QR,VEH004,RFD20241008077,Presente,SECCO,SECCO PAP,UTZ024,45.3616,11.6636,ROVOLON,ROVOLON,RUBANO,1100,26
2025-09-09 13:33:49,OP012QR,VEH004,RFD20241008155,Presente,SECCO,SECCO PAP,UTZ002,45.8752,11.5201,ASIAGO,ASIAGO,ASIAGO,240,26
2025-09-09 13:42:17,OP012QR,VEH004,RFD20241008102,Presente,SECCO,SECCO PAP,UTZ024,45.8898,11.6269,FOZA,FOZA,ASIAGO,1100,26
2025-09-09 15:48:19,IL789MN,VEH003,RFD20241008032,Presente,PLASTICA E METALLI,PLASTICA PAP,UTZ026,45.3982,11.7486,SACCOLONGO,SACCOLONGO,RUBANO,770,26
2025-09-09 15:50:08,ST345UV,VEH005,RFD20241008187,Presente,PLASTICA E METALLI,PLAST.CONT.STRADALI,UTZ002,45.6585,11.8266,GALLIERA VENETA,GALLIERA VENETA,CAMPOSAMPIERO,770,26
2025-09-09 16:44:48,OP012QR,VEH004,RFD20241008099,Presente,SECCO,SECCO PAP,UTZ015,45.7175,11.7676,ROSA',ROSA',BASSANO,1100,26
2025-09-09 18:03:49,OP012QR,VEH004,RFD20250203302,Presente,SECCO,SECCO PAP,UTZ002,45.7309,11.6870,MAROSTICA,NOVE,BASSANO,1100,26
2025-09-09 18:12:52,OP012QR,VEH004,RFD20250203302,Presente,SECCO,SECCO PAP,UTZ002,45.7411,11.7003,MAROSTICA,BASSANO DEL GRAPPA,BASSANO,1100,26
2025-09-10 06:47:19,AB123CD,VEH001,RFD20241009151,Presente,SECCO,SECCO PAP,UTZ026,45.5941,11.9393,LOREGGIA,LOREGGIA,CAMPOSAMPIERO,240,26
2025-09-10 07:26:13,AB123CD,VEH001,RFD20241009041,Presente,SECCO,SECCO PAP,UTZ001,45.5653,11.8987,SANTA GIUSTINA IN COLLE,SANTA GIUSTINA IN COLLE,CAMPOSAMPIERO,1100,26
2025-09-10 08:02:28,AB123CD,VEH001,RFD20241009128,Presente,SECCO,SECCO PAP,UTZ002,45.4111,11.7370,SACCOLONGO,SACCOLONGO,RUBANO,1100,26
2025-09-10 08:34:06,AB123CD,VEH001,RFD20241009189,Presente,SECCO,SECCO PAP,UTZ002,45.4235,11.7903,RUBANO,RUBANO,RUBANO,1100,26
2025-09-10 09:24:24,AB123CD,VEH001,RFD20241009093,Presente,SECCO,SECCO PAP,UTZ040,45.7097,11.7972,ROSSANO VENETO,ROSSANO VENETO,BASSANO,1100,26
2025-09-10 10:45:37,AB123CD,VEH001,RFD20241009106,Presente,SECCO,SECCO PAP,UTZ004,45.7670,11.7352,BASSANO DEL GRAPPA,BASSANO DEL GRAPPA,BASSANO,240,26
2025-09-10 11:02:19,AB123CD,VEH001,RFD20241009108,Presente,SECCO,SECCO PAP,UTZ003,45.6955,11.7108,TEZZE SUL BRENTA,TEZZE SUL BRENTA,BASSANO,240,26
2025-09-10 13:55:03,OP012QR,VEH004,RFD20241009107,Presente,SECCO,SECCO PAP,UTZ033,45.5705,11.9321,CAMPOSAMPIERO,CAMPOSAMPIERO,CAMPOSAMPIERO,1100,26
2025-09-10 14:12:24,ST345UV,VEH005,RFD20241009150,Presente,VETRO,VETRO PAP,UTZ027,45.5792,11.9326,CAMPOSAMPIERO,CAMPOSAMPIERO,CAMPOSAMPIERO,1100,26
2025-09-10 14:27:00,IL789MN,VEH003,RFD20241009045,Presente,VERDE E RAMAGLIE,VERDE PAP,UTZ030,45.5618,12.0078,MASSANZAGO,MASSANZAGO,CAMPOSAMPIERO,240,26
2025-09-10 15:06:20,IL789MN,VEH003,RFD20241009205,Non Presente,NA,VERDE PAP,NA,45.8678,11.5017,NA,ASIAGO,ASIAGO,NA,NA
2025-09-10 15:41:07,OP012QR,VEH004,RFD20241009085,Presente,SECCO,SECCO PAP,UTZ016,45.4844,11.8339,LIMENA,LIMENA,RUBANO,1100,26
2025-09-10 16:04:34,OP012QR,VEH004,RFD20241009140,Presente,SECCO,SECCO PAP,UTZ002,45.9449,11.7212,ENEGO,ENEGO,ASIAGO,1100,26
2025-09-10 17:12:15,OP012QR,VEH004,RFD20250203302,Presente,SECCO,SECCO PAP,UTZ002,45.7288,11.6763,MAROSTICA,NOVE,BASSANO,1100,26
2025-09-10 18:06:44,OP012QR,VEH004,RFD20250203302,Presente,SECCO,SECCO PAP,UTZ002,45.7369,11.6946,MAROSTICA,BASSANO DEL GRAPPA,BASSANO,1100,26
2025-09-10 18:41:01,IL789MN,VEH003,RFD20241001301,Non Presente,NA,VERDE PAP,NA,45.5658,11.9400,NA,CAMPOSAMPIERO,CAMPOSAMPIERO,NA,NA
2025-09-11 06:15:40,OP012QR,VEH004,RFD20241001301,Non Presente,NA,SECCO PAP,NA,45.5657,11.9399,NA,CAMPOSAMPIERO,CAMPOSAMPIERO,NA,NA
2025-09-11 08:00:28,IL789MN,VEH003,RFD20241010068,Presente,UMIDO,UMIDO PAP,UTZ004,45.4899,11.7450,CAMPODORO,CAMPODORO,RUBANO,240,26
2025-09-11 09:40:06,AB123CD,VEH001,RFD20241010194,Presente,CARTA,CARTA/CARTONE PAP,UTZ017,45.7812,11.7310,BASSANO DEL GRAPPA,BASSANO DEL GRAPPA,BASSANO,240,26
2025-09-11 09:44:37,AB123CD,VEH001,RFD20241010013,Presente,CARTA,CARTA/CARTONE PAP,UTZ009,45.7804,11.7402,BASSANO DEL GRAPPA,BASSANO DEL GRAPPA,BASSANO,1100,26
2025-09-11 13:35:36,IL789MN,VEH003,RFD20241010178,Presente,UMIDO,UMIDO CONT.STRADALI,UTZ004,45.6589,11.8250,GALLIERA VENETA,GALLIERA VENETA,CAMPOSAMPIERO,240,26
2025-09-11 14:10:47,ST345UV,VEH005,RFD20241010022,Presente,PLASTICA E METALLI,PLAST.CONT.STRADALI,UTZ032,45.3665,11.9840,SAONARA,SAONARA,CAMPOSAMPIERO,770,26
2025-09-11 14:31:04,OP012QR,VEH004,RFD20250313133,Presente,SECCO,SECCO PAP,UTZ005,45.6415,11.7534,FONTANIVA,FONTANIVA,CAMPOSAMPIERO,1100,26
2025-09-11 14:34:57,OP012QR,VEH004,RFD20250203302,Presente,SECCO,SECCO PAP,UTZ002,45.7409,11.6623,MAROSTICA,MAROSTICA,BASSANO,1100,26
2025-09-11 14:50:01,IL789MN,VEH003,RFD20241010195,Presente,UMIDO,UMIDO CONT.STRADALI,UTZ049,45.3154,11.7323,GALZIGNANO TERME,GALZIGNANO TERME,RUBANO,240,26
2025-09-11 14:51:44,ST345UV,VEH005,RFD20241010079,Presente,PLASTICA E METALLI,PLAST.CONT.STRADALI,UTZ004,45.8871,11.6249,FOZA,FOZA,ASIAGO,770,26
2025-09-11 14:56:20,IL789MN,VEH003,RFD20241010109,Presente,UMIDO,UMIDO CONT.STRADALI,UTZ018,45.7765,11.7332,BASSANO DEL GRAPPA,BASSANO DEL GRAPPA,BASSANO,770,26
2025-09-11 15:21:25,ST345UV,VEH005,RFD20241010154,Presente,PLASTICA E METALLI,PLAST.CONT.STRADALI,UTZ005,45.8641,11.5161,ASIAGO,ASIAGO,ASIAGO,770,26
2025-09-11 16:25:37,OP012QR,VEH004,RFD20250203302,Presente,SECCO,SECCO PAP,UTZ002,45.7392,11.6640,MAROSTICA,MAROSTICA,BASSANO,1100,26
2025-09-11 16:30:00,OP012QR,VEH004,RFD20241010074,Presente,SECCO,SECCO PAP,UTZ006,45.6209,11.6994,CARMIGNANO DI BRENTA,CARMIGNANO DI BRENTA,CAMPOSAMPIERO,1100,26
2025-09-11 16:47:53,OP012QR,VEH004,RFD20241010069,Presente,SECCO,SECCO PAP,UTZ020,45.7309,11.7589,ROSA',ROSA',BASSANO,240,26
2025-09-12 07:39:05,AB123CD,VEH001,RFD20250509017,Presente,SECCO,SECCO PAP,UTZ002,45.5765,11.9323,CAMPOSAMPIERO,CAMPOSAMPIERO,CAMPOSAMPIERO,1100,26
2025-09-12 07:40:02,EF456GH,VEH002,RFD20250912070,Presente,CARTA,CARTA CONT.STRADALI,UTZ028,45.3323,11.7292,TORREGLIA,TORREGLIA,RUBANO,240,26
2025-09-12 08:21:45,AB123CD,VEH001,RFD20241025029,Presente,SECCO,SECCO PAP,UTZ001,45.7802,11.7923,MUSSOLENTE,MUSSOLENTE,BASSANO,240,26
2025-09-12 08:29:19,EF456GH,VEH002,RFD20241011223,Non Presente,NA,CARTA CONT.STRADALI,NA,45.9026,11.6322,NA,FOZA,ASIAGO,NA,NA
2025-09-12 09:38:24,AB123CD,VEH001,RFD20241011139,Presente,SECCO,SECCO PAP,UTZ002,45.6197,11.6597,SAN PIETRO IN GU,SAN PIETRO IN GU,CAMPOSAMPIERO,1100,26
2025-09-12 10:40:50,AB123CD,VEH001,RFD20250425200,Presente,SECCO,SECCO PAP,UTZ015,45.5442,11.9261,SAN GIORGIO DELLE PERTICHE,SAN GIORGIO DELLE PERTICHE,CAMPOSAMPIERO,1100,26
2025-09-12 11:42:39,AB123CD,VEH001,RFD20241025196,Presente,SECCO,SECCO PAP,UTZ029,45.8642,11.5203,ASIAGO,ASIAGO,ASIAGO,1100,26
2025-09-12 13:33:32,ST345UV,VEH005,RFD20241011025,Presente,VETRO,VETRO PAP,UTZ031,45.5447,11.9055,SAN GIORGIO DELLE PERTICHE,SAN GIORGIO DELLE PERTICHE,CAMPOSAMPIERO,1100,13
2025-09-12 14:00:46,OP012QR,VEH004,RFD20241011121,Presente,PLASTICA E METALLI,SECCO PAP,UTZ015,45.4088,11.7483,SACCOLONGO,SACCOLONGO,RUBANO,1100,26
2025-09-12 15:02:37,ST345UV,VEH005,RFD20241011182,Presente,VETRO,VETRO PAP,UTZ047,45.5920,11.6999,GAZZO,GAZZO,CAMPOSAMPIERO,1100,26
2025-09-12 15:15:07,OP012QR,VEH004,RFD20241011124,Presente,SECCO,SECCO PAP,UTZ001,45.6388,11.8461,SAN MARTINO DI LUPARI,SAN MARTINO DI LUPARI,CAMPOSAMPIERO,240,26
2025-09-12 16:01:21,ST345UV,VEH005,RFD20241011125,Presente,VETRO,VETRO PAP,UTZ014,45.5744,11.9219,CAMPOSAMPIERO,CAMPOSAMPIERO,CAMPOSAMPIERO,1100,26
2025-09-12 16:36:13,IL789MN,VEH003,RFD20241011019,Presente,PLASTICA E METALLI,PLASTICA PAP,UTZ001,45.6001,12.0030,PIOMBINO DESE,PIOMBINO DESE,CAMPOSAMPIERO,770,26
2025-09-12 17:16:15,OP012QR,VEH004,RFD20250203302,Presente,SECCO,SECCO PAP,UTZ002,45.7429,11.6599,MAROSTICA,MAROSTICA,BASSANO,1100,26
2025-09-12 17:21:24,OP012QR,VEH004,RFD20250203302,Presente,SECCO,SECCO PAP,UTZ002,45.7434,11.6595,MAROSTICA,MAROSTICA,BASSANO,1100,26
2025-09-12 17:23:26,IL789MN,VEH003,RFD20241025075,Presente,PLASTICA E METALLI,PLASTICA PAP,UTZ001,45.7969,11.7436,ROMANO D'EZZELINO,ROMANO D'EZZELINO,BASSANO,770,26
2025-09-12 17:55:48,OP012QR,VEH004,RFD20241011004,Presente,SECCO,SECCO PAP,UTZ024,45.7922,11.7673,ROMANO D'EZZELINO,ROMANO D'EZZELINO,BASSANO,240,26
2025-09-12 18:50:40,ST345UV,VEH005,RFD20241001301,Non Presente,NA,VETRO PAP,NA,45.5657,11.9399,NA,CAMPOSAMPIERO,CAMPOSAMPIERO,NA,NA
2025-09-13 07:47:39,AB123CD,VEH001,RFD20241012118,Presente,CARTA,CARTA/CARTONE PAP,UTZ019,45.6945,11.7069,TEZZE SUL BRENTA,TEZZE SUL BRENTA,BASSANO,1100,26
2025-09-13 08:25:29,IL789MN,VEH003,RFD20250215084,Presente,UMIDO,UMIDO PAP,UTZ022,45.6086,11.7351,GRANTORTO,GRANTORTO,CAMPOSAMPIERO,240,26
2025-09-13 08:41:41,AB123CD,VEH001,RFD20241012116,Presente,CARTA,CARTA/CARTONE PAP,UTZ009,45.3961,11.7911,SELVAZZANO DENTRO,SELVAZZANO DENTRO,RUBANO,240,26
2025-09-13 12:00:00,OP012QR,VEH004,RFD20241012082,Presente,SECCO,SECCO PAP,UTZ001,45.6590,11.8291,GALLIERA VENETA,GALLIERA VENETA,CAMPOSAMPIERO,240,26
2025-09-13 14:27:07,IL789MN,VEH003,RFD20241012047,Presente,VERDE E RAMAGLIE,VERDE PAP,UTZ028,45.7549,11.7433,BASSANO DEL GRAPPA,BASSANO DEL GRAPPA,BASSANO,240,26
2025-09-13 14:31:06,ST345UV,VEH005,RFD20241009227,Non Presente,NA,SERVIZI MERCATI,NA,45.8964,11.5510,NA,GALLIO,ASIAGO,NA,NA
2025-09-13 14:56:00,OP012QR,VEH004,RFD20250203302,Presente,SECCO,SECCO PAP,UTZ002,45.7401,11.6990,MAROSTICA,BASSANO DEL GRAPPA,BASSANO,1100,26
2025-09-13 15:05:22,IL789MN,VEH003,RFD20241008231,Non Presente,NA,VERDE PAP,NA,45.6866,11.7001,NA,TEZZE SUL BRENTA,BASSANO,NA,NA
2025-09-13 15:43:39,IL789MN,VEH003,RFD20241012052,Presente,VERDE E RAMAGLIE,VERDE PAP,UTZ002,45.6996,11.6387,SCHIAVON,SCHIAVON,BASSANO,1100,26
2025-09-13 16:13:59,IL789MN,VEH003,RFD20241012089,Presente,VERDE E RAMAGLIE,VERDE PAP,UTZ017,45.7291,11.6733,NOVE,NOVE,BASSANO,240,26
2025-09-13 16:53:07,OP012QR,VEH004,RFD20250203302,Presente,SECCO,SECCO PAP,UTZ002,45.7426,11.6601,MAROSTICA,MAROSTICA,BASSANO,1100,26
2025-09-13 18:31:30,EF456GH,VEH002,RFD20241001301,Non Presente,NA,VETRO PAP,NA,45.5658,11.9398,NA,CAMPOSAMPIERO,CAMPOSAMPIERO,NA,NA
2025-09-14 07:18:36,AB123CD,VEH001,RFD20241013167,Presente,CARTA,CARTA CONT.STRADALI,UTZ022,45.9006,11.6393,FOZA,FOZA,ASIAGO,240,26
2025-09-14 07:20:40,AB123CD,VEH001,RFD20241013046,Presente,CARTA,CARTA CONT.STRADALI,UTZ035,45.3085,11.7300,GALZIGNANO TERME,GALZIGNANO TERME,RUBANO,240,26
2025-09-14 07:43:24,AB123CD,VEH001,RFD20241013129,Presente,CARTA,CARTA CONT.STRADALI,UTZ031,45.6330,11.7061,CARMIGNANO DI BRENTA,CARMIGNANO DI BRENTA,CAMPOSAMPIERO,240,26
2025-09-14 08:01:44,AB123CD,VEH001,RFD20241013130,Presente,CARTA,CARTA CONT.STRADALI,UTZ004,45.4267,11.6852,CERVARESE SANTA CROCE,CERVARESE SANTA CROCE,RUBANO,240,26
2025-09-14 08:06:03,AB123CD,VEH001,RFD20241013030,Presente,CARTA,CARTA CONT.STRADALI,UTZ001,45.6913,11.7995,ROSSANO VENETO,ROSSANO VENETO,BASSANO,1100,26
2025-09-14 08:51:37,AB123CD,VEH001,RFD20241013083,Presente,CARTA,CARTA CONT.STRADALI,UTZ030,45.3140,11.7395,GALZIGNANO TERME,GALZIGNANO TERME,RUBANO,240,26
2025-09-14 09:39:22,AB123CD,VEH001,RFD20241013172,Presente,CARTA,CARTA CONT.STRADALI,UTZ001,45.3300,11.7373,TORREGLIA,TORREGLIA,RUBANO,240,26
2025-09-15 06:01:41,OP012QR,VEH004,RFD20241001301,Non Presente,NA,SECCO PAP,NA,45.5658,11.9399,NA,CAMPOSAMPIERO,CAMPOSAMPIERO,NA,NA
2025-09-15 06:02:03,AB123CD,VEH001,RFD20250901002,Presente,SECCO,SECCO PAP,UTZ002,45.7674,11.7349,BASSANO DEL GRAPPA,BASSANO DEL GRAPPA,BASSANO,1100,26
2025-09-15 06:13:25,AB123CD,VEH001,RFD20250901201,Non Presente,NA,SECCO PAP,NA,45.7681,11.7356,NA,BASSANO DEL GRAPPA,BASSANO,NA,NA
2025-09-15 06:36:55,IL789MN,VEH003,RFD20241008208,Non Presente,NA,UMIDO PAP,NA,45.8667,11.5123,NA,ASIAGO,ASIAGO,NA,NA
2025-09-15 07:26:40,AB123CD,VEH001,RFD20250915201,Non Presente,NA,SECCO PAP,NA,45.5709,11.9293,NA,CAMPOSAMPIERO,CAMPOSAMPIERO,NA,NA
2025-09-15 08:11:45,EF456GH,VEH002,RFD20250331008,Presente,CARTA,CARTA CONT.STRADALI,UTZ001,45.5243,11.8289,CURTAROLO,CURTAROLO,CAMPOSAMPIERO,240,26
2025-09-15 08:20:37,AB123CD,VEH001,RFD20250203051,Presente,SECCO,SECCO PAP,UTZ003,45.6500,11.8268,TOMBOLO,TOMBOLO,CAMPOSAMPIERO,1100,26
2025-09-15 08:42:17,AB123CD,VEH001,RFD20250901001,Presente,SECCO,SECCO PAP,UTZ001,45.7667,11.7341,BASSANO DEL GRAPPA,BASSANO DEL GRAPPA,BASSANO,240,26
2025-09-15 08:58:07,EF456GH,VEH002,RFD20241014011,Presente,CARTA,CARTA CONT.STRADALI,UTZ034,45.6443,11.8629,SAN MARTINO DI LUPARI,SAN MARTINO DI LUPARI,CAMPOSAMPIERO,1100,26
2025-09-15 09:42:36,EF456GH,VEH002,RFD20241014191,Presente,CARTA,CARTA CONT.STRADALI,UTZ005,45.3679,11.6628,ROVOLON,ROVOLON,RUBANO,1100,26
2025-09-15 13:26:21,IL789MN,VEH003,RFD20241014226,Non Presente,NA,UMIDO CONT.STRADALI,NA,45.4291,11.7858,NA,RUBANO,RUBANO,NA,NA
2025-09-15 13:33:21,OP012QR,VEH004,RFD20241014024,Presente,SECCO,SECCO PAP,UTZ040,45.5361,11.9674,BORGORICCO,BORGORICCO,CAMPOSAMPIERO,1100,26
2025-09-15 14:27:48,OP012QR,VEH004,RFD20241014033,Presente,SECCO,SECCO PAP,UTZ006,45.8592,11.4003,ROTZO,ROTZO,ASIAGO,1100,26
2025-09-15 15:11:47,IL789MN,VEH003,RFD20241028173,Presente,UMIDO,UMIDO CONT.STRADALI,UTZ004,45.7625,11.7418,BASSANO DEL GRAPPA,BASSANO DEL GRAPPA,BASSANO,240,26
2025-09-15 16:29:02,OP012QR,VEH004,RFD20241028163,Presente,SECCO,SECCO PAP,UTZ003,45.7271,11.7666,ROSA',ROSA',BASSANO,1100,26
2025-09-15 17:02:48,OP012QR,VEH004,RFD20250203302,Presente,SECCO,SECCO PAP,UTZ002,45.7368,11.6948,MAROSTICA,BASSANO DEL GRAPPA,BASSANO,1100,26
2025-09-15 18:25:18,OP012QR,VEH004,RFD20250203302,Presente,SECCO,SECCO PAP,UTZ002,45.7259,11.6803,MAROSTICA,NOVE,BASSANO,1100,26
2025-09-15 18:37:45,IL789MN,VEH003,RFD20241001301,Non Presente,NA,UMIDO CONT.STRADALI,NA,45.5658,11.9399,NA,CAMPOSAMPIERO,CAMPOSAMPIERO,NA,NA
2025-09-16 06:36:48,AB123CD,VEH001,RFD20250624006,Presente,CARTA,CARTA/CARTONE PAP,UTZ003,45.6301,11.7009,CARMIGNANO DI BRENTA,CARMIGNANO DI BRENTA,CAMPOSAMPIERO,240,26
2025-09-16 07:45:57,AB123CD,VEH001,RFD20241001103,Presente,CARTA,CARTA/CARTONE PAP,UTZ013,45.5661,11.9181,CAMPOSAMPIERO,CAMPOSAMPIERO,CAMPOSAMPIERO,240,26
2025-09-16 08:15:25,AB123CD,VEH001,RFD20241001040,Presente,CARTA,CARTA/CARTONE PAP,UTZ006,45.4761,11.8480,LIMENA,LIMENA,RUBANO,240,26
2025-09-16 09:36:10,IL789MN,VEH003,RFD20241001072,Presente,UMIDO,UMIDO PAP,UTZ003,45.8084,11.5991,LUSIANA CONCO,LUSIANA CONCO,ASIAGO,240,26
2025-09-16 09:58:29,IL789MN,VEH003,RFD20241001152,Presente,UMIDO,UMIDO PAP,UTZ037,45.4374,11.9253,CADONEGHE,CADONEGHE,CAMPOSAMPIERO,240,26
2025-09-16 09:59:15,EF456GH,VEH002,RFD20241210020,Presente,VETRO,VETRO PAP,UTZ006,45.5345,11.9100,SAN GIORGIO DELLE PERTICHE,SAN GIORGIO DELLE PERTICHE,CAMPOSAMPIERO,770,13
2025-09-16 13:11:23,IL789MN,VEH003,RFD20241001122,Presente,PLASTICA E METALLI,PLASTICA PAP,UTZ012,45.8053,11.7260,POVE DEL GRAPPA,POVE DEL GRAPPA,BASSANO,770,26
2025-09-16 14:14:44,ST345UV,VEH005,RFD20241001114,Presente,PLASTICA E METALLI,PLAST.CONT.STRADALI,UTZ005,45.8611,11.5203,ASIAGO,ASIAGO,ASIAGO,770,26
2025-09-16 14:22:11,OP012QR,VEH004,RFD20250203302,Presente,SECCO,SECCO PAP,UTZ002,45.7385,11.6650,MAROSTICA,MAROSTICA,BASSANO,1100,26
2025-09-16 14:27:59,OP012QR,VEH004,RFD20241001181,Presente,SECCO,SECCO PAP,UTZ008,45.6544,11.6827,POZZOLEONE,POZZOLEONE,BASSANO,1100,26
2025-09-16 14:30:28,IL789MN,VEH003,RFD20241001158,Presente,PLASTICA E METALLI,PLASTICA PAP,UTZ034,45.6545,11.8574,SAN MARTINO DI LUPARI,SAN MARTINO DI LUPARI,CAMPOSAMPIERO,770,26
2025-09-16 14:43:22,OP012QR,VEH004,00BD00000000000000000005,Presente,NA,SECCO PAP,SAC002,45.5753,11.9362,NA,CAMPOSAMPIERO,CAMPOSAMPIERO,NA,NA
2025-09-16 15:14:35,OP012QR,VEH004,RFD20250203302,Presente,SECCO,SECCO PAP,UTZ002,45.7400,11.6633,MAROSTICA,MAROSTICA,BASSANO,1100,26
2025-09-16 15:18:39,OP012QR,VEH004,RFD20241015048,Presente,SECCO,SECCO PAP,UTZ030,45.4295,11.7922,RUBANO,RUBANO,RUBANO,1100,26
2025-09-16 15:38:39,OP012QR,VEH004,RFD20241001058,Presente,SECCO,SECCO PAP,UTZ035,45.3438,11.6637,TEOLO,TEOLO,RUBANO,1100,26
2025-09-16 17:41:19,ST345UV,VEH005,RFD20241001209,Non Presente,NA,PLAST.CONT.STRADALI,NA,45.6483,11.8297,NA,TOMBOLO,CAMPOSAMPIERO,NA,NA
2025-09-16 18:43:50,EF456GH,VEH002,RFD20241001301,Non Presente,NA,VETRO PAP,NA,45.5658,11.9399,NA,CAMPOSAMPIERO,CAMPOSAMPIERO,NA,NA
2025-09-17 07:05:37,AB123CD,VEH001,RFD20241002049,Presente,SECCO,SECCO PAP,UTZ003,45.3394,11.7382,TORREGLIA,TORREGLIA,RUBANO,1100,26
2025-09-17 07:31:08,AB123CD,VEH001,RFD20250915201,Non Presente,NA,SECCO PAP,NA,45.5707,11.9294,NA,CAMPOSAMPIERO,CAMPOSAMPIERO,NA,NA
2025-09-17 07:41:57,AB123CD,VEH001,RFD20250820009,Presente,SECCO,SECCO PAP,UTZ009,45.5262,11.9526,BORGORICCO,BORGORICCO,CAMPOSAMPIERO,1100,26
2025-09-17 07:46:17,EF456GH,VEH002,RFD20241002071,Presente,CARTA,CARTA CONT.STRADALI,UTZ033,45.4325,11.7847,RUBANO,RUBANO,RUBANO,1100,26
2025-09-17 08:16:53,AB123CD,VEH001,RFD20250820063,Presente,SECCO,SECCO PAP,UTZ039,45.3676,11.9817,SAONARA,SAONARA,CAMPOSAMPIERO,1100,26
2025-09-17 08:35:33,EF456GH,VEH002,RFD20241002131,Presente,CARTA,CARTA CONT.STRADALI,UTZ001,45.8912,11.6335,FOZA,FOZA,ASIAGO,240,26
2025-09-17 09:25:17,AB123CD,VEH001,RFD20241002105,Presente,SECCO,SECCO PAP,UTZ002,45.7148,11.7670,ROSA',ROSA',BASSANO,240,26
2025-09-17 09:50:56,AB123CD,VEH001,RFD20250205056,Presente,SECCO,SECCO PAP,UTZ001,45.5196,11.8283,CURTAROLO,CURTAROLO,CAMPOSAMPIERO,240,26
2025-09-17 09:53:28,EF456GH,VEH002,RFD20241002073,Presente,CARTA,CARTA CONT.STRADALI,UTZ050,45.4021,11.7536,SACCOLONGO,SACCOLONGO,RUBANO,1100,26
2025-09-17 10:16:58,AB123CD,VEH001,RFD20241002183,Presente,SECCO,SECCO PAP,UTZ009,45.7285,11.7950,CASSOLA,CASSOLA,BASSANO,1100,26
2025-09-17 11:38:49,AB123CD,VEH001,RFD20241002088,Presente,SECCO,SECCO PAP,UTZ005,45.7999,11.6067,LUSIANA CONCO,LUSIANA CONCO,ASIAGO,1100,26
2025-09-17 13:00:25,OP012QR,VEH004,RFD20250203302,Presente,SECCO,SECCO PAP,UTZ002,45.7413,11.6618,MAROSTICA,MAROSTICA,BASSANO,1100,26
2025-09-17 13:24:14,OP012QR,VEH004,RFD20241002203,Non Presente,NA,SECCO PAP,NA,45.3697,11.6596,NA,ROVOLON,RUBANO,NA,NA
2025-09-17 13:44:17,OP012QR,VEH004,RFD20241002078,Presente,SECCO,SECCO PAP,UTZ009,45.8878,11.5489,GALLIO,GALLIO,ASIAGO,1100,26
2025-09-17 13:51:57,OP012QR,VEH004,RFD20241002094,Presente,SECCO,SECCO PAP,UTZ005,45.5790,11.9239,CAMPOSAMPIERO,CAMPOSAMPIERO,CAMPOSAMPIERO,240,26
2025-09-17 14:29:27,OP012QR,VEH004,RFD20241030037,Presente,SECCO,SECCO PAP,UTZ014,45.8816,11.5383,GALLIO,GALLIO,ASIAGO,1100,26
2025-09-17 14:37:01,IL789MN,VEH003,RFD20241002217,Non Presente,NA,VERDE PAP,NA,45.6307,11.6935,NA,CARMIGNANO DI BRENTA,CAMPOSAMPIERO,NA,NA
2025-09-17 14:46:20,OP012QR,VEH004,RFD20250917110,Presente,SECCO,SECCO PAP,UTZ013,45.9109,11.6279,FOZA,FOZA,ASIAGO,1100,26
2025-09-17 14:56:10,OP012QR,VEH004,RFD20241002184,Presente,SECCO,SECCO PAP,UTZ002,45.7700,11.7359,BASSANO DEL GRAPPA,BASSANO DEL GRAPPA,BASSANO,1100,26
2025-09-17 15:13:47,ST345UV,VEH005,RFD20241002229,Non Presente,NA,VETRO PAP,NA,45.7207,11.6122,NA,COLCERESA,BASSANO,NA,NA
2025-09-17 16:01:09,ST345UV,VEH005,RFD20241002053,Presente,VETRO,VETRO PAP,UTZ022,45.7623,11.7436,BASSANO DEL GRAPPA,BASSANO DEL GRAPPA,BASSANO,1100,26
2025-09-17 16:19:30,IL789MN,VEH003,RFD20241002015,Presente,VERDE E RAMAGLIE,VERDE PAP,UTZ030,45.6656,11.8193,GALLIERA VENETA,GALLIERA VENETA,CAMPOSAMPIERO,1100,26
2025-09-17 16:51:02,IL789MN,VEH003,RFD20241002198,Presente,VERDE E RAMAGLIE,VERDE PAP,UTZ001,45.8721,11.5268,ASIAGO,ASIAGO,ASIAGO,240,26
2025-09-17 17:45:13,OP012QR,VEH004,RFD20250203302,Presente,SECCO,SECCO PAP,UTZ002,45.7320,11.6886,MAROSTICA,NOVE,BASSANO,1100,26
2025-09-17 18:57:40,EF456GH,VEH002,RFD20241001301,Non Presente,NA,CARTA CONT.STRADALI,NA,45.5658,11.9400,NA,CAMPOSAMPIERO,CAMPOSAMPIERO,NA,NA
2025-09-18 06:02:28,AB123CD,VEH001,RFD20241001301,Non Presente,NA,CARTA/CARTONE PAP,NA,45.5658,11.9399,NA,CAMPOSAMPIERO,CAMPOSAMPIERO,NA,NA
2025-09-18 07:32:36,IL789MN,VEH003,RFD20241226156,Presente,UMIDO,UMIDO PAP,UTZ001,45.8915,11.6309,FOZA,FOZA,ASIAGO,240,26
2025-09-18 08:22:55,AB123CD,VEH001,RFD20241031097,Presente,CARTA,CARTA/CARTONE PAP,UTZ011,45.6010,11.8146,SAN GIORGIO IN BOSCO,SAN GIORGIO IN BOSCO,CAMPOSAMPIERO,1100,26
2025-09-18 08:26:06,EF456GH,VEH002,RFD20241017034,Presente,VETRO,VETRO PAP,UTZ036,45.7638,11.7390,BASSANO DEL GRAPPA,BASSANO DEL GRAPPA,BASSANO,1100,13
2025-09-18 09:12:12,AB123CD,VEH001,RFD20241003096,Presente,CARTA,CARTA/CARTONE PAP,UTZ017,45.5711,11.9268,CAMPOSAMPIERO,CAMPOSAMPIERO,CAMPOSAMPIERO,1100,26
2025-09-18 10:19:12,EF456GH,VEH002,RFD20241003157,Presente,VETRO,VETRO PAP,UTZ013,45.4908,11.7440,CAMPODORO,CAMPODORO,RUBANO,1100,26
2025-09-18 10:26:14,EF456GH,VEH002,RFD20250123212,Non Presente,NA,VETRO PAP,NA,45.4273,11.7902,NA,RUBANO,RUBANO,NA,NA
2025-09-18 13:23:57,IL789MN,VEH003,RFD20241003127,Presente,UMIDO,UMIDO CONT.STRADALI,UTZ001,45.7728,11.7288,BASSANO DEL GRAPPA,BASSANO DEL GRAPPA,BASSANO,240,26
2025-09-18 14:03:08,ST345UV,VEH005,RFD20241003138,Presente,PLASTICA E METALLI,PLAST.CONT.STRADALI,UTZ043,45.6088,11.6728,SAN PIETRO IN GU,SAN PIETRO IN GU,CAMPOSAMPIERO,770,26
2025-09-18 14:08:57,OP012QR,VEH004,RFD20241003061,Presente,SECCO,SECCO PAP,UTZ002,45.5340,11.9614,BORGORICCO,BORGORICCO,CAMPOSAMPIERO,1100,26
2025-09-18 15:22:16,IL789MN,VEH003,RFD20250918086,Presente,UMIDO,UMIDO CONT.STRADALI,UTZ034,45.6119,11.6764,SAN PIETRO IN GU,SAN PIETRO IN GU,CAMPOSAMPIERO,240,26
2025-09-18 16:10:53,OP012QR,VEH004,RFD20250203302,Presente,SECCO,SECCO PAP,UTZ002,45.7347,11.6920,MAROSTICA,BASSANO DEL GRAPPA,BASSANO,1100,26
2025-09-18 16:48:17,OP012QR,VEH004,RFD20250203302,Presente,SECCO,SECCO PAP,UTZ002,45.7410,11.6620,MAROSTICA,MAROSTICA,BASSANO,1100,26
2025-09-18 16:48:44,OP012QR,VEH004,RFD20241003164,Presente,SECCO,SECCO PAP,UTZ003,45.7796,11.7295,BASSANO DEL GRAPPA,BASSANO DEL GRAPPA,BASSANO,240,26
2025-09-18 17:10:46,IL789MN,VEH003,RFD20241003303,Presente,UMIDO,UMIDO CONT.STRADALI,UTZ002,45.7847,11.8026,MUSSOLENTE,MUSSOLENTE,BASSANO,240,26
2025-09-19 06:07:29,ST345UV,VEH005,RFD20241001301,Non Presente,NA,VETRO PAP,NA,45.5658,11.9399,NA,CAMPOSAMPIERO,CAMPOSAMPIERO,NA,NA
2025-09-19 06:56:27,AB123CD,VEH001,RFD20241004065,Presente,SECCO,SECCO PAP,UTZ007,45.6152,11.6653,SAN PIETRO IN GU,SAN PIETRO IN GU,CAMPOSAMPIERO,1100,26
2025-09-19 08:55:48,AB123CD,VEH001,RFD20241004003,Presente,SECCO,SECCO PAP,UTZ008,45.4363,11.7858,RUBANO,RUBANO,RUBANO,240,26
2025-09-19 08:57:41,EF456GH,VEH002,RFD20241004123,Presente,CARTA,CARTA CONT.STRADALI,UTZ032,45.6491,11.7783,CITTADELLA,CITTADELLA,CAMPOSAMPIERO,240,26
2025-09-19 09:06:45,EF456GH,VEH002,RFD20241018161,Presente,CARTA,CARTA CONT.STRADALI,UTZ034,45.5714,11.9294,CAMPOSAMPIERO,CAMPOSAMPIERO,CAMPOSAMPIERO,1100,26
2025-09-19 09:30:07,EF456GH,VEH002,RFD20250221038,Presente,CARTA,CARTA CONT.STRADALI,UTZ005,45.6902,11.6326,SCHIAVON,SCHIAVON,BASSANO,240,26
2025-09-19 10:33:01,EF456GH,VEH002,RFD20241004197,Presente,CARTA,CARTA CONT.STRADALI,UTZ018,45.8646,11.5125,ASIAGO,ASIAGO,ASIAGO,240,26
2025-09-19 10:37:53,EF456GH,VEH002,RFD20250905100,Presente,CARTA,CARTA CONT.STRADALI,UTZ006,45.6488,11.7836,LIMENA,CITTADELLA,RUBANO,240,26
2025-09-19 10:50:55,AB123CD,VEH001,RFD20241004137,Presente,SECCO,SECCO PAP,UTZ012,45.5274,11.9711,BORGORICCO,BORGORICCO,CAMPOSAMPIERO,1100,26
2025-09-19 11:00:38,EF456GH,VEH002,RFD20241004159,Presente,CARTA,CARTA CONT.STRADALI,UTZ004,45.4414,11.7878,RUBANO,RUBANO,RUBANO,1100,26
2025-09-19 12:00:00,OP012QR,VEH004,RFD20241101042,Presente,SECCO,SECCO PAP,UTZ001,45.3869,11.7892,SELVAZZANO DENTRO,SELVAZZANO DENTRO,RUBANO,1100,26
2025-09-19 12:25:23,OP012QR,VEH004,RFD20250203302,Presente,SECCO,SECCO PAP,UTZ002,45.7406,11.6996,MAROSTICA,BASSANO DEL GRAPPA,BASSANO,1100,26
2025-09-19 13:15:16,OP012QR,VEH004,RFD20250418055,Presente,SECCO,SECCO PAP,UTZ002,45.8008,11.6139,LUSIANA CONCO,LUSIANA CONCO,ASIAGO,240,26
2025-09-19 14:00:26,OP012QR,VEH004,RFD20241004044,Presente,SECCO,SECCO PAP,UTZ009,45.6808,11.6937,TEZZE SUL BRENTA,TEZZE SUL BRENTA,BASSANO,240,26
2025-09-19 14:35:55,OP012QR,VEH004,RFD20250203302,Presente,SECCO,SECCO PAP,UTZ002,45.7366,11.6944,MAROSTICA,BASSANO DEL GRAPPA,BASSANO,1100,26
2025-09-19 14:44:58,IL789MN,VEH003,RFD20241004177,Presente,PLASTICA E METALLI,PLASTICA PAP,UTZ048,45.7667,11.7335,BASSANO DEL GRAPPA,BASSANO DEL GRAPPA,BASSANO,770,26
2025-09-19 15:50:23,OP012QR,VEH004,RFD20241018010,Presente,SECCO,SECCO PAP,UTZ001,45.3633,11.9846,SAONARA,SAONARA,CAMPOSAMPIERO,1100,26
2025-09-19 16:19:59,ST345UV,VEH005,RFD20241004115,Presente,VETRO,VETRO PAP,UTZ001,45.4292,11.7848,RUBANO,RUBANO,RUBANO,1100,26
2025-09-19 17:21:53,ST345UV,VEH005,RFD20241004185,Presente,VETRO,VETRO PAP,UTZ043,45.4033,11.7495,SACCOLONGO,SACCOLONGO,RUBANO,1100,26
2025-09-20 06:06:34,AB123CD,VEH001,RFD20241001301,Non Presente,NA,CARTA/CARTONE PAP,NA,45.5658,11.9399,NA,CAMPOSAMPIERO,CAMPOSAMPIERO,NA,NA
2025-09-20 12:09:02,OP012QR,VEH004,RFD20241005091,Presente,SECCO,SECCO PAP,UTZ016,45.5852,11.8055,SAN GIORGIO IN BOSCO,SAN GIORGIO IN BOSCO,CAMPOSAMPIERO,1100,26
2025-09-20 12:40:44,OP012QR,VEH004,RFD20250203302,Presente,SECCO,SECCO PAP,UTZ002,45.7326,11.6889,MAROSTICA,NOVE,BASSANO,1100,26
2025-09-20 12:52:49,OP012QR,VEH004,RFD20250901050,Presente,SECCO,SECCO PAP,UTZ025,45.6959,11.6417,SCHIAVON,SCHIAVON,BASSANO,240,26
2025-09-20 14:02:18,OP012QR,VEH004,RFD20241005012,Presente,SECCO,SECCO PAP,UTZ035,45.8086,11.7284,POVE DEL GRAPPA,POVE DEL GRAPPA,BASSANO,1100,26
2025-09-20 15:15:28,OP012QR,VEH004,RFD20241019135,Presente,SECCO,SECCO PAP,UTZ019,45.6500,11.8547,SAN MARTINO DI LUPARI,SAN MARTINO DI LUPARI,CAMPOSAMPIERO,240,26
2025-09-20 15:15:41,IL789MN,VEH003,RFD20241005169,Presente,VERDE E RAMAGLIE,VERDE PAP,UTZ008,45.6473,11.6822,POZZOLEONE,POZZOLEONE,BASSANO,240,26
2025-09-20 15:44:02,OP012QR,VEH004,RFD20250920250,Non Presente,NA,SECCO PAP,NA,45.7059,11.7987,NA,ROSSANO VENETO,BASSANO,NA,NA
2025-09-20 15:45:44,IL789MN,VEH003,RFD20241005144,Presente,VERDE E RAMAGLIE,VERDE PAP,UTZ013,45.4200,11.6830,CERVARESE SANTA CROCE,CERVARESE SANTA CROCE,RUBANO,240,26
2025-09-20 17:23:51,OP012QR,VEH004,RFD20250203302,Presente,SECCO,SECCO PAP,UTZ002,45.7402,11.6626,MAROSTICA,MAROSTICA,BASSANO,1100,26
2025-09-20 18:47:03,EF456GH,VEH002,RFD20241001301,Non Presente,NA,VETRO PAP,NA,45.5658,11.9399,NA,CAMPOSAMPIERO,CAMPOSAMPIERO,NA,NA
2025-09-21 07:00:00,AB123CD,VEH001,RFD20241006147,Presente,CARTA,CARTA CONT.STRADALI,UTZ003,45.3315,11.7373,TORREGLIA,TORREGLIA,RUBANO,240,26
2025-09-21 07:06:52,AB123CD,VEH001,RFD20241006101,Presente,CARTA,CARTA CONT.STRADALI,UTZ012,45.5774,11.9330,CAMPOSAMPIERO,CAMPOSAMPIERO,CAMPOSAMPIERO,1100,26
2025-09-21 08:11:21,AB123CD,VEH001,RFD20241006174,Presente,CARTA,CARTA CONT.STRADALI,UTZ047,45.3068,11.7165,GALZIGNANO TERME,GALZIGNANO TERME,RUBANO,240,26
2025-09-21 08:39:21,AB123CD,VEH001,RFD20250713080,Presente,CARTA,CARTA CONT.STRADALI,UTZ001,45.4365,11.7481,MESTRINO,MESTRINO,RUBANO,240,26
2025-09-21 08:43:22,AB123CD,VEH001,RFD20241006168,Presente,CARTA,CARTA CONT.STRADALI,UTZ003,45.5471,12.0106,MASSANZAGO,MASSANZAGO,CAMPOSAMPIERO,1100,26
2025-09-21 09:07:51,AB123CD,VEH001,RFD20241020036,Presente,CARTA,CARTA CONT.STRADALI,UTZ007,45.6519,11.7817,CITTADELLA,CITTADELLA,CAMPOSAMPIERO,1100,26
2025-09-21 09:15:38,AB123CD,VEH001,RFD20241006180,Presente,CARTA,CARTA CONT.STRADALI,UTZ003,45.6361,11.7542,FONTANIVA,FONTANIVA,CAMPOSAMPIERO,240,26
2025-09-21 09:25:11,AB123CD,VEH001,RFD20241006192,Presente,CARTA,CARTA CONT.STRADALI,UTZ001,45.6512,11.8274,TOMBOLO,TOMBOLO,CAMPOSAMPIERO,1100,26
2025-09-21 09:37:53,AB123CD,VEH001,RFD20241006066,Presente,CARTA,CARTA CONT.STRADALI,UTZ011,45.3105,11.7321,GALZIGNANO TERME,GALZIGNANO TERME,RUBANO,1100,26
2025-09-21 09:45:17,AB123CD,VEH001,RFD20250713165,Presente,CARTA,CARTA CONT.STRADALI,UTZ004,45.8894,11.5500,GALLIO,GALLIO,ASIAGO,240,26
2025-09-21 10:00:13,AB123CD,VEH001,RFD20250713098,Presente,CARTA,CARTA CONT.STRADALI,UTZ001,45.6472,11.6824,POZZOLEONE,POZZOLEONE,BASSANO,1100,26
2025-09-21 11:06:15,AB123CD,VEH001,RFD20241006095,Presente,CARTA,CARTA CONT.STRADALI,UTZ034,45.4856,11.7453,CAMPODORO,CAMPODORO,RUBANO,1100,26
2025-09-22 06:00:09,ST345UV,VEH005,RFD20241001301,Non Presente,NA,ASSISTENTE SERVIZI,NA,45.5658,11.9399,NA,CAMPOSAMPIERO,CAMPOSAMPIERO,NA,NA
2025-09-22 07:32:48,AB123CD,VEH001,RFD20241002229,Non Presente,NA,SECCO PAP,NA,45.7208,11.6123,NA,COLCERESA,BASSANO,NA,NA
2025-09-22 07:39:44,AB123CD,VEH001,RFD20241007126,Presente,SECCO,SECCO PAP,UTZ001,45.6478,11.6838,POZZOLEONE,POZZOLEONE,BASSANO,1100,26
2025-09-22 08:43:21,IL789MN,VEH003,RFD20241007142,Presente,UMIDO,UMIDO PAP,UTZ001,45.3360,11.7886,MONTEGROTTO TERME,MONTEGROTTO TERME,RUBANO,770,26
2025-09-22 09:16:56,AB123CD,VEH001,RFD20241007146,Presente,SECCO,SECCO PAP,UTZ018,45.3019,11.7335,GALZIGNANO TERME,GALZIGNANO TERME,RUBANO,240,26
2025-09-22 12:00:00,OP012QR,VEH004,RFD20241007090,Presente,SECCO,SECCO PAP,UTZ021,45.7166,11.6079,COLCERESA,COLCERESA,BASSANO,1100,26
2025-09-22 12:49:13,OP012QR,VEH004,RFD20241007193,Presente,SECCO,SECCO PAP,UTZ005,45.6645,11.8336,GALLIERA VENETA,GALLIERA VENETA,CAMPOSAMPIERO,240,26
2025-09-22 13:09:45,OP012QR,VEH004,RFD20241007190,Presente,CARTA,SECCO PAP,UTZ031,45.4336,11.7794,RUBANO,RUBANO,RUBANO,1100,26
2025-09-22 13:12:10,IL789MN,VEH003,RFD20250505199,Presente,UMIDO,UMIDO CONT.STRADALI,UTZ034,45.4280,11.7886,RUBANO,RUBANO,RUBANO,240,26
2025-09-22 13:36:51,IL789MN,VEH003,RFD20241007067,Presente,UMIDO,UMIDO CONT.STRADALI,UTZ010,45.3996,11.7457,SACCOLONGO,SACCOLONGO,RUBANO,770,26
2025-09-22 13:50:00,ST345UV,VEH005,RFD20241007039,Presente,VETRO,VETRO PAP,UTZ025,45.5288,11.9682,BORGORICCO,BORGORICCO,CAMPOSAMPIERO,770,26
2025-09-22 13:55:40,IL789MN,VEH003,RFD20250825166,Presente,UMIDO,UMIDO CONT.STRADALI,UTZ002,45.5911,11.8071,SAN GIORGIO IN BOSCO,SAN GIORGIO IN BOSCO,CAMPOSAMPIERO,240,26
2025-09-22 14:03:53,IL789MN,VEH003,RFD20241007233,Non Presente,NA,UMIDO CONT.STRADALI,NA,45.3300,11.8014,NA,MONTEGROTTO TERME,RUBANO,NA,NA
2025-09-22 14:12:55,OP012QR,VEH004,RFD20250915201,Non Presente,NA,SECCO PAP,NA,45.5707,11.9292,NA,CAMPOSAMPIERO,CAMPOSAMPIERO,NA,NA
2025-09-22 15:04:10,IL789MN,VEH003,RFD20241007054,Presente,UMIDO,UMIDO CONT.STRADALI,UTZ013,45.6525,11.8166,TOMBOLO,TOMBOLO,CAMPOSAMPIERO,240,26
2025-09-22 15:09:31,IL789MN,VEH003,RFD20241007148,Presente,UMIDO,UMIDO CONT.STRADALI,UTZ025,45.7745,11.7214,BASSANO DEL GRAPPA,BASSANO DEL GRAPPA,BASSANO,240,26
2025-09-22 15:13:47,ST345UV,VEH005,RFD20241007076,Presente,VETRO,VETRO PAP,UTZ001,45.7717,11.7306,BASSANO DEL GRAPPA,BASSANO DEL GRAPPA,BASSANO,1100,26
2025-09-22 16:08:25,ST345UV,VEH005,RFD20241007081,Presente,VETRO,VETRO PAP,UTZ003,45.7213,11.7654,ROSA',ROSA',BASSANO,1100,26
2025-09-22 16:50:44,OP012QR,VEH004,RFD20250203302,Presente,SECCO,SECCO PAP,UTZ002,45.7435,11.7038,MAROSTICA,BASSANO DEL GRAPPA,BASSANO,1100,26
2025-09-22 16:54:12,OP012QR,VEH004,RFD20241007120,Presente,SECCO,SECCO PAP,UTZ002,45.4332,11.7853,RUBANO,RUBANO,RUBANO,1100,26
2025-09-22 18:21:30,OP012QR,VEH004,RFD20250203302,Presente,SECCO,SECCO PAP,UTZ002,45.7446,11.6578,MAROSTICA,MAROSTICA,BASSANO,1100,26
2025-09-23 06:14:57,AB123CD,VEH001,RFD20241008171,Presente,CARTA,CARTA/CARTONE PAP,UTZ023,45.7280,11.7642,ROSA',ROSA',BASSANO,240,26
2025-09-23 08:14:42,EF456GH,VEH002,RFD20241008026,Presente,VETRO,VETRO PAP,UTZ008,45.7924,11.7305,POVE DEL GRAPPA,POVE DEL GRAPPA,BASSANO,1100,26
2025-09-23 09:22:02,AB123CD,VEH001,RFD20241022136,Presente,CARTA,CARTA/CARTONE PAP,UTZ038,45.7885,11.7572,ROMANO D'EZZELINO,ROMANO D'EZZELINO,BASSANO,240,26
2025-09-23 10:46:37,IL789MN,VEH003,RFD20241008059,Presente,UMIDO,UMIDO PAP,UTZ001,45.4024,11.7942,SELVAZZANO DENTRO,SELVAZZANO DENTRO,RUBANO,240,26
2025-09-23 10:50:15,AB123CD,VEH001,RFD20241008062,Presente,CARTA,CARTA/CARTONE PAP,UTZ002,45.3629,11.6652,ROVOLON,ROVOLON,RUBANO,1100,26
2025-09-23 12:10:24,OP012QR,VEH004,RFD20250203302,Presente,SECCO,SECCO PAP,UTZ002,45.7431,11.7030,MAROSTICA,BASSANO DEL GRAPPA,BASSANO,1100,26
2025-09-23 12:39:42,OP012QR,VEH004,RFD20250325228,Non Presente,NA,SECCO PAP,NA,45.4793,11.8448,NA,LIMENA,RUBANO,NA,NA
2025-09-23 12:41:30,OP012QR,VEH004,RFD20241008155,Presente,SECCO,SECCO PAP,UTZ002,45.8755,11.5202,ASIAGO,ASIAGO,ASIAGO,240,26
2025-09-23 13:18:29,ST345UV,VEH005,RFD20241008023,Presente,PLASTICA E METALLI,PLAST.CONT.STRADALI,UTZ027,45.3021,11.7241,GALZIGNANO TERME,GALZIGNANO TERME,RUBANO,770,26
2025-09-23 13:46:23,OP012QR,VEH004,RFD20241008102,Presente,SECCO,SECCO PAP,UTZ024,45.8899,11.6268,FOZA,FOZA,ASIAGO,1100,26
2025-09-23 15:08:17,IL789MN,VEH003,RFD20241016234,Non Presente,NA,PLASTICA PAP,NA,45.5601,11.8172,NA,CAMPO SAN MARTINO,CAMPOSAMPIERO,NA,NA
2025-09-23 16:33:06,ST345UV,VEH005,RFD20241008187,Presente,PLASTICA E METALLI,PLAST.CONT.STRADALI,UTZ002,45.6585,11.8265,GALLIERA VENETA,GALLIERA VENETA,CAMPOSAMPIERO,770,26
2025-09-23 16:42:53,OP012QR,VEH004,RFD20250203302,Presente,SECCO,SECCO PAP,UTZ002,45.7367,11.6946,MAROSTICA,BASSANO DEL GRAPPA,BASSANO,1100,26
2025-09-23 16:51:03,OP012QR,VEH004,RFD20241008099,Presente,SECCO,SECCO PAP,UTZ015,45.7174,11.7677,ROSA',ROSA',BASSANO,1100,26
2025-09-23 18:57:13,AB123CD,VEH001,RFD20241001301,Non Presente,NA,CARTA/CARTONE PAP,NA,45.5657,11.9399,NA,CAMPOSAMPIERO,CAMPOSAMPIERO,NA,NA
2025-09-24 06:20:53,OP012QR,VEH004,RFD20241001301,Non Presente,NA,SECCO PAP,NA,45.5658,11.9399,NA,CAMPOSAMPIERO,CAMPOSAMPIERO,NA,NA
2025-09-24 06:30:52,AB123CD,VEH001,RFD20241009151,Presente,SECCO,SECCO PAP,UTZ026,45.5939,11.9391,LOREGGIA,LOREGGIA,CAMPOSAMPIERO,240,26
2025-09-24 07:33:57,AB123CD,VEH001,RFD20241009041,Presente,SECCO,SECCO PAP,UTZ001,45.5653,11.8986,SANTA GIUSTINA IN COLLE,SANTA GIUSTINA IN COLLE,CAMPOSAMPIERO,1100,26
2025-09-24 07:34:41,AB123CD,VEH001,RFD20241009128,Presente,SECCO,SECCO PAP,UTZ002,45.4111,11.7369,SACCOLONGO,SACCOLONGO,RUBANO,1100,26
2025-09-24 07:37:21,AB123CD,VEH001,RFD20250924162,Presente,SECCO,SECCO PAP,UTZ008,45.8575,11.4006,ROTZO,ROTZO,ASIAGO,1100,26
2025-09-24 07:57:08,ST345UV,VEH005,RFD20250123212,Non Presente,NA,ASSISTENTE SERVIZI,NA,45.4273,11.7902,NA,RUBANO,RUBANO,NA,NA
2025-09-24 08:46:30,AB123CD,VEH001,RFD20241009189,Presente,SECCO,SECCO PAP,UTZ002,45.4232,11.7903,RUBANO,RUBANO,RUBANO,1100,26
2025-09-24 09:40:02,AB123CD,VEH001,RFD20241009093,Presente,SECCO,SECCO PAP,UTZ040,45.7098,11.7972,ROSSANO VENETO,ROSSANO VENETO,BASSANO,1100,26
2025-09-24 09:41:58,AB123CD,VEH001,RFD20241009111,Presente,SECCO,SECCO PAP,UTZ042,45.6085,11.6743,SAN PIETRO IN GU,SAN PIETRO IN GU,CAMPOSAMPIERO,240,26
2025-09-24 10:22:31,AB123CD,VEH001,RFD20241009108,Presente,SECCO,SECCO PAP,UTZ003,45.6956,11.7108,TEZZE SUL BRENTA,TEZZE SUL BRENTA,BASSANO,240,26
2025-09-24 10:55:23,AB123CD,VEH001,RFD20241009106,Presente,SECCO,SECCO PAP,UTZ004,45.7672,11.7353,BASSANO DEL GRAPPA,BASSANO DEL GRAPPA,BASSANO,240,26
2025-09-24 10:59:30,AB123CD,VEH001,RFD20241009227,Non Presente,NA,SECCO PAP,NA,45.8964,11.5508,NA,GALLIO,ASIAGO,NA,NA
2025-09-24 11:07:43,EF456GH,VEH002,RFD20241009218,Non Presente,NA,CARTA CONT.STRADALI,NA,45.5588,11.9136,NA,SANTA GIUSTINA IN COLLE,CAMPOSAMPIERO,NA,NA
2025-09-24 13:55:43,OP012QR,VEH004,RFD20241009107,Presente,SECCO,SECCO PAP,UTZ033,45.5707,11.9321,CAMPOSAMPIERO,CAMPOSAMPIERO,CAMPOSAMPIERO,1100,26
2025-09-24 14:14:40,ST345UV,VEH005,RFD20241009150,Presente,VETRO,VETRO PAP,UTZ027,45.5791,11.9325,CAMPOSAMPIERO,CAMPOSAMPIERO,CAMPOSAMPIERO,1100,26
2025-09-24 15:21:43,OP012QR,VEH004,RFD20241009085,Presente,SECCO,SECCO PAP,UTZ016,45.4844,11.8337,LIMENA,LIMENA,RUBANO,1100,26
2025-09-24 15:43:19,OP012QR,VEH004,RFD20250203302,Presente,SECCO,SECCO PAP,UTZ002,45.7279,11.6773,MAROSTICA,NOVE,BASSANO,1100,26
2025-09-24 15:58:29,OP012QR,VEH004,RFD20241009140,Presente,SECCO,SECCO PAP,UTZ002,45.9448,11.7210,ENEGO,ENEGO,ASIAGO,1100,26
2025-09-24 16:52:32,OP012QR,VEH004,RFD20250203302,Presente,SECCO,SECCO PAP,UTZ002,45.7428,11.7028,MAROSTICA,BASSANO DEL GRAPPA,BASSANO,1100,26
2025-09-25 07:52:43,IL789MN,VEH003,RFD20241010068,Presente,UMIDO,UMIDO PAP,UTZ004,45.4896,11.7452,CAMPODORO,CAMPODORO,RUBANO,240,26
2025-09-25 08:22:47,EF456GH,VEH002,RFD20241024149,Presente,VETRO,VETRO PAP,UTZ004,45.5624,11.9086,SANTA GIUSTINA IN COLLE,SANTA GIUSTINA IN COLLE,CAMPOSAMPIERO,1100,13
2025-09-25 10:05:22,AB123CD,VEH001,RFD20241010013,Presente,CARTA,CARTA/CARTONE PAP,UTZ009,45.7803,11.7403,BASSANO DEL GRAPPA,BASSANO DEL GRAPPA,BASSANO,1100,26
2025-09-25 10:08:05,AB123CD,VEH001,RFD20241010194,Presente,CARTA,CARTA/CARTONE PAP,UTZ017,45.7815,11.7309,BASSANO DEL GRAPPA,BASSANO DEL GRAPPA,BASSANO,240,26
2025-09-25 13:46:25,IL789MN,VEH003,RFD20241010178,Presente,UMIDO,UMIDO CONT.STRADALI,UTZ004,45.6591,11.8247,GALLIERA VENETA,GALLIERA VENETA,CAMPOSAMPIERO,240,26
2025-09-25 14:02:55,OP012QR,VEH004,RFD20250313133,Presente,SECCO,SECCO PAP,UTZ005,45.6415,11.7534,FONTANIVA,FONTANIVA,CAMPOSAMPIERO,1100,26
2025-09-25 14:03:28,ST345UV,VEH005,RFD20241010022,Presente,PLASTICA E METALLI,PLAST.CONT.STRADALI,UTZ032,45.3666,11.9839,SAONARA,SAONARA,CAMPOSAMPIERO,770,26
2025-09-25 14:26:09,OP012QR,VEH004,RFD20250203302,Presente,SECCO,SECCO PAP,UTZ002,45.7361,11.6679,MAROSTICA,MAROSTICA,BASSANO,1100,26
2025-09-25 14:54:24,ST345UV,VEH005,RFD20241010154,Presente,PLASTICA E METALLI,PLAST.CONT.STRADALI,UTZ005,45.8641,11.5162,ASIAGO,ASIAGO,ASIAGO,770,26
2025-09-25 15:04:13,IL789MN,VEH003,RFD20241010109,Presente,UMIDO,UMIDO CONT.STRADALI,UTZ018,45.7767,11.7333,BASSANO DEL GRAPPA,BASSANO DEL GRAPPA,BASSANO,770,26
2025-09-25 15:24:56,ST345UV,VEH005,RFD20241010079,Presente,PLASTICA E METALLI,PLAST.CONT.STRADALI,UTZ004,45.8870,11.6249,FOZA,FOZA,ASIAGO,770,26
2025-09-25 15:50:37,OP012QR,VEH004,RFD20241010119,Presente,SECCO,SECCO PAP,UTZ002,45.5624,11.9074,SANTA GIUSTINA IN COLLE,SANTA GIUSTINA IN COLLE,CAMPOSAMPIERO,1100,26
2025-09-25 16:41:14,OP012QR,VEH004,RFD20241010069,Presente,SECCO,SECCO PAP,UTZ020,45.7308,11.7589,ROSA',ROSA',BASSANO,240,26
2025-09-25 16:58:07,OP012QR,VEH004,RFD20241010074,Presente,SECCO,SECCO PAP,UTZ006,45.6211,11.6996,CARMIGNANO DI BRENTA,CARMIGNANO DI BRENTA,CAMPOSAMPIERO,1100,26
2025-09-25 18:34:46,OP012QR,VEH004,RFD20250203302,Presente,SECCO,SECCO PAP,UTZ002,45.7411,11.7003,MAROSTICA,BASSANO DEL GRAPPA,BASSANO,1100,26
2025-09-25 18:40:39,EF456GH,VEH002,RFD20241001301,Non Presente,NA,VETRO PAP,NA,45.5658,11.9399,NA,CAMPOSAMPIERO,CAMPOSAMPIERO,NA,NA
2025-09-26 06:00:37,EF456GH,VEH002,RFD20241001301,Non Presente,NA,CARTA CONT.STRADALI,NA,45.5658,11.9399,NA,CAMPOSAMPIERO,CAMPOSAMPIERO,NA,NA
2025-09-26 06:13:30,AB123CD,VEH001,RFD20241001301,Non Presente,NA,SECCO PAP,NA,45.5658,11.9399,NA,CAMPOSAMPIERO,CAMPOSAMPIERO,NA,NA
2025-09-26 07:14:17,AB123CD,VEH001,RFD20241011132,Presente,SECCO,SECCO PAP,UTZ001,45.5773,11.9310,CAMPOSAMPIERO,CAMPOSAMPIERO,CAMPOSAMPIERO,1100,26
2025-09-26 07:19:33,AB123CD,VEH001,RFD20250915201,Non Presente,NA,SECCO PAP,NA,45.5709,11.9292,NA,CAMPOSAMPIERO,CAMPOSAMPIERO,NA,NA
2025-09-26 07:50:45,EF456GH,VEH002,RFD20250912070,Presente,CARTA,CARTA CONT.STRADALI,UTZ028,45.3323,11.7293,TORREGLIA,TORREGLIA,RUBANO,240,26
2025-09-26 08:14:51,AB123CD,VEH001,RFD20250509017,Presente,SECCO,SECCO PAP,UTZ002,45.5766,11.9322,CAMPOSAMPIERO,CAMPOSAMPIERO,CAMPOSAMPIERO,1100,26
2025-09-26 08:15:48,EF456GH,VEH002,RFD20241011223,Non Presente,NA,CARTA CONT.STRADALI,NA,45.9024,11.6321,NA,FOZA,ASIAGO,NA,NA
2025-09-26 09:28:15,AB123CD,VEH001,RFD20241011139,Presente,SECCO,SECCO PAP,UTZ002,45.6198,11.6595,SAN PIETRO IN GU,SAN PIETRO IN GU,CAMPOSAMPIERO,1100,26
2025-09-26 10:02:27,AB123CD,VEH001,RFD20250425200,Presente,SECCO,SECCO PAP,UTZ015,45.5441,11.9260,SAN GIORGIO DELLE PERTICHE,SAN GIORGIO DELLE PERTICHE,CAMPOSAMPIERO,1100,26
2025-09-26 11:41:01,AB123CD,VEH001,RFD20241025196,Presente,SECCO,SECCO PAP,UTZ029,45.8643,11.5201,ASIAGO,ASIAGO,ASIAGO,1100,26
2025-09-26 12:44:50,OP012QR,VEH004,RFD20250203302,Presente,SECCO,SECCO PAP,UTZ002,45.7371,11.6952,MAROSTICA,BASSANO DEL GRAPPA,BASSANO,1100,26
2025-09-26 13:45:44,ST345UV,VEH005,RFD20241025087,Presente,VETRO,VETRO PAP,UTZ021,45.4965,11.9050,CAMPODARSEGO,CAMPODARSEGO,CAMPOSAMPIERO,1100,13
2025-09-26 13:47:50,OP012QR,VEH004,RFD20241011121,Presente,PLASTICA E METALLI,SECCO PAP,UTZ015,45.4087,11.7482,SACCOLONGO,SACCOLONGO,RUBANO,1100,26
2025-09-26 13:53:38,ST345UV,VEH005,RFD20241025175,Presente,VETRO,VETRO PAP,UTZ006,45.4899,11.7534,CAMPODORO,CAMPODORO,RUBANO,1100,13
2025-09-26 14:13:10,OP012QR,VEH004,RFD20250203302,Presente,SECCO,SECCO PAP,UTZ002,45.7433,11.6594,MAROSTICA,MAROSTICA,BASSANO,1100,26
2025-09-26 15:10:18,ST345UV,VEH005,RFD20241025031,Presente,VETRO,VETRO PAP,UTZ026,45.7760,11.7460,BASSANO DEL GRAPPA,BASSANO DEL GRAPPA,BASSANO,1100,13
2025-09-26 15:12:33,ST345UV,VEH005,RFD20241025060,Presente,VETRO,VETRO PAP,UTZ003,45.3335,11.7955,MONTEGROTTO TERME,MONTEGROTTO TERME,RUBANO,1100,13
2025-09-26 15:14:04,OP012QR,VEH004,RFD20241011124,Presente,SECCO,SECCO PAP,UTZ001,45.6385,11.8461,SAN MARTINO DI LUPARI,SAN MARTINO DI LUPARI,CAMPOSAMPIERO,240,26
2025-09-26 15:59:10,ST345UV,VEH005,RFD20241011125,Presente,VETRO,VETRO PAP,UTZ014,45.5745,11.9219,CAMPOSAMPIERO,CAMPOSAMPIERO,CAMPOSAMPIERO,1100,26
2025-09-26 16:20:53,IL789MN,VEH003,RFD20241011019,Presente,PLASTICA E METALLI,PLASTICA PAP,UTZ001,45.6000,12.0030,PIOMBINO DESE,PIOMBINO DESE,CAMPOSAMPIERO,770,26
2025-09-26 16:52:21,IL789MN,VEH003,RFD20241025075,Presente,PLASTICA E METALLI,PLASTICA PAP,UTZ001,45.7967,11.7437,ROMANO D'EZZELINO,ROMANO D'EZZELINO,BASSANO,770,26
2025-09-26 17:30:28,OP012QR,VEH004,RFD20241011004,Presente,SECCO,SECCO PAP,UTZ024,45.7922,11.7673,ROMANO D'EZZELINO,ROMANO D'EZZELINO,BASSANO,240,26
2025-09-27 06:19:18,OP012QR,VEH004,RFD20241001301,Non Presente,NA,SECCO PAP,NA,45.5657,11.9399,NA,CAMPOSAMPIERO,CAMPOSAMPIERO,NA,NA
2025-09-27 08:19:15,AB123CD,VEH001,RFD20241012116,Presente,CARTA,CARTA/CARTONE PAP,UTZ009,45.3960,11.7912,SELVAZZANO DENTRO,SELVAZZANO DENTRO,RUBANO,240,26
2025-09-27 12:08:09,OP012QR,VEH004,RFD20241012082,Presente,SECCO,SECCO PAP,UTZ001,45.6590,11.8291,GALLIERA VENETA,GALLIERA VENETA,CAMPOSAMPIERO,240,26
2025-09-27 13:05:12,OP012QR,VEH004,RFD20250901050,Presente,SECCO,SECCO PAP,UTZ025,45.6961,11.6416,SCHIAVON,SCHIAVON,BASSANO,240,26
2025-09-27 13:10:11,OP012QR,VEH004,RFD20250203302,Presente,SECCO,SECCO PAP,UTZ002,45.7306,11.6865,MAROSTICA,NOVE,BASSANO,1100,26
2025-09-27 14:06:48,IL789MN,VEH003,RFD20241012047,Presente,VERDE E RAMAGLIE,VERDE PAP,UTZ028,45.7545,11.7432,BASSANO DEL GRAPPA,BASSANO DEL GRAPPA,BASSANO,240,26
2025-09-27 15:28:25,IL789MN,VEH003,RFD20241012052,Presente,VERDE E RAMAGLIE,VERDE PAP,UTZ002,45.6996,11.6387,SCHIAVON,SCHIAVON,BASSANO,1100,26
2025-09-27 15:36:06,IL789MN,VEH003,RFD20241008231,Non Presente,NA,VERDE PAP,NA,45.6866,11.7001,NA,TEZZE SUL BRENTA,BASSANO,NA,NA
2025-09-27 16:00:49,IL789MN,VEH003,RFD20241012089,Presente,VERDE E RAMAGLIE,VERDE PAP,UTZ017,45.7290,11.6733,NOVE,NOVE,BASSANO,240,26
2025-09-27 16:08:37,AB123CD,VEH001,RFD20250920250,Non Presente,NA,CARTA/CARTONE PAP,NA,45.7059,11.7987,NA,ROSSANO VENETO,BASSANO,NA,NA
2025-09-27 16:33:25,OP012QR,VEH004,RFD20250203302,Presente,SECCO,SECCO PAP,UTZ002,45.7344,11.6912,MAROSTICA,BASSANO DEL GRAPPA,BASSANO,1100,26
2025-09-27 18:35:15,OP012QR,VEH004,RFD20241001301,Non Presente,NA,SECCO PAP,NA,45.5659,11.9399,NA,CAMPOSAMPIERO,CAMPOSAMPIERO,NA,NA
2025-09-28 07:05:43,AB123CD,VEH001,RFD20241013046,Presente,CARTA,CARTA CONT.STRADALI,UTZ035,45.3084,11.7300,GALZIGNANO TERME,GALZIGNANO TERME,RUBANO,240,26
2025-09-28 07:48:01,AB123CD,VEH001,RFD20241013167,Presente,CARTA,CARTA CONT.STRADALI,UTZ022,45.9006,11.6394,FOZA,FOZA,ASIAGO,240,26
2025-09-28 07:51:55,AB123CD,VEH001,RFD20241013030,Presente,CARTA,CARTA CONT.STRADALI,UTZ001,45.6914,11.7994,ROSSANO VENETO,ROSSANO VENETO,BASSANO,1100,26
2025-09-28 08:05:05,AB123CD,VEH001,RFD20241013129,Presente,CARTA,CARTA CONT.STRADALI,UTZ031,45.6329,11.7062,CARMIGNANO DI BRENTA,CARMIGNANO DI BRENTA,CAMPOSAMPIERO,240,26
2025-09-28 08:08:39,AB123CD,VEH001,RFD20241013130,Presente,CARTA,CARTA CONT.STRADALI,UTZ004,45.4270,11.6850,CERVARESE SANTA CROCE,CERVARESE SANTA CROCE,RUBANO,240,26
2025-09-28 08:35:08,AB123CD,VEH001,RFD20241013083,Presente,CARTA,CARTA CONT.STRADALI,UTZ030,45.3139,11.7394,GALZIGNANO TERME,GALZIGNANO TERME,RUBANO,240,26
2025-09-28 08:47:54,AB123CD,VEH001,RFD20250928057,Presente,CARTA,CARTA CONT.STRADALI,UTZ022,45.5443,12.0082,MASSANZAGO,MASSANZAGO,CAMPOSAMPIERO,1100,26
2025-09-28 08:51:14,AB123CD,VEH001,RFD20241013172,Presente,CARTA,CARTA CONT.STRADALI,UTZ001,45.3299,11.7374,TORREGLIA,TORREGLIA,RUBANO,240,26
2025-09-28 09:21:44,AB123CD,VEH001,RFD20250901001,Presente,CARTA,CARTA CONT.STRADALI,UTZ001,45.7667,11.7342,BASSANO DEL GRAPPA,BASSANO DEL GRAPPA,BASSANO,240,26
2025-09-29 06:00:00,AB123CD,VEH001,RFD20250901002,Presente,SECCO,SECCO PAP,UTZ002,45.7672,11.7350,BASSANO DEL GRAPPA,BASSANO DEL GRAPPA,BASSANO,1100,26
2025-09-29 06:14:01,AB123CD,VEH001,RFD20250901201,Non Presente,NA,SECCO PAP,NA,45.7680,11.7358,NA,BASSANO DEL GRAPPA,BASSANO,NA,NA
2025-09-29 06:26:06,IL789MN,VEH003,RFD20241008208,Non Presente,NA,UMIDO PAP,NA,45.8667,11.5123,NA,ASIAGO,ASIAGO,NA,NA
2025-09-29 07:15:07,AB123CD,VEH001,RFD20250929186,Presente,SECCO,SECCO PAP,UTZ046,45.7216,11.7652,ROSA',ROSA',BASSANO,240,26
2025-09-29 08:09:26,AB123CD,VEH001,RFD20250203051,Presente,SECCO,SECCO PAP,UTZ003,45.6500,11.8268,TOMBOLO,TOMBOLO,CAMPOSAMPIERO,1100,26
2025-09-29 08:48:54,EF456GH,VEH002,RFD20250331008,Presente,CARTA,CARTA CONT.STRADALI,UTZ001,45.5242,11.8288,CURTAROLO,CURTAROLO,CAMPOSAMPIERO,240,26
2025-09-29 08:57:47,AB123CD,VEH001,RFD20241014117,Presente,SECCO,SECCO PAP,UTZ001,45.6415,11.7836,CITTADELLA,CITTADELLA,CAMPOSAMPIERO,1100,26
2025-09-29 09:13:33,EF456GH,VEH002,RFD20241014011,Presente,CARTA,CARTA CONT.STRADALI,UTZ034,45.6443,11.8628,SAN MARTINO DI LUPARI,SAN MARTINO DI LUPARI,CAMPOSAMPIERO,1100,26
2025-09-29 09:43:41,EF456GH,VEH002,RFD20241014191,Presente,CARTA,CARTA CONT.STRADALI,UTZ005,45.3678,11.6629,ROVOLON,ROVOLON,RUBANO,1100,26
2025-09-29 13:22:53,IL789MN,VEH003,RFD20241014226,Non Presente,NA,UMIDO CONT.STRADALI,NA,45.4291,11.7856,NA,RUBANO,RUBANO,NA,NA
2025-09-29 13:39:36,OP012QR,VEH004,RFD20250203302,Presente,SECCO,SECCO PAP,UTZ002,45.7298,11.6854,MAROSTICA,NOVE,BASSANO,1100,26
2025-09-29 14:52:50,IL789MN,VEH003,RFD20241028145,Presente,UMIDO,UMIDO CONT.STRADALI,UTZ004,45.4285,11.7852,RUBANO,RUBANO,RUBANO,240,26
2025-09-29 15:02:15,IL789MN,VEH003,RFD20241028173,Presente,UMIDO,UMIDO CONT.STRADALI,UTZ004,45.7626,11.7418,BASSANO DEL GRAPPA,BASSANO DEL GRAPPA,BASSANO,240,26
2025-09-29 15:15:24,OP012QR,VEH004,RFD20250203302,Presente,SECCO,SECCO PAP,UTZ002,45.7373,11.6954,MAROSTICA,BASSANO DEL GRAPPA,BASSANO,1100,26
2025-09-29 16:49:17,OP012QR,VEH004,RFD20241028163,Presente,SECCO,SECCO PAP,UTZ003,45.7273,11.7665,ROSA',ROSA',BASSANO,1100,26
2025-09-29 18:55:49,IL789MN,VEH003,RFD20241001301,Non Presente,NA,UMIDO CONT.STRADALI,NA,45.5658,11.9399,NA,CAMPOSAMPIERO,CAMPOSAMPIERO,NA,NA
2025-09-30 06:05:30,ST345UV,VEH005,RFD20241001301,Non Presente,NA,PULIZIA TERRIT.,NA,45.5659,11.9399,NA,CAMPOSAMPIERO,CAMPOSAMPIERO,NA,NA
2025-09-30 06:22:07,AB123CD,VEH001,RFD20250624006,Presente,CARTA,CARTA/CARTONE PAP,UTZ003,45.6300,11.7010,CARMIGNANO DI BRENTA,CARMIGNANO DI BRENTA,CAMPOSAMPIERO,240,26
2025-09-30 07:16:43,AB123CD,VEH001,RFD20241001103,Presente,CARTA,CARTA/CARTONE PAP,UTZ013,45.5663,11.9181,CAMPOSAMPIERO,CAMPOSAMPIERO,CAMPOSAMPIERO,240,26
2025-09-30 09:11:42,AB123CD,VEH001,RFD20241001040,Presente,CARTA,CARTA/CARTONE PAP,UTZ006,45.4761,11.8480,LIMENA,LIMENA,RUBANO,240,26
2025-09-30 09:31:12,IL789MN,VEH003,RFD20241001072,Presente,UMIDO,UMIDO PAP,UTZ003,45.8084,11.5992,LUSIANA CONCO,LUSIANA CONCO,ASIAGO,240,26
2025-09-30 10:17:15,IL789MN,VEH003,RFD20241001152,Presente,UMIDO,UMIDO PAP,UTZ037,45.4374,11.9253,CADONEGHE,CADONEGHE,CAMPOSAMPIERO,240,26
2025-09-30 13:00:00,IL789MN,VEH003,RFD20241001122,Presente,PLASTICA E METALLI,PLASTICA PAP,UTZ012,45.8054,11.7262,POVE DEL GRAPPA,POVE DEL GRAPPA,BASSANO,770,26
2025-09-30 13:45:42,ST345UV,VEH005,RFD20241001114,Presente,PLASTICA E METALLI,PLAST.CONT.STRADALI,UTZ005,45.8611,11.5202,ASIAGO,ASIAGO,ASIAGO,770,26
2025-09-30 13:47:04,OP012QR,VEH004,RFD20250203302,Presente,SECCO,SECCO PAP,UTZ002,45.7270,11.6816,MAROSTICA,NOVE,BASSANO,1100,26
2025-09-30 14:22:31,IL789MN,VEH003,RFD20241001158,Presente,PLASTICA E METALLI,PLASTICA PAP,UTZ034,45.6544,11.8574,SAN MARTINO DI LUPARI,SAN MARTINO DI LUPARI,CAMPOSAMPIERO,770,26
2025-09-30 14:40:11,OP012QR,VEH004,RFD20241001181,Presente,SECCO,SECCO PAP,UTZ008,45.6546,11.6828,POZZOLEONE,POZZOLEONE,BASSANO,1100,26
2025-09-30 14:59:54,OP012QR,VEH004,RFD20241015048,Presente,SECCO,SECCO PAP,UTZ030,45.4293,11.7921,RUBANO,RUBANO,RUBANO,1100,26
2025-09-30 15:04:58,IL789MN,VEH003,RFD20241008208,Non Presente,NA,PLASTICA PAP,NA,45.8668,11.5124,NA,ASIAGO,ASIAGO,NA,NA
2025-09-30 15:17:36,OP012QR,VEH004,RFD20250203302,Presente,SECCO,SECCO PAP,UTZ002,45.7389,11.6645,MAROSTICA,MAROSTICA,BASSANO,1100,26
2025-09-30 15:29:59,OP012QR,VEH004,RFD20241001058,Presente,SECCO,SECCO PAP,UTZ035,45.3439,11.6638,TEOLO,TEOLO,RUBANO,1100,26
2025-09-30 17:59:54,ST345UV,VEH005,RFD20241001209,Non Presente,NA,PLAST.CONT.STRADALI,NA,45.6483,11.8298,NA,TOMBOLO,CAMPOSAMPIERO,NA,NA
2025-10-01 06:37:25,AB123CD,VEH001,RFD20241002049,Presente,SECCO,SECCO PAP,UTZ003,45.3395,11.7382,TORREGLIA,TORREGLIA,RUBANO,1100,26
2025-10-01 07:23:00,AB123CD,VEH001,RFD20250820009,Presente,SECCO,SECCO PAP,UTZ009,45.5261,11.9529,BORGORICCO,BORGORICCO,CAMPOSAMPIERO,1100,26
2025-10-01 07:50:03,EF456GH,VEH002,RFD20241002071,Presente,CARTA,CARTA CONT.STRADALI,UTZ033,45.4325,11.7846,RUBANO,RUBANO,RUBANO,1100,26
2025-10-01 08:00:03,AB123CD,VEH001,RFD20250514018,Presente,SECCO,SECCO PAP,UTZ005,45.7964,11.7361,POVE DEL GRAPPA,POVE DEL GRAPPA,BASSANO,1100,26
2025-10-01 08:15:40,AB123CD,VEH001,RFD20250820063,Presente,SECCO,SECCO PAP,UTZ039,45.3675,11.9816,SAONARA,SAONARA,CAMPOSAMPIERO,1100,26
2025-10-01 09:09:05,AB123CD,VEH001,RFD20241002105,Presente,SECCO,SECCO PAP,UTZ002,45.7147,11.7668,ROSA',ROSA',BASSANO,240,26
2025-10-01 10:25:54,AB123CD,VEH001,RFD20250205056,Presente,SECCO,SECCO PAP,UTZ001,45.5197,11.8283,CURTAROLO,CURTAROLO,CAMPOSAMPIERO,240,26
2025-10-01 10:27:55,EF456GH,VEH002,RFD20241002073,Presente,CARTA,CARTA CONT.STRADALI,UTZ050,45.4021,11.7537,SACCOLONGO,SACCOLONGO,RUBANO,1100,26
2025-10-01 10:34:56,AB123CD,VEH001,RFD20241002183,Presente,SECCO,SECCO PAP,UTZ009,45.7284,11.7950,CASSOLA,CASSOLA,BASSANO,1100,26
2025-10-01 12:18:29,OP012QR,VEH004,RFD20250203302,Presente,SECCO,SECCO PAP,UTZ002,45.7325,11.6892,MAROSTICA,NOVE,BASSANO,1100,26
2025-10-01 13:12:07,OP012QR,VEH004,RFD20241002203,Non Presente,NA,SECCO PAP,NA,45.3696,11.6596,NA,ROVOLON,RUBANO,NA,NA
2025-10-01 13:22:20,OP012QR,VEH004,RFD20241002094,Presente,SECCO,SECCO PAP,UTZ005,45.5789,11.9240,CAMPOSAMPIERO,CAMPOSAMPIERO,CAMPOSAMPIERO,240,26
2025-10-01 13:47:43,OP012QR,VEH004,RFD20241002078,Presente,SECCO,SECCO PAP,UTZ009,45.8880,11.5489,GALLIO,GALLIO,ASIAGO,1100,26
2025-10-01 14:14:25,OP012QR,VEH004,RFD20250203302,Presente,SECCO,SECCO PAP,UTZ002,45.7363,11.6675,MAROSTICA,MAROSTICA,BASSANO,1100,26
2025-10-01 14:28:37,IL789MN,VEH003,RFD20241016234,Non Presente,NA,VERDE PAP,NA,45.5602,11.8172,NA,CAMPO SAN MARTINO,CAMPOSAMPIERO,NA,NA
2025-10-01 14:55:19,OP012QR,VEH004,RFD20241002184,Presente,SECCO,SECCO PAP,UTZ002,45.7698,11.7359,BASSANO DEL GRAPPA,BASSANO DEL GRAPPA,BASSANO,1100,26
2025-10-01 16:08:16,ST345UV,VEH005,RFD20241002053,Presente,VETRO,VETRO PAP,UTZ022,45.7622,11.7434,BASSANO DEL GRAPPA,BASSANO DEL GRAPPA,BASSANO,1100,26
2025-10-01 16:17:10,IL789MN,VEH003,RFD20241002015,Presente,VERDE E RAMAGLIE,VERDE PAP,UTZ030,45.6656,11.8193,GALLIERA VENETA,GALLIERA VENETA,CAMPOSAMPIERO,1100,26
2025-10-01 17:11:59,IL789MN,VEH003,RFD20241002198,Presente,VERDE E RAMAGLIE,VERDE PAP,UTZ001,45.8722,11.5267,ASIAGO,ASIAGO,ASIAGO,240,26
2025-10-01 18:34:16,OP012QR,VEH004,RFD20241001301,Non Presente,NA,SECCO PAP,NA,45.5658,11.9399,NA,CAMPOSAMPIERO,CAMPOSAMPIERO,NA,NA
2025-10-02 08:07:15,EF456GH,VEH002,RFD20241007233,Non Presente,NA,VETRO PAP,NA,45.3299,11.8014,NA,MONTEGROTTO TERME,RUBANO,NA,NA
2025-10-02 08:18:47,AB123CD,VEH001,RFD20241031097,Presente,CARTA,CARTA/CARTONE PAP,UTZ011,45.6011,11.8145,SAN GIORGIO IN BOSCO,SAN GIORGIO IN BOSCO,CAMPOSAMPIERO,1100,26
2025-10-02 08:38:25,AB123CD,VEH001,RFD20241003141,Presente,CARTA,CARTA/CARTONE PAP,UTZ008,45.5760,11.7104,GAZZO,GAZZO,CAMPOSAMPIERO,1100,26
2025-10-02 09:13:30,AB123CD,VEH001,RFD20241003096,Presente,CARTA,CARTA/CARTONE PAP,UTZ017,45.5712,11.9268,CAMPOSAMPIERO,CAMPOSAMPIERO,CAMPOSAMPIERO,1100,26
2025-10-02 09:21:19,EF456GH,VEH002,RFD20241003035,Presente,VETRO,VETRO PAP,UTZ003,45.7181,11.5991,COLCERESA,COLCERESA,BASSANO,1100,13
2025-10-02 10:12:09,EF456GH,VEH002,RFD20241003157,Presente,VETRO,VETRO PAP,UTZ013,45.4909,11.7443,CAMPODORO,CAMPODORO,RUBANO,1100,26
2025-10-02 10:30:08,EF456GH,VEH002,RFD20250123212,Non Presente,NA,VETRO PAP,NA,45.4273,11.7903,NA,RUBANO,RUBANO,NA,NA
2025-10-02 12:40:13,EF456GH,VEH002,RFD20241003230,Non Presente,NA,VETRO PAP,NA,45.6960,11.6362,NA,SCHIAVON,BASSANO,NA,NA
2025-10-02 12:41:40,OP012QR,VEH004,RFD20250203302,Presente,SECCO,SECCO PAP,UTZ002,45.7405,11.6624,MAROSTICA,MAROSTICA,BASSANO,1100,26
2025-10-02 13:39:37,IL789MN,VEH003,RFD20241003127,Presente,UMIDO,UMIDO CONT.STRADALI,UTZ001,45.7728,11.7290,BASSANO DEL GRAPPA,BASSANO DEL GRAPPA,BASSANO,240,26
2025-10-02 13:47:04,ST345UV,VEH005,RFD20241003138,Presente,PLASTICA E METALLI,PLAST.CONT.STRADALI,UTZ043,45.6088,11.6727,SAN PIETRO IN GU,SAN PIETRO IN GU,CAMPOSAMPIERO,770,26
2025-10-02 14:03:57,OP012QR,VEH004,RFD20241003061,Presente,SECCO,SECCO PAP,UTZ002,45.5341,11.9613,BORGORICCO,BORGORICCO,CAMPOSAMPIERO,1100,26
2025-10-02 15:19:16,IL789MN,VEH003,RFD20250918086,Presente,UMIDO,UMIDO CONT.STRADALI,UTZ034,45.6120,11.6764,SAN PIETRO IN GU,SAN PIETRO IN GU,CAMPOSAMPIERO,240,26
2025-10-02 17:09:06,OP012QR,VEH004,RFD20241003164,Presente,SECCO,SECCO PAP,UTZ003,45.7794,11.7295,BASSANO DEL GRAPPA,BASSANO DEL GRAPPA,BASSANO,240,26
2025-10-02 17:25:56,IL789MN,VEH003,RFD20241003303,Presente,UMIDO,UMIDO CONT.STRADALI,UTZ002,45.7800,11.8053,MUSSOLENTE,MUSSOLENTE,BASSANO,240,26
2025-10-02 17:50:03,OP012QR,VEH004,RFD20250203302,Presente,SECCO,SECCO PAP,UTZ002,45.7421,11.7017,MAROSTICA,BASSANO DEL GRAPPA,BASSANO,1100,26
2025-10-02 18:42:10,IL789MN,VEH003,RFD20241001301,Non Presente,NA,UMIDO CONT.STRADALI,NA,45.5658,11.9398,NA,CAMPOSAMPIERO,CAMPOSAMPIERO,NA,NA
2025-10-03 06:07:34,AB123CD,VEH001,RFD20241001301,Non Presente,NA,SECCO PAP,NA,45.5659,11.9398,NA,CAMPOSAMPIERO,CAMPOSAMPIERO,NA,NA
2025-10-03 06:34:57,AB123CD,VEH001,RFD20241004065,Presente,SECCO,SECCO PAP,UTZ007,45.6154,11.6651,SAN PIETRO IN GU,SAN PIETRO IN GU,CAMPOSAMPIERO,1100,26
2025-10-03 07:26:13,AB123CD,VEH001,RFD20250207211,Non Presente,NA,SECCO PAP,NA,45.7172,11.6853,NA,NOVE,BASSANO,NA,NA
2025-10-03 08:40:48,AB123CD,VEH001,RFD20241004003,Presente,SECCO,SECCO PAP,UTZ008,45.4366,11.7855,RUBANO,RUBANO,RUBANO,240,26
2025-10-03 09:02:23,EF456GH,VEH002,RFD20241004123,Presente,CARTA,CARTA CONT.STRADALI,UTZ032,45.6555,11.7833,CITTADELLA,CITTADELLA,CAMPOSAMPIERO,240,26
2025-10-03 10:00:47,EF456GH,VEH002,RFD20250221038,Presente,CARTA,CARTA CONT.STRADALI,UTZ005,45.6901,11.6329,SCHIAVON,SCHIAVON,BASSANO,240,26
2025-10-03 10:38:00,AB123CD,VEH001,RFD20241004137,Presente,SECCO,SECCO PAP,UTZ012,45.5273,11.9710,BORGORICCO,BORGORICCO,CAMPOSAMPIERO,1100,26
2025-10-03 10:40:04,EF456GH,VEH002,RFD20250905100,Presente,CARTA,CARTA CONT.STRADALI,UTZ006,45.6488,11.7836,LIMENA,CITTADELLA,RUBANO,240,26
2025-10-03 10:43:54,EF456GH,VEH002,RFD20241004197,Presente,CARTA,CARTA CONT.STRADALI,UTZ018,45.8647,11.5124,ASIAGO,ASIAGO,ASIAGO,240,26
2025-10-03 10:47:34,EF456GH,VEH002,RFD20241004159,Presente,CARTA,CARTA CONT.STRADALI,UTZ004,45.4415,11.7878,RUBANO,RUBANO,RUBANO,1100,26
2025-10-03 11:16:22,EF456GH,VEH002,RFD20241004028,Presente,CARTA,CARTA CONT.STRADALI,UTZ005,45.8598,11.3939,ROTZO,ROTZO,ASIAGO,240,26
2025-10-03 12:32:33,OP012QR,VEH004,RFD20241101042,Presente,SECCO,SECCO PAP,UTZ001,45.3868,11.7892,SELVAZZANO DENTRO,SELVAZZANO DENTRO,RUBANO,1100,26
2025-10-03 13:36:02,OP012QR,VEH004,RFD20250418055,Presente,SECCO,SECCO PAP,UTZ002,45.8008,11.6140,LUSIANA CONCO,LUSIANA CONCO,ASIAGO,240,26
2025-10-03 14:00:09,OP012QR,VEH004,RFD20250203302,Presente,SECCO,SECCO PAP,UTZ002,45.7428,11.6600,MAROSTICA,MAROSTICA,BASSANO,1100,26
2025-10-03 14:32:42,IL789MN,VEH003,RFD20241008208,Non Presente,NA,PLASTICA PAP,NA,45.8666,11.5123,NA,ASIAGO,ASIAGO,NA,NA
2025-10-03 14:41:13,OP012QR,VEH004,RFD20250203302,Presente,SECCO,SECCO PAP,UTZ002,45.7295,11.6851,MAROSTICA,NOVE,BASSANO,1100,26
2025-10-03 15:03:33,IL789MN,VEH003,RFD20241004177,Presente,PLASTICA E METALLI,PLASTICA PAP,UTZ048,45.7666,11.7334,BASSANO DEL GRAPPA,BASSANO DEL GRAPPA,BASSANO,770,26
2025-10-03 15:51:51,OP012QR,VEH004,RFD20241018010,Presente,SECCO,SECCO PAP,UTZ001,45.3633,11.9847,SAONARA,SAONARA,CAMPOSAMPIERO,1100,26
2025-10-03 16:07:07,ST345UV,VEH005,RFD20241004115,Presente,VETRO,VETRO PAP,UTZ001,45.4292,11.7849,RUBANO,RUBANO,RUBANO,1100,26
2025-10-03 16:48:30,ST345UV,VEH005,RFD20241004185,Presente,VETRO,VETRO PAP,UTZ043,45.4035,11.7498,SACCOLONGO,SACCOLONGO,RUBANO,1100,26
2025-10-04 06:02:56,OP012QR,VEH004,RFD20241001301,Non Presente,NA,SECCO PAP,NA,45.5658,11.9399,NA,CAMPOSAMPIERO,CAMPOSAMPIERO,NA,NA
2025-10-04 12:37:05,OP012QR,VEH004,RFD20241005091,Presente,SECCO,SECCO PAP,UTZ016,45.5853,11.8052,SAN GIORGIO IN BOSCO,SAN GIORGIO IN BOSCO,CAMPOSAMPIERO,1100,26
2025-10-04 13:48:48,OP012QR,VEH004,RFD20241005012,Presente,SECCO,SECCO PAP,UTZ035,45.8086,11.7287,POVE DEL GRAPPA,POVE DEL GRAPPA,BASSANO,1100,26
2025-10-04 15:13:14,IL789MN,VEH003,RFD20241005169,Presente,VERDE E RAMAGLIE,VERDE PAP,UTZ008,45.6471,11.6824,POZZOLEONE,POZZOLEONE,BASSANO,240,26
2025-10-04 15:34:41,OP012QR,VEH004,RFD20241019135,Presente,SECCO,SECCO PAP,UTZ019,45.6498,11.8546,SAN MARTINO DI LUPARI,SAN MARTINO DI LUPARI,CAMPOSAMPIERO,240,26
2025-10-04 15:55:52,IL789MN,VEH003,RFD20241005144,Presente,VERDE E RAMAGLIE,VERDE PAP,UTZ013,45.4201,11.6828,CERVARESE SANTA CROCE,CERVARESE SANTA CROCE,RUBANO,240,26
2025-10-04 17:31:10,OP012QR,VEH004,RFD20250203302,Presente,SECCO,SECCO PAP,UTZ002,45.7349,11.6921,MAROSTICA,BASSANO DEL GRAPPA,BASSANO,1100,26
2025-10-04 17:51:12,OP012QR,VEH004,RFD20250203302,Presente,SECCO,SECCO PAP,UTZ002,45.7284,11.6770,MAROSTICA,NOVE,BASSANO,1100,26
2025-10-05 07:00:00,AB123CD,VEH001,RFD20241006101,Presente,CARTA,CARTA CONT.STRADALI,UTZ012,45.5775,11.9329,CAMPOSAMPIERO,CAMPOSAMPIERO,CAMPOSAMPIERO,1100,26
2025-10-05 08:22:15,AB123CD,VEH001,RFD20241006174,Presente,CARTA,CARTA CONT.STRADALI,UTZ047,45.3070,11.7163,GALZIGNANO TERME,GALZIGNANO TERME,RUBANO,240,26
2025-10-05 08:26:50,AB123CD,VEH001,RFD20241006168,Presente,CARTA,CARTA CONT.STRADALI,UTZ003,45.5469,12.0108,MASSANZAGO,MASSANZAGO,CAMPOSAMPIERO,1100,26
2025-10-05 08:35:43,AB123CD,VEH001,RFD20250713080,Presente,CARTA,CARTA CONT.STRADALI,UTZ001,45.4366,11.7481,MESTRINO,MESTRINO,RUBANO,240,26
2025-10-05 09:04:44,AB123CD,VEH001,RFD20241020036,Presente,CARTA,CARTA CONT.STRADALI,UTZ007,45.6522,11.7820,CITTADELLA,CITTADELLA,CAMPOSAMPIERO,1100,26
2025-10-05 09:06:04,AB123CD,VEH001,RFD20241006192,Presente,CARTA,CARTA CONT.STRADALI,UTZ001,45.6509,11.8275,TOMBOLO,TOMBOLO,CAMPOSAMPIERO,1100,26
2025-10-05 09:28:20,AB123CD,VEH001,RFD20241006180,Presente,CARTA,CARTA CONT.STRADALI,UTZ003,45.6361,11.7543,FONTANIVA,FONTANIVA,CAMPOSAMPIERO,240,26
2025-10-05 09:33:46,AB123CD,VEH001,RFD20241006066,Presente,CARTA,CARTA CONT.STRADALI,UTZ011,45.3105,11.7322,GALZIGNANO TERME,GALZIGNANO TERME,RUBANO,1100,26
2025-10-05 09:39:15,AB123CD,VEH001,RFD20250713165,Presente,CARTA,CARTA CONT.STRADALI,UTZ004,45.8895,11.5499,GALLIO,GALLIO,ASIAGO,240,26
2025-10-05 10:26:15,AB123CD,VEH001,RFD20250713098,Presente,CARTA,CARTA CONT.STRADALI,UTZ001,45.6474,11.6824,POZZOLEONE,POZZOLEONE,BASSANO,1100,26
2025-10-05 10:35:15,AB123CD,VEH001,RFD20241006134,Presente,CARTA,CARTA CONT.STRADALI,UTZ001,45.5028,11.9009,CAMPODARSEGO,CAMPODARSEGO,CAMPOSAMPIERO,240,26
2025-10-06 06:15:15,AB123CD,VEH001,RFD20241001301,Non Presente,NA,SECCO PAP,NA,45.5658,11.9399,NA,CAMPOSAMPIERO,CAMPOSAMPIERO,NA,NA
2025-10-06 06:47:02,IL789MN,VEH003,RFD20241007043,Presente,UMIDO,UMIDO PAP,UTZ001,45.7955,11.7347,POVE DEL GRAPPA,POVE DEL GRAPPA,BASSANO,240,26
2025-10-06 06:51:59,AB123CD,VEH001,RFD20241007126,Presente,SECCO,SECCO PAP,UTZ001,45.6476,11.6835,POZZOLEONE,POZZOLEONE,BASSANO,1100,26
2025-10-06 07:58:51,IL789MN,VEH003,RFD20241007142,Presente,UMIDO,UMIDO PAP,UTZ001,45.3360,11.7885,MONTEGROTTO TERME,MONTEGROTTO TERME,RUBANO,770,26
2025-10-06 08:35:34,ST345UV,VEH005,RFD20241002229,Non Presente,NA,ASSISTENTE SERVIZI,NA,45.7207,11.6124,NA,COLCERESA,BASSANO,NA,NA
2025-10-06 08:49:04,AB123CD,VEH001,RFD20241007146,Presente,SECCO,SECCO PAP,UTZ018,45.3018,11.7332,GALZIGNANO TERME,GALZIGNANO TERME,RUBANO,240,26
2025-10-06 12:04:09,OP012QR,VEH004,RFD20241007090,Presente,SECCO,SECCO PAP,UTZ021,45.7167,11.6077,COLCERESA,COLCERESA,BASSANO,1100,26
2025-10-06 12:09:47,OP012QR,VEH004,RFD20250203302,Presente,SECCO,SECCO PAP,UTZ002,45.7432,11.7031,MAROSTICA,BASSANO DEL GRAPPA,BASSANO,1100,26
2025-10-06 13:19:27,OP012QR,VEH004,RFD20241007190,Presente,CARTA,SECCO PAP,UTZ031,45.4335,11.7795,RUBANO,RUBANO,RUBANO,1100,26
2025-10-06 13:23:49,IL789MN,VEH003,RFD20241007067,Presente,UMIDO,UMIDO CONT.STRADALI,UTZ010,45.3993,11.7453,SACCOLONGO,SACCOLONGO,RUBANO,770,26
2025-10-06 13:25:15,OP012QR,VEH004,RFD20241007193,Presente,SECCO,SECCO PAP,UTZ005,45.6646,11.8337,GALLIERA VENETA,GALLIERA VENETA,CAMPOSAMPIERO,240,26
2025-10-06 13:25:58,ST345UV,VEH005,RFD20241007039,Presente,VETRO,VETRO PAP,UTZ025,45.5286,11.9681,BORGORICCO,BORGORICCO,CAMPOSAMPIERO,770,26
2025-10-06 13:43:48,IL789MN,VEH003,RFD20250505199,Presente,UMIDO,UMIDO CONT.STRADALI,UTZ034,45.4281,11.7886,RUBANO,RUBANO,RUBANO,240,26
2025-10-06 14:10:56,IL789MN,VEH003,RFD20250825166,Presente,UMIDO,UMIDO CONT.STRADALI,UTZ002,45.5911,11.8072,SAN GIORGIO IN BOSCO,SAN GIORGIO IN BOSCO,CAMPOSAMPIERO,240,26
2025-10-06 15:05:21,ST345UV,VEH005,RFD20241007076,Presente,VETRO,VETRO PAP,UTZ001,45.7719,11.7305,BASSANO DEL GRAPPA,BASSANO DEL GRAPPA,BASSANO,1100,26
2025-10-06 15:06:43,OP012QR,VEH004,RFD20250203302,Presente,SECCO,SECCO PAP,UTZ002,45.7427,11.7026,MAROSTICA,BASSANO DEL GRAPPA,BASSANO,1100,26
2025-10-06 15:23:09,ST345UV,VEH005,RFD20241007081,Presente,VETRO,VETRO PAP,UTZ003,45.7213,11.7650,ROSA',ROSA',BASSANO,1100,26
2025-10-06 15:26:25,IL789MN,VEH003,RFD20241007054,Presente,UMIDO,UMIDO CONT.STRADALI,UTZ013,45.6527,11.8165,TOMBOLO,TOMBOLO,CAMPOSAMPIERO,240,26
2025-10-06 17:04:52,OP012QR,VEH004,RFD20241007120,Presente,SECCO,SECCO PAP,UTZ002,45.4333,11.7853,RUBANO,RUBANO,RUBANO,1100,26
2025-10-07 06:04:15,OP012QR,VEH004,RFD20241001301,Non Presente,NA,SECCO PAP,NA,45.5658,11.9399,NA,CAMPOSAMPIERO,CAMPOSAMPIERO,NA,NA
2025-10-07 06:09:03,AB123CD,VEH001,RFD20241008171,Presente,CARTA,CARTA/CARTONE PAP,UTZ023,45.7278,11.7641,ROSA',ROSA',BASSANO,240,26
2025-10-07 08:40:17,AB123CD,VEH001,RFD20250901001,Presente,CARTA,CARTA/CARTONE PAP,UTZ001,45.7667,11.7342,BASSANO DEL GRAPPA,BASSANO DEL GRAPPA,BASSANO,240,26
2025-10-07 08:47:14,EF456GH,VEH002,RFD20241008026,Presente,VETRO,VETRO PAP,UTZ008,45.7924,11.7307,POVE DEL GRAPPA,POVE DEL GRAPPA,BASSANO,1100,26
2025-10-07 09:23:12,AB123CD,VEH001,RFD20241022136,Presente,CARTA,CARTA/CARTONE PAP,UTZ038,45.7887,11.7572,ROMANO D'EZZELINO,ROMANO D'EZZELINO,BASSANO,240,26
2025-10-07 10:35:44,IL789MN,VEH003,RFD20241008059,Presente,UMIDO,UMIDO PAP,UTZ001,45.4023,11.7943,SELVAZZANO DENTRO,SELVAZZANO DENTRO,RUBANO,240,26
2025-10-07 10:48:20,AB123CD,VEH001,RFD20241008062,Presente,CARTA,CARTA/CARTONE PAP,UTZ002,45.3628,11.6655,ROVOLON,ROVOLON,RUBANO,1100,26
2025-10-07 12:30:53,OP012QR,VEH004,RFD20250325228,Non Presente,NA,SECCO PAP,NA,45.4792,11.8449,NA,LIMENA,RUBANO,NA,NA
2025-10-07 12:51:39,OP012QR,VEH004,RFD20241008077,Presente,SECCO,SECCO PAP,UTZ024,45.3618,11.6636,ROVOLON,ROVOLON,RUBANO,1100,26
2025-10-07 13:07:40,ST345UV,VEH005,RFD20241008023,Presente,PLASTICA E METALLI,PLAST.CONT.STRADALI,UTZ027,45.3021,11.7243,GALZIGNANO TERME,GALZIGNANO TERME,RUBANO,770,26
2025-10-07 13:54:41,OP012QR,VEH004,RFD20241008102,Presente,SECCO,SECCO PAP,UTZ024,45.8898,11.6269,FOZA,FOZA,ASIAGO,1100,26
2025-10-07 14:44:43,OP012QR,VEH004,RFD20250203302,Presente,SECCO,SECCO PAP,UTZ002,45.7265,11.6792,MAROSTICA,NOVE,BASSANO,1100,26
2025-10-07 15:32:05,IL789MN,VEH003,RFD20241008032,Presente,PLASTICA E METALLI,PLASTICA PAP,UTZ026,45.3984,11.7483,SACCOLONGO,SACCOLONGO,RUBANO,770,26
2025-10-07 16:07:28,ST345UV,VEH005,RFD20241008187,Presente,PLASTICA E METALLI,PLAST.CONT.STRADALI,UTZ002,45.6584,11.8266,GALLIERA VENETA,GALLIERA VENETA,CAMPOSAMPIERO,770,26
2025-10-07 17:41:01,OP012QR,VEH004,RFD20250203302,Presente,SECCO,SECCO PAP,UTZ002,45.7378,11.6963,MAROSTICA,BASSANO DEL GRAPPA,BASSANO,1100,26
2025-10-08 06:04:28,OP012QR,VEH004,RFD20241001301,Non Presente,NA,SECCO PAP,NA,45.5658,11.9399,NA,CAMPOSAMPIERO,CAMPOSAMPIERO,NA,NA
2025-10-08 06:58:31,AB123CD,VEH001,RFD20241009151,Presente,SECCO,SECCO PAP,UTZ026,45.5941,11.9395,LOREGGIA,LOREGGIA,CAMPOSAMPIERO,240,26
2025-10-08 07:05:41,AB123CD,VEH001,RFD20250924162,Presente,SECCO,SECCO PAP,UTZ008,45.8575,11.4008,ROTZO,ROTZO,ASIAGO,1100,26
2025-10-08 07:21:32,AB123CD,VEH001,RFD20241009041,Presente,SECCO,SECCO PAP,UTZ001,45.5653,11.8987,SANTA GIUSTINA IN COLLE,SANTA GIUSTINA IN COLLE,CAMPOSAMPIERO,1100,26
2025-10-08 08:26:54,AB123CD,VEH001,RFD20241009128,Presente,SECCO,SECCO PAP,UTZ002,45.4110,11.7372,SACCOLONGO,SACCOLONGO,RUBANO,1100,26
2025-10-08 08:31:27,AB123CD,VEH001,RFD20241009189,Presente,SECCO,SECCO PAP,UTZ002,45.4234,11.7904,RUBANO,RUBANO,RUBANO,1100,26
2025-10-08 09:25:15,EF456GH,VEH002,RFD20250129179,Presente,CARTA,CARTA CONT.STRADALI,UTZ002,45.6440,11.8305,TOMBOLO,TOMBOLO,CAMPOSAMPIERO,1100,26
2025-10-08 09:25:40,AB123CD,VEH001,RFD20241009111,Presente,SECCO,SECCO PAP,UTZ042,45.6086,11.6743,SAN PIETRO IN GU,SAN PIETRO IN GU,CAMPOSAMPIERO,240,26
2025-10-08 09:32:50,AB123CD,VEH001,RFD20241009093,Presente,SECCO,SECCO PAP,UTZ040,45.7098,11.7973,ROSSANO VENETO,ROSSANO VENETO,BASSANO,1100,26
2025-10-08 10:03:46,AB123CD,VEH001,RFD20241009106,Presente,SECCO,SECCO PAP,UTZ004,45.7672,11.7355,BASSANO DEL GRAPPA,BASSANO DEL GRAPPA,BASSANO,240,26
2025-10-08 10:43:49,AB123CD,VEH001,RFD20241009108,Presente,SECCO,SECCO PAP,UTZ003,45.6954,11.7107,TEZZE SUL BRENTA,TEZZE SUL BRENTA,BASSANO,240,26
2025-10-08 10:52:09,AB123CD,VEH001,RFD20241009227,Non Presente,NA,SECCO PAP,NA,45.8965,11.5509,NA,GALLIO,ASIAGO,NA,NA
2025-10-08 11:23:24,EF456GH,VEH002,RFD20241009218,Non Presente,NA,CARTA CONT.STRADALI,NA,45.5588,11.9138,NA,SANTA GIUSTINA IN COLLE,CAMPOSAMPIERO,NA,NA
2025-10-08 12:07:18,OP012QR,VEH004,RFD20250203302,Presente,SECCO,SECCO PAP,UTZ002,45.7318,11.6727,MAROSTICA,MAROSTICA,BASSANO,1100,26
2025-10-08 14:00:37,ST345UV,VEH005,RFD20241009150,Presente,VETRO,VETRO PAP,UTZ027,45.5793,11.9325,CAMPOSAMPIERO,CAMPOSAMPIERO,CAMPOSAMPIERO,1100,26
2025-10-08 14:03:33,OP012QR,VEH004,RFD20241009107,Presente,SECCO,SECCO PAP,UTZ033,45.5707,11.9321,CAMPOSAMPIERO,CAMPOSAMPIERO,CAMPOSAMPIERO,1100,26
2025-10-08 14:16:49,IL789MN,VEH003,RFD20241009045,Presente,VERDE E RAMAGLIE,VERDE PAP,UTZ030,45.5617,12.0078,MASSANZAGO,MASSANZAGO,CAMPOSAMPIERO,240,26
2025-10-08 14:50:03,IL789MN,VEH003,RFD20241009205,Non Presente,NA,VERDE PAP,NA,45.8676,11.5018,NA,ASIAGO,ASIAGO,NA,NA
2025-10-08 15:37:53,OP012QR,VEH004,RFD20241009140,Presente,SECCO,SECCO PAP,UTZ002,45.9448,11.7210,ENEGO,ENEGO,ASIAGO,1100,26
2025-10-08 15:40:03,OP012QR,VEH004,RFD20241009085,Presente,SECCO,SECCO PAP,UTZ016,45.4843,11.8338,LIMENA,LIMENA,RUBANO,1100,26
2025-10-08 16:54:10,OP012QR,VEH004,RFD20250203302,Presente,SECCO,SECCO PAP,UTZ002,45.7294,11.6759,MAROSTICA,NOVE,BASSANO,1100,26
2025-10-08 17:00:51,ST345UV,VEH005,RFD20250212021,Presente,VETRO,VETRO PAP,UTZ014,45.5700,11.9333,CAMPOSAMPIERO,CAMPOSAMPIERO,CAMPOSAMPIERO,1100,26
2025-10-09 06:07:44,OP012QR,VEH004,RFD20241001301,Non Presente,NA,SECCO PAP,NA,45.5658,11.9399,NA,CAMPOSAMPIERO,CAMPOSAMPIERO,NA,NA
2025-10-09 08:11:35,IL789MN,VEH003,RFD20241010068,Presente,UMIDO,UMIDO PAP,UTZ004,45.4899,11.7451,CAMPODORO,CAMPODORO,RUBANO,240,26
2025-10-09 10:13:41,AB123CD,VEH001,RFD20241010194,Presente,CARTA,CARTA/CARTONE PAP,UTZ017,45.7812,11.7308,BASSANO DEL GRAPPA,BASSANO DEL GRAPPA,BASSANO,240,26
2025-10-09 13:32:30,IL789MN,VEH003,RFD20241010178,Presente,UMIDO,UMIDO CONT.STRADALI,UTZ004,45.6589,11.8246,GALLIERA VENETA,GALLIERA VENETA,CAMPOSAMPIERO,240,26
2025-10-09 13:50:42,OP012QR,VEH004,RFD20250313133,Presente,SECCO,SECCO PAP,UTZ005,45.6413,11.7535,FONTANIVA,FONTANIVA,CAMPOSAMPIERO,1100,26
2025-10-09 14:01:09,ST345UV,VEH005,RFD20241010022,Presente,PLASTICA E METALLI,PLAST.CONT.STRADALI,UTZ032,45.3666,11.9839,SAONARA,SAONARA,CAMPOSAMPIERO,770,26
2025-10-09 14:48:37,IL789MN,VEH003,RFD20241010195,Presente,UMIDO,UMIDO CONT.STRADALI,UTZ049,45.3153,11.7321,GALZIGNANO TERME,GALZIGNANO TERME,RUBANO,240,26
2025-10-09 15:01:56,OP012QR,VEH004,RFD20250203302,Presente,SECCO,SECCO PAP,UTZ002,45.7350,11.6921,MAROSTICA,BASSANO DEL GRAPPA,BASSANO,1100,26
2025-10-09 15:03:33,OP012QR,VEH004,RFD20241010119,Presente,SECCO,SECCO PAP,UTZ002,45.5623,11.9075,SANTA GIUSTINA IN COLLE,SANTA GIUSTINA IN COLLE,CAMPOSAMPIERO,1100,26
2025-10-09 15:05:17,ST345UV,VEH005,RFD20241010154,Presente,PLASTICA E METALLI,PLAST.CONT.STRADALI,UTZ005,45.8640,11.5159,ASIAGO,ASIAGO,ASIAGO,770,26
2025-10-09 15:23:46,ST345UV,VEH005,RFD20241010079,Presente,PLASTICA E METALLI,PLAST.CONT.STRADALI,UTZ004,45.8872,11.6250,FOZA,FOZA,ASIAGO,770,26
2025-10-09 16:30:45,OP012QR,VEH004,RFD20241010074,Presente,SECCO,SECCO PAP,UTZ006,45.6211,11.6994,CARMIGNANO DI BRENTA,CARMIGNANO DI BRENTA,CAMPOSAMPIERO,1100,26
2025-10-09 16:41:33,OP012QR,VEH004,RFD20241010069,Presente,SECCO,SECCO PAP,UTZ020,45.7309,11.7589,ROSA',ROSA',BASSANO,240,26
2025-10-09 18:37:47,OP012QR,VEH004,RFD20250203302,Presente,SECCO,SECCO PAP,UTZ002,45.7384,11.6649,MAROSTICA,MAROSTICA,BASSANO,1100,26
2025-10-10 06:06:55,EF456GH,VEH002,RFD20241001301,Non Presente,NA,CARTA CONT.STRADALI,NA,45.5658,11.9399,NA,CAMPOSAMPIERO,CAMPOSAMPIERO,NA,NA
2025-10-10 07:29:57,AB123CD,VEH001,RFD20250509017,Presente,SECCO,SECCO PAP,UTZ002,45.5767,11.9323,CAMPOSAMPIERO,CAMPOSAMPIERO,CAMPOSAMPIERO,1100,26
2025-10-10 07:48:30,AB123CD,VEH001,RFD20241025029,Presente,SECCO,SECCO PAP,UTZ001,45.7804,11.7923,MUSSOLENTE,MUSSOLENTE,BASSANO,240,26
2025-10-10 07:51:31,EF456GH,VEH002,RFD20250912070,Presente,CARTA,CARTA CONT.STRADALI,UTZ028,45.3323,11.7292,TORREGLIA,TORREGLIA,RUBANO,240,26
2025-10-10 08:16:36,EF456GH,VEH002,RFD20241011223,Non Presente,NA,CARTA CONT.STRADALI,NA,45.9026,11.6325,NA,FOZA,ASIAGO,NA,NA
2025-10-10 09:29:55,AB123CD,VEH001,RFD20241011139,Presente,SECCO,SECCO PAP,UTZ002,45.6197,11.6598,SAN PIETRO IN GU,SAN PIETRO IN GU,CAMPOSAMPIERO,1100,26
2025-10-10 09:56:07,AB123CD,VEH001,RFD20241011176,Presente,SECCO,SECCO PAP,UTZ008,45.4678,11.8514,LIMENA,LIMENA,RUBANO,1100,26
2025-10-10 10:42:52,AB123CD,VEH001,RFD20250425200,Presente,SECCO,SECCO PAP,UTZ015,45.5441,11.9260,SAN GIORGIO DELLE PERTICHE,SAN GIORGIO DELLE PERTICHE,CAMPOSAMPIERO,1100,26
2025-10-10 12:10:58,AB123CD,VEH001,RFD20241025196,Presente,SECCO,SECCO PAP,UTZ029,45.8644,11.5201,ASIAGO,ASIAGO,ASIAGO,1100,26
2025-10-10 13:23:48,ST345UV,VEH005,RFD20241011025,Presente,VETRO,VETRO PAP,UTZ031,45.5448,11.9052,SAN GIORGIO DELLE PERTICHE,SAN GIORGIO DELLE PERTICHE,CAMPOSAMPIERO,1100,13
2025-10-10 13:40:12,OP012QR,VEH004,RFD20241011121,Presente,PLASTICA E METALLI,SECCO PAP,UTZ015,45.4087,11.7484,SACCOLONGO,SACCOLONGO,RUBANO,1100,26
2025-10-10 15:05:18,ST345UV,VEH005,RFD20241011182,Presente,VETRO,VETRO PAP,UTZ047,45.5920,11.6997,GAZZO,GAZZO,CAMPOSAMPIERO,1100,26
2025-10-10 15:11:47,OP012QR,VEH004,RFD20241011124,Presente,SECCO,SECCO PAP,UTZ001,45.6385,11.8462,SAN MARTINO DI LUPARI,SAN MARTINO DI LUPARI,CAMPOSAMPIERO,240,26
2025-10-10 15:29:18,ST345UV,VEH005,RFD20241011125,Presente,VETRO,VETRO PAP,UTZ014,45.5742,11.9221,CAMPOSAMPIERO,CAMPOSAMPIERO,CAMPOSAMPIERO,1100,26
2025-10-10 16:02:18,OP012QR,VEH004,RFD20250203302,Presente,SECCO,SECCO PAP,UTZ002,45.7369,11.6666,MAROSTICA,MAROSTICA,BASSANO,1100,26
2025-10-10 16:56:05,IL789MN,VEH003,RFD20241025075,Presente,PLASTICA E METALLI,PLASTICA PAP,UTZ001,45.7966,11.7436,ROMANO D'EZZELINO,ROMANO D'EZZELINO,BASSANO,770,26
2025-10-10 17:50:38,OP012QR,VEH004,RFD20250203302,Presente,SECCO,SECCO PAP,UTZ002,45.7412,11.6619,MAROSTICA,MAROSTICA,BASSANO,1100,26
2025-10-10 18:00:30,OP012QR,VEH004,RFD20241011004,Presente,SECCO,SECCO PAP,UTZ024,45.7922,11.7673,ROMANO D'EZZELINO,ROMANO D'EZZELINO,BASSANO,240,26
2025-10-11 07:38:28,AB123CD,VEH001,RFD20241012118,Presente,CARTA,CARTA/CARTONE PAP,UTZ019,45.6944,11.7069,TEZZE SUL BRENTA,TEZZE SUL BRENTA,BASSANO,1100,26
2025-10-11 08:31:07,AB123CD,VEH001,RFD20241012116,Presente,CARTA,CARTA/CARTONE PAP,UTZ009,45.3958,11.7909,SELVAZZANO DENTRO,SELVAZZANO DENTRO,RUBANO,240,26
2025-10-11 08:43:21,IL789MN,VEH003,RFD20250215084,Presente,UMIDO,UMIDO PAP,UTZ022,45.6087,11.7350,GRANTORTO,GRANTORTO,CAMPOSAMPIERO,240,26
2025-10-11 12:18:01,OP012QR,VEH004,RFD20241012082,Presente,SECCO,SECCO PAP,UTZ001,45.6592,11.8290,GALLIERA VENETA,GALLIERA VENETA,CAMPOSAMPIERO,240,26
2025-10-11 12:54:32,OP012QR,VEH004,RFD20250901050,Presente,SECCO,SECCO PAP,UTZ025,45.6957,11.6416,SCHIAVON,SCHIAVON,BASSANO,240,26
2025-10-11 14:21:06,IL789MN,VEH003,RFD20241012047,Presente,VERDE E RAMAGLIE,VERDE PAP,UTZ028,45.7549,11.7434,BASSANO DEL GRAPPA,BASSANO DEL GRAPPA,BASSANO,240,26
2025-10-11 15:58:03,IL789MN,VEH003,RFD20241012052,Presente,VERDE E RAMAGLIE,VERDE PAP,UTZ002,45.6995,11.6386,SCHIAVON,SCHIAVON,BASSANO,1100,26
2025-10-11 16:18:34,IL789MN,VEH003,RFD20241012089,Presente,VERDE E RAMAGLIE,VERDE PAP,UTZ017,45.7290,11.6734,NOVE,NOVE,BASSANO,240,26
2025-10-11 17:36:35,EF456GH,VEH002,RFD20241015224,Non Presente,NA,VETRO PAP,NA,45.3943,11.7474,NA,SACCOLONGO,RUBANO,NA,NA
2025-10-11 17:47:30,OP012QR,VEH004,RFD20250203302,Presente,SECCO,SECCO PAP,UTZ002,45.7320,11.6727,MAROSTICA,MAROSTICA,BASSANO,1100,26
2025-10-11 18:15:36,OP012QR,VEH004,RFD20250203302,Presente,SECCO,SECCO PAP,UTZ002,45.7335,11.6711,MAROSTICA,MAROSTICA,BASSANO,1100,26
2025-10-11 18:34:37,ST345UV,VEH005,RFD20241001301,Non Presente,NA,SERVIZI MERCATI,NA,45.5659,11.9399,NA,CAMPOSAMPIERO,CAMPOSAMPIERO,NA,NA
2025-10-12 07:09:45,AB123CD,VEH001,RFD20241013046,Presente,CARTA,CARTA CONT.STRADALI,UTZ035,45.3084,11.7300,GALZIGNANO TERME,GALZIGNANO TERME,RUBANO,240,26
2025-10-12 07:41:51,AB123CD,VEH001,RFD20241013167,Presente,CARTA,CARTA CONT.STRADALI,UTZ022,45.9007,11.6394,FOZA,FOZA,ASIAGO,240,26
2025-10-12 07:47:37,AB123CD,VEH001,RFD20241013129,Presente,CARTA,CARTA CONT.STRADALI,UTZ031,45.6329,11.7061,CARMIGNANO DI BRENTA,CARMIGNANO DI BRENTA,CAMPOSAMPIERO,240,26
2025-10-12 08:10:07,AB123CD,VEH001,RFD20241013030,Presente,CARTA,CARTA CONT.STRADALI,UTZ001,45.6913,11.7994,ROSSANO VENETO,ROSSANO VENETO,BASSANO,1100,26
2025-10-12 08:22:14,AB123CD,VEH001,RFD20241013083,Presente,CARTA,CARTA CONT.STRADALI,UTZ030,45.3136,11.7394,GALZIGNANO TERME,GALZIGNANO TERME,RUBANO,240,26
2025-10-12 08:46:02,AB123CD,VEH001,RFD20250928057,Presente,CARTA,CARTA CONT.STRADALI,UTZ022,45.5442,12.0083,MASSANZAGO,MASSANZAGO,CAMPOSAMPIERO,1100,26
2025-10-12 09:16:38,AB123CD,VEH001,RFD20241013172,Presente,CARTA,CARTA CONT.STRADALI,UTZ001,45.3302,11.7372,TORREGLIA,TORREGLIA,RUBANO,240,26
2025-10-13 06:00:04,OP012QR,VEH004,RFD20241001301,Non Presente,NA,SECCO PAP,NA,45.5658,11.9399,NA,CAMPOSAMPIERO,CAMPOSAMPIERO,NA,NA
2025-10-13 06:00:36,OP012QR,VEH004,RFD20241001301,Non Presente,NA,SECCO PAP,NA,45.5658,11.9398,NA,CAMPOSAMPIERO,CAMPOSAMPIERO,NA,NA
2025-10-13 06:19:45,AB123CD,VEH001,RFD20250901201,Non Presente,NA,SECCO PAP,NA,45.7681,11.7355,NA,BASSANO DEL GRAPPA,BASSANO,NA,NA
2025-10-13 06:27:17,IL789MN,VEH003,RFD20241008208,Non Presente,NA,UMIDO PAP,NA,45.8667,11.5123,NA,ASIAGO,ASIAGO,NA,NA
2025-10-13 06:32:28,AB123CD,VEH001,RFD20250929186,Presente,SECCO,SECCO PAP,UTZ046,45.7217,11.7651,ROSA',ROSA',BASSANO,240,26
2025-10-13 08:39:20,AB123CD,VEH001,RFD20250203051,Presente,SECCO,SECCO PAP,UTZ003,45.6500,11.8269,TOMBOLO,TOMBOLO,CAMPOSAMPIERO,1100,26
2025-10-13 09:06:45,EF456GH,VEH002,RFD20241014011,Presente,CARTA,CARTA CONT.STRADALI,UTZ034,45.6442,11.8628,SAN MARTINO DI LUPARI,SAN MARTINO DI LUPARI,CAMPOSAMPIERO,1100,26
2025-10-13 09:27:52,EF456GH,VEH002,RFD20250331008,Presente,CARTA,CARTA CONT.STRADALI,UTZ001,45.5244,11.8287,CURTAROLO,CURTAROLO,CAMPOSAMPIERO,240,26
2025-10-13 09:30:39,AB123CD,VEH001,RFD20241014117,Presente,SECCO,SECCO PAP,UTZ001,45.6416,11.7837,CITTADELLA,CITTADELLA,CAMPOSAMPIERO,1100,26
2025-10-13 12:36:35,OP012QR,VEH004,RFD20250203302,Presente,SECCO,SECCO PAP,UTZ002,45.7323,11.6890,MAROSTICA,NOVE,BASSANO,1100,26
2025-10-13 13:44:25,IL789MN,VEH003,RFD20241014226,Non Presente,NA,UMIDO CONT.STRADALI,NA,45.4292,11.7859,NA,RUBANO,RUBANO,NA,NA
2025-10-13 14:25:31,OP012QR,VEH004,RFD20241014033,Presente,SECCO,SECCO PAP,UTZ006,45.8595,11.4002,ROTZO,ROTZO,ASIAGO,1100,26
2025-10-13 15:09:52,IL789MN,VEH003,RFD20241028145,Presente,UMIDO,UMIDO CONT.STRADALI,UTZ004,45.4285,11.7852,RUBANO,RUBANO,RUBANO,240,26
2025-10-13 15:15:52,IL789MN,VEH003,RFD20241028173,Presente,UMIDO,UMIDO CONT.STRADALI,UTZ004,45.7624,11.7418,BASSANO DEL GRAPPA,BASSANO DEL GRAPPA,BASSANO,240,26
2025-10-13 16:24:26,OP012QR,VEH004,RFD20241028163,Presente,SECCO,SECCO PAP,UTZ003,45.7273,11.7667,ROSA',ROSA',BASSANO,1100,26
2025-10-13 17:29:43,OP012QR,VEH004,RFD20250203302,Presente,SECCO,SECCO PAP,UTZ002,45.7330,11.6899,MAROSTICA,NOVE,BASSANO,1100,26
2025-10-14 06:07:29,AB123CD,VEH001,RFD20241001301,Non Presente,NA,CARTA/CARTONE PAP,NA,45.5658,11.9399,NA,CAMPOSAMPIERO,CAMPOSAMPIERO,NA,NA
2025-10-14 06:15:51,ST345UV,VEH005,RFD20241001301,Non Presente,NA,PULIZIA TERRIT.,NA,45.5659,11.9399,NA,CAMPOSAMPIERO,CAMPOSAMPIERO,NA,NA
2025-10-14 06:53:33,AB123CD,VEH001,RFD20250123212,Non Presente,NA,CARTA/CARTONE PAP,NA,45.4272,11.7903,NA,RUBANO,RUBANO,NA,NA
2025-10-14 08:19:17,AB123CD,VEH001,RFD20241001103,Presente,CARTA,CARTA/CARTONE PAP,UTZ013,45.5661,11.9182,CAMPOSAMPIERO,CAMPOSAMPIERO,CAMPOSAMPIERO,240,26
2025-10-14 09:33:36,IL789MN,VEH003,RFD20241001072,Presente,UMIDO,UMIDO PAP,UTZ028,45.8085,11.5992,LUSIANA CONCO,LUSIANA CONCO,ASIAGO,240,26
2025-10-14 09:34:05,IL789MN,VEH003,RFD20241001152,Presente,UMIDO,UMIDO PAP,UTZ037,45.4373,11.9253,CADONEGHE,CADONEGHE,CAMPOSAMPIERO,240,26
2025-10-14 09:57:44,EF456GH,VEH002,RFD20241210020,Presente,VETRO,VETRO PAP,UTZ006,45.5348,11.9099,SAN GIORGIO DELLE PERTICHE,SAN GIORGIO DELLE PERTICHE,CAMPOSAMPIERO,770,13
2025-10-14 13:00:00,IL789MN,VEH003,RFD20241001122,Presente,PLASTICA E METALLI,PLASTICA PAP,UTZ012,45.8053,11.7261,POVE DEL GRAPPA,POVE DEL GRAPPA,BASSANO,770,26
2025-10-14 14:12:10,IL789MN,VEH003,RFD20241001158,Presente,PLASTICA E METALLI,PLASTICA PAP,UTZ034,45.6544,11.8575,SAN MARTINO DI LUPARI,SAN MARTINO DI LUPARI,CAMPOSAMPIERO,770,26
2025-10-14 14:15:34,ST345UV,VEH005,RFD20241001114,Presente,PLASTICA E METALLI,PLAST.CONT.STRADALI,UTZ005,45.8611,11.5204,ASIAGO,ASIAGO,ASIAGO,770,26
2025-10-14 14:40:51,OP012QR,VEH004,RFD20241001181,Presente,SECCO,SECCO PAP,UTZ008,45.6545,11.6828,POZZOLEONE,POZZOLEONE,BASSANO,1100,26
2025-10-14 15:14:40,OP012QR,VEH004,RFD20241015048,Presente,SECCO,SECCO PAP,UTZ030,45.4296,11.7920,RUBANO,RUBANO,RUBANO,1100,26
2025-10-14 15:16:30,OP012QR,VEH004,RFD20241001058,Presente,SECCO,SECCO PAP,UTZ035,45.3438,11.6638,TEOLO,TEOLO,RUBANO,1100,26
2025-10-14 15:46:21,OP012QR,VEH004,RFD20250203302,Presente,SECCO,SECCO PAP,UTZ002,45.7356,11.6930,MAROSTICA,BASSANO DEL GRAPPA,BASSANO,1100,26
2025-10-14 18:49:57,OP012QR,VEH004,RFD20250203302,Presente,SECCO,SECCO PAP,UTZ002,45.7279,11.6830,MAROSTICA,NOVE,BASSANO,1100,26
2025-10-15 06:17:10,OP012QR,VEH004,RFD20241001301,Non Presente,NA,SECCO PAP,NA,45.5658,11.9399,NA,CAMPOSAMPIERO,CAMPOSAMPIERO,NA,NA
2025-10-15 06:52:30,AB123CD,VEH001,RFD20241002049,Presente,SECCO,SECCO PAP,UTZ003,45.3392,11.7380,TORREGLIA,TORREGLIA,RUBANO,1100,26
2025-10-15 07:16:02,AB123CD,VEH001,RFD20250820009,Presente,SECCO,SECCO PAP,UTZ009,45.5259,11.9529,BORGORICCO,BORGORICCO,CAMPOSAMPIERO,1100,26
2025-10-15 07:23:50,EF456GH,VEH002,RFD20241002071,Presente,CARTA,CARTA CONT.STRADALI,UTZ033,45.4326,11.7847,RUBANO,RUBANO,RUBANO,1100,26
2025-10-15 07:53:27,AB123CD,VEH001,RFD20250820063,Presente,SECCO,SECCO PAP,UTZ039,45.3675,11.9819,SAONARA,SAONARA,CAMPOSAMPIERO,1100,26
2025-10-15 08:17:11,AB123CD,VEH001,RFD20250514018,Presente,SECCO,SECCO PAP,UTZ005,45.7966,11.7362,POVE DEL GRAPPA,POVE DEL GRAPPA,BASSANO,1100,26
2025-10-15 09:03:09,EF456GH,VEH002,RFD20241002131,Presente,CARTA,CARTA CONT.STRADALI,UTZ001,45.8912,11.6338,FOZA,FOZA,ASIAGO,240,26
2025-10-15 09:50:00,AB123CD,VEH001,RFD20241002105,Presente,SECCO,SECCO PAP,UTZ002,45.7146,11.7667,ROSA',ROSA',BASSANO,240,26
2025-10-15 10:13:14,EF456GH,VEH002,RFD20241002073,Presente,CARTA,CARTA CONT.STRADALI,UTZ050,45.4022,11.7536,SACCOLONGO,SACCOLONGO,RUBANO,1100,26
2025-10-15 11:29:59,AB123CD,VEH001,RFD20241002088,Presente,SECCO,SECCO PAP,UTZ005,45.7998,11.6068,LUSIANA CONCO,LUSIANA CONCO,ASIAGO,1100,26
2025-10-15 13:16:59,OP012QR,VEH004,RFD20241002203,Non Presente,NA,SECCO PAP,NA,45.3696,11.6593,NA,ROVOLON,RUBANO,NA,NA
2025-10-15 14:02:52,OP012QR,VEH004,RFD20241002094,Presente,SECCO,SECCO PAP,UTZ005,45.5788,11.9241,CAMPOSAMPIERO,CAMPOSAMPIERO,CAMPOSAMPIERO,240,26
2025-10-15 14:12:54,OP012QR,VEH004,RFD20241002078,Presente,SECCO,SECCO PAP,UTZ009,45.8879,11.5490,GALLIO,GALLIO,ASIAGO,1100,26
2025-10-15 14:28:39,IL789MN,VEH003,RFD20241016234,Non Presente,NA,VERDE PAP,NA,45.5601,11.8171,NA,CAMPO SAN MARTINO,CAMPOSAMPIERO,NA,NA
2025-10-15 14:36:13,IL789MN,VEH003,RFD20241002217,Non Presente,NA,VERDE PAP,NA,45.6306,11.6933,NA,CARMIGNANO DI BRENTA,CAMPOSAMPIERO,NA,NA
2025-10-15 14:44:48,ST345UV,VEH005,RFD20241002229,Non Presente,NA,VETRO PAP,NA,45.7208,11.6123,NA,COLCERESA,BASSANO,NA,NA
2025-10-15 14:53:23,OP012QR,VEH004,RFD20250917110,Presente,SECCO,SECCO PAP,UTZ013,45.9110,11.6280,FOZA,FOZA,ASIAGO,1100,26
2025-10-15 14:53:41,OP012QR,VEH004,RFD20241002184,Presente,SECCO,SECCO PAP,UTZ002,45.7697,11.7360,BASSANO DEL GRAPPA,BASSANO DEL GRAPPA,BASSANO,1100,26
2025-10-15 14:57:41,OP012QR,VEH004,RFD20241030037,Presente,SECCO,SECCO PAP,UTZ014,45.8816,11.5386,GALLIO,GALLIO,ASIAGO,1100,26
2025-10-15 15:16:31,OP012QR,VEH004,RFD20250203302,Presente,SECCO,SECCO PAP,UTZ002,45.7343,11.6914,MAROSTICA,BASSANO DEL GRAPPA,BASSANO,1100,26
2025-10-15 16:22:15,IL789MN,VEH003,RFD20241002015,Presente,VERDE E RAMAGLIE,VERDE PAP,UTZ030,45.6656,11.8190,GALLIERA VENETA,GALLIERA VENETA,CAMPOSAMPIERO,1100,26
2025-10-15 16:43:49,IL789MN,VEH003,RFD20241002198,Presente,VERDE E RAMAGLIE,VERDE PAP,UTZ001,45.8721,11.5269,ASIAGO,ASIAGO,ASIAGO,240,26
2025-10-15 17:24:27,OP012QR,VEH004,RFD20250203302,Presente,SECCO,SECCO PAP,UTZ002,45.7321,11.6885,MAROSTICA,NOVE,BASSANO,1100,26
2025-10-15 17:35:18,IL789MN,VEH003,RFD20241030027,Presente,VERDE E RAMAGLIE,VERDE PAP,UTZ024,45.3836,11.9772,SAONARA,SAONARA,CAMPOSAMPIERO,240,26
2025-10-16 06:11:51,OP012QR,VEH004,RFD20241001301,Non Presente,NA,SECCO PAP,NA,45.5658,11.9399,NA,CAMPOSAMPIERO,CAMPOSAMPIERO,NA,NA
2025-10-16 07:05:09,AB123CD,VEH001,RFD20241017188,Presente,CARTA,CARTA/CARTONE PAP,UTZ015,45.5634,12.0210,MASSANZAGO,MASSANZAGO,CAMPOSAMPIERO,240,26
2025-10-16 08:14:11,AB123CD,VEH001,RFD20241031097,Presente,CARTA,CARTA/CARTONE PAP,UTZ011,45.6010,11.8146,SAN GIORGIO IN BOSCO,SAN GIORGIO IN BOSCO,CAMPOSAMPIERO,1100,26
2025-10-16 08:23:07,AB123CD,VEH001,RFD20241003141,Presente,CARTA,CARTA/CARTONE PAP,UTZ008,45.5759,11.7104,GAZZO,GAZZO,CAMPOSAMPIERO,1100,26
2025-10-16 09:00:54,AB123CD,VEH001,RFD20241003096,Presente,CARTA,CARTA/CARTONE PAP,UTZ017,45.5711,11.9266,CAMPOSAMPIERO,CAMPOSAMPIERO,CAMPOSAMPIERO,1100,26
2025-10-16 10:42:25,EF456GH,VEH002,RFD20241003157,Presente,VETRO,VETRO PAP,UTZ013,45.4909,11.7439,CAMPODORO,CAMPODORO,RUBANO,1100,26
2025-10-16 10:52:23,EF456GH,VEH002,RFD20250123212,Non Presente,NA,VETRO PAP,NA,45.4273,11.7901,NA,RUBANO,RUBANO,NA,NA
2025-10-16 13:28:09,OP012QR,VEH004,RFD20250203302,Presente,SECCO,SECCO PAP,UTZ002,45.7390,11.6643,MAROSTICA,MAROSTICA,BASSANO,1100,26
2025-10-16 13:33:53,IL789MN,VEH003,RFD20241003127,Presente,UMIDO,UMIDO CONT.STRADALI,UTZ001,45.7726,11.7290,BASSANO DEL GRAPPA,BASSANO DEL GRAPPA,BASSANO,240,26
2025-10-16 13:39:28,ST345UV,VEH005,RFD20241003138,Presente,PLASTICA E METALLI,PLAST.CONT.STRADALI,UTZ043,45.6086,11.6728,SAN PIETRO IN GU,SAN PIETRO IN GU,CAMPOSAMPIERO,770,26
2025-10-16 14:23:56,OP012QR,VEH004,RFD20241003061,Presente,SECCO,SECCO PAP,UTZ002,45.5342,11.9614,BORGORICCO,BORGORICCO,CAMPOSAMPIERO,1100,26
2025-10-16 15:12:30,IL789MN,VEH003,RFD20250918086,Presente,UMIDO,UMIDO CONT.STRADALI,UTZ034,45.6121,11.6763,SAN PIETRO IN GU,SAN PIETRO IN GU,CAMPOSAMPIERO,240,26
2025-10-16 15:59:22,OP012QR,VEH004,RFD20241003164,Presente,SECCO,SECCO PAP,UTZ003,45.7794,11.7296,BASSANO DEL GRAPPA,BASSANO DEL GRAPPA,BASSANO,240,26
2025-10-16 17:17:46,IL789MN,VEH003,RFD20241003303,Presente,UMIDO,UMIDO CONT.STRADALI,UTZ002,45.7827,11.8058,MUSSOLENTE,MUSSOLENTE,BASSANO,240,26
2025-10-16 17:21:49,OP012QR,VEH004,RFD20250203302,Presente,SECCO,SECCO PAP,UTZ002,45.7319,11.6727,MAROSTICA,MAROSTICA,BASSANO,1100,26
2025-10-16 18:55:43,IL789MN,VEH003,RFD20241001301,Non Presente,NA,UMIDO CONT.STRADALI,NA,45.5659,11.9399,NA,CAMPOSAMPIERO,CAMPOSAMPIERO,NA,NA
2025-10-17 06:10:07,EF456GH,VEH002,RFD20241001301,Non Presente,NA,CARTA CONT.STRADALI,NA,45.5658,11.9399,NA,CAMPOSAMPIERO,CAMPOSAMPIERO,NA,NA
2025-10-17 06:37:21,AB123CD,VEH001,RFD20241004065,Presente,SECCO,SECCO PAP,UTZ007,45.6155,11.6653,SAN PIETRO IN GU,SAN PIETRO IN GU,CAMPOSAMPIERO,1100,26
2025-10-17 07:25:39,AB123CD,VEH001,RFD20250207211,Non Presente,NA,SECCO PAP,NA,45.7172,11.6852,NA,NOVE,BASSANO,NA,NA
2025-10-17 08:15:24,AB123CD,VEH001,RFD20241004003,Presente,SECCO,SECCO PAP,UTZ008,45.4364,11.7855,RUBANO,RUBANO,RUBANO,240,26
2025-10-17 08:57:34,EF456GH,VEH002,RFD20241018161,Presente,CARTA,CARTA CONT.STRADALI,UTZ034,45.5715,11.9296,CAMPOSAMPIERO,CAMPOSAMPIERO,CAMPOSAMPIERO,1100,26
2025-10-17 08:59:03,EF456GH,VEH002,RFD20241004123,Presente,CARTA,CARTA CONT.STRADALI,UTZ032,45.6556,11.7835,CITTADELLA,CITTADELLA,CAMPOSAMPIERO,240,26
2025-10-17 09:38:37,EF456GH,VEH002,RFD20250221038,Presente,CARTA,CARTA CONT.STRADALI,UTZ005,45.6901,11.6327,SCHIAVON,SCHIAVON,BASSANO,240,26
2025-10-17 10:22:56,EF456GH,VEH002,RFD20241004159,Presente,CARTA,CARTA CONT.STRADALI,UTZ004,45.4413,11.7879,RUBANO,RUBANO,RUBANO,1100,26
2025-10-17 10:27:39,EF456GH,VEH002,RFD20250905100,Presente,CARTA,CARTA CONT.STRADALI,UTZ006,45.6488,11.7837,LIMENA,CITTADELLA,RUBANO,240,26
2025-10-17 10:29:51,EF456GH,VEH002,RFD20241004197,Presente,CARTA,CARTA CONT.STRADALI,UTZ018,45.8645,11.5124,ASIAGO,ASIAGO,ASIAGO,240,26
2025-10-17 10:33:35,AB123CD,VEH001,RFD20241004137,Presente,SECCO,SECCO PAP,UTZ012,45.5272,11.9710,BORGORICCO,BORGORICCO,CAMPOSAMPIERO,1100,26
2025-10-17 11:06:21,EF456GH,VEH002,RFD20241004028,Presente,CARTA,CARTA CONT.STRADALI,UTZ005,45.8599,11.3940,ROTZO,ROTZO,ASIAGO,240,26
2025-10-17 12:00:00,OP012QR,VEH004,RFD20241101042,Presente,SECCO,SECCO PAP,UTZ001,45.3869,11.7891,SELVAZZANO DENTRO,SELVAZZANO DENTRO,RUBANO,1100,26
2025-10-17 13:07:00,OP012QR,VEH004,RFD20250418055,Presente,SECCO,SECCO PAP,UTZ002,45.8008,11.6140,LUSIANA CONCO,LUSIANA CONCO,ASIAGO,240,26
2025-10-17 14:54:09,IL789MN,VEH003,RFD20241004177,Presente,PLASTICA E METALLI,PLASTICA PAP,UTZ048,45.7667,11.7334,BASSANO DEL GRAPPA,BASSANO DEL GRAPPA,BASSANO,770,26
2025-10-17 15:34:41,OP012QR,VEH004,RFD20241018010,Presente,SECCO,SECCO PAP,UTZ001,45.3633,11.9846,SAONARA,SAONARA,CAMPOSAMPIERO,1100,26
2025-10-17 16:26:09,ST345UV,VEH005,RFD20241004115,Presente,VETRO,VETRO PAP,UTZ001,45.4292,11.7850,RUBANO,RUBANO,RUBANO,1100,26
2025-10-17 16:36:13,OP012QR,VEH004,RFD20250203302,Presente,SECCO,SECCO PAP,UTZ002,45.7337,11.6906,MAROSTICA,NOVE,BASSANO,1100,26
2025-10-17 16:55:32,ST345UV,VEH005,RFD20241004185,Presente,VETRO,VETRO PAP,UTZ043,45.4033,11.7497,SACCOLONGO,SACCOLONGO,RUBANO,1100,26
2025-10-17 17:07:36,OP012QR,VEH004,RFD20250203302,Presente,SECCO,SECCO PAP,UTZ002,45.7380,11.6656,MAROSTICA,MAROSTICA,BASSANO,1100,26
2025-10-18 10:28:42,AB123CD,VEH001,RFD20241014226,Non Presente,NA,CARTA/CARTONE PAP,NA,45.4290,11.7861,NA,RUBANO,RUBANO,NA,NA
2025-10-18 12:18:30,OP012QR,VEH004,RFD20250203302,Presente,SECCO,SECCO PAP,UTZ002,45.7452,11.6573,MAROSTICA,MAROSTICA,BASSANO,1100,26
2025-10-18 12:48:58,OP012QR,VEH004,RFD20241005091,Presente,SECCO,SECCO PAP,UTZ016,45.5852,11.8055,SAN GIORGIO IN BOSCO,SAN GIORGIO IN BOSCO,CAMPOSAMPIERO,1100,26
2025-10-18 13:29:28,OP012QR,VEH004,RFD20241008208,Non Presente,NA,SECCO PAP,NA,45.8667,11.5124,NA,ASIAGO,ASIAGO,NA,NA
2025-10-18 14:00:57,OP012QR,VEH004,RFD20241005012,Presente,SECCO,SECCO PAP,UTZ035,45.8086,11.7286,POVE DEL GRAPPA,POVE DEL GRAPPA,BASSANO,1100,26
2025-10-18 15:00:13,IL789MN,VEH003,RFD20241005169,Presente,VERDE E RAMAGLIE,VERDE PAP,UTZ008,45.6471,11.6823,POZZOLEONE,POZZOLEONE,BASSANO,240,26
2025-10-18 15:35:38,IL789MN,VEH003,RFD20241005144,Presente,VERDE E RAMAGLIE,VERDE PAP,UTZ013,45.4201,11.6828,CERVARESE SANTA CROCE,CERVARESE SANTA CROCE,RUBANO,240,26
2025-10-18 17:10:38,IL789MN,VEH003,RFD20241005064,Presente,VERDE E RAMAGLIE,VERDE PAP,UTZ010,45.3061,11.7337,GALZIGNANO TERME,GALZIGNANO TERME,RUBANO,240,26
2025-10-18 17:17:56,OP012QR,VEH004,RFD20250203302,Presente,SECCO,SECCO PAP,UTZ002,45.7266,11.6814,MAROSTICA,NOVE,BASSANO,1100,26
2025-10-18 18:37:46,IL789MN,VEH003,RFD20241001301,Non Presente,NA,VERDE PAP,NA,45.5658,11.9399,NA,CAMPOSAMPIERO,CAMPOSAMPIERO,NA,NA
2025-10-19 07:00:00,AB123CD,VEH001,RFD20241006147,Presente,CARTA,CARTA CONT.STRADALI,UTZ003,45.3315,11.7373,TORREGLIA,TORREGLIA,RUBANO,240,26
2025-10-19 07:07:11,AB123CD,VEH001,RFD20241006101,Presente,CARTA,CARTA CONT.STRADALI,UTZ012,45.5774,11.9330,CAMPOSAMPIERO,CAMPOSAMPIERO,CAMPOSAMPIERO,1100,26
2025-10-19 08:25:06,AB123CD,VEH001,RFD20241006168,Presente,CARTA,CARTA CONT.STRADALI,UTZ003,45.5472,12.0105,MASSANZAGO,MASSANZAGO,CAMPOSAMPIERO,1100,26
2025-10-19 08:48:05,AB123CD,VEH001,RFD20241006192,Presente,CARTA,CARTA CONT.STRADALI,UTZ001,45.6511,11.8275,TOMBOLO,TOMBOLO,CAMPOSAMPIERO,1100,26
2025-10-19 08:49:07,AB123CD,VEH001,RFD20250713080,Presente,CARTA,CARTA CONT.STRADALI,UTZ001,45.4365,11.7483,MESTRINO,MESTRINO,RUBANO,240,26
2025-10-19 08:54:42,AB123CD,VEH001,RFD20251019204,Non Presente,NA,CARTA CONT.STRADALI,NA,45.5918,11.7955,NA,SAN GIORGIO IN BOSCO,CAMPOSAMPIERO,NA,NA
2025-10-19 08:54:45,AB123CD,VEH001,RFD20241020036,Presente,CARTA,CARTA CONT.STRADALI,UTZ007,45.6520,11.7818,CITTADELLA,CITTADELLA,CAMPOSAMPIERO,1100,26
2025-10-19 09:27:14,AB123CD,VEH001,RFD20241006066,Presente,CARTA,CARTA CONT.STRADALI,UTZ011,45.3103,11.7321,GALZIGNANO TERME,GALZIGNANO TERME,RUBANO,1100,26
2025-10-19 09:27:34,AB123CD,VEH001,RFD20250713165,Presente,CARTA,CARTA CONT.STRADALI,UTZ004,45.8895,11.5498,GALLIO,GALLIO,ASIAGO,240,26
2025-10-19 09:30:55,AB123CD,VEH001,RFD20241006180,Presente,CARTA,CARTA CONT.STRADALI,UTZ003,45.6361,11.7543,FONTANIVA,FONTANIVA,CAMPOSAMPIERO,240,26
2025-10-19 10:14:12,AB123CD,VEH001,RFD20250713098,Presente,CARTA,CARTA CONT.STRADALI,UTZ001,45.6474,11.6825,POZZOLEONE,POZZOLEONE,BASSANO,1100,26
2025-10-19 10:40:09,AB123CD,VEH001,RFD20241006095,Presente,CARTA,CARTA CONT.STRADALI,UTZ034,45.4855,11.7452,CAMPODORO,CAMPODORO,RUBANO,1100,26
2025-10-20 06:03:18,ST345UV,VEH005,RFD20241001301,Non Presente,NA,ASSISTENTE SERVIZI,NA,45.5658,11.9399,NA,CAMPOSAMPIERO,CAMPOSAMPIERO,NA,NA
2025-10-20 06:23:38,IL789MN,VEH003,RFD20241001301,Non Presente,NA,UMIDO PAP,NA,45.5658,11.9399,NA,CAMPOSAMPIERO,CAMPOSAMPIERO,NA,NA
2025-10-20 06:30:45,IL789MN,VEH003,RFD20241007043,Presente,UMIDO,UMIDO PAP,UTZ001,45.7955,11.7347,POVE DEL GRAPPA,POVE DEL GRAPPA,BASSANO,240,26
2025-10-20 07:19:58,AB123CD,VEH001,RFD20241007126,Presente,SECCO,SECCO PAP,UTZ001,45.6475,11.6837,POZZOLEONE,POZZOLEONE,BASSANO,1100,26
2025-10-20 07:51:09,AB123CD,VEH001,RFD20241007113,Presente,SECCO,SECCO PAP,UTZ022,45.4248,11.7899,RUBANO,RUBANO,RUBANO,1100,26
2025-10-20 08:13:37,IL789MN,VEH003,RFD20241007142,Presente,UMIDO,UMIDO PAP,UTZ001,45.3361,11.7886,MONTEGROTTO TERME,MONTEGROTTO TERME,RUBANO,770,26
2025-10-20 09:23:27,AB123CD,VEH001,RFD20241007146,Presente,SECCO,SECCO PAP,UTZ018,45.3021,11.7336,GALZIGNANO TERME,GALZIGNANO TERME,RUBANO,240,26
2025-10-20 12:15:36,OP012QR,VEH004,RFD20241007090,Presente,SECCO,SECCO PAP,UTZ021,45.7165,11.6080,COLCERESA,COLCERESA,BASSANO,1100,26
2025-10-20 13:09:14,OP012QR,VEH004,RFD20241007193,Presente,SECCO,SECCO PAP,UTZ005,45.6645,11.8335,GALLIERA VENETA,GALLIERA VENETA,CAMPOSAMPIERO,240,26
2025-10-20 13:15:01,IL789MN,VEH003,RFD20250505199,Presente,UMIDO,UMIDO CONT.STRADALI,UTZ034,45.4281,11.7886,RUBANO,RUBANO,RUBANO,240,26
2025-10-20 13:15:09,OP012QR,VEH004,RFD20241007190,Presente,CARTA,SECCO PAP,UTZ031,45.4335,11.7794,RUBANO,RUBANO,RUBANO,1100,26
2025-10-20 13:29:30,ST345UV,VEH005,RFD20241007039,Presente,VETRO,VETRO PAP,UTZ025,45.5289,11.9680,BORGORICCO,BORGORICCO,CAMPOSAMPIERO,770,26
2025-10-20 13:42:08,IL789MN,VEH003,RFD20241007233,Non Presente,NA,UMIDO CONT.STRADALI,NA,45.3299,11.8014,NA,MONTEGROTTO TERME,RUBANO,NA,NA
2025-10-20 14:14:56,IL789MN,VEH003,RFD20250825166,Presente,UMIDO,UMIDO CONT.STRADALI,UTZ002,45.5910,11.8072,SAN GIORGIO IN BOSCO,SAN GIORGIO IN BOSCO,CAMPOSAMPIERO,240,26
2025-10-20 14:31:20,IL789MN,VEH003,RFD20241007054,Presente,UMIDO,UMIDO CONT.STRADALI,UTZ013,45.6528,11.8165,TOMBOLO,TOMBOLO,CAMPOSAMPIERO,240,26
2025-10-20 14:54:13,ST345UV,VEH005,RFD20241007076,Presente,VETRO,VETRO PAP,UTZ001,45.7718,11.7306,BASSANO DEL GRAPPA,BASSANO DEL GRAPPA,BASSANO,1100,26
2025-10-20 15:08:23,ST345UV,VEH005,RFD20241007081,Presente,VETRO,VETRO PAP,UTZ003,45.7216,11.7650,ROSA',ROSA',BASSANO,1100,26
2025-10-20 15:19:41,OP012QR,VEH004,RFD20250203302,Presente,SECCO,SECCO PAP,UTZ002,45.7340,11.6913,MAROSTICA,BASSANO DEL GRAPPA,BASSANO,1100,26
2025-10-20 15:26:41,IL789MN,VEH003,RFD20241007148,Presente,UMIDO,UMIDO CONT.STRADALI,UTZ025,45.7745,11.7211,BASSANO DEL GRAPPA,BASSANO DEL GRAPPA,BASSANO,240,26
2025-10-20 15:44:49,OP012QR,VEH004,RFD20250203302,Presente,SECCO,SECCO PAP,UTZ002,45.7438,11.7038,MAROSTICA,BASSANO DEL GRAPPA,BASSANO,1100,26
2025-10-20 17:34:28,OP012QR,VEH004,RFD20241007120,Presente,SECCO,SECCO PAP,UTZ002,45.4335,11.7853,RUBANO,RUBANO,RUBANO,1100,26
2025-10-21 08:44:44,AB123CD,VEH001,RFD20250901001,Presente,CARTA,CARTA/CARTONE PAP,UTZ001,45.7667,11.7342,BASSANO DEL GRAPPA,BASSANO DEL GRAPPA,BASSANO,240,26
2025-10-21 09:15:58,EF456GH,VEH002,RFD20241008026,Presente,VETRO,VETRO PAP,UTZ008,45.7924,11.7304,POVE DEL GRAPPA,POVE DEL GRAPPA,BASSANO,1100,26
2025-10-21 09:20:53,AB123CD,VEH001,RFD20241022136,Presente,CARTA,CARTA/CARTONE PAP,UTZ038,45.7886,11.7571,ROMANO D'EZZELINO,ROMANO D'EZZELINO,BASSANO,240,26
2025-10-21 10:30:18,IL789MN,VEH003,RFD20241008059,Presente,UMIDO,UMIDO PAP,UTZ001,45.4024,11.7944,SELVAZZANO DENTRO,SELVAZZANO DENTRO,RUBANO,240,26
2025-10-21 11:02:45,AB123CD,VEH001,RFD20241008062,Presente,CARTA,CARTA/CARTONE PAP,UTZ002,45.3629,11.6653,ROVOLON,ROVOLON,RUBANO,1100,26
2025-10-21 12:38:57,OP012QR,VEH004,RFD20250325228,Non Presente,NA,SECCO PAP,NA,45.4795,11.8450,NA,LIMENA,RUBANO,NA,NA
2025-10-21 12:53:03,OP012QR,VEH004,RFD20241008077,Presente,SECCO,SECCO PAP,UTZ024,45.3617,11.6635,ROVOLON,ROVOLON,RUBANO,1100,26
2025-10-21 13:05:43,OP012QR,VEH004,RFD20241008155,Presente,SECCO,SECCO PAP,UTZ002,45.8756,11.5200,ASIAGO,ASIAGO,ASIAGO,240,26
2025-10-21 13:08:32,OP012QR,VEH004,RFD20250203302,Presente,SECCO,SECCO PAP,UTZ002,45.7409,11.6622,MAROSTICA,MAROSTICA,BASSANO,1100,26
2025-10-21 13:09:55,ST345UV,VEH005,RFD20241008023,Presente,PLASTICA E METALLI,PLAST.CONT.STRADALI,UTZ027,45.3021,11.7242,GALZIGNANO TERME,GALZIGNANO TERME,RUBANO,770,26
2025-10-21 13:46:18,OP012QR,VEH004,RFD20241008102,Presente,SECCO,SECCO PAP,UTZ024,45.8896,11.6270,FOZA,FOZA,ASIAGO,1100,26
2025-10-21 13:49:39,ST345UV,VEH005,RFD20241016234,Non Presente,NA,PLAST.CONT.STRADALI,NA,45.5602,11.8171,NA,CAMPO SAN MARTINO,CAMPOSAMPIERO,NA,NA
2025-10-21 15:45:51,IL789MN,VEH003,RFD20241008032,Presente,PLASTICA E METALLI,PLASTICA PAP,UTZ026,45.3981,11.7484,SACCOLONGO,SACCOLONGO,RUBANO,770,26
2025-10-21 16:49:05,OP012QR,VEH004,RFD20241008099,Presente,SECCO,SECCO PAP,UTZ015,45.7174,11.7677,ROSA',ROSA',BASSANO,1100,26
2025-10-21 17:07:52,OP012QR,VEH004,RFD20250203302,Presente,SECCO,SECCO PAP,UTZ002,45.7267,11.6814,MAROSTICA,NOVE,BASSANO,1100,26
2025-10-21 18:41:49,AB123CD,VEH001,RFD20241001301,Non Presente,NA,CARTA/CARTONE PAP,NA,45.5658,11.9399,NA,CAMPOSAMPIERO,CAMPOSAMPIERO,NA,NA
2025-10-22 06:02:45,IL789MN,VEH003,RFD20241001301,Non Presente,NA,UMIDO PAP,NA,45.5658,11.9399,NA,CAMPOSAMPIERO,CAMPOSAMPIERO,NA,NA
2025-10-22 06:41:46,AB123CD,VEH001,RFD20241009151,Presente,SECCO,SECCO PAP,UTZ026,45.5941,11.9395,LOREGGIA,LOREGGIA,CAMPOSAMPIERO,240,26
2025-10-22 07:03:59,AB123CD,VEH001,RFD20250924162,Presente,SECCO,SECCO PAP,UTZ008,45.8575,11.4005,ROTZO,ROTZO,ASIAGO,1100,26
2025-10-22 07:32:31,AB123CD,VEH001,RFD20241009041,Presente,SECCO,SECCO PAP,UTZ001,45.5655,11.8988,SANTA GIUSTINA IN COLLE,SANTA GIUSTINA IN COLLE,CAMPOSAMPIERO,1100,26
2025-10-22 07:42:47,AB123CD,VEH001,RFD20241009128,Presente,SECCO,SECCO PAP,UTZ002,45.4111,11.7370,SACCOLONGO,SACCOLONGO,RUBANO,1100,26
2025-10-22 08:07:11,AB123CD,VEH001,RFD20241009189,Presente,SECCO,SECCO PAP,UTZ002,45.4233,11.7903,RUBANO,RUBANO,RUBANO,1100,26
2025-10-22 09:37:35,AB123CD,VEH001,RFD20241009093,Presente,SECCO,SECCO PAP,UTZ040,45.7099,11.7972,ROSSANO VENETO,ROSSANO VENETO,BASSANO,1100,26
2025-10-22 09:48:57,AB123CD,VEH001,RFD20241009111,Presente,SECCO,SECCO PAP,UTZ042,45.6088,11.6743,SAN PIETRO IN GU,SAN PIETRO IN GU,CAMPOSAMPIERO,240,26
2025-10-22 10:39:43,AB123CD,VEH001,RFD20241009106,Presente,SECCO,SECCO PAP,UTZ004,45.7674,11.7353,BASSANO DEL GRAPPA,BASSANO DEL GRAPPA,BASSANO,240,26
2025-10-22 10:43:40,AB123CD,VEH001,RFD20241009108,Presente,SECCO,SECCO PAP,UTZ003,45.6953,11.7108,TEZZE SUL BRENTA,TEZZE SUL BRENTA,BASSANO,240,26
2025-10-22 11:25:45,AB123CD,VEH001,RFD20241009227,Non Presente,NA,SECCO PAP,NA,45.8965,11.5507,NA,GALLIO,ASIAGO,NA,NA
2025-10-22 11:36:05,EF456GH,VEH002,RFD20241009218,Non Presente,NA,CARTA CONT.STRADALI,NA,45.5589,11.9137,NA,SANTA GIUSTINA IN COLLE,CAMPOSAMPIERO,NA,NA
2025-10-22 13:57:46,OP012QR,VEH004,RFD20241009107,Presente,SECCO,SECCO PAP,UTZ033,45.5707,11.9321,CAMPOSAMPIERO,CAMPOSAMPIERO,CAMPOSAMPIERO,1100,26
2025-10-22 14:05:52,ST345UV,VEH005,RFD20241009150,Presente,VETRO,VETRO PAP,UTZ027,45.5791,11.9325,CAMPOSAMPIERO,CAMPOSAMPIERO,CAMPOSAMPIERO,1100,26
2025-10-22 14:09:04,IL789MN,VEH003,RFD20241009045,Presente,VERDE E RAMAGLIE,VERDE PAP,UTZ030,45.5616,12.0078,MASSANZAGO,MASSANZAGO,CAMPOSAMPIERO,240,26
2025-10-22 14:55:18,IL789MN,VEH003,RFD20241009205,Non Presente,NA,VERDE PAP,NA,45.8678,11.5017,NA,ASIAGO,ASIAGO,NA,NA
2025-10-22 15:29:33,OP012QR,VEH004,RFD20250203302,Presente,SECCO,SECCO PAP,UTZ002,45.7270,11.6785,MAROSTICA,NOVE,BASSANO,1100,26
2025-10-22 16:06:31,OP012QR,VEH004,RFD20241009085,Presente,SECCO,SECCO PAP,UTZ016,45.4845,11.8336,LIMENA,LIMENA,RUBANO,1100,26
2025-10-22 16:14:33,OP012QR,VEH004,RFD20241009140,Presente,SECCO,SECCO PAP,UTZ002,45.9448,11.7211,ENEGO,ENEGO,ASIAGO,1100,26
2025-10-22 16:25:40,OP012QR,VEH004,RFD20250203302,Presente,SECCO,SECCO PAP,UTZ002,45.7347,11.6919,MAROSTICA,BASSANO DEL GRAPPA,BASSANO,1100,26
2025-10-23 06:06:19,OP012QR,VEH004,RFD20241001301,Non Presente,NA,SECCO PAP,NA,45.5659,11.9398,NA,CAMPOSAMPIERO,CAMPOSAMPIERO,NA,NA
2025-10-23 08:09:14,IL789MN,VEH003,RFD20241010068,Presente,UMIDO,UMIDO PAP,UTZ004,45.4898,11.7451,CAMPODORO,CAMPODORO,RUBANO,240,26
2025-10-23 08:22:05,EF456GH,VEH002,RFD20241024149,Presente,VETRO,VETRO PAP,UTZ004,45.5621,11.9086,SANTA GIUSTINA IN COLLE,SANTA GIUSTINA IN COLLE,CAMPOSAMPIERO,1100,13
2025-10-23 09:29:22,AB123CD,VEH001,RFD20241010194,Presente,CARTA,CARTA/CARTONE PAP,UTZ017,45.7813,11.7309,BASSANO DEL GRAPPA,BASSANO DEL GRAPPA,BASSANO,240,26
2025-10-23 09:58:48,AB123CD,VEH001,RFD20241010013,Presente,CARTA,CARTA/CARTONE PAP,UTZ009,45.7804,11.7403,BASSANO DEL GRAPPA,BASSANO DEL GRAPPA,BASSANO,1100,26
2025-10-23 13:27:47,IL789MN,VEH003,RFD20241010178,Presente,UMIDO,UMIDO CONT.STRADALI,UTZ004,45.6588,11.8249,GALLIERA VENETA,GALLIERA VENETA,CAMPOSAMPIERO,240,26
2025-10-23 13:55:51,OP012QR,VEH004,RFD20250203302,Presente,SECCO,SECCO PAP,UTZ002,45.7383,11.6968,MAROSTICA,BASSANO DEL GRAPPA,BASSANO,1100,26
2025-10-23 14:13:10,ST345UV,VEH005,RFD20241010022,Presente,PLASTICA E METALLI,PLAST.CONT.STRADALI,UTZ032,45.3666,11.9840,SAONARA,SAONARA,CAMPOSAMPIERO,770,26
2025-10-23 14:49:02,IL789MN,VEH003,RFD20241010109,Presente,UMIDO,UMIDO CONT.STRADALI,UTZ018,45.7766,11.7331,BASSANO DEL GRAPPA,BASSANO DEL GRAPPA,BASSANO,770,26
2025-10-23 15:24:29,ST345UV,VEH005,RFD20241010079,Presente,PLASTICA E METALLI,PLAST.CONT.STRADALI,UTZ004,45.8871,11.6249,FOZA,FOZA,ASIAGO,770,26
2025-10-23 15:26:11,ST345UV,VEH005,RFD20241010154,Presente,PLASTICA E METALLI,PLAST.CONT.STRADALI,UTZ005,45.8642,11.5160,ASIAGO,ASIAGO,ASIAGO,770,26
2025-10-23 15:46:35,OP012QR,VEH004,RFD20250203302,Presente,SECCO,SECCO PAP,UTZ002,45.7410,11.7002,MAROSTICA,BASSANO DEL GRAPPA,BASSANO,1100,26
2025-10-23 15:54:36,OP012QR,VEH004,RFD20241010119,Presente,SECCO,SECCO PAP,UTZ002,45.5623,11.9076,SANTA GIUSTINA IN COLLE,SANTA GIUSTINA IN COLLE,CAMPOSAMPIERO,1100,26
2025-10-23 17:04:56,OP012QR,VEH004,RFD20241010069,Presente,SECCO,SECCO PAP,UTZ020,45.7309,11.7587,ROSA',ROSA',BASSANO,240,26
2025-10-24 07:14:32,AB123CD,VEH001,RFD20241011132,Presente,SECCO,SECCO PAP,UTZ001,45.5772,11.9310,CAMPOSAMPIERO,CAMPOSAMPIERO,CAMPOSAMPIERO,1100,26
2025-10-24 07:47:00,EF456GH,VEH002,RFD20250912070,Presente,CARTA,CARTA CONT.STRADALI,UTZ028,45.3322,11.7291,TORREGLIA,TORREGLIA,RUBANO,240,26
2025-10-24 08:01:10,AB123CD,VEH001,RFD20241025029,Presente,SECCO,SECCO PAP,UTZ001,45.7804,11.7922,MUSSOLENTE,MUSSOLENTE,BASSANO,240,26
2025-10-24 08:08:58,AB123CD,VEH001,RFD20250509017,Presente,SECCO,SECCO PAP,UTZ002,45.5766,11.9324,CAMPOSAMPIERO,CAMPOSAMPIERO,CAMPOSAMPIERO,1100,26
2025-10-24 08:13:27,EF456GH,VEH002,RFD20241011223,Non Presente,NA,CARTA CONT.STRADALI,NA,45.9024,11.6321,NA,FOZA,ASIAGO,NA,NA
2025-10-24 09:28:40,AB123CD,VEH001,RFD20241011139,Presente,SECCO,SECCO PAP,UTZ002,45.6196,11.6597,SAN PIETRO IN GU,SAN PIETRO IN GU,CAMPOSAMPIERO,1100,26
2025-10-24 10:31:05,AB123CD,VEH001,RFD20250425200,Presente,SECCO,SECCO PAP,UTZ015,45.5441,11.9262,SAN GIORGIO DELLE PERTICHE,SAN GIORGIO DELLE PERTICHE,CAMPOSAMPIERO,1100,26
2025-10-24 11:30:52,AB123CD,VEH001,RFD20241025196,Presente,SECCO,SECCO PAP,UTZ029,45.8643,11.5203,ASIAGO,ASIAGO,ASIAGO,1100,26
2025-10-24 12:32:37,OP012QR,VEH004,RFD20250203302,Presente,SECCO,SECCO PAP,UTZ002,45.7356,11.6685,MAROSTICA,MAROSTICA,BASSANO,1100,26
2025-10-24 13:11:15,OP012QR,VEH004,RFD20250203302,Presente,SECCO,SECCO PAP,UTZ002,45.7362,11.6940,MAROSTICA,BASSANO DEL GRAPPA,BASSANO,1100,26
2025-10-24 13:16:00,ST345UV,VEH005,RFD20241025087,Presente,VETRO,VETRO PAP,UTZ021,45.4967,11.9050,CAMPODARSEGO,CAMPODARSEGO,CAMPOSAMPIERO,1100,13
2025-10-24 13:47:21,OP012QR,VEH004,RFD20241011121,Presente,PLASTICA E METALLI,SECCO PAP,UTZ015,45.4087,11.7484,SACCOLONGO,SACCOLONGO,RUBANO,1100,26
2025-10-24 13:53:38,ST345UV,VEH005,RFD20241025175,Presente,VETRO,VETRO PAP,UTZ006,45.4899,11.7534,CAMPODORO,CAMPODORO,RUBANO,1100,13
2025-10-24 14:40:56,ST345UV,VEH005,RFD20241025031,Presente,VETRO,VETRO PAP,UTZ026,45.7759,11.7461,BASSANO DEL GRAPPA,BASSANO DEL GRAPPA,BASSANO,1100,13
2025-10-24 14:54:30,ST345UV,VEH005,RFD20241025060,Presente,VETRO,VETRO PAP,UTZ003,45.3335,11.7956,MONTEGROTTO TERME,MONTEGROTTO TERME,RUBANO,1100,13
2025-10-24 15:25:58,ST345UV,VEH005,RFD20241011182,Presente,VETRO,VETRO PAP,UTZ047,45.5921,11.6996,GAZZO,GAZZO,CAMPOSAMPIERO,1100,26
2025-10-24 15:30:34,OP012QR,VEH004,RFD20241011124,Presente,SECCO,SECCO PAP,UTZ001,45.6388,11.8460,SAN MARTINO DI LUPARI,SAN MARTINO DI LUPARI,CAMPOSAMPIERO,240,26
2025-10-24 15:37:16,ST345UV,VEH005,RFD20241011125,Presente,VETRO,VETRO PAP,UTZ014,45.5744,11.9218,CAMPOSAMPIERO,CAMPOSAMPIERO,CAMPOSAMPIERO,1100,26
2025-10-24 15:59:31,IL789MN,VEH003,RFD20241011019,Presente,PLASTICA E METALLI,PLASTICA PAP,UTZ001,45.6000,12.0033,PIOMBINO DESE,PIOMBINO DESE,CAMPOSAMPIERO,770,26
2025-10-24 17:02:13,IL789MN,VEH003,RFD20241025075,Presente,PLASTICA E METALLI,PLASTICA PAP,UTZ001,45.7967,11.7437,ROMANO D'EZZELINO,ROMANO D'EZZELINO,BASSANO,770,26
2025-10-24 17:57:06,OP012QR,VEH004,RFD20241011004,Presente,SECCO,SECCO PAP,UTZ024,45.7922,11.7673,ROMANO D'EZZELINO,ROMANO D'EZZELINO,BASSANO,240,26
2025-10-24 18:58:25,EF456GH,VEH002,RFD20241001301,Non Presente,NA,CARTA CONT.STRADALI,NA,45.5659,11.9398,NA,CAMPOSAMPIERO,CAMPOSAMPIERO,NA,NA
2025-10-25 08:51:52,IL789MN,VEH003,RFD20250215084,Presente,UMIDO,UMIDO PAP,UTZ022,45.6087,11.7349,GRANTORTO,GRANTORTO,CAMPOSAMPIERO,240,26
2025-10-25 12:10:59,OP012QR,VEH004,RFD20241012082,Presente,SECCO,SECCO PAP,UTZ001,45.6592,11.8293,GALLIERA VENETA,GALLIERA VENETA,CAMPOSAMPIERO,240,26
2025-10-25 14:17:02,IL789MN,VEH003,RFD20241012047,Presente,VERDE E RAMAGLIE,VERDE PAP,UTZ028,45.7545,11.7433,BASSANO DEL GRAPPA,BASSANO DEL GRAPPA,BASSANO,240,26
2025-10-25 15:27:08,IL789MN,VEH003,RFD20241008231,Non Presente,NA,VERDE PAP,NA,45.6866,11.7002,NA,TEZZE SUL BRENTA,BASSANO,NA,NA
2025-10-25 15:41:07,IL789MN,VEH003,RFD20241012052,Presente,VERDE E RAMAGLIE,VERDE PAP,UTZ002,45.6997,11.6386,SCHIAVON,SCHIAVON,BASSANO,1100,26
2025-10-25 16:09:23,IL789MN,VEH003,RFD20241012089,Presente,VERDE E RAMAGLIE,VERDE PAP,UTZ017,45.7291,11.6734,NOVE,NOVE,BASSANO,240,26
2025-10-25 17:19:31,OP012QR,VEH004,RFD20250203302,Presente,SECCO,SECCO PAP,UTZ002,45.7357,11.6681,MAROSTICA,MAROSTICA,BASSANO,1100,26
2025-10-25 18:40:13,IL789MN,VEH003,RFD20241001301,Non Presente,NA,VERDE PAP,NA,45.5658,11.9399,NA,CAMPOSAMPIERO,CAMPOSAMPIERO,NA,NA
2025-10-25 18:41:31,OP012QR,VEH004,RFD20250203302,Presente,SECCO,SECCO PAP,UTZ002,45.7440,11.7042,MAROSTICA,BASSANO DEL GRAPPA,BASSANO,1100,26
2025-10-26 07:32:45,AB123CD,VEH001,RFD20241013167,Presente,CARTA,CARTA CONT.STRADALI,UTZ022,45.9007,11.6396,FOZA,FOZA,ASIAGO,240,26
2025-10-26 08:16:13,AB123CD,VEH001,RFD20241013030,Presente,CARTA,CARTA CONT.STRADALI,UTZ001,45.6914,11.7997,ROSSANO VENETO,ROSSANO VENETO,BASSANO,1100,26
2025-10-26 08:20:08,AB123CD,VEH001,RFD20241013083,Presente,CARTA,CARTA CONT.STRADALI,UTZ030,45.3137,11.7395,GALZIGNANO TERME,GALZIGNANO TERME,RUBANO,240,26
2025-10-26 09:20:14,AB123CD,VEH001,RFD20241013172,Presente,CARTA,CARTA CONT.STRADALI,UTZ001,45.3300,11.7374,TORREGLIA,TORREGLIA,RUBANO,240,26
2025-10-27 06:00:00,AB123CD,VEH001,RFD20250901002,Presente,SECCO,SECCO PAP,UTZ002,45.7672,11.7349,BASSANO DEL GRAPPA,BASSANO DEL GRAPPA,BASSANO,1100,26
2025-10-27 06:00:14,AB123CD,VEH001,RFD20241001301,Non Presente,NA,SECCO PAP,NA,45.5658,11.9398,NA,CAMPOSAMPIERO,CAMPOSAMPIERO,NA,NA
2025-10-27 06:10:32,AB123CD,VEH001,RFD20250901201,Non Presente,NA,SECCO PAP,NA,45.7681,11.7355,NA,BASSANO DEL GRAPPA,BASSANO,NA,NA
2025-10-27 08:21:25,AB123CD,VEH001,RFD20250512016,Presente,SECCO,SECCO PAP,UTZ019,45.7747,11.8024,MUSSOLENTE,MUSSOLENTE,BASSANO,1100,26
2025-10-27 08:21:30,EF456GH,VEH002,RFD20250331008,Presente,CARTA,CARTA CONT.STRADALI,UTZ001,45.5244,11.8287,CURTAROLO,CURTAROLO,CAMPOSAMPIERO,240,26
2025-10-27 08:27:47,AB123CD,VEH001,RFD20250203051,Presente,SECCO,SECCO PAP,UTZ003,45.6500,11.8271,TOMBOLO,TOMBOLO,CAMPOSAMPIERO,1100,26
2025-10-27 09:10:08,AB123CD,VEH001,RFD20241014117,Presente,SECCO,SECCO PAP,UTZ001,45.6415,11.7836,CITTADELLA,CITTADELLA,CAMPOSAMPIERO,1100,26
2025-10-27 09:15:44,EF456GH,VEH002,RFD20241014011,Presente,CARTA,CARTA CONT.STRADALI,UTZ034,45.6442,11.8628,SAN MARTINO DI LUPARI,SAN MARTINO DI LUPARI,CAMPOSAMPIERO,1100,26
2025-10-27 09:44:14,EF456GH,VEH002,RFD20241014191,Presente,CARTA,CARTA CONT.STRADALI,UTZ005,45.3677,11.6629,ROVOLON,ROVOLON,RUBANO,1100,26
2025-10-27 12:58:19,OP012QR,VEH004,RFD20250203302,Presente,SECCO,SECCO PAP,UTZ002,45.7316,11.6733,MAROSTICA,MAROSTICA,BASSANO,1100,26
2025-10-27 13:08:52,OP012QR,VEH004,RFD20241014024,Presente,SECCO,SECCO PAP,UTZ040,45.5437,11.9607,BORGORICCO,BORGORICCO,CAMPOSAMPIERO,1100,26
2025-10-27 14:51:11,OP012QR,VEH004,RFD20241014033,Presente,SECCO,SECCO PAP,UTZ006,45.8593,11.4003,ROTZO,ROTZO,ASIAGO,1100,26
2025-10-27 15:04:27,OP012QR,VEH004,RFD20250203302,Presente,SECCO,SECCO PAP,UTZ002,45.7382,11.6968,MAROSTICA,BASSANO DEL GRAPPA,BASSANO,1100,26
2025-10-27 16:22:33,ST345UV,VEH005,RFD20241003230,Non Presente,NA,VETRO PAP,NA,45.6961,11.6362,NA,SCHIAVON,BASSANO,NA,NA
2025-10-27 16:35:20,OP012QR,VEH004,RFD20241028163,Presente,SECCO,SECCO PAP,UTZ003,45.7274,11.7667,ROSA',ROSA',BASSANO,1100,26
2025-10-28 06:14:57,EF456GH,VEH002,RFD20241001301,Non Presente,NA,VETRO PAP,NA,45.5657,11.9399,NA,CAMPOSAMPIERO,CAMPOSAMPIERO,NA,NA
2025-10-28 06:56:21,AB123CD,VEH001,RFD20250624006,Presente,CARTA,CARTA/CARTONE PAP,UTZ003,45.6299,11.7009,CARMIGNANO DI BRENTA,CARMIGNANO DI BRENTA,CAMPOSAMPIERO,240,26
2025-10-28 08:10:29,AB123CD,VEH001,RFD20241001103,Presente,CARTA,CARTA/CARTONE PAP,UTZ013,45.5660,11.9180,CAMPOSAMPIERO,CAMPOSAMPIERO,CAMPOSAMPIERO,240,26
2025-10-28 08:49:30,AB123CD,VEH001,RFD20241001040,Presente,CARTA,CARTA/CARTONE PAP,UTZ006,45.4758,11.8480,LIMENA,LIMENA,RUBANO,240,26
2025-10-28 09:21:32,IL789MN,VEH003,RFD20241001072,Presente,UMIDO,UMIDO PAP,UTZ028,45.8086,11.5992,LUSIANA CONCO,LUSIANA CONCO,ASIAGO,240,26
2025-10-28 09:31:39,IL789MN,VEH003,RFD20241001152,Presente,UMIDO,UMIDO PAP,UTZ037,45.4376,11.9250,CADONEGHE,CADONEGHE,CAMPOSAMPIERO,240,26
2025-10-28 12:30:54,OP012QR,VEH004,RFD20250203302,Presente,SECCO,SECCO PAP,UTZ002,45.7285,11.6841,MAROSTICA,NOVE,BASSANO,1100,26
2025-10-28 12:53:00,OP012QR,VEH004,RFD20250203302,Presente,SECCO,SECCO PAP,UTZ002,45.7433,11.7034,MAROSTICA,BASSANO DEL GRAPPA,BASSANO,1100,26
2025-10-28 13:06:19,IL789MN,VEH003,RFD20241001122,Presente,PLASTICA E METALLI,PLASTICA PAP,UTZ012,45.8054,11.7263,POVE DEL GRAPPA,POVE DEL GRAPPA,BASSANO,770,26
2025-10-28 14:09:27,ST345UV,VEH005,RFD20241001114,Presente,PLASTICA E METALLI,PLAST.CONT.STRADALI,UTZ005,45.8611,11.5205,ASIAGO,ASIAGO,ASIAGO,770,26
2025-10-28 14:23:08,IL789MN,VEH003,RFD20241001158,Presente,PLASTICA E METALLI,PLASTICA PAP,UTZ034,45.6545,11.8573,SAN MARTINO DI LUPARI,SAN MARTINO DI LUPARI,CAMPOSAMPIERO,770,26
2025-10-28 15:09:24,OP012QR,VEH004,RFD20241001181,Presente,SECCO,SECCO PAP,UTZ008,45.6544,11.6828,POZZOLEONE,POZZOLEONE,BASSANO,1100,26
2025-10-28 15:11:41,OP012QR,VEH004,RFD20241001058,Presente,SECCO,SECCO PAP,UTZ035,45.3440,11.6639,TEOLO,TEOLO,RUBANO,1100,26
2025-10-28 15:36:16,ST345UV,VEH005,RFD20241008231,Non Presente,NA,PLAST.CONT.STRADALI,NA,45.6866,11.7002,NA,TEZZE SUL BRENTA,BASSANO,NA,NA
2025-10-28 17:41:23,ST345UV,VEH005,RFD20241001209,Non Presente,NA,PLAST.CONT.STRADALI,NA,45.6483,11.8298,NA,TOMBOLO,CAMPOSAMPIERO,NA,NA
2025-10-29 06:19:38,OP012QR,VEH004,RFD20241001301,Non Presente,NA,SECCO PAP,NA,45.5658,11.9399,NA,CAMPOSAMPIERO,CAMPOSAMPIERO,NA,NA
2025-10-29 06:32:24,AB123CD,VEH001,RFD20241002049,Presente,SECCO,SECCO PAP,UTZ003,45.3394,11.7382,TORREGLIA,TORREGLIA,RUBANO,1100,26
2025-10-29 07:27:33,AB123CD,VEH001,RFD20250820009,Presente,SECCO,SECCO PAP,UTZ009,45.5261,11.9529,BORGORICCO,BORGORICCO,CAMPOSAMPIERO,1100,26
2025-10-29 07:32:28,EF456GH,VEH002,RFD20241002071,Presente,CARTA,CARTA CONT.STRADALI,UTZ033,45.4326,11.7845,RUBANO,RUBANO,RUBANO,1100,26
2025-10-29 07:35:41,AB123CD,VEH001,RFD20250820063,Presente,SECCO,SECCO PAP,UTZ039,45.3675,11.9819,SAONARA,SAONARA,CAMPOSAMPIERO,1100,26
2025-10-29 08:22:17,AB123CD,VEH001,RFD20250514018,Presente,SECCO,SECCO PAP,UTZ005,45.7965,11.7361,POVE DEL GRAPPA,POVE DEL GRAPPA,BASSANO,1100,26
2025-10-29 09:04:14,EF456GH,VEH002,RFD20241002131,Presente,CARTA,CARTA CONT.STRADALI,UTZ001,45.8909,11.6337,FOZA,FOZA,ASIAGO,240,26
2025-10-29 09:39:49,AB123CD,VEH001,RFD20241002105,Presente,SECCO,SECCO PAP,UTZ002,45.7148,11.7668,ROSA',ROSA',BASSANO,240,26
2025-10-29 10:08:41,EF456GH,VEH002,RFD20241002073,Presente,CARTA,CARTA CONT.STRADALI,UTZ050,45.4021,11.7537,SACCOLONGO,SACCOLONGO,RUBANO,1100,26
2025-10-29 11:50:56,AB123CD,VEH001,RFD20241002088,Presente,SECCO,SECCO PAP,UTZ005,45.7999,11.6068,LUSIANA CONCO,LUSIANA CONCO,ASIAGO,1100,26
2025-10-29 13:23:54,OP012QR,VEH004,RFD20241002203,Non Presente,NA,SECCO PAP,NA,45.3695,11.6595,NA,ROVOLON,RUBANO,NA,NA
2025-10-29 13:31:46,OP012QR,VEH004,RFD20241002078,Presente,SECCO,SECCO PAP,UTZ009,45.8877,11.5488,GALLIO,GALLIO,ASIAGO,1100,26
2025-10-29 14:02:58,OP012QR,VEH004,RFD20250203302,Presente,SECCO,SECCO PAP,UTZ002,45.7367,11.6944,MAROSTICA,BASSANO DEL GRAPPA,BASSANO,1100,26
2025-10-29 14:24:36,OP012QR,VEH004,RFD20241002094,Presente,SECCO,SECCO PAP,UTZ005,45.5789,11.9238,CAMPOSAMPIERO,CAMPOSAMPIERO,CAMPOSAMPIERO,240,26
2025-10-29 14:30:34,OP012QR,VEH004,RFD20250917110,Presente,SECCO,SECCO PAP,UTZ013,45.9110,11.6282,FOZA,FOZA,ASIAGO,1100,26
2025-10-29 14:37:36,IL789MN,VEH003,RFD20241002217,Non Presente,NA,VERDE PAP,NA,45.6308,11.6935,NA,CARMIGNANO DI BRENTA,CAMPOSAMPIERO,NA,NA
2025-10-29 14:53:29,OP012QR,VEH004,RFD20241030037,Presente,SECCO,SECCO PAP,UTZ014,45.8818,11.5385,GALLIO,GALLIO,ASIAGO,1100,26
2025-10-29 15:09:14,OP012QR,VEH004,RFD20241002184,Presente,SECCO,SECCO PAP,UTZ002,45.7700,11.7359,BASSANO DEL GRAPPA,BASSANO DEL GRAPPA,BASSANO,1100,26
2025-10-29 16:19:20,IL789MN,VEH003,RFD20241002015,Presente,VERDE E RAMAGLIE,VERDE PAP,UTZ030,45.6656,11.8191,GALLIERA VENETA,GALLIERA VENETA,CAMPOSAMPIERO,1100,26
2025-10-29 16:45:53,ST345UV,VEH005,RFD20241002053,Presente,VETRO,VETRO PAP,UTZ022,45.7622,11.7438,BASSANO DEL GRAPPA,BASSANO DEL GRAPPA,BASSANO,1100,26
2025-10-29 16:57:26,OP012QR,VEH004,RFD20250203302,Presente,SECCO,SECCO PAP,UTZ002,45.7417,11.6615,MAROSTICA,MAROSTICA,BASSANO,1100,26
2025-10-29 17:16:24,IL789MN,VEH003,RFD20241002198,Presente,VERDE E RAMAGLIE,VERDE PAP,UTZ001,45.8721,11.5267,ASIAGO,ASIAGO,ASIAGO,240,26
2025-10-29 17:30:39,IL789MN,VEH003,RFD20241030027,Presente,VERDE E RAMAGLIE,VERDE PAP,UTZ024,45.3838,11.9774,SAONARA,SAONARA,CAMPOSAMPIERO,240,26
2025-10-30 06:47:23,AB123CD,VEH001,RFD20241017188,Presente,CARTA,CARTA/CARTONE PAP,UTZ015,45.5635,12.0208,MASSANZAGO,MASSANZAGO,CAMPOSAMPIERO,240,26
2025-10-30 08:25:44,AB123CD,VEH001,RFD20241031097,Presente,CARTA,CARTA/CARTONE PAP,UTZ011,45.6010,11.8143,SAN GIORGIO IN BOSCO,SAN GIORGIO IN BOSCO,CAMPOSAMPIERO,1100,26
2025-10-30 08:31:50,AB123CD,VEH001,RFD20241003141,Presente,CARTA,CARTA/CARTONE PAP,UTZ008,45.5759,11.7104,GAZZO,GAZZO,CAMPOSAMPIERO,1100,26
2025-10-30 08:51:38,AB123CD,VEH001,RFD20241003096,Presente,CARTA,CARTA/CARTONE PAP,UTZ017,45.5711,11.9267,CAMPOSAMPIERO,CAMPOSAMPIERO,CAMPOSAMPIERO,1100,26
2025-10-30 09:01:25,EF456GH,VEH002,RFD20241003035,Presente,VETRO,VETRO PAP,UTZ003,45.7182,11.5992,COLCERESA,COLCERESA,BASSANO,1100,13
2025-10-30 10:26:10,EF456GH,VEH002,RFD20241003157,Presente,VETRO,VETRO PAP,UTZ013,45.4910,11.7438,CAMPODORO,CAMPODORO,RUBANO,1100,26
2025-10-30 10:36:23,EF456GH,VEH002,RFD20250123212,Non Presente,NA,VETRO PAP,NA,45.4274,11.7902,NA,RUBANO,RUBANO,NA,NA
2025-10-30 12:22:10,OP012QR,VEH004,RFD20250203302,Presente,SECCO,SECCO PAP,UTZ002,45.7441,11.6585,MAROSTICA,MAROSTICA,BASSANO,1100,26
2025-10-30 13:26:33,IL789MN,VEH003,RFD20241003127,Presente,UMIDO,UMIDO CONT.STRADALI,UTZ001,45.7727,11.7289,BASSANO DEL GRAPPA,BASSANO DEL GRAPPA,BASSANO,240,26
2025-10-30 13:50:11,ST345UV,VEH005,RFD20241003138,Presente,PLASTICA E METALLI,PLAST.CONT.STRADALI,UTZ043,45.6086,11.6727,SAN PIETRO IN GU,SAN PIETRO IN GU,CAMPOSAMPIERO,770,26
2025-10-30 13:59:24,OP012QR,VEH004,RFD20241003061,Presente,SECCO,SECCO PAP,UTZ002,45.5341,11.9615,BORGORICCO,BORGORICCO,CAMPOSAMPIERO,1100,26
2025-10-30 15:08:42,IL789MN,VEH003,RFD20250918086,Presente,UMIDO,UMIDO CONT.STRADALI,UTZ034,45.6120,11.6764,SAN PIETRO IN GU,SAN PIETRO IN GU,CAMPOSAMPIERO,240,26
2025-10-30 15:21:32,OP012QR,VEH004,00BD00000000000000000007,Presente,NA,SECCO PAP,SAC003,45.4251,11.7814,NA,RUBANO,RUBANO,NA,NA
2025-10-30 16:37:21,OP012QR,VEH004,RFD20241003164,Presente,SECCO,SECCO PAP,UTZ003,45.7795,11.7298,BASSANO DEL GRAPPA,BASSANO DEL GRAPPA,BASSANO,240,26
2025-10-30 16:52:38,IL789MN,VEH003,RFD20241003303,Presente,UMIDO,UMIDO CONT.STRADALI,UTZ002,45.7774,11.8126,MUSSOLENTE,MUSSOLENTE,BASSANO,240,26
2025-10-30 18:18:21,OP012QR,VEH004,RFD20250203302,Presente,SECCO,SECCO PAP,UTZ002,45.7424,11.6608,MAROSTICA,MAROSTICA,BASSANO,1100,26
2025-10-30 18:38:22,IL789MN,VEH003,RFD20241001301,Non Presente,NA,UMIDO CONT.STRADALI,NA,45.5658,11.9399,NA,CAMPOSAMPIERO,CAMPOSAMPIERO,NA,NA
2025-10-31 06:01:48,OP012QR,VEH004,RFD20241001301,Non Presente,NA,SECCO PAP,NA,45.5658,11.9400,NA,CAMPOSAMPIERO,CAMPOSAMPIERO,NA,NA
2025-10-31 06:49:24,AB123CD,VEH001,RFD20250207211,Non Presente,NA,SECCO PAP,NA,45.7174,11.6854,NA,NOVE,BASSANO,NA,NA
2025-10-31 06:55:02,AB123CD,VEH001,RFD20241004065,Presente,SECCO,SECCO PAP,UTZ007,45.6155,11.6654,SAN PIETRO IN GU,SAN PIETRO IN GU,CAMPOSAMPIERO,1100,26
2025-10-31 08:30:38,AB123CD,VEH001,RFD20241004003,Presente,SECCO,SECCO PAP,UTZ008,45.4364,11.7856,RUBANO,RUBANO,RUBANO,240,26
2025-10-31 08:51:14,EF456GH,VEH002,RFD20241018161,Presente,CARTA,CARTA CONT.STRADALI,UTZ034,45.5713,11.9297,CAMPOSAMPIERO,CAMPOSAMPIERO,CAMPOSAMPIERO,1100,26
2025-10-31 08:55:29,EF456GH,VEH002,RFD20241004123,Presente,CARTA,CARTA CONT.STRADALI,UTZ032,45.6555,11.7834,CITTADELLA,CITTADELLA,CAMPOSAMPIERO,240,26
2025-10-31 09:38:31,EF456GH,VEH002,RFD20250221038,Presente,CARTA,CARTA CONT.STRADALI,UTZ005,45.6901,11.6327,SCHIAVON,SCHIAVON,BASSANO,240,26
2025-10-31 10:25:04,EF456GH,VEH002,RFD20250905100,Presente,CARTA,CARTA CONT.STRADALI,UTZ006,45.6486,11.7838,LIMENA,CITTADELLA,RUBANO,240,26
2025-10-31 10:29:40,EF456GH,VEH002,RFD20241004197,Presente,CARTA,CARTA CONT.STRADALI,UTZ018,45.8645,11.5126,ASIAGO,ASIAGO,ASIAGO,240,26
2025-10-31 10:40:23,AB123CD,VEH001,RFD20241004137,Presente,SECCO,SECCO PAP,UTZ012,45.5273,11.9711,BORGORICCO,BORGORICCO,CAMPOSAMPIERO,1100,26
2025-10-31 10:59:49,EF456GH,VEH002,RFD20241004159,Presente,CARTA,CARTA CONT.STRADALI,UTZ004,45.4415,11.7881,RUBANO,RUBANO,RUBANO,1100,26
2025-10-31 11:20:34,EF456GH,VEH002,RFD20241004028,Presente,CARTA,CARTA CONT.STRADALI,UTZ005,45.8599,11.3940,ROTZO,ROTZO,ASIAGO,240,26
2025-10-31 12:13:08,OP012QR,VEH004,RFD20241101042,Presente,SECCO,SECCO PAP,UTZ001,45.3868,11.7893,SELVAZZANO DENTRO,SELVAZZANO DENTRO,RUBANO,1100,26
2025-10-31 13:40:21,OP012QR,VEH004,RFD20250418055,Presente,SECCO,SECCO PAP,UTZ002,45.8008,11.6140,LUSIANA CONCO,LUSIANA CONCO,ASIAGO,240,26
2025-10-31 13:55:00,OP012QR,VEH004,RFD20241004044,Presente,SECCO,SECCO PAP,UTZ009,45.6807,11.6937,TEZZE SUL BRENTA,TEZZE SUL BRENTA,BASSANO,240,26
2025-10-31 14:49:14,IL789MN,VEH003,RFD20241004177,Presente,PLASTICA E METALLI,PLASTICA PAP,UTZ048,45.7668,11.7335,BASSANO DEL GRAPPA,BASSANO DEL GRAPPA,BASSANO,770,26
2025-10-31 15:38:33,OP012QR,VEH004,RFD20241018010,Presente,SECCO,SECCO PAP,UTZ001,45.3633,11.9848,SAONARA,SAONARA,CAMPOSAMPIERO,1100,26
2025-10-31 15:59:18,OP012QR,VEH004,RFD20250203302,Presente,SECCO,SECCO PAP,UTZ002,45.7380,11.6963,MAROSTICA,BASSANO DEL GRAPPA,BASSANO,1100,26
2025-10-31 16:19:23,ST345UV,VEH005,RFD20241004115,Presente,VETRO,VETRO PAP,UTZ001,45.4290,11.7851,RUBANO,RUBANO,RUBANO,1100,26
2025-10-31 17:16:49,OP012QR,VEH004,RFD20250203302,Presente,SECCO,SECCO PAP,UTZ002,45.7259,11.6805,MAROSTICA,NOVE,BASSANO,1100,26
2025-10-31 17:20:36,ST345UV,VEH005,RFD20241004185,Presente,VETRO,VETRO PAP,UTZ043,45.4034,11.7499,SACCOLONGO,SACCOLONGO,RUBANO,1100,26
2025-10-31 18:48:27,ST345UV,VEH005,RFD20241001301,Non Presente,NA,VETRO PAP,NA,45.5658,11.9399,NA,CAMPOSAMPIERO,CAMPOSAMPIERO,NA,NA
2025-11-01 06:20:20,OP012QR,VEH004,RFD20241001301,Non Presente,NA,SECCO PAP,NA,45.5658,11.9399,NA,CAMPOSAMPIERO,CAMPOSAMPIERO,NA,NA
2025-11-01 08:03:58,AB123CD,VEH001,RFD20250208143,Presente,CARTA,CARTA/CARTONE PAP,UTZ009,45.6127,12.0044,PIOMBINO DESE,PIOMBINO DESE,CAMPOSAMPIERO,240,26
2025-11-01 09:24:49,EF456GH,VEH002,RFD20241002229,Non Presente,NA,VETRO PAP,NA,45.7208,11.6124,NA,COLCERESA,BASSANO,NA,NA
2025-11-01 12:13:19,OP012QR,VEH004,RFD20241005091,Presente,SECCO,SECCO PAP,UTZ016,45.5853,11.8052,SAN GIORGIO IN BOSCO,SAN GIORGIO IN BOSCO,CAMPOSAMPIERO,1100,26
2025-11-01 13:52:40,OP012QR,VEH004,RFD20241005012,Presente,SECCO,SECCO PAP,UTZ035,45.8085,11.7286,POVE DEL GRAPPA,POVE DEL GRAPPA,BASSANO,1100,26
2025-11-01 14:45:25,IL789MN,VEH003,RFD20241005169,Presente,VERDE E RAMAGLIE,VERDE PAP,UTZ008,45.6472,11.6825,POZZOLEONE,POZZOLEONE,BASSANO,240,26
2025-11-01 15:03:31,OP012QR,VEH004,RFD20241019135,Presente,SECCO,SECCO PAP,UTZ019,45.6502,11.8546,SAN MARTINO DI LUPARI,SAN MARTINO DI LUPARI,CAMPOSAMPIERO,240,26
2025-11-01 15:55:15,IL789MN,VEH003,RFD20241005144,Presente,VERDE E RAMAGLIE,VERDE PAP,UTZ013,45.4202,11.6829,CERVARESE SANTA CROCE,CERVARESE SANTA CROCE,RUBANO,240,26
2025-11-01 16:08:17,OP012QR,VEH004,RFD20250203302,Presente,SECCO,SECCO PAP,UTZ002,45.7313,11.6731,MAROSTICA,MAROSTICA,BASSANO,1100,26
2025-11-01 18:28:13,OP012QR,VEH004,RFD20250203302,Presente,SECCO,SECCO PAP,UTZ002,45.7420,11.7017,MAROSTICA,BASSANO DEL GRAPPA,BASSANO,1100,26
2025-11-01 18:39:03,AB123CD,VEH001,RFD20241001301,Non Presente,NA,CARTA/CARTONE PAP,NA,45.5658,11.9400,NA,CAMPOSAMPIERO,CAMPOSAMPIERO,NA,NA
2025-11-02 07:01:13,AB123CD,VEH001,RFD20241006147,Presente,CARTA,CARTA CONT.STRADALI,UTZ003,45.3315,11.7373,TORREGLIA,TORREGLIA,RUBANO,240,26
2025-11-02 07:14:33,AB123CD,VEH001,RFD20241006101,Presente,CARTA,CARTA CONT.STRADALI,UTZ012,45.5774,11.9330,CAMPOSAMPIERO,CAMPOSAMPIERO,CAMPOSAMPIERO,1100,26
2025-11-02 07:52:48,AB123CD,VEH001,RFD20241006174,Presente,CARTA,CARTA CONT.STRADALI,UTZ047,45.3069,11.7165,GALZIGNANO TERME,GALZIGNANO TERME,RUBANO,240,26
2025-11-02 08:38:29,AB123CD,VEH001,RFD20250713080,Presente,CARTA,CARTA CONT.STRADALI,UTZ001,45.4366,11.7483,MESTRINO,MESTRINO,RUBANO,240,26
2025-11-02 08:51:47,AB123CD,VEH001,RFD20241014226,Non Presente,NA,CARTA CONT.STRADALI,NA,45.4290,11.7858,NA,RUBANO,RUBANO,NA,NA
2025-11-02 08:58:59,AB123CD,VEH001,RFD20241006168,Presente,CARTA,CARTA CONT.STRADALI,UTZ003,45.5471,12.0106,MASSANZAGO,MASSANZAGO,CAMPOSAMPIERO,1100,26
2025-11-02 09:05:05,AB123CD,VEH001,RFD20241020036,Presente,CARTA,CARTA CONT.STRADALI,UTZ007,45.6519,11.7818,CITTADELLA,CITTADELLA,CAMPOSAMPIERO,1100,26
2025-11-02 09:09:11,AB123CD,VEH001,RFD20241006192,Presente,CARTA,CARTA CONT.STRADALI,UTZ001,45.6511,11.8274,TOMBOLO,TOMBOLO,CAMPOSAMPIERO,1100,26
2025-11-02 09:12:50,AB123CD,VEH001,RFD20241006180,Presente,CARTA,CARTA CONT.STRADALI,UTZ003,45.6360,11.7543,FONTANIVA,FONTANIVA,CAMPOSAMPIERO,240,26
2025-11-02 09:29:54,AB123CD,VEH001,RFD20250713165,Presente,CARTA,CARTA CONT.STRADALI,UTZ004,45.8894,11.5499,GALLIO,GALLIO,ASIAGO,240,26
2025-11-02 09:31:00,AB123CD,VEH001,RFD20241006066,Presente,CARTA,CARTA CONT.STRADALI,UTZ011,45.3104,11.7322,GALZIGNANO TERME,GALZIGNANO TERME,RUBANO,1100,26
2025-11-02 10:06:36,AB123CD,VEH001,RFD20250713098,Presente,CARTA,CARTA CONT.STRADALI,UTZ001,45.6472,11.6824,POZZOLEONE,POZZOLEONE,BASSANO,1100,26
2025-11-02 10:42:44,AB123CD,VEH001,RFD20241006134,Presente,CARTA,CARTA CONT.STRADALI,UTZ001,45.5032,11.9011,CAMPODARSEGO,CAMPODARSEGO,CAMPOSAMPIERO,240,26
2025-11-02 11:00:56,AB123CD,VEH001,RFD20241006095,Presente,CARTA,CARTA CONT.STRADALI,UTZ034,45.4857,11.7453,CAMPODORO,CAMPODORO,RUBANO,1100,26
2025-11-03 06:09:13,AB123CD,VEH001,RFD20241001301,Non Presente,NA,SECCO PAP,NA,45.5659,11.9398,NA,CAMPOSAMPIERO,CAMPOSAMPIERO,NA,NA
2025-11-03 06:59:41,IL789MN,VEH003,RFD20241007043,Presente,UMIDO,UMIDO PAP,UTZ001,45.7954,11.7347,POVE DEL GRAPPA,POVE DEL GRAPPA,BASSANO,240,26
2025-11-03 07:23:49,AB123CD,VEH001,RFD20241007126,Presente,SECCO,SECCO PAP,UTZ001,45.6477,11.6838,POZZOLEONE,POZZOLEONE,BASSANO,1100,26
2025-11-03 07:58:48,IL789MN,VEH003,RFD20241007142,Presente,UMIDO,UMIDO PAP,UTZ001,45.3360,11.7886,MONTEGROTTO TERME,MONTEGROTTO TERME,RUBANO,770,26
2025-11-03 08:17:14,AB123CD,VEH001,RFD20241007113,Presente,SECCO,SECCO PAP,UTZ022,45.4248,11.7898,RUBANO,RUBANO,RUBANO,1100,26
2025-11-03 09:26:47,AB123CD,VEH001,RFD20241007146,Presente,SECCO,SECCO PAP,UTZ018,45.3016,11.7335,GALZIGNANO TERME,GALZIGNANO TERME,RUBANO,240,26
2025-11-03 12:35:21,OP012QR,VEH004,RFD20250203302,Presente,SECCO,SECCO PAP,UTZ002,45.7453,11.6571,MAROSTICA,MAROSTICA,BASSANO,1100,26
2025-11-03 12:56:59,OP012QR,VEH004,RFD20241007190,Presente,CARTA,SECCO PAP,UTZ031,45.4338,11.7795,RUBANO,RUBANO,RUBANO,1100,26
2025-11-03 13:10:08,OP012QR,VEH004,RFD20241007193,Presente,SECCO,SECCO PAP,UTZ005,45.6645,11.8335,GALLIERA VENETA,GALLIERA VENETA,CAMPOSAMPIERO,240,26
2025-11-03 13:26:24,IL789MN,VEH003,RFD20250505199,Presente,UMIDO,UMIDO CONT.STRADALI,UTZ034,45.4279,11.7886,RUBANO,RUBANO,RUBANO,240,26
2025-11-03 13:39:08,ST345UV,VEH005,RFD20241007039,Presente,VETRO,VETRO PAP,UTZ025,45.5287,11.9682,BORGORICCO,BORGORICCO,CAMPOSAMPIERO,770,26
2025-11-03 13:49:22,IL789MN,VEH003,RFD20241007067,Presente,UMIDO,UMIDO CONT.STRADALI,UTZ010,45.3911,11.7531,SACCOLONGO,SACCOLONGO,RUBANO,770,26
2025-11-03 14:19:42,IL789MN,VEH003,RFD20241007233,Non Presente,NA,UMIDO CONT.STRADALI,NA,45.3300,11.8014,NA,MONTEGROTTO TERME,RUBANO,NA,NA
2025-11-03 14:20:31,IL789MN,VEH003,RFD20250825166,Presente,UMIDO,UMIDO CONT.STRADALI,UTZ002,45.5910,11.8073,SAN GIORGIO IN BOSCO,SAN GIORGIO IN BOSCO,CAMPOSAMPIERO,240,26
2025-11-03 15:13:43,ST345UV,VEH005,RFD20241007076,Presente,VETRO,VETRO PAP,UTZ001,45.7717,11.7307,BASSANO DEL GRAPPA,BASSANO DEL GRAPPA,BASSANO,1100,26
2025-11-03 15:22:46,IL789MN,VEH003,RFD20241007054,Presente,UMIDO,UMIDO CONT.STRADALI,UTZ013,45.6526,11.8165,TOMBOLO,TOMBOLO,CAMPOSAMPIERO,240,26
2025-11-03 15:24:39,IL789MN,VEH003,RFD20241007148,Presente,UMIDO,UMIDO CONT.STRADALI,UTZ025,45.7743,11.7213,BASSANO DEL GRAPPA,BASSANO DEL GRAPPA,BASSANO,240,26
2025-11-03 15:26:43,ST345UV,VEH005,RFD20241007081,Presente,VETRO,VETRO PAP,UTZ003,45.7214,11.7649,ROSA',ROSA',BASSANO,1100,26
2025-11-03 16:44:46,OP012QR,VEH004,RFD20250203302,Presente,SECCO,SECCO PAP,UTZ002,45.7259,11.6804,MAROSTICA,NOVE,BASSANO,1100,26
2025-11-03 17:01:12,OP012QR,VEH004,RFD20241007120,Presente,SECCO,SECCO PAP,UTZ002,45.4334,11.7851,RUBANO,RUBANO,RUBANO,1100,26
2025-11-04 06:00:00,AB123CD,VEH001,RFD20241008171,Presente,CARTA,CARTA/CARTONE PAP,UTZ023,45.7280,11.7643,ROSA',ROSA',BASSANO,240,26
2025-11-04 06:01:38,EF456GH,VEH002,RFD20241001301,Non Presente,NA,VETRO PAP,NA,45.5657,11.9399,NA,CAMPOSAMPIERO,CAMPOSAMPIERO,NA,NA
2025-11-04 08:14:54,AB123CD,VEH001,RFD20250901001,Presente,CARTA,CARTA/CARTONE PAP,UTZ001,45.7667,11.7342,BASSANO DEL GRAPPA,BASSANO DEL GRAPPA,BASSANO,240,26
2025-11-04 08:52:05,AB123CD,VEH001,RFD20241022136,Presente,CARTA,CARTA/CARTONE PAP,UTZ038,45.7887,11.7571,ROMANO D'EZZELINO,ROMANO D'EZZELINO,BASSANO,240,26
2025-11-04 08:57:30,EF456GH,VEH002,RFD20241008026,Presente,VETRO,VETRO PAP,UTZ008,45.7924,11.7304,POVE DEL GRAPPA,POVE DEL GRAPPA,BASSANO,1100,26
2025-11-04 10:28:01,IL789MN,VEH003,RFD20241008059,Presente,UMIDO,UMIDO PAP,UTZ001,45.4024,11.7942,SELVAZZANO DENTRO,SELVAZZANO DENTRO,RUBANO,240,26
2025-11-04 10:31:28,AB123CD,VEH001,RFD20241008062,Presente,CARTA,CARTA/CARTONE PAP,UTZ002,45.3628,11.6655,ROVOLON,ROVOLON,RUBANO,1100,26
2025-11-04 12:26:33,OP012QR,VEH004,RFD20250325228,Non Presente,NA,SECCO PAP,NA,45.4793,11.8448,NA,LIMENA,RUBANO,NA,NA
2025-11-04 12:50:56,OP012QR,VEH004,RFD20241008077,Presente,SECCO,SECCO PAP,UTZ024,45.3618,11.6636,ROVOLON,ROVOLON,RUBANO,1100,26
2025-11-04 13:17:58,ST345UV,VEH005,RFD20241008023,Presente,PLASTICA E METALLI,PLAST.CONT.STRADALI,UTZ027,45.3022,11.7244,GALZIGNANO TERME,GALZIGNANO TERME,RUBANO,770,26
2025-11-04 13:27:10,OP012QR,VEH004,RFD20250203302,Presente,SECCO,SECCO PAP,UTZ002,45.7285,11.6838,MAROSTICA,NOVE,BASSANO,1100,26
2025-11-04 13:34:23,OP012QR,VEH004,RFD20241008155,Presente,SECCO,SECCO PAP,UTZ002,45.8754,11.5203,ASIAGO,ASIAGO,ASIAGO,240,26
2025-11-04 13:40:20,OP012QR,VEH004,RFD20241008102,Presente,SECCO,SECCO PAP,UTZ024,45.8898,11.6269,FOZA,FOZA,ASIAGO,1100,26
2025-11-04 15:39:23,IL789MN,VEH003,RFD20241008032,Presente,PLASTICA E METALLI,PLASTICA PAP,UTZ026,45.3984,11.7484,SACCOLONGO,SACCOLONGO,RUBANO,770,26
2025-11-04 15:46:57,ST345UV,VEH005,RFD20241008187,Presente,PLASTICA E METALLI,PLAST.CONT.STRADALI,UTZ002,45.6582,11.8265,GALLIERA VENETA,GALLIERA VENETA,CAMPOSAMPIERO,770,26
2025-11-04 16:10:51,OP012QR,VEH004,RFD20241008099,Presente,SECCO,SECCO PAP,UTZ015,45.7175,11.7677,ROSA',ROSA',BASSANO,1100,26
2025-11-04 16:37:37,OP012QR,VEH004,RFD20250203302,Presente,SECCO,SECCO PAP,UTZ002,45.7402,11.6632,MAROSTICA,MAROSTICA,BASSANO,1100,26
2025-11-05 06:16:59,ST345UV,VEH005,RFD20241001301,Non Presente,NA,ASSISTENTE SERVIZI,NA,45.5658,11.9399,NA,CAMPOSAMPIERO,CAMPOSAMPIERO,NA,NA
2025-11-05 06:52:59,AB123CD,VEH001,RFD20241009151,Presente,SECCO,SECCO PAP,UTZ026,45.5938,11.9392,LOREGGIA,LOREGGIA,CAMPOSAMPIERO,240,26
2025-11-05 07:04:40,AB123CD,VEH001,RFD20250924162,Presente,SECCO,SECCO PAP,UTZ008,45.8575,11.4005,ROTZO,ROTZO,ASIAGO,1100,26
2025-11-05 07:24:41,AB123CD,VEH001,RFD20241009041,Presente,SECCO,SECCO PAP,UTZ001,45.5654,11.8988,SANTA GIUSTINA IN COLLE,SANTA GIUSTINA IN COLLE,CAMPOSAMPIERO,1100,26
2025-11-05 07:56:50,AB123CD,VEH001,RFD20241009128,Presente,SECCO,SECCO PAP,UTZ002,45.4109,11.7371,SACCOLONGO,SACCOLONGO,RUBANO,1100,26
2025-11-05 08:14:09,AB123CD,VEH001,RFD20241009189,Presente,SECCO,SECCO PAP,UTZ002,45.4234,11.7902,RUBANO,RUBANO,RUBANO,1100,26
2025-11-05 09:12:10,EF456GH,VEH002,RFD20250129179,Presente,CARTA,CARTA CONT.STRADALI,UTZ002,45.6442,11.8305,TOMBOLO,TOMBOLO,CAMPOSAMPIERO,1100,26
2025-11-05 09:31:42,AB123CD,VEH001,RFD20241009093,Presente,SECCO,SECCO PAP,UTZ040,45.7097,11.7971,ROSSANO VENETO,ROSSANO VENETO,BASSANO,1100,26
2025-11-05 09:36:42,AB123CD,VEH001,RFD20241009111,Presente,SECCO,SECCO PAP,UTZ042,45.6085,11.6741,SAN PIETRO IN GU,SAN PIETRO IN GU,CAMPOSAMPIERO,240,26
2025-11-05 10:29:52,AB123CD,VEH001,RFD20241009106,Presente,SECCO,SECCO PAP,UTZ004,45.7672,11.7354,BASSANO DEL GRAPPA,BASSANO DEL GRAPPA,BASSANO,240,26
2025-11-05 10:43:56,AB123CD,VEH001,RFD20241009108,Presente,SECCO,SECCO PAP,UTZ003,45.6955,11.7108,TEZZE SUL BRENTA,TEZZE SUL BRENTA,BASSANO,240,26
2025-11-05 11:27:22,EF456GH,VEH002,RFD20241009218,Non Presente,NA,CARTA CONT.STRADALI,NA,45.5590,11.9137,NA,SANTA GIUSTINA IN COLLE,CAMPOSAMPIERO,NA,NA
2025-11-05 13:30:37,OP012QR,VEH004,RFD20250203302,Presente,SECCO,SECCO PAP,UTZ002,45.7394,11.6979,MAROSTICA,BASSANO DEL GRAPPA,BASSANO,1100,26
2025-11-05 13:52:46,OP012QR,VEH004,RFD20241009107,Presente,SECCO,SECCO PAP,UTZ033,45.5706,11.9322,CAMPOSAMPIERO,CAMPOSAMPIERO,CAMPOSAMPIERO,1100,26
2025-11-05 14:16:40,ST345UV,VEH005,RFD20241009150,Presente,VETRO,VETRO PAP,UTZ027,45.5792,11.9325,CAMPOSAMPIERO,CAMPOSAMPIERO,CAMPOSAMPIERO,1100,26
2025-11-05 14:24:37,IL789MN,VEH003,RFD20241009205,Non Presente,NA,VERDE PAP,NA,45.8678,11.5016,NA,ASIAGO,ASIAGO,NA,NA
2025-11-05 15:35:35,OP012QR,VEH004,RFD20241009140,Presente,SECCO,SECCO PAP,UTZ002,45.9448,11.7209,ENEGO,ENEGO,ASIAGO,1100,26
2025-11-05 16:06:13,OP012QR,VEH004,RFD20241009085,Presente,SECCO,SECCO PAP,UTZ016,45.4842,11.8337,LIMENA,LIMENA,RUBANO,1100,26
2025-11-05 16:43:26,OP012QR,VEH004,RFD20250203302,Presente,SECCO,SECCO PAP,UTZ002,45.7306,11.6742,MAROSTICA,NOVE,BASSANO,1100,26
2025-11-06 07:31:49,IL789MN,VEH003,RFD20241010068,Presente,UMIDO,UMIDO PAP,UTZ004,45.4896,11.7452,CAMPODORO,CAMPODORO,RUBANO,240,26
2025-11-06 09:45:39,AB123CD,VEH001,RFD20241010013,Presente,CARTA,CARTA/CARTONE PAP,UTZ009,45.7802,11.7403,BASSANO DEL GRAPPA,BASSANO DEL GRAPPA,BASSANO,1100,26
2025-11-06 13:36:04,IL789MN,VEH003,RFD20241010178,Presente,UMIDO,UMIDO CONT.STRADALI,UTZ004,45.6589,11.8249,GALLIERA VENETA,GALLIERA VENETA,CAMPOSAMPIERO,240,26
2025-11-06 13:54:55,OP012QR,VEH004,RFD20250313133,Presente,SECCO,SECCO PAP,UTZ005,45.6414,11.7533,FONTANIVA,FONTANIVA,CAMPOSAMPIERO,1100,26
2025-11-06 14:08:51,ST345UV,VEH005,RFD20241010022,Presente,PLASTICA E METALLI,PLAST.CONT.STRADALI,UTZ032,45.3667,11.9838,SAONARA,SAONARA,CAMPOSAMPIERO,770,26
2025-11-06 14:38:55,IL789MN,VEH003,RFD20241010109,Presente,UMIDO,UMIDO CONT.STRADALI,UTZ018,45.7766,11.7330,BASSANO DEL GRAPPA,BASSANO DEL GRAPPA,BASSANO,770,26
2025-11-06 15:07:11,ST345UV,VEH005,RFD20241010154,Presente,PLASTICA E METALLI,PLAST.CONT.STRADALI,UTZ005,45.8640,11.5159,ASIAGO,ASIAGO,ASIAGO,770,26
2025-11-06 15:12:35,OP012QR,VEH004,RFD20250203302,Presente,SECCO,SECCO PAP,UTZ002,45.7320,11.6883,MAROSTICA,NOVE,BASSANO,1100,26
2025-11-06 15:56:23,OP012QR,VEH004,RFD20241010119,Presente,SECCO,SECCO PAP,UTZ002,45.5625,11.9075,SANTA GIUSTINA IN COLLE,SANTA GIUSTINA IN COLLE,CAMPOSAMPIERO,1100,26
2025-11-06 16:36:02,OP012QR,VEH004,RFD20241010074,Presente,SECCO,SECCO PAP,UTZ006,45.6209,11.6996,CARMIGNANO DI BRENTA,CARMIGNANO DI BRENTA,CAMPOSAMPIERO,1100,26
2025-11-06 17:07:26,OP012QR,VEH004,RFD20241010069,Presente,SECCO,SECCO PAP,UTZ020,45.7311,11.7591,ROSA',ROSA',BASSANO,240,26
2025-11-06 17:29:40,OP012QR,VEH004,RFD20250203302,Presente,SECCO,SECCO PAP,UTZ002,45.7435,11.7037,MAROSTICA,BASSANO DEL GRAPPA,BASSANO,1100,26
2025-11-06 18:32:20,AB123CD,VEH001,RFD20241001301,Non Presente,NA,CARTA/CARTONE PAP,NA,45.5658,11.9399,NA,CAMPOSAMPIERO,CAMPOSAMPIERO,NA,NA
2025-11-07 06:11:07,AB123CD,VEH001,RFD20241001301,Non Presente,NA,SECCO PAP,NA,45.5658,11.9399,NA,CAMPOSAMPIERO,CAMPOSAMPIERO,NA,NA
2025-11-07 06:50:36,AB123CD,VEH001,RFD20241011132,Presente,SECCO,SECCO PAP,UTZ001,45.5773,11.9310,CAMPOSAMPIERO,CAMPOSAMPIERO,CAMPOSAMPIERO,1100,26
2025-11-07 07:27:04,EF456GH,VEH002,RFD20250912070,Presente,CARTA,CARTA CONT.STRADALI,UTZ028,45.3324,11.7291,TORREGLIA,TORREGLIA,RUBANO,240,26
2025-11-07 08:38:35,EF456GH,VEH002,RFD20241011223,Non Presente,NA,CARTA CONT.STRADALI,NA,45.9025,11.6323,NA,FOZA,ASIAGO,NA,NA
2025-11-07 09:02:09,AB123CD,VEH001,RFD20241011139,Presente,SECCO,SECCO PAP,UTZ002,45.6195,11.6596,SAN PIETRO IN GU,SAN PIETRO IN GU,CAMPOSAMPIERO,1100,26
2025-11-07 10:03:13,AB123CD,VEH001,RFD20241011176,Presente,SECCO,SECCO PAP,UTZ008,45.4675,11.8515,LIMENA,LIMENA,RUBANO,1100,26
2025-11-07 10:44:13,AB123CD,VEH001,RFD20250425200,Presente,SECCO,SECCO PAP,UTZ015,45.5440,11.9261,SAN GIORGIO DELLE PERTICHE,SAN GIORGIO DELLE PERTICHE,CAMPOSAMPIERO,1100,26
2025-11-07 11:48:26,AB123CD,VEH001,RFD20241025196,Presente,SECCO,SECCO PAP,UTZ029,45.8643,11.5201,ASIAGO,ASIAGO,ASIAGO,1100,26
2025-11-07 12:54:15,OP012QR,VEH004,RFD20250203302,Presente,SECCO,SECCO PAP,UTZ002,45.7277,11.6829,MAROSTICA,NOVE,BASSANO,1100,26
2025-11-07 13:36:41,ST345UV,VEH005,RFD20241011025,Presente,VETRO,VETRO PAP,UTZ031,45.5447,11.9053,SAN GIORGIO DELLE PERTICHE,SAN GIORGIO DELLE PERTICHE,CAMPOSAMPIERO,1100,13
2025-11-07 14:00:30,OP012QR,VEH004,RFD20241011121,Presente,PLASTICA E METALLI,SECCO PAP,UTZ015,45.4088,11.7483,SACCOLONGO,SACCOLONGO,RUBANO,1100,26
2025-11-07 14:54:32,OP012QR,VEH004,RFD20241011124,Presente,SECCO,SECCO PAP,UTZ001,45.6386,11.8461,SAN MARTINO DI LUPARI,SAN MARTINO DI LUPARI,CAMPOSAMPIERO,240,26
2025-11-07 15:25:23,ST345UV,VEH005,RFD20241011125,Presente,VETRO,VETRO PAP,UTZ014,45.5745,11.9218,CAMPOSAMPIERO,CAMPOSAMPIERO,CAMPOSAMPIERO,1100,26
2025-11-07 17:00:47,IL789MN,VEH003,RFD20241011019,Presente,PLASTICA E METALLI,PLASTICA PAP,UTZ001,45.6001,12.0031,PIOMBINO DESE,PIOMBINO DESE,CAMPOSAMPIERO,770,26
2025-11-07 17:01:57,OP012QR,VEH004,RFD20250203302,Presente,SECCO,SECCO PAP,UTZ002,45.7362,11.6939,MAROSTICA,BASSANO DEL GRAPPA,BASSANO,1100,26
2025-11-07 17:10:35,IL789MN,VEH003,RFD20241025075,Presente,PLASTICA E METALLI,PLASTICA PAP,UTZ001,45.7968,11.7437,ROMANO D'EZZELINO,ROMANO D'EZZELINO,BASSANO,770,26
2025-11-07 17:36:05,OP012QR,VEH004,RFD20241011004,Presente,SECCO,SECCO PAP,UTZ024,45.7921,11.7673,ROMANO D'EZZELINO,ROMANO D'EZZELINO,BASSANO,240,26
2025-11-08 07:40:49,AB123CD,VEH001,RFD20241012118,Presente,CARTA,CARTA/CARTONE PAP,UTZ019,45.6945,11.7069,TEZZE SUL BRENTA,TEZZE SUL BRENTA,BASSANO,1100,26
2025-11-08 09:04:28,IL789MN,VEH003,RFD20250215084,Presente,UMIDO,UMIDO PAP,UTZ022,45.6086,11.7352,GRANTORTO,GRANTORTO,CAMPOSAMPIERO,240,26
2025-11-08 09:07:52,AB123CD,VEH001,RFD20241012116,Presente,CARTA,CARTA/CARTONE PAP,UTZ009,45.3959,11.7910,SELVAZZANO DENTRO,SELVAZZANO DENTRO,RUBANO,240,26
2025-11-08 12:07:16,OP012QR,VEH004,RFD20241012082,Presente,SECCO,SECCO PAP,UTZ001,45.6589,11.8292,GALLIERA VENETA,GALLIERA VENETA,CAMPOSAMPIERO,240,26
2025-11-08 13:01:14,OP012QR,VEH004,RFD20250901050,Presente,SECCO,SECCO PAP,UTZ025,45.6961,11.6416,SCHIAVON,SCHIAVON,BASSANO,240,26
2025-11-08 13:56:03,IL789MN,VEH003,RFD20241012047,Presente,VERDE E RAMAGLIE,VERDE PAP,UTZ028,45.7549,11.7434,BASSANO DEL GRAPPA,BASSANO DEL GRAPPA,BASSANO,240,26
2025-11-08 15:17:33,IL789MN,VEH003,RFD20241008231,Non Presente,NA,VERDE PAP,NA,45.6868,11.7000,NA,TEZZE SUL BRENTA,BASSANO,NA,NA
2025-11-08 15:27:22,IL789MN,VEH003,RFD20241012052,Presente,VERDE E RAMAGLIE,VERDE PAP,UTZ002,45.6997,11.6388,SCHIAVON,SCHIAVON,BASSANO,1100,26
2025-11-08 15:41:23,IL789MN,VEH003,RFD20241012089,Presente,VERDE E RAMAGLIE,VERDE PAP,UTZ017,45.7291,11.6734,NOVE,NOVE,BASSANO,240,26
2025-11-08 18:05:44,OP012QR,VEH004,RFD20250203302,Presente,SECCO,SECCO PAP,UTZ002,45.7386,11.6649,MAROSTICA,MAROSTICA,BASSANO,1100,26
2025-11-08 18:49:52,OP012QR,VEH004,RFD20250203302,Presente,SECCO,SECCO PAP,UTZ002,45.7425,11.6604,MAROSTICA,MAROSTICA,BASSANO,1100,26
2025-11-08 18:52:29,ST345UV,VEH005,RFD20241001301,Non Presente,NA,SERVIZI MERCATI,NA,45.5658,11.9400,NA,CAMPOSAMPIERO,CAMPOSAMPIERO,NA,NA
2025-11-09 07:00:00,AB123CD,VEH001,RFD20241013046,Presente,CARTA,CARTA CONT.STRADALI,UTZ035,45.3084,11.7299,GALZIGNANO TERME,GALZIGNANO TERME,RUBANO,240,26
2025-11-09 07:48:16,AB123CD,VEH001,RFD20241013030,Presente,CARTA,CARTA CONT.STRADALI,UTZ001,45.6913,11.7995,ROSSANO VENETO,ROSSANO VENETO,BASSANO,1100,26
2025-11-09 07:53:48,AB123CD,VEH001,RFD20241013129,Presente,CARTA,CARTA CONT.STRADALI,UTZ031,45.6328,11.7061,CARMIGNANO DI BRENTA,CARMIGNANO DI BRENTA,CAMPOSAMPIERO,240,26
2025-11-09 07:55:53,AB123CD,VEH001,RFD20241013130,Presente,CARTA,CARTA CONT.STRADALI,UTZ004,45.4268,11.6850,CERVARESE SANTA CROCE,CERVARESE SANTA CROCE,RUBANO,240,26
2025-11-09 08:41:57,AB123CD,VEH001,RFD20250928057,Presente,CARTA,CARTA CONT.STRADALI,UTZ022,45.5444,12.0081,MASSANZAGO,MASSANZAGO,CAMPOSAMPIERO,1100,26
2025-11-09 09:02:11,AB123CD,VEH001,RFD20241013172,Presente,CARTA,CARTA CONT.STRADALI,UTZ001,45.3299,11.7374,TORREGLIA,TORREGLIA,RUBANO,240,26
2025-11-10 06:26:05,AB123CD,VEH001,RFD20250901002,Presente,SECCO,SECCO PAP,UTZ002,45.7672,11.7349,BASSANO DEL GRAPPA,BASSANO DEL GRAPPA,BASSANO,1100,26
2025-11-10 06:34:05,IL789MN,VEH003,RFD20241008208,Non Presente,NA,UMIDO PAP,NA,45.8666,11.5126,NA,ASIAGO,ASIAGO,NA,NA
2025-11-10 06:52:38,AB123CD,VEH001,RFD20250901201,Non Presente,NA,SECCO PAP,NA,45.7682,11.7358,NA,BASSANO DEL GRAPPA,BASSANO,NA,NA
2025-11-10 09:01:59,EF456GH,VEH002,RFD20250331008,Presente,CARTA,CARTA CONT.STRADALI,UTZ001,45.5243,11.8289,CURTAROLO,CURTAROLO,CAMPOSAMPIERO,240,26
2025-11-10 09:05:02,EF456GH,VEH002,RFD20241014011,Presente,CARTA,CARTA CONT.STRADALI,UTZ034,45.6444,11.8630,SAN MARTINO DI LUPARI,SAN MARTINO DI LUPARI,CAMPOSAMPIERO,1100,26
2025-11-10 09:28:20,AB123CD,VEH001,RFD20241014117,Presente,SECCO,SECCO PAP,UTZ001,45.6416,11.7838,CITTADELLA,CITTADELLA,CAMPOSAMPIERO,1100,26
2025-11-10 10:05:53,EF456GH,VEH002,RFD20241014191,Presente,CARTA,CARTA CONT.STRADALI,UTZ005,45.3678,11.6628,ROVOLON,ROVOLON,RUBANO,1100,26
2025-11-10 13:35:39,OP012QR,VEH004,RFD20241014024,Presente,SECCO,SECCO PAP,UTZ040,45.5439,11.9606,BORGORICCO,BORGORICCO,CAMPOSAMPIERO,1100,26
2025-11-10 13:51:28,OP012QR,VEH004,RFD20250203302,Presente,SECCO,SECCO PAP,UTZ002,45.7404,11.6628,MAROSTICA,MAROSTICA,BASSANO,1100,26
2025-11-10 14:14:33,OP012QR,VEH004,RFD20250203302,Presente,SECCO,SECCO PAP,UTZ002,45.7412,11.7003,MAROSTICA,BASSANO DEL GRAPPA,BASSANO,1100,26
2025-11-10 14:39:52,IL789MN,VEH003,RFD20241028145,Presente,UMIDO,UMIDO CONT.STRADALI,UTZ004,45.4285,11.7850,RUBANO,RUBANO,RUBANO,240,26
2025-11-10 15:10:58,IL789MN,VEH003,RFD20241028173,Presente,UMIDO,UMIDO CONT.STRADALI,UTZ004,45.7622,11.7419,BASSANO DEL GRAPPA,BASSANO DEL GRAPPA,BASSANO,240,26
2025-11-10 16:20:21,AB123CD,VEH001,RFD20251019204,Non Presente,NA,SECCO PAP,NA,45.5917,11.7951,NA,SAN GIORGIO IN BOSCO,CAMPOSAMPIERO,NA,NA
2025-11-10 16:31:20,OP012QR,VEH004,RFD20241028163,Presente,SECCO,SECCO PAP,UTZ003,45.7273,11.7667,ROSA',ROSA',BASSANO,1100,26
2025-11-10 18:56:09,OP012QR,VEH004,RFD20241001301,Non Presente,NA,SECCO PAP,NA,45.5658,11.9399,NA,CAMPOSAMPIERO,CAMPOSAMPIERO,NA,NA
2025-11-11 06:07:03,ST345UV,VEH005,RFD20241001301,Non Presente,NA,PULIZIA TERRIT.,NA,45.5658,11.9399,NA,CAMPOSAMPIERO,CAMPOSAMPIERO,NA,NA
2025-11-11 07:00:46,AB123CD,VEH001,RFD20250624006,Presente,CARTA,CARTA/CARTONE PAP,UTZ003,45.6299,11.7010,CARMIGNANO DI BRENTA,CARMIGNANO DI BRENTA,CAMPOSAMPIERO,240,26
2025-11-11 07:52:29,AB123CD,VEH001,RFD20241001103,Presente,CARTA,CARTA/CARTONE PAP,UTZ013,45.5660,11.9181,CAMPOSAMPIERO,CAMPOSAMPIERO,CAMPOSAMPIERO,240,26
2025-11-11 09:34:39,IL789MN,VEH003,RFD20241001152,Presente,UMIDO,UMIDO PAP,UTZ037,45.4375,11.9252,CADONEGHE,CADONEGHE,CAMPOSAMPIERO,240,26
2025-11-11 09:38:00,IL789MN,VEH003,RFD20241001072,Presente,UMIDO,UMIDO PAP,UTZ028,45.8084,11.5992,LUSIANA CONCO,LUSIANA CONCO,ASIAGO,240,26
2025-11-11 10:17:12,EF456GH,VEH002,RFD20241210020,Presente,VETRO,VETRO PAP,UTZ006,45.5347,11.9098,SAN GIORGIO DELLE PERTICHE,SAN GIORGIO DELLE PERTICHE,CAMPOSAMPIERO,770,13
2025-11-11 13:39:40,IL789MN,VEH003,RFD20241001122,Presente,PLASTICA E METALLI,PLASTICA PAP,UTZ012,45.8053,11.7263,POVE DEL GRAPPA,POVE DEL GRAPPA,BASSANO,770,26
2025-11-11 13:52:16,OP012QR,VEH004,RFD20250203302,Presente,SECCO,SECCO PAP,UTZ002,45.7277,11.6830,MAROSTICA,NOVE,BASSANO,1100,26
2025-11-11 14:23:45,ST345UV,VEH005,RFD20241001114,Presente,PLASTICA E METALLI,PLAST.CONT.STRADALI,UTZ005,45.8612,11.5204,ASIAGO,ASIAGO,ASIAGO,770,26
2025-11-11 14:32:12,IL789MN,VEH003,RFD20241001158,Presente,PLASTICA E METALLI,PLASTICA PAP,UTZ034,45.6543,11.8574,SAN MARTINO DI LUPARI,SAN MARTINO DI LUPARI,CAMPOSAMPIERO,770,26
2025-11-11 14:42:40,OP012QR,VEH004,RFD20250203302,Presente,SECCO,SECCO PAP,UTZ002,45.7289,11.6843,MAROSTICA,NOVE,BASSANO,1100,26
2025-11-11 15:12:00,OP012QR,VEH004,RFD20241001181,Presente,SECCO,SECCO PAP,UTZ008,45.6544,11.6825,POZZOLEONE,POZZOLEONE,BASSANO,1100,26
2025-11-11 15:16:08,OP012QR,VEH004,RFD20241015048,Presente,SECCO,SECCO PAP,UTZ030,45.4294,11.7921,RUBANO,RUBANO,RUBANO,1100,26
2025-11-11 15:46:09,OP012QR,VEH004,RFD20241001058,Presente,SECCO,SECCO PAP,UTZ035,45.3440,11.6638,TEOLO,TEOLO,RUBANO,1100,26
2025-11-11 17:47:13,ST345UV,VEH005,RFD20241001209,Non Presente,NA,PLAST.CONT.STRADALI,NA,45.6481,11.8300,NA,TOMBOLO,CAMPOSAMPIERO,NA,NA
2025-11-11 18:35:53,AB123CD,VEH001,RFD20241001301,Non Presente,NA,CARTA/CARTONE PAP,NA,45.5658,11.9399,NA,CAMPOSAMPIERO,CAMPOSAMPIERO,NA,NA
2025-11-12 06:02:26,ST345UV,VEH005,RFD20241001301,Non Presente,NA,ASSISTENTE SERVIZI,NA,45.5658,11.9399,NA,CAMPOSAMPIERO,CAMPOSAMPIERO,NA,NA
2025-11-12 06:14:55,IL789MN,VEH003,RFD20241001301,Non Presente,NA,UMIDO PAP,NA,45.5658,11.9399,NA,CAMPOSAMPIERO,CAMPOSAMPIERO,NA,NA
2025-11-12 06:48:19,AB123CD,VEH001,RFD20241002049,Presente,SECCO,SECCO PAP,UTZ003,45.3395,11.7381,TORREGLIA,TORREGLIA,RUBANO,1100,26
2025-11-12 07:15:38,AB123CD,VEH001,RFD20250820009,Presente,SECCO,SECCO PAP,UTZ009,45.5261,11.9529,BORGORICCO,BORGORICCO,CAMPOSAMPIERO,1100,26
2025-11-12 08:00:17,EF456GH,VEH002,RFD20241002071,Presente,CARTA,CARTA CONT.STRADALI,UTZ033,45.4327,11.7847,RUBANO,RUBANO,RUBANO,1100,26
2025-11-12 08:02:43,AB123CD,VEH001,RFD20250820063,Presente,SECCO,SECCO PAP,UTZ039,45.3676,11.9818,SAONARA,SAONARA,CAMPOSAMPIERO,1100,26
2025-11-12 08:13:52,AB123CD,VEH001,RFD20250514018,Presente,SECCO,SECCO PAP,UTZ005,45.7965,11.7360,POVE DEL GRAPPA,POVE DEL GRAPPA,BASSANO,1100,26
2025-11-12 08:57:47,EF456GH,VEH002,RFD20241002131,Presente,CARTA,CARTA CONT.STRADALI,UTZ001,45.8910,11.6338,FOZA,FOZA,ASIAGO,240,26
2025-11-12 10:04:18,AB123CD,VEH001,RFD20241002183,Presente,SECCO,SECCO PAP,UTZ009,45.7283,11.7950,CASSOLA,CASSOLA,BASSANO,1100,26
2025-11-12 10:18:23,AB123CD,VEH001,RFD20250205056,Presente,SECCO,SECCO PAP,UTZ001,45.5195,11.8283,CURTAROLO,CURTAROLO,CAMPOSAMPIERO,240,26
2025-11-12 11:12:55,AB123CD,VEH001,RFD20241002088,Presente,SECCO,SECCO PAP,UTZ005,45.7998,11.6069,LUSIANA CONCO,LUSIANA CONCO,ASIAGO,1100,26
2025-11-12 12:46:32,OP012QR,VEH004,RFD20250203302,Presente,SECCO,SECCO PAP,UTZ002,45.7420,11.7016,MAROSTICA,BASSANO DEL GRAPPA,BASSANO,1100,26
2025-11-12 13:32:04,OP012QR,VEH004,RFD20241002078,Presente,SECCO,SECCO PAP,UTZ009,45.8880,11.5489,GALLIO,GALLIO,ASIAGO,1100,26
2025-11-12 13:38:31,OP012QR,VEH004,RFD20241002203,Non Presente,NA,SECCO PAP,NA,45.3696,11.6596,NA,ROVOLON,RUBANO,NA,NA
2025-11-12 14:16:30,IL789MN,VEH003,RFD20241002217,Non Presente,NA,VERDE PAP,NA,45.6307,11.6936,NA,CARMIGNANO DI BRENTA,CAMPOSAMPIERO,NA,NA
2025-11-12 14:43:35,ST345UV,VEH005,RFD20241002229,Non Presente,NA,VETRO PAP,NA,45.7207,11.6123,NA,COLCERESA,BASSANO,NA,NA
2025-11-12 14:48:46,IL789MN,VEH003,RFD20241016234,Non Presente,NA,VERDE PAP,NA,45.5602,11.8172,NA,CAMPO SAN MARTINO,CAMPOSAMPIERO,NA,NA
2025-11-12 14:58:05,OP012QR,VEH004,RFD20241002184,Presente,SECCO,SECCO PAP,UTZ002,45.7698,11.7358,BASSANO DEL GRAPPA,BASSANO DEL GRAPPA,BASSANO,1100,26
2025-11-12 15:05:26,OP012QR,VEH004,RFD20241030037,Presente,SECCO,SECCO PAP,UTZ014,45.8815,11.5385,GALLIO,GALLIO,ASIAGO,1100,26
2025-11-12 16:15:17,ST345UV,VEH005,RFD20241002053,Presente,VETRO,VETRO PAP,UTZ022,45.7623,11.7436,BASSANO DEL GRAPPA,BASSANO DEL GRAPPA,BASSANO,1100,26
2025-11-12 16:22:03,IL789MN,VEH003,RFD20241002015,Presente,VERDE E RAMAGLIE,VERDE PAP,UTZ030,45.6655,11.8191,GALLIERA VENETA,GALLIERA VENETA,CAMPOSAMPIERO,1100,26
2025-11-12 16:36:38,IL789MN,VEH003,RFD20241002198,Presente,VERDE E RAMAGLIE,VERDE PAP,UTZ001,45.8721,11.5267,ASIAGO,ASIAGO,ASIAGO,240,26
2025-11-12 17:16:09,OP012QR,VEH004,RFD20250203302,Presente,SECCO,SECCO PAP,UTZ002,45.7371,11.6953,MAROSTICA,BASSANO DEL GRAPPA,BASSANO,1100,26
2025-11-12 17:21:59,IL789MN,VEH003,RFD20241030027,Presente,VERDE E RAMAGLIE,VERDE PAP,UTZ024,45.3837,11.9773,SAONARA,SAONARA,CAMPOSAMPIERO,240,26
2025-11-13 06:32:56,AB123CD,VEH001,RFD20241017188,Presente,CARTA,CARTA/CARTONE PAP,UTZ015,45.5636,12.0207,MASSANZAGO,MASSANZAGO,CAMPOSAMPIERO,240,26
2025-11-13 07:50:29,IL789MN,VEH003,RFD20241226156,Presente,UMIDO,UMIDO PAP,UTZ001,45.8915,11.6310,FOZA,FOZA,ASIAGO,240,26
2025-11-13 08:03:21,AB123CD,VEH001,RFD20241003141,Presente,CARTA,CARTA/CARTONE PAP,UTZ008,45.5758,11.7106,GAZZO,GAZZO,CAMPOSAMPIERO,1100,26
2025-11-13 08:21:46,AB123CD,VEH001,RFD20241031097,Presente,CARTA,CARTA/CARTONE PAP,UTZ011,45.6009,11.8145,SAN GIORGIO IN BOSCO,SAN GIORGIO IN BOSCO,CAMPOSAMPIERO,1100,26
2025-11-13 08:39:15,EF456GH,VEH002,RFD20241017034,Presente,VETRO,VETRO PAP,UTZ036,45.7638,11.7391,BASSANO DEL GRAPPA,BASSANO DEL GRAPPA,BASSANO,1100,13
2025-11-13 09:23:50,AB123CD,VEH001,RFD20241003096,Presente,CARTA,CARTA/CARTONE PAP,UTZ017,45.5712,11.9267,CAMPOSAMPIERO,CAMPOSAMPIERO,CAMPOSAMPIERO,1100,26
2025-11-13 10:31:05,EF456GH,VEH002,RFD20250123212,Non Presente,NA,VETRO PAP,NA,45.4274,11.7901,NA,RUBANO,RUBANO,NA,NA
2025-11-13 10:45:17,EF456GH,VEH002,RFD20241003157,Presente,VETRO,VETRO PAP,UTZ013,45.4909,11.7439,CAMPODORO,CAMPODORO,RUBANO,1100,26
2025-11-13 12:41:19,EF456GH,VEH002,RFD20241003230,Non Presente,NA,VETRO PAP,NA,45.6959,11.6361,NA,SCHIAVON,BASSANO,NA,NA
2025-11-13 13:13:39,IL789MN,VEH003,RFD20241003127,Presente,UMIDO,UMIDO CONT.STRADALI,UTZ001,45.7729,11.7286,BASSANO DEL GRAPPA,BASSANO DEL GRAPPA,BASSANO,240,26
2025-11-13 13:39:23,OP012QR,VEH004,00BD00000000000000000103,Non Presente,NA,SECCO PAP,NA,45.3947,11.7874,NA,SELVAZZANO DENTRO,RUBANO,NA,NA
2025-11-13 13:52:34,ST345UV,VEH005,RFD20241003138,Presente,PLASTICA E METALLI,PLAST.CONT.STRADALI,UTZ043,45.6086,11.6728,SAN PIETRO IN GU,SAN PIETRO IN GU,CAMPOSAMPIERO,770,26
2025-11-13 14:01:33,OP012QR,VEH004,RFD20241003061,Presente,SECCO,SECCO PAP,UTZ002,45.5340,11.9612,BORGORICCO,BORGORICCO,CAMPOSAMPIERO,1100,26
2025-11-13 14:53:45,IL789MN,VEH003,RFD20250918086,Presente,UMIDO,UMIDO CONT.STRADALI,UTZ034,45.6121,11.6764,SAN PIETRO IN GU,SAN PIETRO IN GU,CAMPOSAMPIERO,240,26
2025-11-13 15:46:08,OP012QR,VEH004,RFD20250203302,Presente,SECCO,SECCO PAP,UTZ002,45.7384,11.6968,MAROSTICA,BASSANO DEL GRAPPA,BASSANO,1100,26
2025-11-13 16:51:35,IL789MN,VEH003,RFD20241003303,Presente,UMIDO,UMIDO CONT.STRADALI,UTZ002,45.7834,11.8070,MUSSOLENTE,MUSSOLENTE,BASSANO,240,26
2025-11-13 17:01:01,OP012QR,VEH004,RFD20241003164,Presente,SECCO,SECCO PAP,UTZ003,45.7796,11.7297,BASSANO DEL GRAPPA,BASSANO DEL GRAPPA,BASSANO,240,26
2025-11-13 18:00:21,OP012QR,VEH004,RFD20250203302,Presente,SECCO,SECCO PAP,UTZ002,45.7393,11.6639,MAROSTICA,MAROSTICA,BASSANO,1100,26
2025-11-13 18:36:54,OP012QR,VEH004,RFD20241001301,Non Presente,NA,SECCO PAP,NA,45.5659,11.9400,NA,CAMPOSAMPIERO,CAMPOSAMPIERO,NA,NA
2025-11-13 18:48:39,OP012QR,VEH004,RFD20241001301,Non Presente,NA,SECCO PAP,NA,45.5658,11.9400,NA,CAMPOSAMPIERO,CAMPOSAMPIERO,NA,NA
2025-11-14 06:07:48,OP012QR,VEH004,RFD20241001301,Non Presente,NA,SECCO PAP,NA,45.5658,11.9399,NA,CAMPOSAMPIERO,CAMPOSAMPIERO,NA,NA
2025-11-14 06:32:34,AB123CD,VEH001,RFD20241004065,Presente,SECCO,SECCO PAP,UTZ007,45.6155,11.6652,SAN PIETRO IN GU,SAN PIETRO IN GU,CAMPOSAMPIERO,1100,26
2025-11-14 07:02:30,AB123CD,VEH001,RFD20250207211,Non Presente,NA,SECCO PAP,NA,45.7171,11.6854,NA,NOVE,BASSANO,NA,NA
2025-11-14 08:25:33,AB123CD,VEH001,RFD20241004003,Presente,SECCO,SECCO PAP,UTZ008,45.4364,11.7854,RUBANO,RUBANO,RUBANO,240,26
2025-11-14 09:03:54,EF456GH,VEH002,RFD20241018161,Presente,CARTA,CARTA CONT.STRADALI,UTZ034,45.5714,11.9295,CAMPOSAMPIERO,CAMPOSAMPIERO,CAMPOSAMPIERO,1100,26
2025-11-14 09:37:59,EF456GH,VEH002,RFD20250221038,Presente,CARTA,CARTA CONT.STRADALI,UTZ005,45.6902,11.6327,SCHIAVON,SCHIAVON,BASSANO,240,26
2025-11-14 10:21:26,EF456GH,VEH002,RFD20250905100,Presente,CARTA,CARTA CONT.STRADALI,UTZ006,45.6488,11.7835,LIMENA,CITTADELLA,RUBANO,240,26
2025-11-14 10:30:25,EF456GH,VEH002,RFD20241004197,Presente,CARTA,CARTA CONT.STRADALI,UTZ018,45.8647,11.5125,ASIAGO,ASIAGO,ASIAGO,240,26
2025-11-14 10:42:38,AB123CD,VEH001,RFD20241004137,Presente,SECCO,SECCO PAP,UTZ012,45.5273,11.9707,BORGORICCO,BORGORICCO,CAMPOSAMPIERO,1100,26
2025-11-14 10:44:40,EF456GH,VEH002,RFD20241004159,Presente,CARTA,CARTA CONT.STRADALI,UTZ004,45.4413,11.7878,RUBANO,RUBANO,RUBANO,1100,26
2025-11-14 11:16:15,EF456GH,VEH002,RFD20241004028,Presente,CARTA,CARTA CONT.STRADALI,UTZ005,45.8599,11.3939,ROTZO,ROTZO,ASIAGO,240,26
2025-11-14 12:59:59,OP012QR,VEH004,RFD20241101042,Presente,SECCO,SECCO PAP,UTZ001,45.3869,11.7891,SELVAZZANO DENTRO,SELVAZZANO DENTRO,RUBANO,1100,26
2025-11-14 13:11:24,OP012QR,VEH004,RFD20250418055,Presente,SECCO,SECCO PAP,UTZ002,45.8008,11.6138,LUSIANA CONCO,LUSIANA CONCO,ASIAGO,240,26
2025-11-14 13:49:42,IL789MN,VEH003,RFD20250715210,Non Presente,NA,PLASTICA PAP,NA,45.6512,11.7462,NA,FONTANIVA,CAMPOSAMPIERO,NA,NA
2025-11-14 14:18:47,OP012QR,VEH004,RFD20241004044,Presente,SECCO,SECCO PAP,UTZ009,45.6807,11.6936,TEZZE SUL BRENTA,TEZZE SUL BRENTA,BASSANO,240,26
2025-11-14 15:20:18,OP012QR,VEH004,RFD20250203302,Presente,SECCO,SECCO PAP,UTZ002,45.7434,11.6592,MAROSTICA,MAROSTICA,BASSANO,1100,26
2025-11-14 15:33:49,OP012QR,VEH004,RFD20241018010,Presente,SECCO,SECCO PAP,UTZ001,45.3634,11.9844,SAONARA,SAONARA,CAMPOSAMPIERO,1100,26
2025-11-14 15:59:21,OP012QR,VEH004,RFD20250203302,Presente,SECCO,SECCO PAP,UTZ002,45.7273,11.6822,MAROSTICA,NOVE,BASSANO,1100,26
2025-11-14 16:32:05,ST345UV,VEH005,RFD20241004115,Presente,VETRO,VETRO PAP,UTZ001,45.4289,11.7847,RUBANO,RUBANO,RUBANO,1100,26
2025-11-15 06:00:15,EF456GH,VEH002,RFD20241001301,Non Presente,NA,VETRO PAP,NA,45.5657,11.9399,NA,CAMPOSAMPIERO,CAMPOSAMPIERO,NA,NA
2025-11-15 06:25:09,IL789MN,VEH003,RFD20241002229,Non Presente,NA,UMIDO PAP,NA,45.7209,11.6123,NA,COLCERESA,BASSANO,NA,NA
2025-11-15 07:41:41,ST345UV,VEH005,RFD20241008208,Non Presente,NA,SERVIZI MERCATI,NA,45.8668,11.5122,NA,ASIAGO,ASIAGO,NA,NA
2025-11-15 07:48:45,AB123CD,VEH001,RFD20241009227,Non Presente,NA,CARTA/CARTONE PAP,NA,45.8965,11.5508,NA,GALLIO,ASIAGO,NA,NA
2025-11-15 08:31:18,AB123CD,VEH001,RFD20250208143,Presente,CARTA,CARTA/CARTONE PAP,UTZ009,45.6127,12.0045,PIOMBINO DESE,PIOMBINO DESE,CAMPOSAMPIERO,240,26
2025-11-15 12:06:32,OP012QR,VEH004,RFD20241005091,Presente,SECCO,SECCO PAP,UTZ016,45.5853,11.8054,SAN GIORGIO IN BOSCO,SAN GIORGIO IN BOSCO,CAMPOSAMPIERO,1100,26
2025-11-15 13:47:06,OP012QR,VEH004,RFD20241005012,Presente,SECCO,SECCO PAP,UTZ035,45.8086,11.7283,POVE DEL GRAPPA,POVE DEL GRAPPA,BASSANO,1100,26
2025-11-15 15:00:43,OP012QR,VEH004,RFD20250203302,Presente,SECCO,SECCO PAP,UTZ002,45.7309,11.6871,MAROSTICA,NOVE,BASSANO,1100,26
2025-11-15 15:00:53,OP012QR,VEH004,RFD20241019135,Presente,SECCO,SECCO PAP,UTZ019,45.6500,11.8546,SAN MARTINO DI LUPARI,SAN MARTINO DI LUPARI,CAMPOSAMPIERO,240,26
2025-11-15 15:07:57,IL789MN,VEH003,RFD20241005169,Presente,VERDE E RAMAGLIE,VERDE PAP,UTZ008,45.6471,11.6823,POZZOLEONE,POZZOLEONE,BASSANO,240,26
2025-11-15 16:01:38,IL789MN,VEH003,RFD20241005144,Presente,VERDE E RAMAGLIE,VERDE PAP,UTZ013,45.4201,11.6830,CERVARESE SANTA CROCE,CERVARESE SANTA CROCE,RUBANO,240,26
2025-11-15 17:26:36,IL789MN,VEH003,RFD20241005064,Presente,VERDE E RAMAGLIE,VERDE PAP,UTZ010,45.3062,11.7336,GALZIGNANO TERME,GALZIGNANO TERME,RUBANO,240,26
2025-11-15 18:08:00,OP012QR,VEH004,RFD20250203302,Presente,SECCO,SECCO PAP,UTZ002,45.7295,11.6753,MAROSTICA,NOVE,BASSANO,1100,26
2025-11-16 07:00:00,AB123CD,VEH001,RFD20241006101,Presente,CARTA,CARTA CONT.STRADALI,UTZ012,45.5774,11.9329,CAMPOSAMPIERO,CAMPOSAMPIERO,CAMPOSAMPIERO,1100,26
2025-11-16 08:11:25,AB123CD,VEH001,RFD20241006174,Presente,CARTA,CARTA CONT.STRADALI,UTZ047,45.3069,11.7162,GALZIGNANO TERME,GALZIGNANO TERME,RUBANO,240,26
2025-11-16 08:59:27,AB123CD,VEH001,RFD20241006168,Presente,CARTA,CARTA CONT.STRADALI,UTZ003,45.5471,12.0106,MASSANZAGO,MASSANZAGO,CAMPOSAMPIERO,1100,26
2025-11-16 09:08:58,AB123CD,VEH001,RFD20241006192,Presente,CARTA,CARTA CONT.STRADALI,UTZ001,45.6511,11.8275,TOMBOLO,TOMBOLO,CAMPOSAMPIERO,1100,26
2025-11-16 09:15:27,AB123CD,VEH001,RFD20250713165,Presente,CARTA,CARTA CONT.STRADALI,UTZ004,45.8893,11.5496,GALLIO,GALLIO,ASIAGO,240,26
2025-11-16 09:37:01,AB123CD,VEH001,RFD20241006066,Presente,CARTA,CARTA CONT.STRADALI,UTZ011,45.3103,11.7323,GALZIGNANO TERME,GALZIGNANO TERME,RUBANO,1100,26
2025-11-16 09:37:27,AB123CD,VEH001,RFD20241006180,Presente,CARTA,CARTA CONT.STRADALI,UTZ003,45.6360,11.7543,FONTANIVA,FONTANIVA,CAMPOSAMPIERO,240,26
2025-11-16 10:30:46,AB123CD,VEH001,RFD20250713098,Presente,CARTA,CARTA CONT.STRADALI,UTZ001,45.6474,11.6824,POZZOLEONE,POZZOLEONE,BASSANO,1100,26
2025-11-16 10:49:37,AB123CD,VEH001,RFD20241006134,Presente,CARTA,CARTA CONT.STRADALI,UTZ001,45.5032,11.9010,CAMPODARSEGO,CAMPODARSEGO,CAMPOSAMPIERO,240,26
2025-11-16 11:07:09,AB123CD,VEH001,RFD20241006095,Presente,CARTA,CARTA CONT.STRADALI,UTZ034,45.4855,11.7454,CAMPODORO,CAMPODORO,RUBANO,1100,26
2025-11-17 06:04:51,AB123CD,VEH001,RFD20241001301,Non Presente,NA,SECCO PAP,NA,45.5658,11.9399,NA,CAMPOSAMPIERO,CAMPOSAMPIERO,NA,NA
2025-11-17 06:42:26,IL789MN,VEH003,RFD20241007043,Presente,UMIDO,UMIDO PAP,UTZ001,45.7953,11.7347,POVE DEL GRAPPA,POVE DEL GRAPPA,BASSANO,240,26
2025-11-17 07:12:20,AB123CD,VEH001,RFD20241007126,Presente,SECCO,SECCO PAP,UTZ001,45.6478,11.6837,POZZOLEONE,POZZOLEONE,BASSANO,1100,26
2025-11-17 08:34:35,IL789MN,VEH003,RFD20241007142,Presente,UMIDO,UMIDO PAP,UTZ001,45.3361,11.7885,MONTEGROTTO TERME,MONTEGROTTO TERME,RUBANO,770,26
2025-11-17 09:14:22,AB123CD,VEH001,RFD20241007146,Presente,SECCO,SECCO PAP,UTZ018,45.3018,11.7337,GALZIGNANO TERME,GALZIGNANO TERME,RUBANO,240,26
2025-11-17 10:37:40,EF456GH,VEH002,RFD20241009205,Non Presente,NA,CARTA CONT.STRADALI,NA,45.8677,11.5017,NA,ASIAGO,ASIAGO,NA,NA
2025-11-17 13:01:28,OP012QR,VEH004,RFD20241007190,Presente,CARTA,SECCO PAP,UTZ031,45.4337,11.7794,RUBANO,RUBANO,RUBANO,1100,26
2025-11-17 13:17:59,IL789MN,VEH003,RFD20250505199,Presente,UMIDO,UMIDO CONT.STRADALI,UTZ034,45.4279,11.7887,RUBANO,RUBANO,RUBANO,240,26
2025-11-17 13:26:16,OP012QR,VEH004,RFD20250203302,Presente,SECCO,SECCO PAP,UTZ002,45.7262,11.6791,MAROSTICA,NOVE,BASSANO,1100,26
2025-11-17 13:31:15,OP012QR,VEH004,RFD20241007193,Presente,SECCO,SECCO PAP,UTZ005,45.6644,11.8333,GALLIERA VENETA,GALLIERA VENETA,CAMPOSAMPIERO,240,26
2025-11-17 13:55:57,IL789MN,VEH003,RFD20250825166,Presente,UMIDO,UMIDO CONT.STRADALI,UTZ002,45.5911,11.8072,SAN GIORGIO IN BOSCO,SAN GIORGIO IN BOSCO,CAMPOSAMPIERO,240,26
2025-11-17 13:57:44,IL789MN,VEH003,RFD20241007067,Presente,UMIDO,UMIDO CONT.STRADALI,UTZ010,45.3910,11.7532,SACCOLONGO,SACCOLONGO,RUBANO,770,26
2025-11-17 13:57:47,ST345UV,VEH005,RFD20241007039,Presente,VETRO,VETRO PAP,UTZ025,45.5287,11.9680,BORGORICCO,BORGORICCO,CAMPOSAMPIERO,770,26
2025-11-17 14:15:06,IL789MN,VEH003,RFD20241007233,Non Presente,NA,UMIDO CONT.STRADALI,NA,45.3297,11.8016,NA,MONTEGROTTO TERME,RUBANO,NA,NA
2025-11-17 14:49:52,ST345UV,VEH005,RFD20241007076,Presente,VETRO,VETRO PAP,UTZ001,45.7717,11.7306,BASSANO DEL GRAPPA,BASSANO DEL GRAPPA,BASSANO,1100,26
2025-11-17 15:24:39,IL789MN,VEH003,RFD20241007148,Presente,UMIDO,UMIDO CONT.STRADALI,UTZ025,45.7744,11.7212,BASSANO DEL GRAPPA,BASSANO DEL GRAPPA,BASSANO,240,26
2025-11-17 15:26:44,ST345UV,VEH005,RFD20241007081,Presente,VETRO,VETRO PAP,UTZ003,45.7215,11.7651,ROSA',ROSA',BASSANO,1100,26
2025-11-17 16:22:07,OP012QR,VEH004,RFD20250203302,Presente,SECCO,SECCO PAP,UTZ002,45.7391,11.6645,MAROSTICA,MAROSTICA,BASSANO,1100,26
2025-11-17 17:08:57,OP012QR,VEH004,RFD20241007120,Presente,SECCO,SECCO PAP,UTZ002,45.4336,11.7850,RUBANO,RUBANO,RUBANO,1100,26
2025-11-18 08:11:43,AB123CD,VEH001,RFD20250901001,Presente,CARTA,CARTA/CARTONE PAP,UTZ001,45.7667,11.7342,BASSANO DEL GRAPPA,BASSANO DEL GRAPPA,BASSANO,240,26
2025-11-18 08:37:53,EF456GH,VEH002,RFD20241008026,Presente,VETRO,VETRO PAP,UTZ008,45.7923,11.7304,POVE DEL GRAPPA,POVE DEL GRAPPA,BASSANO,1100,26
2025-11-18 08:59:53,AB123CD,VEH001,RFD20241022136,Presente,CARTA,CARTA/CARTONE PAP,UTZ038,45.7885,11.7571,ROMANO D'EZZELINO,ROMANO D'EZZELINO,BASSANO,240,26
2025-11-18 10:28:11,AB123CD,VEH001,RFD20241008062,Presente,CARTA,CARTA/CARTONE PAP,UTZ002,45.3629,11.6654,ROVOLON,ROVOLON,RUBANO,1100,26
2025-11-18 13:06:58,OP012QR,VEH004,RFD20250325228,Non Presente,NA,SECCO PAP,NA,45.4792,11.8449,NA,LIMENA,RUBANO,NA,NA
2025-11-18 13:35:01,OP012QR,VEH004,RFD20241008102,Presente,SECCO,SECCO PAP,UTZ024,45.8899,11.6270,FOZA,FOZA,ASIAGO,1100,26
2025-11-18 13:37:32,OP012QR,VEH004,RFD20241008155,Presente,SECCO,SECCO PAP,UTZ002,45.8754,11.5204,ASIAGO,ASIAGO,ASIAGO,240,26
2025-11-18 13:37:53,ST345UV,VEH005,RFD20241008023,Presente,PLASTICA E METALLI,PLAST.CONT.STRADALI,UTZ027,45.3021,11.7241,GALZIGNANO TERME,GALZIGNANO TERME,RUBANO,770,26
2025-11-18 14:13:24,OP012QR,VEH004,RFD20250203302,Presente,SECCO,SECCO PAP,UTZ002,45.7315,11.6879,MAROSTICA,NOVE,BASSANO,1100,26
2025-11-18 15:35:56,IL789MN,VEH003,RFD20241008032,Presente,PLASTICA E METALLI,PLASTICA PAP,UTZ026,45.3984,11.7484,SACCOLONGO,SACCOLONGO,RUBANO,770,26
2025-11-18 16:17:41,OP012QR,VEH004,RFD20250203302,Presente,SECCO,SECCO PAP,UTZ002,45.7315,11.6735,MAROSTICA,MAROSTICA,BASSANO,1100,26
2025-11-18 16:38:36,OP012QR,VEH004,RFD20241008099,Presente,SECCO,SECCO PAP,UTZ015,45.7175,11.7676,ROSA',ROSA',BASSANO,1100,26
2025-11-18 18:55:12,ST345UV,VEH005,RFD20241001301,Non Presente,NA,PLAST.CONT.STRADALI,NA,45.5658,11.9399,NA,CAMPOSAMPIERO,CAMPOSAMPIERO,NA,NA
2025-11-19 06:10:12,AB123CD,VEH001,RFD20241001301,Non Presente,NA,SECCO PAP,NA,45.5657,11.9399,NA,CAMPOSAMPIERO,CAMPOSAMPIERO,NA,NA
2025-11-19 06:40:35,AB123CD,VEH001,RFD20241009151,Presente,SECCO,SECCO PAP,UTZ026,45.5941,11.9394,LOREGGIA,LOREGGIA,CAMPOSAMPIERO,240,26
2025-11-19 07:10:40,AB123CD,VEH001,RFD20241009041,Presente,SECCO,SECCO PAP,UTZ001,45.5653,11.8987,SANTA GIUSTINA IN COLLE,SANTA GIUSTINA IN COLLE,CAMPOSAMPIERO,1100,26
2025-11-19 07:19:06,AB123CD,VEH001,RFD20250924162,Presente,SECCO,SECCO PAP,UTZ008,45.8576,11.4007,ROTZO,ROTZO,ASIAGO,1100,26
2025-11-19 08:01:05,AB123CD,VEH001,RFD20241009128,Presente,SECCO,SECCO PAP,UTZ002,45.4109,11.7371,SACCOLONGO,SACCOLONGO,RUBANO,1100,26
2025-11-19 08:08:04,AB123CD,VEH001,RFD20241009189,Presente,SECCO,SECCO PAP,UTZ002,45.4232,11.7904,RUBANO,RUBANO,RUBANO,1100,26
2025-11-19 09:34:57,AB123CD,VEH001,RFD20241009111,Presente,SECCO,SECCO PAP,UTZ042,45.6086,11.6744,SAN PIETRO IN GU,SAN PIETRO IN GU,CAMPOSAMPIERO,240,26
2025-11-19 10:55:08,AB123CD,VEH001,RFD20241009108,Presente,SECCO,SECCO PAP,UTZ003,45.6954,11.7107,TEZZE SUL BRENTA,TEZZE SUL BRENTA,BASSANO,240,26
2025-11-19 11:02:45,AB123CD,VEH001,RFD20241009106,Presente,SECCO,SECCO PAP,UTZ004,45.7671,11.7353,BASSANO DEL GRAPPA,BASSANO DEL GRAPPA,BASSANO,240,26
2025-11-19 11:10:28,EF456GH,VEH002,RFD20241009218,Non Presente,NA,CARTA CONT.STRADALI,NA,45.5588,11.9136,NA,SANTA GIUSTINA IN COLLE,CAMPOSAMPIERO,NA,NA
2025-11-19 13:59:56,IL789MN,VEH003,RFD20241009045,Presente,VERDE E RAMAGLIE,VERDE PAP,UTZ030,45.5616,12.0078,MASSANZAGO,MASSANZAGO,CAMPOSAMPIERO,240,26
2025-11-19 14:08:35,ST345UV,VEH005,RFD20241009150,Presente,VETRO,VETRO PAP,UTZ027,45.5793,11.9325,CAMPOSAMPIERO,CAMPOSAMPIERO,CAMPOSAMPIERO,1100,26
2025-11-19 14:10:57,OP012QR,VEH004,RFD20241009107,Presente,SECCO,SECCO PAP,UTZ033,45.5707,11.9322,CAMPOSAMPIERO,CAMPOSAMPIERO,CAMPOSAMPIERO,1100,26
2025-11-19 14:18:00,AB123CD,VEH001,RFD20241009227,Non Presente,NA,SECCO PAP,NA,45.8965,11.5510,NA,GALLIO,ASIAGO,NA,NA
2025-11-19 14:54:44,IL789MN,VEH003,RFD20241009205,Non Presente,NA,VERDE PAP,NA,45.8679,11.5017,NA,ASIAGO,ASIAGO,NA,NA
2025-11-19 17:28:49,OP012QR,VEH004,RFD20250203302,Presente,SECCO,SECCO PAP,UTZ002,45.7383,11.6966,MAROSTICA,BASSANO DEL GRAPPA,BASSANO,1100,26
2025-11-19 18:03:28,OP012QR,VEH004,RFD20250203302,Presente,SECCO,SECCO PAP,UTZ002,45.7450,11.6573,MAROSTICA,MAROSTICA,BASSANO,1100,26
2025-11-20 06:05:52,AB123CD,VEH001,RFD20241001301,Non Presente,NA,CARTA/CARTONE PAP,NA,45.5658,11.9399,NA,CAMPOSAMPIERO,CAMPOSAMPIERO,NA,NA
2025-11-20 07:57:24,IL789MN,VEH003,RFD20241010068,Presente,UMIDO,UMIDO PAP,UTZ004,45.4899,11.7452,CAMPODORO,CAMPODORO,RUBANO,240,26
2025-11-20 08:36:05,EF456GH,VEH002,RFD20241024149,Presente,VETRO,VETRO PAP,UTZ004,45.5621,11.9086,SANTA GIUSTINA IN COLLE,SANTA GIUSTINA IN COLLE,CAMPOSAMPIERO,1100,13
2025-11-20 10:14:51,AB123CD,VEH001,RFD20241010194,Presente,CARTA,CARTA/CARTONE PAP,UTZ017,45.7814,11.7309,BASSANO DEL GRAPPA,BASSANO DEL GRAPPA,BASSANO,240,26
2025-11-20 10:16:49,AB123CD,VEH001,RFD20241010013,Presente,CARTA,CARTA/CARTONE PAP,UTZ009,45.7802,11.7404,BASSANO DEL GRAPPA,BASSANO DEL GRAPPA,BASSANO,1100,26
2025-11-20 13:28:29,IL789MN,VEH003,RFD20241010178,Presente,UMIDO,UMIDO CONT.STRADALI,UTZ004,45.6587,11.8249,GALLIERA VENETA,GALLIERA VENETA,CAMPOSAMPIERO,240,26
2025-11-20 13:57:16,ST345UV,VEH005,RFD20241010022,Presente,PLASTICA E METALLI,PLAST.CONT.STRADALI,UTZ032,45.3664,11.9841,SAONARA,SAONARA,CAMPOSAMPIERO,770,26
2025-11-20 14:09:59,OP012QR,VEH004,RFD20250313133,Presente,SECCO,SECCO PAP,UTZ005,45.6414,11.7535,FONTANIVA,FONTANIVA,CAMPOSAMPIERO,1100,26
2025-11-20 14:28:51,IL789MN,VEH003,RFD20241010109,Presente,UMIDO,UMIDO CONT.STRADALI,UTZ018,45.7768,11.7332,BASSANO DEL GRAPPA,BASSANO DEL GRAPPA,BASSANO,770,26
2025-11-20 14:46:16,OP012QR,VEH004,RFD20250203302,Presente,SECCO,SECCO PAP,UTZ002,45.7358,11.6682,MAROSTICA,MAROSTICA,BASSANO,1100,26
2025-11-20 15:00:27,ST345UV,VEH005,RFD20241010154,Presente,PLASTICA E METALLI,PLAST.CONT.STRADALI,UTZ005,45.8641,11.5159,ASIAGO,ASIAGO,ASIAGO,770,26
2025-11-20 15:02:03,IL789MN,VEH003,RFD20241010195,Presente,UMIDO,UMIDO CONT.STRADALI,UTZ049,45.3153,11.7322,GALZIGNANO TERME,GALZIGNANO TERME,RUBANO,240,26
2025-11-20 15:39:24,ST345UV,VEH005,RFD20241010079,Presente,PLASTICA E METALLI,PLAST.CONT.STRADALI,UTZ004,45.8869,11.6251,FOZA,FOZA,ASIAGO,770,26
2025-11-20 15:42:30,OP012QR,VEH004,RFD20241010119,Presente,SECCO,SECCO PAP,UTZ002,45.5624,11.9073,SANTA GIUSTINA IN COLLE,SANTA GIUSTINA IN COLLE,CAMPOSAMPIERO,1100,26
2025-11-20 16:21:51,OP012QR,VEH004,RFD20250203302,Presente,SECCO,SECCO PAP,UTZ002,45.7398,11.6634,MAROSTICA,MAROSTICA,BASSANO,1100,26
2025-11-20 16:50:54,OP012QR,VEH004,RFD20241010069,Presente,SECCO,SECCO PAP,UTZ020,45.7310,11.7589,ROSA',ROSA',BASSANO,240,26
2025-11-20 17:00:26,OP012QR,VEH004,RFD20241010074,Presente,SECCO,SECCO PAP,UTZ006,45.6209,11.6996,CARMIGNANO DI BRENTA,CARMIGNANO DI BRENTA,CAMPOSAMPIERO,1100,26
2025-11-21 07:25:49,AB123CD,VEH001,RFD20250509017,Presente,SECCO,SECCO PAP,UTZ002,45.5767,11.9324,CAMPOSAMPIERO,CAMPOSAMPIERO,CAMPOSAMPIERO,1100,26
2025-11-21 07:35:58,AB123CD,VEH001,RFD20241011132,Presente,SECCO,SECCO PAP,UTZ001,45.5771,11.9309,CAMPOSAMPIERO,CAMPOSAMPIERO,CAMPOSAMPIERO,1100,26
2025-11-21 08:06:41,EF456GH,VEH002,RFD20241011223,Non Presente,NA,CARTA CONT.STRADALI,NA,45.9026,11.6324,NA,FOZA,ASIAGO,NA,NA
2025-11-21 08:07:03,AB123CD,VEH001,RFD20241025029,Presente,SECCO,SECCO PAP,UTZ001,45.7802,11.7921,MUSSOLENTE,MUSSOLENTE,BASSANO,240,26
2025-11-21 08:07:35,EF456GH,VEH002,RFD20250912070,Presente,CARTA,CARTA CONT.STRADALI,UTZ028,45.3323,11.7292,TORREGLIA,TORREGLIA,RUBANO,240,26
2025-11-21 09:37:02,AB123CD,VEH001,RFD20241011176,Presente,SECCO,SECCO PAP,UTZ008,45.4678,11.8514,LIMENA,LIMENA,RUBANO,1100,26
2025-11-21 12:01:27,OP012QR,VEH004,RFD20250203302,Presente,SECCO,SECCO PAP,UTZ002,45.7327,11.6894,MAROSTICA,NOVE,BASSANO,1100,26
2025-11-21 13:46:37,OP012QR,VEH004,RFD20250203302,Presente,SECCO,SECCO PAP,UTZ002,45.7330,11.6711,MAROSTICA,MAROSTICA,BASSANO,1100,26
2025-11-21 14:16:44,ST345UV,VEH005,RFD20241025087,Presente,VETRO,VETRO PAP,UTZ021,45.4967,11.9049,CAMPODARSEGO,CAMPODARSEGO,CAMPOSAMPIERO,1100,13
2025-11-21 14:25:57,OP012QR,VEH004,RFD20241011121,Presente,PLASTICA E METALLI,SECCO PAP,UTZ015,45.4086,11.7485,SACCOLONGO,SACCOLONGO,RUBANO,1100,26
2025-11-21 14:56:13,ST345UV,VEH005,RFD20241011182,Presente,VETRO,VETRO PAP,UTZ047,45.5920,11.6998,GAZZO,GAZZO,CAMPOSAMPIERO,1100,26
2025-11-21 15:04:32,ST345UV,VEH005,RFD20241025031,Presente,VETRO,VETRO PAP,UTZ026,45.7759,11.7460,BASSANO DEL GRAPPA,BASSANO DEL GRAPPA,BASSANO,1100,13
2025-11-21 15:28:43,ST345UV,VEH005,RFD20241025060,Presente,VETRO,VETRO PAP,UTZ003,45.3334,11.7958,MONTEGROTTO TERME,MONTEGROTTO TERME,RUBANO,1100,13
2025-11-21 15:51:58,OP012QR,VEH004,RFD20241011124,Presente,SECCO,SECCO PAP,UTZ001,45.6386,11.8461,SAN MARTINO DI LUPARI,SAN MARTINO DI LUPARI,CAMPOSAMPIERO,240,26
2025-11-21 15:54:19,ST345UV,VEH005,RFD20241011125,Presente,VETRO,VETRO PAP,UTZ014,45.5746,11.9219,CAMPOSAMPIERO,CAMPOSAMPIERO,CAMPOSAMPIERO,1100,26
2025-11-21 16:45:05,IL789MN,VEH003,RFD20241011019,Presente,PLASTICA E METALLI,PLASTICA PAP,UTZ001,45.6001,12.0031,PIOMBINO DESE,PIOMBINO DESE,CAMPOSAMPIERO,770,26
2025-11-21 17:04:11,IL789MN,VEH003,RFD20241025075,Presente,PLASTICA E METALLI,PLASTICA PAP,UTZ001,45.7967,11.7436,ROMANO D'EZZELINO,ROMANO D'EZZELINO,BASSANO,770,26
2025-11-21 17:55:37,OP012QR,VEH004,RFD20241011004,Presente,SECCO,SECCO PAP,UTZ024,45.7922,11.7672,ROMANO D'EZZELINO,ROMANO D'EZZELINO,BASSANO,240,26
2025-11-21 18:53:29,IL789MN,VEH003,RFD20241001301,Non Presente,NA,PLASTICA PAP,NA,45.5658,11.9399,NA,CAMPOSAMPIERO,CAMPOSAMPIERO,NA,NA
2025-11-22 06:15:11,IL789MN,VEH003,RFD20241001301,Non Presente,NA,UMIDO PAP,NA,45.5658,11.9399,NA,CAMPOSAMPIERO,CAMPOSAMPIERO,NA,NA
2025-11-22 08:00:47,AB123CD,VEH001,RFD20241012118,Presente,CARTA,CARTA/CARTONE PAP,UTZ019,45.6944,11.7071,TEZZE SUL BRENTA,TEZZE SUL BRENTA,BASSANO,1100,26
2025-11-22 08:50:54,IL789MN,VEH003,RFD20250215084,Presente,UMIDO,UMIDO PAP,UTZ022,45.6086,11.7350,GRANTORTO,GRANTORTO,CAMPOSAMPIERO,240,26
2025-11-22 09:10:35,AB123CD,VEH001,RFD20241012116,Presente,CARTA,CARTA/CARTONE PAP,UTZ009,45.3960,11.7909,SELVAZZANO DENTRO,SELVAZZANO DENTRO,RUBANO,240,26
2025-11-22 12:12:36,OP012QR,VEH004,RFD20241012082,Presente,SECCO,SECCO PAP,UTZ001,45.6593,11.8292,GALLIERA VENETA,GALLIERA VENETA,CAMPOSAMPIERO,240,26
2025-11-22 12:35:57,OP012QR,VEH004,RFD20250901050,Presente,SECCO,SECCO PAP,UTZ025,45.6960,11.6416,SCHIAVON,SCHIAVON,BASSANO,240,26
2025-11-22 13:14:37,OP012QR,VEH004,RFD20250203302,Presente,SECCO,SECCO PAP,UTZ002,45.7331,11.6900,MAROSTICA,NOVE,BASSANO,1100,26
2025-11-22 14:18:11,IL789MN,VEH003,RFD20241012047,Presente,VERDE E RAMAGLIE,VERDE PAP,UTZ028,45.7546,11.7432,BASSANO DEL GRAPPA,BASSANO DEL GRAPPA,BASSANO,240,26
2025-11-22 15:44:23,IL789MN,VEH003,RFD20241012089,Presente,VERDE E RAMAGLIE,VERDE PAP,UTZ017,45.7291,11.6733,NOVE,NOVE,BASSANO,240,26
2025-11-22 15:45:19,IL789MN,VEH003,RFD20241008231,Non Presente,NA,VERDE PAP,NA,45.6865,11.7001,NA,TEZZE SUL BRENTA,BASSANO,NA,NA
2025-11-22 15:56:54,IL789MN,VEH003,RFD20241012052,Presente,VERDE E RAMAGLIE,VERDE PAP,UTZ002,45.6995,11.6386,SCHIAVON,SCHIAVON,BASSANO,1100,26
2025-11-22 18:12:18,OP012QR,VEH004,RFD20250203302,Presente,SECCO,SECCO PAP,UTZ002,45.7303,11.6746,MAROSTICA,NOVE,BASSANO,1100,26
2025-11-23 07:00:42,AB123CD,VEH001,RFD20241013046,Presente,CARTA,CARTA CONT.STRADALI,UTZ035,45.3084,11.7297,GALZIGNANO TERME,GALZIGNANO TERME,RUBANO,240,26
2025-11-23 07:38:52,AB123CD,VEH001,RFD20241013167,Presente,CARTA,CARTA CONT.STRADALI,UTZ022,45.9009,11.6394,FOZA,FOZA,ASIAGO,240,26
2025-11-23 07:44:50,AB123CD,VEH001,RFD20241013030,Presente,CARTA,CARTA CONT.STRADALI,UTZ001,45.6915,11.7994,ROSSANO VENETO,ROSSANO VENETO,BASSANO,1100,26
2025-11-23 07:45:00,AB123CD,VEH001,RFD20241013129,Presente,CARTA,CARTA CONT.STRADALI,UTZ031,45.6328,11.7060,CARMIGNANO DI BRENTA,CARMIGNANO DI BRENTA,CAMPOSAMPIERO,240,26
2025-11-23 07:54:57,AB123CD,VEH001,RFD20241013130,Presente,CARTA,CARTA CONT.STRADALI,UTZ004,45.4269,11.6853,CERVARESE SANTA CROCE,CERVARESE SANTA CROCE,RUBANO,240,26
2025-11-23 09:07:12,AB123CD,VEH001,RFD20250928057,Presente,CARTA,CARTA CONT.STRADALI,UTZ022,45.5445,12.0082,MASSANZAGO,MASSANZAGO,CAMPOSAMPIERO,1100,26
2025-11-23 09:54:51,AB123CD,VEH001,RFD20241013172,Presente,CARTA,CARTA CONT.STRADALI,UTZ001,45.3301,11.7374,TORREGLIA,TORREGLIA,RUBANO,240,26
2025-11-24 06:01:39,ST345UV,VEH005,RFD20241001301,Non Presente,NA,ASSISTENTE SERVIZI,NA,45.5658,11.9399,NA,CAMPOSAMPIERO,CAMPOSAMPIERO,NA,NA
2025-11-24 06:15:53,AB123CD,VEH001,RFD20250901201,Non Presente,NA,SECCO PAP,NA,45.7684,11.7354,NA,BASSANO DEL GRAPPA,BASSANO,NA,NA
2025-11-24 06:23:47,AB123CD,VEH001,RFD20250901002,Presente,SECCO,SECCO PAP,UTZ002,45.7675,11.7348,BASSANO DEL GRAPPA,BASSANO DEL GRAPPA,BASSANO,1100,26
2025-11-24 06:51:41,IL789MN,VEH003,RFD20241008208,Non Presente,NA,UMIDO PAP,NA,45.8667,11.5123,NA,ASIAGO,ASIAGO,NA,NA
2025-11-24 06:55:04,AB123CD,VEH001,RFD20250929186,Presente,SECCO,SECCO PAP,UTZ046,45.7216,11.7651,ROSA',ROSA',BASSANO,240,26
2025-11-24 08:17:22,EF456GH,VEH002,RFD20250123212,Non Presente,NA,CARTA CONT.STRADALI,NA,45.4272,11.7902,NA,RUBANO,RUBANO,NA,NA
2025-11-24 08:49:46,EF456GH,VEH002,RFD20241014011,Presente,CARTA,CARTA CONT.STRADALI,UTZ034,45.6444,11.8630,SAN MARTINO DI LUPARI,SAN MARTINO DI LUPARI,CAMPOSAMPIERO,1100,26
2025-11-24 08:56:38,EF456GH,VEH002,RFD20250331008,Presente,CARTA,CARTA CONT.STRADALI,UTZ001,45.5242,11.8288,CURTAROLO,CURTAROLO,CAMPOSAMPIERO,240,26
2025-11-24 09:40:04,AB123CD,VEH001,RFD20241014117,Presente,SECCO,SECCO PAP,UTZ001,45.6416,11.7836,CITTADELLA,CITTADELLA,CAMPOSAMPIERO,1100,26
2025-11-24 09:59:05,EF456GH,VEH002,RFD20241014191,Presente,CARTA,CARTA CONT.STRADALI,UTZ005,45.3677,11.6627,ROVOLON,ROVOLON,RUBANO,1100,26
2025-11-24 13:18:35,OP012QR,VEH004,RFD20241014024,Presente,SECCO,SECCO PAP,UTZ040,45.5438,11.9606,BORGORICCO,BORGORICCO,CAMPOSAMPIERO,1100,26
2025-11-24 13:45:37,OP012QR,VEH004,RFD20250203302,Presente,SECCO,SECCO PAP,UTZ002,45.7390,11.6977,MAROSTICA,BASSANO DEL GRAPPA,BASSANO,1100,26
2025-11-24 14:43:49,IL789MN,VEH003,RFD20241028145,Presente,UMIDO,UMIDO CONT.STRADALI,UTZ004,45.4285,11.7851,RUBANO,RUBANO,RUBANO,240,26
2025-11-24 14:52:42,IL789MN,VEH003,RFD20241028173,Presente,UMIDO,UMIDO CONT.STRADALI,UTZ004,45.7625,11.7416,BASSANO DEL GRAPPA,BASSANO DEL GRAPPA,BASSANO,240,26
2025-11-24 16:28:15,OP012QR,VEH004,RFD20241028163,Presente,SECCO,SECCO PAP,UTZ003,45.7271,11.7666,ROSA',ROSA',BASSANO,1100,26
2025-11-24 17:59:53,OP012QR,VEH004,RFD20250203302,Presente,SECCO,SECCO PAP,UTZ002,45.7388,11.6645,MAROSTICA,MAROSTICA,BASSANO,1100,26
2025-11-25 06:09:44,ST345UV,VEH005,RFD20241001301,Non Presente,NA,PULIZIA TERRIT.,NA,45.5658,11.9399,NA,CAMPOSAMPIERO,CAMPOSAMPIERO,NA,NA
2025-11-25 08:13:45,AB123CD,VEH001,RFD20241001040,Presente,CARTA,CARTA/CARTONE PAP,UTZ006,45.4760,11.8479,LIMENA,LIMENA,RUBANO,240,26
2025-11-25 09:50:47,IL789MN,VEH003,RFD20241001152,Presente,UMIDO,UMIDO PAP,UTZ037,45.4374,11.9252,CADONEGHE,CADONEGHE,CAMPOSAMPIERO,240,26
2025-11-25 13:24:09,IL789MN,VEH003,RFD20241001122,Presente,PLASTICA E METALLI,PLASTICA PAP,UTZ012,45.8051,11.7260,POVE DEL GRAPPA,POVE DEL GRAPPA,BASSANO,770,26
2025-11-25 13:34:04,IL789MN,VEH003,RFD20241001158,Presente,PLASTICA E METALLI,PLASTICA PAP,UTZ034,45.6544,11.8575,SAN MARTINO DI LUPARI,SAN MARTINO DI LUPARI,CAMPOSAMPIERO,770,26
2025-11-25 14:11:42,ST345UV,VEH005,RFD20241001114,Presente,PLASTICA E METALLI,PLAST.CONT.STRADALI,UTZ005,45.8611,11.5203,ASIAGO,ASIAGO,ASIAGO,770,26
2025-11-25 14:41:27,OP012QR,VEH004,RFD20241001181,Presente,SECCO,SECCO PAP,UTZ008,45.6545,11.6827,POZZOLEONE,POZZOLEONE,BASSANO,1100,26
2025-11-25 15:08:21,OP012QR,VEH004,RFD20250203302,Presente,SECCO,SECCO PAP,UTZ002,45.7400,11.6988,MAROSTICA,BASSANO DEL GRAPPA,BASSANO,1100,26
2025-11-25 15:11:30,OP012QR,VEH004,RFD20250203302,Presente,SECCO,SECCO PAP,UTZ002,45.7343,11.6698,MAROSTICA,MAROSTICA,BASSANO,1100,26
2025-11-25 15:14:29,OP012QR,VEH004,RFD20241001058,Presente,SECCO,SECCO PAP,UTZ035,45.3439,11.6638,TEOLO,TEOLO,RUBANO,1100,26
2025-11-25 15:36:20,OP012QR,VEH004,RFD20241015048,Presente,SECCO,SECCO PAP,UTZ030,45.4295,11.7920,RUBANO,RUBANO,RUBANO,1100,26
2025-11-25 17:34:51,ST345UV,VEH005,RFD20241001209,Non Presente,NA,PLAST.CONT.STRADALI,NA,45.6485,11.8301,NA,TOMBOLO,CAMPOSAMPIERO,NA,NA
2025-11-26 06:20:04,EF456GH,VEH002,RFD20241001301,Non Presente,NA,CARTA CONT.STRADALI,NA,45.5658,11.9400,NA,CAMPOSAMPIERO,CAMPOSAMPIERO,NA,NA
2025-11-26 06:26:38,AB123CD,VEH001,RFD20241002049,Presente,SECCO,SECCO PAP,UTZ003,45.3395,11.7381,TORREGLIA,TORREGLIA,RUBANO,1100,26
2025-11-26 07:21:36,AB123CD,VEH001,RFD20250820009,Presente,SECCO,SECCO PAP,UTZ009,45.5262,11.9530,BORGORICCO,BORGORICCO,CAMPOSAMPIERO,1100,26
2025-11-26 07:31:08,EF456GH,VEH002,RFD20241002071,Presente,CARTA,CARTA CONT.STRADALI,UTZ033,45.4326,11.7848,RUBANO,RUBANO,RUBANO,1100,26
2025-11-26 07:52:39,AB123CD,VEH001,RFD20250820063,Presente,SECCO,SECCO PAP,UTZ039,45.3675,11.9818,SAONARA,SAONARA,CAMPOSAMPIERO,1100,26
2025-11-26 08:18:09,AB123CD,VEH001,RFD20250514018,Presente,SECCO,SECCO PAP,UTZ005,45.7964,11.7360,POVE DEL GRAPPA,POVE DEL GRAPPA,BASSANO,1100,26
2025-11-26 08:38:19,EF456GH,VEH002,RFD20241002131,Presente,CARTA,CARTA CONT.STRADALI,UTZ001,45.8912,11.6337,FOZA,FOZA,ASIAGO,240,26
2025-11-26 09:13:46,AB123CD,VEH001,RFD20241002105,Presente,SECCO,SECCO PAP,UTZ002,45.7148,11.7669,ROSA',ROSA',BASSANO,240,26
2025-11-26 10:06:54,AB123CD,VEH001,RFD20250205056,Presente,SECCO,SECCO PAP,UTZ001,45.5196,11.8283,CURTAROLO,CURTAROLO,CAMPOSAMPIERO,240,26
2025-11-26 10:13:01,AB123CD,VEH001,RFD20241002183,Presente,SECCO,SECCO PAP,UTZ009,45.7283,11.7951,CASSOLA,CASSOLA,BASSANO,1100,26
2025-11-26 10:14:54,EF456GH,VEH002,RFD20241002073,Presente,CARTA,CARTA CONT.STRADALI,UTZ050,45.4023,11.7538,SACCOLONGO,SACCOLONGO,RUBANO,1100,26
2025-11-26 11:11:11,AB123CD,VEH001,RFD20241002088,Presente,SECCO,SECCO PAP,UTZ005,45.7997,11.6069,LUSIANA CONCO,LUSIANA CONCO,ASIAGO,1100,26
2025-11-26 13:44:23,OP012QR,VEH004,RFD20241002078,Presente,SECCO,SECCO PAP,UTZ009,45.8880,11.5487,GALLIO,GALLIO,ASIAGO,1100,26
2025-11-26 13:55:48,OP012QR,VEH004,RFD20241002094,Presente,SECCO,SECCO PAP,UTZ005,45.5789,11.9239,CAMPOSAMPIERO,CAMPOSAMPIERO,CAMPOSAMPIERO,240,26
2025-11-26 14:05:24,OP012QR,VEH004,RFD20241002203,Non Presente,NA,SECCO PAP,NA,45.3696,11.6596,NA,ROVOLON,RUBANO,NA,NA
2025-11-26 14:34:07,IL789MN,VEH003,RFD20241002217,Non Presente,NA,VERDE PAP,NA,45.6310,11.6934,NA,CARMIGNANO DI BRENTA,CAMPOSAMPIERO,NA,NA
2025-11-26 14:34:23,ST345UV,VEH005,RFD20241002229,Non Presente,NA,VETRO PAP,NA,45.7207,11.6123,NA,COLCERESA,BASSANO,NA,NA
2025-11-26 14:51:08,OP012QR,VEH004,RFD20250917110,Presente,SECCO,SECCO PAP,UTZ013,45.9111,11.6280,FOZA,FOZA,ASIAGO,1100,26
2025-11-26 15:03:23,OP012QR,VEH004,RFD20241030037,Presente,SECCO,SECCO PAP,UTZ014,45.8816,11.5385,GALLIO,GALLIO,ASIAGO,1100,26
2025-11-26 15:08:15,OP012QR,VEH004,RFD20241002184,Presente,SECCO,SECCO PAP,UTZ002,45.7699,11.7359,BASSANO DEL GRAPPA,BASSANO DEL GRAPPA,BASSANO,1100,26
2025-11-26 15:41:25,OP012QR,VEH004,RFD20250203302,Presente,SECCO,SECCO PAP,UTZ002,45.7372,11.6666,MAROSTICA,MAROSTICA,BASSANO,1100,26
2025-11-26 16:15:40,ST345UV,VEH005,RFD20241002053,Presente,VETRO,VETRO PAP,UTZ022,45.7621,11.7437,BASSANO DEL GRAPPA,BASSANO DEL GRAPPA,BASSANO,1100,26
2025-11-26 16:26:05,IL789MN,VEH003,RFD20241002015,Presente,VERDE E RAMAGLIE,VERDE PAP,UTZ030,45.6655,11.8192,GALLIERA VENETA,GALLIERA VENETA,CAMPOSAMPIERO,1100,26
2025-11-26 16:57:18,IL789MN,VEH003,RFD20241002198,Presente,VERDE E RAMAGLIE,VERDE PAP,UTZ001,45.8722,11.5267,ASIAGO,ASIAGO,ASIAGO,240,26
2025-11-26 17:05:59,IL789MN,VEH003,RFD20241030027,Presente,VERDE E RAMAGLIE,VERDE PAP,UTZ024,45.3835,11.9772,SAONARA,SAONARA,CAMPOSAMPIERO,240,26
2025-11-26 18:45:12,OP012QR,VEH004,RFD20250203302,Presente,SECCO,SECCO PAP,UTZ002,45.7313,11.6734,MAROSTICA,MAROSTICA,BASSANO,1100,26
2025-11-27 06:02:39,OP012QR,VEH004,RFD20241001301,Non Presente,NA,SECCO PAP,NA,45.5658,11.9398,NA,CAMPOSAMPIERO,CAMPOSAMPIERO,NA,NA
2025-11-27 06:08:38,IL789MN,VEH003,RFD20241001301,Non Presente,NA,UMIDO PAP,NA,45.5659,11.9399,NA,CAMPOSAMPIERO,CAMPOSAMPIERO,NA,NA
2025-11-27 06:57:13,AB123CD,VEH001,RFD20241017188,Presente,CARTA,CARTA/CARTONE PAP,UTZ015,45.5635,12.0209,MASSANZAGO,MASSANZAGO,CAMPOSAMPIERO,240,26
2025-11-27 07:32:21,IL789MN,VEH003,RFD20241226156,Presente,UMIDO,UMIDO PAP,UTZ001,45.8915,11.6310,FOZA,FOZA,ASIAGO,240,26
2025-11-27 08:33:46,AB123CD,VEH001,RFD20241031097,Presente,CARTA,CARTA/CARTONE PAP,UTZ011,45.6008,11.8146,SAN GIORGIO IN BOSCO,SAN GIORGIO IN BOSCO,CAMPOSAMPIERO,1100,26
2025-11-27 09:23:02,AB123CD,VEH001,RFD20241003096,Presente,CARTA,CARTA/CARTONE PAP,UTZ017,45.5711,11.9268,CAMPOSAMPIERO,CAMPOSAMPIERO,CAMPOSAMPIERO,1100,26
2025-11-27 09:23:55,EF456GH,VEH002,RFD20241003035,Presente,VETRO,VETRO PAP,UTZ003,45.7182,11.5992,COLCERESA,COLCERESA,BASSANO,1100,13
2025-11-27 10:23:59,EF456GH,VEH002,RFD20241003157,Presente,VETRO,VETRO PAP,UTZ013,45.4910,11.7440,CAMPODORO,CAMPODORO,RUBANO,1100,26
2025-11-27 12:46:41,EF456GH,VEH002,RFD20241003230,Non Presente,NA,VETRO PAP,NA,45.6959,11.6362,NA,SCHIAVON,BASSANO,NA,NA
2025-11-27 13:22:05,IL789MN,VEH003,RFD20241003127,Presente,UMIDO,UMIDO CONT.STRADALI,UTZ001,45.7726,11.7288,BASSANO DEL GRAPPA,BASSANO DEL GRAPPA,BASSANO,240,26
2025-11-27 14:06:21,OP012QR,VEH004,RFD20241003061,Presente,SECCO,SECCO PAP,UTZ002,45.5341,11.9614,BORGORICCO,BORGORICCO,CAMPOSAMPIERO,1100,26
2025-11-27 14:55:42,IL789MN,VEH003,RFD20250918086,Presente,UMIDO,UMIDO CONT.STRADALI,UTZ034,45.6121,11.6763,SAN PIETRO IN GU,SAN PIETRO IN GU,CAMPOSAMPIERO,240,26
2025-11-27 15:48:33,OP012QR,VEH004,RFD20241003164,Presente,SECCO,SECCO PAP,UTZ003,45.7795,11.7298,BASSANO DEL GRAPPA,BASSANO DEL GRAPPA,BASSANO,240,26
2025-11-27 16:52:08,IL789MN,VEH003,RFD20241003303,Presente,UMIDO,UMIDO CONT.STRADALI,UTZ002,45.7751,11.8081,MUSSOLENTE,MUSSOLENTE,BASSANO,240,26
2025-11-27 17:53:26,OP012QR,VEH004,RFD20250203302,Presente,SECCO,SECCO PAP,UTZ002,45.7428,11.7027,MAROSTICA,BASSANO DEL GRAPPA,BASSANO,1100,26
2025-11-27 18:12:49,OP012QR,VEH004,RFD20250203302,Presente,SECCO,SECCO PAP,UTZ002,45.7388,11.6647,MAROSTICA,MAROSTICA,BASSANO,1100,26
2025-11-28 06:03:31,IL789MN,VEH003,RFD20241001301,Non Presente,NA,UMIDO PAP,NA,45.5658,11.9399,NA,CAMPOSAMPIERO,CAMPOSAMPIERO,NA,NA
2025-11-28 06:46:34,AB123CD,VEH001,RFD20250207211,Non Presente,NA,SECCO PAP,NA,45.7171,11.6852,NA,NOVE,BASSANO,NA,NA
2025-11-28 07:02:40,AB123CD,VEH001,RFD20241004065,Presente,SECCO,SECCO PAP,UTZ007,45.6154,11.6651,SAN PIETRO IN GU,SAN PIETRO IN GU,CAMPOSAMPIERO,1100,26
2025-11-28 08:21:27,EF456GH,VEH002,RFD20241004123,Presente,CARTA,CARTA CONT.STRADALI,UTZ032,45.6554,11.7832,CITTADELLA,CITTADELLA,CAMPOSAMPIERO,240,26
2025-11-28 08:42:37,AB123CD,VEH001,RFD20241004003,Presente,SECCO,SECCO PAP,UTZ008,45.4363,11.7854,RUBANO,RUBANO,RUBANO,240,26
2025-11-28 09:13:59,EF456GH,VEH002,RFD20241018161,Presente,CARTA,CARTA CONT.STRADALI,UTZ034,45.5714,11.9295,CAMPOSAMPIERO,CAMPOSAMPIERO,CAMPOSAMPIERO,1100,26
2025-11-28 09:51:25,EF456GH,VEH002,RFD20250221038,Presente,CARTA,CARTA CONT.STRADALI,UTZ005,45.6903,11.6327,SCHIAVON,SCHIAVON,BASSANO,240,26
2025-11-28 10:20:54,EF456GH,VEH002,RFD20241004197,Presente,CARTA,CARTA CONT.STRADALI,UTZ018,45.8648,11.5125,ASIAGO,ASIAGO,ASIAGO,240,26
2025-11-28 10:45:06,EF456GH,VEH002,RFD20250905100,Presente,CARTA,CARTA CONT.STRADALI,UTZ006,45.6487,11.7837,LIMENA,CITTADELLA,RUBANO,240,26
2025-11-28 10:54:28,EF456GH,VEH002,RFD20241004028,Presente,CARTA,CARTA CONT.STRADALI,UTZ005,45.8598,11.3939,ROTZO,ROTZO,ASIAGO,240,26
2025-11-28 10:56:23,EF456GH,VEH002,RFD20241004159,Presente,CARTA,CARTA CONT.STRADALI,UTZ004,45.4415,11.7880,RUBANO,RUBANO,RUBANO,1100,26
2025-11-28 10:56:41,AB123CD,VEH001,RFD20241004137,Presente,SECCO,SECCO PAP,UTZ012,45.5272,11.9709,BORGORICCO,BORGORICCO,CAMPOSAMPIERO,1100,26
2025-11-28 12:13:40,OP012QR,VEH004,RFD20241101042,Presente,SECCO,SECCO PAP,UTZ001,45.3867,11.7893,SELVAZZANO DENTRO,SELVAZZANO DENTRO,RUBANO,1100,26
2025-11-28 13:21:49,OP012QR,VEH004,RFD20250418055,Presente,SECCO,SECCO PAP,UTZ002,45.8007,11.6140,LUSIANA CONCO,LUSIANA CONCO,ASIAGO,240,26
2025-11-28 13:49:11,OP012QR,VEH004,RFD20241004044,Presente,SECCO,SECCO PAP,UTZ009,45.6807,11.6937,TEZZE SUL BRENTA,TEZZE SUL BRENTA,BASSANO,240,26
2025-11-28 14:37:05,OP012QR,VEH004,RFD20250203302,Presente,SECCO,SECCO PAP,UTZ002,45.7320,11.6885,MAROSTICA,NOVE,BASSANO,1100,26
2025-11-28 14:50:48,OP012QR,VEH004,RFD20250203302,Presente,SECCO,SECCO PAP,UTZ002,45.7420,11.7016,MAROSTICA,BASSANO DEL GRAPPA,BASSANO,1100,26
2025-11-28 15:55:24,OP012QR,VEH004,RFD20241018010,Presente,SECCO,SECCO PAP,UTZ001,45.3632,11.9849,SAONARA,SAONARA,CAMPOSAMPIERO,1100,26
2025-11-28 16:43:03,ST345UV,VEH005,RFD20241004115,Presente,VETRO,VETRO PAP,UTZ001,45.4291,11.7848,RUBANO,RUBANO,RUBANO,1100,26
2025-11-29 06:13:05,EF456GH,VEH002,RFD20241001301,Non Presente,NA,VETRO PAP,NA,45.5658,11.9399,NA,CAMPOSAMPIERO,CAMPOSAMPIERO,NA,NA
2025-11-29 09:56:48,AB123CD,VEH001,RFD20241007233,Non Presente,NA,CARTA/CARTONE PAP,NA,45.3299,11.8015,NA,MONTEGROTTO TERME,RUBANO,NA,NA
2025-11-29 12:33:06,OP012QR,VEH004,RFD20241005091,Presente,SECCO,SECCO PAP,UTZ016,45.5851,11.8053,SAN GIORGIO IN BOSCO,SAN GIORGIO IN BOSCO,CAMPOSAMPIERO,1100,26
2025-11-29 13:58:06,OP012QR,VEH004,RFD20241005012,Presente,SECCO,SECCO PAP,UTZ035,45.8087,11.7286,POVE DEL GRAPPA,POVE DEL GRAPPA,BASSANO,1100,26
2025-11-29 15:00:43,IL789MN,VEH003,RFD20241005169,Presente,VERDE E RAMAGLIE,VERDE PAP,UTZ008,45.6471,11.6823,POZZOLEONE,POZZOLEONE,BASSANO,240,26
2025-11-29 15:17:26,OP012QR,VEH004,RFD20241019135,Presente,SECCO,SECCO PAP,UTZ019,45.6500,11.8545,SAN MARTINO DI LUPARI,SAN MARTINO DI LUPARI,CAMPOSAMPIERO,240,26
2025-11-29 15:24:53,OP012QR,VEH004,RFD20250203302,Presente,SECCO,SECCO PAP,UTZ002,45.7274,11.6825,MAROSTICA,NOVE,BASSANO,1100,26
2025-11-29 16:20:35,IL789MN,VEH003,RFD20241005144,Presente,VERDE E RAMAGLIE,VERDE PAP,UTZ013,45.4201,11.6829,CERVARESE SANTA CROCE,CERVARESE SANTA CROCE,RUBANO,240,26
2025-11-29 16:28:38,OP012QR,VEH004,RFD20250203302,Presente,SECCO,SECCO PAP,UTZ002,45.7405,11.6996,MAROSTICA,BASSANO DEL GRAPPA,BASSANO,1100,26
2025-11-30 07:13:43,AB123CD,VEH001,RFD20241006101,Presente,CARTA,CARTA CONT.STRADALI,UTZ012,45.5776,11.9330,CAMPOSAMPIERO,CAMPOSAMPIERO,CAMPOSAMPIERO,1100,26
2025-11-30 07:26:21,AB123CD,VEH001,RFD20241006147,Presente,CARTA,CARTA CONT.STRADALI,UTZ003,45.3316,11.7373,TORREGLIA,TORREGLIA,RUBANO,240,26
2025-11-30 07:53:28,AB123CD,VEH001,RFD20241006174,Presente,CARTA,CARTA CONT.STRADALI,UTZ047,45.3070,11.7163,GALZIGNANO TERME,GALZIGNANO TERME,RUBANO,240,26
2025-11-30 08:26:53,AB123CD,VEH001,RFD20241020036,Presente,CARTA,CARTA CONT.STRADALI,UTZ007,45.6519,11.7818,CITTADELLA,CITTADELLA,CAMPOSAMPIERO,1100,26
2025-11-30 08:34:50,AB123CD,VEH001,RFD20241006168,Presente,CARTA,CARTA CONT.STRADALI,UTZ003,45.5473,12.0106,MASSANZAGO,MASSANZAGO,CAMPOSAMPIERO,1100,26
2025-11-30 08:51:39,AB123CD,VEH001,RFD20250713080,Presente,CARTA,CARTA CONT.STRADALI,UTZ001,45.4365,11.7483,MESTRINO,MESTRINO,RUBANO,240,26
2025-11-30 09:05:13,AB123CD,VEH001,RFD20241006192,Presente,CARTA,CARTA CONT.STRADALI,UTZ001,45.6511,11.8273,TOMBOLO,TOMBOLO,CAMPOSAMPIERO,1100,26
2025-11-30 09:43:12,AB123CD,VEH001,RFD20241006180,Presente,CARTA,CARTA CONT.STRADALI,UTZ003,45.6361,11.7544,FONTANIVA,FONTANIVA,CAMPOSAMPIERO,240,26
2025-11-30 09:47:13,AB123CD,VEH001,RFD20250713165,Presente,CARTA,CARTA CONT.STRADALI,UTZ004,45.8892,11.5499,GALLIO,GALLIO,ASIAGO,240,26
2025-11-30 09:58:07,AB123CD,VEH001,RFD20241006066,Presente,CARTA,CARTA CONT.STRADALI,UTZ011,45.3104,11.7321,GALZIGNANO TERME,GALZIGNANO TERME,RUBANO,1100,26
2025-11-30 10:14:53,AB123CD,VEH001,RFD20250713098,Presente,CARTA,CARTA CONT.STRADALI,UTZ001,45.6474,11.6825,POZZOLEONE,POZZOLEONE,BASSANO,1100,26
2025-11-30 10:43:29,AB123CD,VEH001,RFD20241006134,Presente,CARTA,CARTA CONT.STRADALI,UTZ001,45.5031,11.9009,CAMPODARSEGO,CAMPODARSEGO,CAMPOSAMPIERO,240,26
2025-11-30 10:45:51,AB123CD,VEH001,RFD20241006095,Presente,CARTA,CARTA CONT.STRADALI,UTZ034,45.4857,11.7452,CAMPODORO,CAMPODORO,RUBANO,1100,26
2025-12-01 06:16:01,AB123CD,VEH001,RFD20241001301,Non Presente,NA,SECCO PAP,NA,45.5658,11.9399,NA,CAMPOSAMPIERO,CAMPOSAMPIERO,NA,NA
2025-12-01 06:51:01,IL789MN,VEH003,RFD20241007043,Presente,UMIDO,UMIDO PAP,UTZ001,45.7954,11.7347,POVE DEL GRAPPA,POVE DEL GRAPPA,BASSANO,240,26
2025-12-01 07:23:14,AB123CD,VEH001,RFD20241007126,Presente,SECCO,SECCO PAP,UTZ001,45.6477,11.6837,POZZOLEONE,POZZOLEONE,BASSANO,1100,26
2025-12-01 07:44:26,AB123CD,VEH001,RFD20241007113,Presente,SECCO,SECCO PAP,UTZ022,45.4248,11.7898,RUBANO,RUBANO,RUBANO,1100,26
2025-12-01 08:09:47,IL789MN,VEH003,RFD20241007142,Presente,UMIDO,UMIDO PAP,UTZ001,45.3359,11.7885,MONTEGROTTO TERME,MONTEGROTTO TERME,RUBANO,770,26
2025-12-01 09:21:29,AB123CD,VEH001,RFD20241007146,Presente,SECCO,SECCO PAP,UTZ018,45.3018,11.7335,GALZIGNANO TERME,GALZIGNANO TERME,RUBANO,240,26
2025-12-01 12:41:30,OP012QR,VEH004,RFD20241007090,Presente,SECCO,SECCO PAP,UTZ021,45.7166,11.6078,COLCERESA,COLCERESA,BASSANO,1100,26
2025-12-01 13:16:03,IL789MN,VEH003,RFD20250505199,Presente,UMIDO,UMIDO CONT.STRADALI,UTZ034,45.4280,11.7884,RUBANO,RUBANO,RUBANO,240,26
2025-12-01 13:34:24,IL789MN,VEH003,RFD20241007067,Presente,UMIDO,UMIDO CONT.STRADALI,UTZ010,45.3908,11.7532,SACCOLONGO,SACCOLONGO,RUBANO,770,26
2025-12-01 13:42:58,OP012QR,VEH004,RFD20250421112,Presente,SECCO,SECCO PAP,UTZ044,45.7203,11.6026,COLCERESA,COLCERESA,BASSANO,1100,26
2025-12-01 13:44:49,ST345UV,VEH005,RFD20241007039,Presente,VETRO,VETRO PAP,UTZ025,45.5285,11.9680,BORGORICCO,BORGORICCO,CAMPOSAMPIERO,770,26
2025-12-01 14:10:34,IL789MN,VEH003,RFD20241007233,Non Presente,NA,UMIDO CONT.STRADALI,NA,45.3297,11.8014,NA,MONTEGROTTO TERME,RUBANO,NA,NA
2025-12-01 14:28:14,ST345UV,VEH005,RFD20241007076,Presente,VETRO,VETRO PAP,UTZ001,45.7717,11.7306,BASSANO DEL GRAPPA,BASSANO DEL GRAPPA,BASSANO,1100,26
2025-12-01 14:49:28,IL789MN,VEH003,RFD20241007054,Presente,UMIDO,UMIDO CONT.STRADALI,UTZ013,45.6527,11.8166,TOMBOLO,TOMBOLO,CAMPOSAMPIERO,240,26
2025-12-01 15:22:06,ST345UV,VEH005,RFD20241007081,Presente,VETRO,VETRO PAP,UTZ003,45.7213,11.7651,ROSA',ROSA',BASSANO,1100,26
2025-12-01 15:35:38,IL789MN,VEH003,RFD20241007148,Presente,UMIDO,UMIDO CONT.STRADALI,UTZ025,45.7745,11.7215,BASSANO DEL GRAPPA,BASSANO DEL GRAPPA,BASSANO,240,26
2025-12-01 17:12:13,OP012QR,VEH004,RFD20241007120,Presente,SECCO,SECCO PAP,UTZ002,45.4334,11.7853,RUBANO,RUBANO,RUBANO,1100,26
2025-12-01 18:15:13,OP012QR,VEH004,RFD20250203302,Presente,SECCO,SECCO PAP,UTZ002,45.7305,11.6867,MAROSTICA,NOVE,BASSANO,1100,26
2025-12-01 18:19:26,OP012QR,VEH004,RFD20250203302,Presente,SECCO,SECCO PAP,UTZ002,45.7381,11.6964,MAROSTICA,BASSANO DEL GRAPPA,BASSANO,1100,26
2025-12-01 18:46:51,ST345UV,VEH005,RFD20241001301,Non Presente,NA,VETRO PAP,NA,45.5658,11.9399,NA,CAMPOSAMPIERO,CAMPOSAMPIERO,NA,NA
2025-12-02 06:07:03,OP012QR,VEH004,RFD20241001301,Non Presente,NA,SECCO PAP,NA,45.5658,11.9399,NA,CAMPOSAMPIERO,CAMPOSAMPIERO,NA,NA
2025-12-02 06:16:26,AB123CD,VEH001,RFD20241008171,Presente,CARTA,CARTA/CARTONE PAP,UTZ023,45.7280,11.7643,ROSA',ROSA',BASSANO,240,26
2025-12-02 08:31:31,AB123CD,VEH001,RFD20250901001,Presente,CARTA,CARTA/CARTONE PAP,UTZ001,45.7668,11.7345,BASSANO DEL GRAPPA,BASSANO DEL GRAPPA,BASSANO,240,26
2025-12-02 08:45:15,EF456GH,VEH002,RFD20241008026,Presente,VETRO,VETRO PAP,UTZ008,45.7920,11.7304,POVE DEL GRAPPA,POVE DEL GRAPPA,BASSANO,1100,26
2025-12-02 09:16:02,AB123CD,VEH001,RFD20241022136,Presente,CARTA,CARTA/CARTONE PAP,UTZ038,45.7886,11.7572,ROMANO D'EZZELINO,ROMANO D'EZZELINO,BASSANO,240,26
2025-12-02 10:20:08,IL789MN,VEH003,RFD20241008059,Presente,UMIDO,UMIDO PAP,UTZ001,45.4022,11.7942,SELVAZZANO DENTRO,SELVAZZANO DENTRO,RUBANO,240,26
2025-12-02 10:39:56,AB123CD,VEH001,RFD20241008062,Presente,CARTA,CARTA/CARTONE PAP,UTZ002,45.3629,11.6655,ROVOLON,ROVOLON,RUBANO,1100,26
2025-12-02 12:46:31,OP012QR,VEH004,RFD20241008077,Presente,SECCO,SECCO PAP,UTZ024,45.3618,11.6636,ROVOLON,ROVOLON,RUBANO,1100,26
2025-12-02 12:58:11,OP012QR,VEH004,RFD20250325228,Non Presente,NA,SECCO PAP,NA,45.4795,11.8448,NA,LIMENA,RUBANO,NA,NA
2025-12-02 13:15:31,OP012QR,VEH004,RFD20241008155,Presente,SECCO,SECCO PAP,UTZ002,45.8755,11.5201,ASIAGO,ASIAGO,ASIAGO,240,26
2025-12-02 13:16:03,OP012QR,VEH004,RFD20250203302,Presente,SECCO,SECCO PAP,UTZ002,45.7313,11.6875,MAROSTICA,NOVE,BASSANO,1100,26
2025-12-02 13:20:56,ST345UV,VEH005,RFD20241008023,Presente,PLASTICA E METALLI,PLAST.CONT.STRADALI,UTZ027,45.3023,11.7242,GALZIGNANO TERME,GALZIGNANO TERME,RUBANO,770,26
2025-12-02 13:57:16,OP012QR,VEH004,RFD20241008102,Presente,SECCO,SECCO PAP,UTZ024,45.8898,11.6269,FOZA,FOZA,ASIAGO,1100,26
2025-12-02 15:51:30,IL789MN,VEH003,RFD20241008032,Presente,PLASTICA E METALLI,PLASTICA PAP,UTZ026,45.3983,11.7482,SACCOLONGO,SACCOLONGO,RUBANO,770,26
2025-12-02 16:13:36,ST345UV,VEH005,RFD20241008187,Presente,PLASTICA E METALLI,PLAST.CONT.STRADALI,UTZ002,45.6585,11.8263,GALLIERA VENETA,GALLIERA VENETA,CAMPOSAMPIERO,770,26
2025-12-02 17:10:03,OP012QR,VEH004,RFD20241008099,Presente,SECCO,SECCO PAP,UTZ015,45.7176,11.7676,ROSA',ROSA',BASSANO,1100,26
2025-12-02 18:58:09,OP012QR,VEH004,RFD20250203302,Presente,SECCO,SECCO PAP,UTZ002,45.7454,11.6569,MAROSTICA,MAROSTICA,BASSANO,1100,26
2025-12-03 06:04:13,OP012QR,VEH004,RFD20241001301,Non Presente,NA,SECCO PAP,NA,45.5658,11.9400,NA,CAMPOSAMPIERO,CAMPOSAMPIERO,NA,NA
2025-12-03 06:04:38,AB123CD,VEH001,RFD20241001301,Non Presente,NA,SECCO PAP,NA,45.5658,11.9399,NA,CAMPOSAMPIERO,CAMPOSAMPIERO,NA,NA
2025-12-03 06:31:03,AB123CD,VEH001,RFD20241009151,Presente,SECCO,SECCO PAP,UTZ026,45.5942,11.9395,LOREGGIA,LOREGGIA,CAMPOSAMPIERO,240,26
2025-12-03 07:36:14,AB123CD,VEH001,RFD20241009128,Presente,SECCO,SECCO PAP,UTZ002,45.4112,11.7369,SACCOLONGO,SACCOLONGO,RUBANO,1100,26
2025-12-03 07:37:31,AB123CD,VEH001,RFD20241009041,Presente,SECCO,SECCO PAP,UTZ001,45.5653,11.8987,SANTA GIUSTINA IN COLLE,SANTA GIUSTINA IN COLLE,CAMPOSAMPIERO,1100,26
2025-12-03 08:30:44,AB123CD,VEH001,RFD20241009189,Presente,SECCO,SECCO PAP,UTZ002,45.4234,11.7904,RUBANO,RUBANO,RUBANO,1100,26
2025-12-03 09:36:25,AB123CD,VEH001,RFD20241009093,Presente,SECCO,SECCO PAP,UTZ040,45.7098,11.7972,ROSSANO VENETO,ROSSANO VENETO,BASSANO,1100,26
2025-12-03 09:38:14,AB123CD,VEH001,RFD20241009111,Presente,SECCO,SECCO PAP,UTZ042,45.6086,11.6744,SAN PIETRO IN GU,SAN PIETRO IN GU,CAMPOSAMPIERO,240,26
2025-12-03 10:52:30,AB123CD,VEH001,RFD20241009106,Presente,SECCO,SECCO PAP,UTZ004,45.7673,11.7353,BASSANO DEL GRAPPA,BASSANO DEL GRAPPA,BASSANO,240,26
2025-12-03 11:10:51,AB123CD,VEH001,RFD20241009227,Non Presente,NA,SECCO PAP,NA,45.8963,11.5510,NA,GALLIO,ASIAGO,NA,NA
2025-12-03 11:24:35,AB123CD,VEH001,RFD20241009108,Presente,SECCO,SECCO PAP,UTZ003,45.6955,11.7108,TEZZE SUL BRENTA,TEZZE SUL BRENTA,BASSANO,240,26
2025-12-03 11:35:47,EF456GH,VEH002,RFD20241009218,Non Presente,NA,CARTA CONT.STRADALI,NA,45.5591,11.9136,NA,SANTA GIUSTINA IN COLLE,CAMPOSAMPIERO,NA,NA
2025-12-03 13:49:44,OP012QR,VEH004,RFD20241009107,Presente,SECCO,SECCO PAP,UTZ033,45.5708,11.9321,CAMPOSAMPIERO,CAMPOSAMPIERO,CAMPOSAMPIERO,1100,26
2025-12-03 14:23:22,ST345UV,VEH005,RFD20241009150,Presente,VETRO,VETRO PAP,UTZ027,45.5793,11.9325,CAMPOSAMPIERO,CAMPOSAMPIERO,CAMPOSAMPIERO,1100,26
2025-12-03 14:36:16,IL789MN,VEH003,RFD20241009205,Non Presente,NA,VERDE PAP,NA,45.8678,11.5016,NA,ASIAGO,ASIAGO,NA,NA
2025-12-03 15:11:27,OP012QR,VEH004,RFD20250203302,Presente,SECCO,SECCO PAP,UTZ002,45.7277,11.6775,MAROSTICA,NOVE,BASSANO,1100,26
2025-12-03 15:12:03,OP012QR,VEH004,RFD20250203302,Presente,SECCO,SECCO PAP,UTZ002,45.7344,11.6697,MAROSTICA,MAROSTICA,BASSANO,1100,26
2025-12-03 15:48:33,OP012QR,VEH004,RFD20241009085,Presente,SECCO,SECCO PAP,UTZ016,45.4843,11.8338,LIMENA,LIMENA,RUBANO,1100,26
2025-12-03 15:56:54,OP012QR,VEH004,RFD20241009140,Presente,SECCO,SECCO PAP,UTZ002,45.9448,11.7209,ENEGO,ENEGO,ASIAGO,1100,26
2025-12-04 06:19:34,EF456GH,VEH002,RFD20241001301,Non Presente,NA,VETRO PAP,NA,45.5659,11.9399,NA,CAMPOSAMPIERO,CAMPOSAMPIERO,NA,NA
2025-12-04 07:59:09,IL789MN,VEH003,RFD20241010068,Presente,UMIDO,UMIDO PAP,UTZ004,45.4897,11.7450,CAMPODORO,CAMPODORO,RUBANO,240,26
2025-12-04 09:34:12,EF456GH,VEH002,RFD20251204221,Non Presente,NA,VETRO PAP,NA,45.6125,11.9942,NA,PIOMBINO DESE,CAMPOSAMPIERO,NA,NA
2025-12-04 10:05:39,AB123CD,VEH001,RFD20241010194,Presente,CARTA,CARTA/CARTONE PAP,UTZ017,45.7813,11.7310,BASSANO DEL GRAPPA,BASSANO DEL GRAPPA,BASSANO,240,26
2025-12-04 10:18:52,AB123CD,VEH001,RFD20241010013,Presente,CARTA,CARTA/CARTONE PAP,UTZ009,45.7803,11.7403,BASSANO DEL GRAPPA,BASSANO DEL GRAPPA,BASSANO,1100,26
2025-12-04 13:45:15,IL789MN,VEH003,RFD20241010178,Presente,UMIDO,UMIDO CONT.STRADALI,UTZ004,45.6587,11.8248,GALLIERA VENETA,GALLIERA VENETA,CAMPOSAMPIERO,240,26
2025-12-04 13:59:21,ST345UV,VEH005,RFD20241010022,Presente,PLASTICA E METALLI,PLAST.CONT.STRADALI,UTZ032,45.3666,11.9841,SAONARA,SAONARA,CAMPOSAMPIERO,770,26
2025-12-04 14:27:39,OP012QR,VEH004,RFD20250313133,Presente,SECCO,SECCO PAP,UTZ005,45.6413,11.7534,FONTANIVA,FONTANIVA,CAMPOSAMPIERO,1100,26
2025-12-04 15:13:33,OP012QR,VEH004,RFD20250203302,Presente,SECCO,SECCO PAP,UTZ002,45.7380,11.6960,MAROSTICA,BASSANO DEL GRAPPA,BASSANO,1100,26
2025-12-04 15:13:44,IL789MN,VEH003,RFD20241010195,Presente,UMIDO,UMIDO CONT.STRADALI,UTZ049,45.3154,11.7321,GALZIGNANO TERME,GALZIGNANO TERME,RUBANO,240,26
2025-12-04 15:21:11,OP012QR,VEH004,RFD20241010119,Presente,SECCO,SECCO PAP,UTZ002,45.5621,11.9075,SANTA GIUSTINA IN COLLE,SANTA GIUSTINA IN COLLE,CAMPOSAMPIERO,1100,26
2025-12-04 15:22:07,ST345UV,VEH005,RFD20241010154,Presente,PLASTICA E METALLI,PLAST.CONT.STRADALI,UTZ005,45.8642,11.5160,ASIAGO,ASIAGO,ASIAGO,770,26
2025-12-04 15:22:34,ST345UV,VEH005,RFD20241010079,Presente,PLASTICA E METALLI,PLAST.CONT.STRADALI,UTZ004,45.8872,11.6250,FOZA,FOZA,ASIAGO,770,26
2025-12-04 16:38:16,OP012QR,VEH004,RFD20241010069,Presente,SECCO,SECCO PAP,UTZ020,45.7307,11.7590,ROSA',ROSA',BASSANO,240,26
2025-12-04 18:48:53,OP012QR,VEH004,RFD20250203302,Presente,SECCO,SECCO PAP,UTZ002,45.7440,11.7040,MAROSTICA,BASSANO DEL GRAPPA,BASSANO,1100,26
2025-12-05 06:14:22,ST345UV,VEH005,RFD20241001301,Non Presente,NA,VETRO PAP,NA,45.5659,11.9399,NA,CAMPOSAMPIERO,CAMPOSAMPIERO,NA,NA
2025-12-05 07:36:16,AB123CD,VEH001,RFD20250509017,Presente,SECCO,SECCO PAP,UTZ002,45.5766,11.9324,CAMPOSAMPIERO,CAMPOSAMPIERO,CAMPOSAMPIERO,1100,26
2025-12-05 07:39:07,AB123CD,VEH001,RFD20241011132,Presente,SECCO,SECCO PAP,UTZ001,45.5772,11.9309,CAMPOSAMPIERO,CAMPOSAMPIERO,CAMPOSAMPIERO,1100,26
2025-12-05 07:51:45,EF456GH,VEH002,RFD20250912070,Presente,CARTA,CARTA CONT.STRADALI,UTZ028,45.3322,11.7293,TORREGLIA,TORREGLIA,RUBANO,240,26
2025-12-05 07:59:17,AB123CD,VEH001,RFD20241025029,Presente,SECCO,SECCO PAP,UTZ001,45.7804,11.7919,MUSSOLENTE,MUSSOLENTE,BASSANO,240,26
2025-12-05 08:25:44,EF456GH,VEH002,RFD20241011223,Non Presente,NA,CARTA CONT.STRADALI,NA,45.9025,11.6324,NA,FOZA,ASIAGO,NA,NA
2025-12-05 09:29:12,AB123CD,VEH001,RFD20241011139,Presente,SECCO,SECCO PAP,UTZ002,45.6198,11.6595,SAN PIETRO IN GU,SAN PIETRO IN GU,CAMPOSAMPIERO,1100,26
2025-12-05 10:08:10,AB123CD,VEH001,RFD20250425200,Presente,SECCO,SECCO PAP,UTZ015,45.5441,11.9261,SAN GIORGIO DELLE PERTICHE,SAN GIORGIO DELLE PERTICHE,CAMPOSAMPIERO,1100,26
2025-12-05 10:10:49,AB123CD,VEH001,RFD20241011176,Presente,SECCO,SECCO PAP,UTZ008,45.4677,11.8516,LIMENA,LIMENA,RUBANO,1100,26
2025-12-05 10:27:56,AB123CD,VEH001,00BD00000000000000000104,Non Presente,NA,SECCO PAP,NA,45.8980,11.5462,NA,GALLIO,ASIAGO,NA,NA
2025-12-05 11:06:09,AB123CD,VEH001,RFD20241025196,Presente,SECCO,SECCO PAP,UTZ029,45.8644,11.5201,ASIAGO,ASIAGO,ASIAGO,1100,26
2025-12-05 12:06:46,OP012QR,VEH004,RFD20250203302,Presente,SECCO,SECCO PAP,UTZ002,45.7384,11.6650,MAROSTICA,MAROSTICA,BASSANO,1100,26
2025-12-05 13:42:40,OP012QR,VEH004,RFD20241011121,Presente,PLASTICA E METALLI,SECCO PAP,UTZ015,45.4085,11.7484,SACCOLONGO,SACCOLONGO,RUBANO,1100,26
2025-12-05 14:10:13,OP012QR,VEH004,RFD20250203302,Presente,SECCO,SECCO PAP,UTZ002,45.7326,11.6719,MAROSTICA,MAROSTICA,BASSANO,1100,26
2025-12-05 15:28:11,OP012QR,VEH004,RFD20241011124,Presente,SECCO,SECCO PAP,UTZ001,45.6385,11.8462,SAN MARTINO DI LUPARI,SAN MARTINO DI LUPARI,CAMPOSAMPIERO,240,26
2025-12-05 15:28:51,ST345UV,VEH005,RFD20241011182,Presente,VETRO,VETRO PAP,UTZ047,45.5918,11.6998,GAZZO,GAZZO,CAMPOSAMPIERO,1100,26
2025-12-05 15:46:11,ST345UV,VEH005,RFD20241011125,Presente,VETRO,VETRO PAP,UTZ014,45.5743,11.9220,CAMPOSAMPIERO,CAMPOSAMPIERO,CAMPOSAMPIERO,1100,26
2025-12-05 16:30:24,IL789MN,VEH003,RFD20241011019,Presente,PLASTICA E METALLI,PLASTICA PAP,UTZ001,45.6002,12.0033,PIOMBINO DESE,PIOMBINO DESE,CAMPOSAMPIERO,770,26
2025-12-05 18:01:04,OP012QR,VEH004,RFD20241011004,Presente,SECCO,SECCO PAP,UTZ024,45.7923,11.7673,ROMANO D'EZZELINO,ROMANO D'EZZELINO,BASSANO,240,26
2025-12-06 07:48:46,AB123CD,VEH001,RFD20241012118,Presente,CARTA,CARTA/CARTONE PAP,UTZ019,45.6945,11.7070,TEZZE SUL BRENTA,TEZZE SUL BRENTA,BASSANO,1100,26
2025-12-06 08:25:42,IL789MN,VEH003,RFD20250215084,Presente,UMIDO,UMIDO PAP,UTZ022,45.6086,11.7353,GRANTORTO,GRANTORTO,CAMPOSAMPIERO,240,26
2025-12-06 09:04:54,AB123CD,VEH001,RFD20241012116,Presente,CARTA,CARTA/CARTONE PAP,UTZ009,45.3958,11.7909,SELVAZZANO DENTRO,SELVAZZANO DENTRO,RUBANO,240,26
2025-12-06 12:11:55,OP012QR,VEH004,RFD20241012082,Presente,SECCO,SECCO PAP,UTZ001,45.6592,11.8291,GALLIERA VENETA,GALLIERA VENETA,CAMPOSAMPIERO,240,26
2025-12-06 13:11:53,OP012QR,VEH004,RFD20250901050,Presente,SECCO,SECCO PAP,UTZ025,45.6959,11.6416,SCHIAVON,SCHIAVON,BASSANO,240,26
2025-12-06 14:17:00,IL789MN,VEH003,RFD20241012047,Presente,VERDE E RAMAGLIE,VERDE PAP,UTZ028,45.7549,11.7433,BASSANO DEL GRAPPA,BASSANO DEL GRAPPA,BASSANO,240,26
2025-12-06 15:32:41,IL789MN,VEH003,RFD20241012089,Presente,VERDE E RAMAGLIE,VERDE PAP,UTZ017,45.7291,11.6733,NOVE,NOVE,BASSANO,240,26
2025-12-06 15:37:30,IL789MN,VEH003,RFD20241008231,Non Presente,NA,VERDE PAP,NA,45.6867,11.7001,NA,TEZZE SUL BRENTA,BASSANO,NA,NA
2025-12-06 15:44:39,IL789MN,VEH003,RFD20241012052,Presente,VERDE E RAMAGLIE,VERDE PAP,UTZ002,45.6996,11.6385,SCHIAVON,SCHIAVON,BASSANO,1100,26
2025-12-06 17:39:00,OP012QR,VEH004,RFD20250203302,Presente,SECCO,SECCO PAP,UTZ002,45.7421,11.6608,MAROSTICA,MAROSTICA,BASSANO,1100,26
2025-12-06 18:19:49,OP012QR,VEH004,RFD20250203302,Presente,SECCO,SECCO PAP,UTZ002,45.7292,11.6845,MAROSTICA,NOVE,BASSANO,1100,26
2025-12-06 18:30:15,ST345UV,VEH005,RFD20241001301,Non Presente,NA,SERVIZI MERCATI,NA,45.5659,11.9399,NA,CAMPOSAMPIERO,CAMPOSAMPIERO,NA,NA
2025-12-06 18:33:56,EF456GH,VEH002,RFD20241001301,Non Presente,NA,VETRO PAP,NA,45.5657,11.9399,NA,CAMPOSAMPIERO,CAMPOSAMPIERO,NA,NA
2025-12-07 07:03:11,AB123CD,VEH001,RFD20241013046,Presente,CARTA,CARTA CONT.STRADALI,UTZ035,45.3085,11.7299,GALZIGNANO TERME,GALZIGNANO TERME,RUBANO,240,26
2025-12-07 07:23:36,AB123CD,VEH001,RFD20241013167,Presente,CARTA,CARTA CONT.STRADALI,UTZ022,45.9006,11.6393,FOZA,FOZA,ASIAGO,240,26
2025-12-07 07:57:30,AB123CD,VEH001,RFD20241013130,Presente,CARTA,CARTA CONT.STRADALI,UTZ004,45.4268,11.6850,CERVARESE SANTA CROCE,CERVARESE SANTA CROCE,RUBANO,240,26
2025-12-07 08:03:53,AB123CD,VEH001,RFD20241013030,Presente,CARTA,CARTA CONT.STRADALI,UTZ001,45.6913,11.7996,ROSSANO VENETO,ROSSANO VENETO,BASSANO,1100,26
2025-12-07 08:24:00,AB123CD,VEH001,RFD20241013083,Presente,CARTA,CARTA CONT.STRADALI,UTZ030,45.3138,11.7395,GALZIGNANO TERME,GALZIGNANO TERME,RUBANO,240,26
2025-12-07 08:56:38,AB123CD,VEH001,RFD20250928057,Presente,CARTA,CARTA CONT.STRADALI,UTZ022,45.5445,12.0082,MASSANZAGO,MASSANZAGO,CAMPOSAMPIERO,1100,26
2025-12-07 09:22:24,AB123CD,VEH001,RFD20241013172,Presente,CARTA,CARTA CONT.STRADALI,UTZ001,45.3300,11.7373,TORREGLIA,TORREGLIA,RUBANO,240,26
2025-12-08 06:17:58,AB123CD,VEH001,RFD20241001301,Non Presente,NA,SECCO PAP,NA,45.5658,11.9399,NA,CAMPOSAMPIERO,CAMPOSAMPIERO,NA,NA
2025-12-08 06:22:04,AB123CD,VEH001,RFD20250901201,Non Presente,NA,SECCO PAP,NA,45.7682,11.7355,NA,BASSANO DEL GRAPPA,BASSANO,NA,NA
2025-12-08 06:31:58,AB123CD,VEH001,RFD20250901002,Presente,SECCO,SECCO PAP,UTZ002,45.7672,11.7349,BASSANO DEL GRAPPA,BASSANO DEL GRAPPA,BASSANO,1100,26
2025-12-08 06:45:56,IL789MN,VEH003,RFD20241008208,Non Presente,NA,UMIDO PAP,NA,45.8666,11.5123,NA,ASIAGO,ASIAGO,NA,NA
2025-12-08 07:11:16,AB123CD,VEH001,RFD20250929186,Presente,SECCO,SECCO PAP,UTZ046,45.7216,11.7651,ROSA',ROSA',BASSANO,240,26
2025-12-08 08:23:16,AB123CD,VEH001,RFD20250203051,Presente,SECCO,SECCO PAP,UTZ003,45.6501,11.8269,TOMBOLO,TOMBOLO,CAMPOSAMPIERO,1100,26
2025-12-08 08:43:49,EF456GH,VEH002,RFD20250331008,Presente,CARTA,CARTA CONT.STRADALI,UTZ001,45.5244,11.8288,CURTAROLO,CURTAROLO,CAMPOSAMPIERO,240,26
2025-12-08 08:49:29,EF456GH,VEH002,RFD20241014011,Presente,CARTA,CARTA CONT.STRADALI,UTZ034,45.6443,11.8629,SAN MARTINO DI LUPARI,SAN MARTINO DI LUPARI,CAMPOSAMPIERO,1100,26
2025-12-08 09:47:29,AB123CD,VEH001,RFD20241014117,Presente,SECCO,SECCO PAP,UTZ001,45.6416,11.7838,CITTADELLA,CITTADELLA,CAMPOSAMPIERO,1100,26
2025-12-08 10:04:10,EF456GH,VEH002,RFD20241014191,Presente,CARTA,CARTA CONT.STRADALI,UTZ005,45.3678,11.6629,ROVOLON,ROVOLON,RUBANO,1100,26
2025-12-08 13:04:46,OP012QR,VEH004,RFD20241014024,Presente,SECCO,SECCO PAP,UTZ040,45.5441,11.9607,BORGORICCO,BORGORICCO,CAMPOSAMPIERO,1100,26
2025-12-08 13:21:37,IL789MN,VEH003,RFD20241014226,Non Presente,NA,UMIDO CONT.STRADALI,NA,45.4291,11.7855,NA,RUBANO,RUBANO,NA,NA
2025-12-08 14:23:47,OP012QR,VEH004,RFD20241014033,Presente,SECCO,SECCO PAP,UTZ006,45.8594,11.4000,ROTZO,ROTZO,ASIAGO,1100,26
2025-12-08 14:30:29,IL789MN,VEH003,RFD20241028145,Presente,UMIDO,UMIDO CONT.STRADALI,UTZ004,45.4285,11.7852,RUBANO,RUBANO,RUBANO,240,26
2025-12-08 15:27:12,IL789MN,VEH003,RFD20241028173,Presente,UMIDO,UMIDO CONT.STRADALI,UTZ004,45.7626,11.7418,BASSANO DEL GRAPPA,BASSANO DEL GRAPPA,BASSANO,240,26
2025-12-08 16:19:11,OP012QR,VEH004,RFD20250203302,Presente,SECCO,SECCO PAP,UTZ002,45.7269,11.6786,MAROSTICA,NOVE,BASSANO,1100,26
2025-12-08 16:41:05,OP012QR,VEH004,RFD20241028163,Presente,SECCO,SECCO PAP,UTZ003,45.7274,11.7666,ROSA',ROSA',BASSANO,1100,26
2025-12-08 18:47:57,OP012QR,VEH004,RFD20250203302,Presente,SECCO,SECCO PAP,UTZ002,45.7294,11.6759,MAROSTICA,NOVE,BASSANO,1100,26
2025-12-09 06:04:49,IL789MN,VEH003,RFD20241001301,Non Presente,NA,UMIDO PAP,NA,45.5658,11.9398,NA,CAMPOSAMPIERO,CAMPOSAMPIERO,NA,NA
2025-12-09 06:05:31,ST345UV,VEH005,RFD20241001301,Non Presente,NA,PULIZIA TERRIT.,NA,45.5659,11.9399,NA,CAMPOSAMPIERO,CAMPOSAMPIERO,NA,NA
2025-12-09 07:56:29,AB123CD,VEH001,RFD20241001103,Presente,CARTA,CARTA/CARTONE PAP,UTZ013,45.5661,11.9180,CAMPOSAMPIERO,CAMPOSAMPIERO,CAMPOSAMPIERO,240,26
2025-12-09 08:36:13,AB123CD,VEH001,RFD20241001040,Presente,CARTA,CARTA/CARTONE PAP,UTZ006,45.4761,11.8480,LIMENA,LIMENA,RUBANO,240,26
2025-12-09 09:27:13,IL789MN,VEH003,RFD20241001152,Presente,UMIDO,UMIDO PAP,UTZ037,45.4375,11.9253,CADONEGHE,CADONEGHE,CAMPOSAMPIERO,240,26
2025-12-09 10:14:04,IL789MN,VEH003,RFD20241001072,Presente,UMIDO,UMIDO PAP,UTZ028,45.8085,11.5991,LUSIANA CONCO,LUSIANA CONCO,ASIAGO,240,26
2025-12-09 12:06:18,EF456GH,VEH002,RFD20241002206,Non Presente,NA,VETRO PAP,NA,45.5685,11.9065,NA,SANTA GIUSTINA IN COLLE,CAMPOSAMPIERO,NA,NA
2025-12-09 12:26:47,OP012QR,VEH004,RFD20250203302,Presente,SECCO,SECCO PAP,UTZ002,45.7297,11.6854,MAROSTICA,NOVE,BASSANO,1100,26
2025-12-09 13:00:00,IL789MN,VEH003,RFD20241001122,Presente,PLASTICA E METALLI,PLASTICA PAP,UTZ012,45.8053,11.7260,POVE DEL GRAPPA,POVE DEL GRAPPA,BASSANO,770,26
2025-12-09 13:52:59,ST345UV,VEH005,RFD20241001114,Presente,PLASTICA E METALLI,PLAST.CONT.STRADALI,UTZ005,45.8612,11.5204,ASIAGO,ASIAGO,ASIAGO,770,26
2025-12-09 14:10:50,IL789MN,VEH003,RFD20241001158,Presente,PLASTICA E METALLI,PLASTICA PAP,UTZ034,45.6542,11.8574,SAN MARTINO DI LUPARI,SAN MARTINO DI LUPARI,CAMPOSAMPIERO,770,26
2025-12-09 14:33:12,OP012QR,VEH004,RFD20241001181,Presente,SECCO,SECCO PAP,UTZ008,45.6547,11.6828,POZZOLEONE,POZZOLEONE,BASSANO,1100,26
2025-12-09 15:20:07,OP012QR,VEH004,RFD20241001058,Presente,SECCO,SECCO PAP,UTZ035,45.3439,11.6639,TEOLO,TEOLO,RUBANO,1100,26
2025-12-09 16:45:11,OP012QR,VEH004,RFD20250203302,Presente,SECCO,SECCO PAP,UTZ002,45.7272,11.6782,MAROSTICA,NOVE,BASSANO,1100,26
2025-12-09 17:09:38,ST345UV,VEH005,RFD20241001209,Non Presente,NA,PLAST.CONT.STRADALI,NA,45.6483,11.8299,NA,TOMBOLO,CAMPOSAMPIERO,NA,NA
2025-12-10 06:05:52,ST345UV,VEH005,RFD20241001301,Non Presente,NA,ASSISTENTE SERVIZI,NA,45.5658,11.9399,NA,CAMPOSAMPIERO,CAMPOSAMPIERO,NA,NA
2025-12-10 06:37:28,AB123CD,VEH001,RFD20241002049,Presente,SECCO,SECCO PAP,UTZ003,45.3395,11.7379,TORREGLIA,TORREGLIA,RUBANO,1100,26
2025-12-10 07:57:04,EF456GH,VEH002,RFD20241002071,Presente,CARTA,CARTA CONT.STRADALI,UTZ033,45.4324,11.7846,RUBANO,RUBANO,RUBANO,1100,26
2025-12-10 08:36:49,AB123CD,VEH001,RFD20250514018,Presente,SECCO,SECCO PAP,UTZ005,45.7966,11.7362,POVE DEL GRAPPA,POVE DEL GRAPPA,BASSANO,1100,26
2025-12-10 09:47:26,EF456GH,VEH002,RFD20241002073,Presente,CARTA,CARTA CONT.STRADALI,UTZ050,45.4022,11.7537,SACCOLONGO,SACCOLONGO,RUBANO,1100,26
2025-12-10 09:55:54,AB123CD,VEH001,RFD20250205056,Presente,SECCO,SECCO PAP,UTZ001,45.5197,11.8284,CURTAROLO,CURTAROLO,CAMPOSAMPIERO,240,26
2025-12-10 10:08:08,AB123CD,VEH001,RFD20241002105,Presente,SECCO,SECCO PAP,UTZ002,45.7147,11.7669,ROSA',ROSA',BASSANO,240,26
2025-12-10 10:09:59,AB123CD,VEH001,RFD20241002183,Presente,SECCO,SECCO PAP,UTZ009,45.7284,11.7950,CASSOLA,CASSOLA,BASSANO,1100,26
2025-12-10 13:20:27,OP012QR,VEH004,RFD20241002203,Non Presente,NA,SECCO PAP,NA,45.3697,11.6595,NA,ROVOLON,RUBANO,NA,NA
2025-12-10 13:39:32,OP012QR,VEH004,RFD20241002094,Presente,SECCO,SECCO PAP,UTZ005,45.5786,11.9240,CAMPOSAMPIERO,CAMPOSAMPIERO,CAMPOSAMPIERO,240,26
2025-12-10 13:41:43,OP012QR,VEH004,RFD20241002078,Presente,SECCO,SECCO PAP,UTZ009,45.8879,11.5486,GALLIO,GALLIO,ASIAGO,1100,26
2025-12-10 14:28:14,IL789MN,VEH003,RFD20241016234,Non Presente,NA,VERDE PAP,NA,45.5602,11.8174,NA,CAMPO SAN MARTINO,CAMPOSAMPIERO,NA,NA
2025-12-10 14:44:37,ST345UV,VEH005,RFD20241002229,Non Presente,NA,VETRO PAP,NA,45.7207,11.6121,NA,COLCERESA,BASSANO,NA,NA
2025-12-10 14:49:38,OP012QR,VEH004,RFD20241030037,Presente,SECCO,SECCO PAP,UTZ014,45.8817,11.5386,GALLIO,GALLIO,ASIAGO,1100,26
2025-12-10 14:50:27,OP012QR,VEH004,RFD20241002184,Presente,SECCO,SECCO PAP,UTZ002,45.7698,11.7359,BASSANO DEL GRAPPA,BASSANO DEL GRAPPA,BASSANO,1100,26
2025-12-10 15:18:24,OP012QR,VEH004,RFD20250203302,Presente,SECCO,SECCO PAP,UTZ002,45.7264,11.6808,MAROSTICA,NOVE,BASSANO,1100,26
2025-12-10 15:19:31,OP012QR,VEH004,RFD20250917110,Presente,SECCO,SECCO PAP,UTZ013,45.9108,11.6280,FOZA,FOZA,ASIAGO,1100,26
2025-12-10 15:39:59,OP012QR,VEH004,RFD20250203302,Presente,SECCO,SECCO PAP,UTZ002,45.7301,11.6860,MAROSTICA,NOVE,BASSANO,1100,26
2025-12-10 15:41:35,IL789MN,VEH003,RFD20241002015,Presente,VERDE E RAMAGLIE,VERDE PAP,UTZ030,45.6655,11.8192,GALLIERA VENETA,GALLIERA VENETA,CAMPOSAMPIERO,1100,26
2025-12-10 17:09:52,IL789MN,VEH003,RFD20241002198,Presente,VERDE E RAMAGLIE,VERDE PAP,UTZ001,45.8721,11.5269,ASIAGO,ASIAGO,ASIAGO,240,26
2025-12-10 17:41:05,IL789MN,VEH003,RFD20241030027,Presente,VERDE E RAMAGLIE,VERDE PAP,UTZ024,45.3838,11.9776,SAONARA,SAONARA,CAMPOSAMPIERO,240,26
2025-12-11 06:22:23,ST345UV,VEH005,RFD20241001301,Non Presente,NA,PULIZIA TERRIT.,NA,45.5658,11.9399,NA,CAMPOSAMPIERO,CAMPOSAMPIERO,NA,NA
2025-12-11 08:34:13,AB123CD,VEH001,RFD20241003141,Presente,CARTA,CARTA/CARTONE PAP,UTZ008,45.5759,11.7105,GAZZO,GAZZO,CAMPOSAMPIERO,1100,26
2025-12-11 08:37:54,AB123CD,VEH001,RFD20241031097,Presente,CARTA,CARTA/CARTONE PAP,UTZ011,45.6011,11.8145,SAN GIORGIO IN BOSCO,SAN GIORGIO IN BOSCO,CAMPOSAMPIERO,1100,26
2025-12-11 08:44:04,EF456GH,VEH002,RFD20241017034,Presente,VETRO,VETRO PAP,UTZ036,45.7637,11.7389,BASSANO DEL GRAPPA,BASSANO DEL GRAPPA,BASSANO,1100,13
2025-12-11 09:18:19,AB123CD,VEH001,RFD20241003096,Presente,CARTA,CARTA/CARTONE PAP,UTZ017,45.5711,11.9268,CAMPOSAMPIERO,CAMPOSAMPIERO,CAMPOSAMPIERO,1100,26
2025-12-11 10:19:16,EF456GH,VEH002,RFD20241003157,Presente,VETRO,VETRO PAP,UTZ013,45.4908,11.7439,CAMPODORO,CAMPODORO,RUBANO,1100,26
2025-12-11 10:28:21,EF456GH,VEH002,RFD20250123212,Non Presente,NA,VETRO PAP,NA,45.4272,11.7902,NA,RUBANO,RUBANO,NA,NA
2025-12-11 12:56:30,EF456GH,VEH002,RFD20241003230,Non Presente,NA,VETRO PAP,NA,45.6959,11.6362,NA,SCHIAVON,BASSANO,NA,NA
2025-12-11 12:57:40,OP012QR,VEH004,RFD20250203302,Presente,SECCO,SECCO PAP,UTZ002,45.7341,11.6698,MAROSTICA,MAROSTICA,BASSANO,1100,26
2025-12-11 13:39:47,IL789MN,VEH003,RFD20241003127,Presente,UMIDO,UMIDO CONT.STRADALI,UTZ001,45.7728,11.7288,BASSANO DEL GRAPPA,BASSANO DEL GRAPPA,BASSANO,240,26
2025-12-11 13:43:12,ST345UV,VEH005,RFD20241003138,Presente,PLASTICA E METALLI,PLAST.CONT.STRADALI,UTZ043,45.6086,11.6728,SAN PIETRO IN GU,SAN PIETRO IN GU,CAMPOSAMPIERO,770,26
2025-12-11 14:24:05,OP012QR,VEH004,RFD20241003061,Presente,SECCO,SECCO PAP,UTZ002,45.5340,11.9612,BORGORICCO,BORGORICCO,CAMPOSAMPIERO,1100,26
2025-12-11 14:51:14,OP012QR,VEH004,RFD20250203302,Presente,SECCO,SECCO PAP,UTZ002,45.7318,11.6883,MAROSTICA,NOVE,BASSANO,1100,26
2025-12-11 15:29:55,IL789MN,VEH003,RFD20250918086,Presente,UMIDO,UMIDO CONT.STRADALI,UTZ034,45.6123,11.6765,SAN PIETRO IN GU,SAN PIETRO IN GU,CAMPOSAMPIERO,240,26
2025-12-11 15:39:26,ST345UV,VEH005,RFD20250207211,Non Presente,NA,PLAST.CONT.STRADALI,NA,45.7172,11.6852,NA,NOVE,BASSANO,NA,NA
2025-12-11 16:03:24,OP012QR,VEH004,RFD20241003164,Presente,SECCO,SECCO PAP,UTZ003,45.7795,11.7296,BASSANO DEL GRAPPA,BASSANO DEL GRAPPA,BASSANO,240,26
2025-12-11 16:52:37,IL789MN,VEH003,RFD20241003303,Presente,UMIDO,UMIDO CONT.STRADALI,UTZ002,45.7788,11.8060,MUSSOLENTE,MUSSOLENTE,BASSANO,240,26
2025-12-12 06:01:57,IL789MN,VEH003,RFD20241001301,Non Presente,NA,UMIDO PAP,NA,45.5658,11.9399,NA,CAMPOSAMPIERO,CAMPOSAMPIERO,NA,NA
2025-12-12 06:04:13,AB123CD,VEH001,RFD20241001301,Non Presente,NA,SECCO PAP,NA,45.5658,11.9399,NA,CAMPOSAMPIERO,CAMPOSAMPIERO,NA,NA
2025-12-12 07:11:38,AB123CD,VEH001,RFD20250207211,Non Presente,NA,SECCO PAP,NA,45.7171,11.6853,NA,NOVE,BASSANO,NA,NA
2025-12-12 08:19:44,EF456GH,VEH002,RFD20241009227,Non Presente,NA,CARTA CONT.STRADALI,NA,45.8962,11.5509,NA,GALLIO,ASIAGO,NA,NA
2025-12-12 09:03:17,EF456GH,VEH002,RFD20241004123,Presente,CARTA,CARTA CONT.STRADALI,UTZ032,45.6555,11.7833,CITTADELLA,CITTADELLA,CAMPOSAMPIERO,240,26
2025-12-12 09:10:48,EF456GH,VEH002,RFD20241018161,Presente,CARTA,CARTA CONT.STRADALI,UTZ034,45.5713,11.9293,CAMPOSAMPIERO,CAMPOSAMPIERO,CAMPOSAMPIERO,1100,26
2025-12-12 09:24:58,EF456GH,VEH002,RFD20250221038,Presente,CARTA,CARTA CONT.STRADALI,UTZ005,45.6903,11.6328,SCHIAVON,SCHIAVON,BASSANO,240,26
2025-12-12 10:13:21,EF456GH,VEH002,RFD20241004159,Presente,CARTA,CARTA CONT.STRADALI,UTZ004,45.4414,11.7878,RUBANO,RUBANO,RUBANO,1100,26
2025-12-12 10:33:44,EF456GH,VEH002,RFD20241004197,Presente,CARTA,CARTA CONT.STRADALI,UTZ018,45.8647,11.5125,ASIAGO,ASIAGO,ASIAGO,240,26
2025-12-12 10:40:34,AB123CD,VEH001,RFD20241004137,Presente,SECCO,SECCO PAP,UTZ012,45.5273,11.9709,BORGORICCO,BORGORICCO,CAMPOSAMPIERO,1100,26
2025-12-12 11:01:24,EF456GH,VEH002,RFD20241004028,Presente,CARTA,CARTA CONT.STRADALI,UTZ005,45.8599,11.3941,ROTZO,ROTZO,ASIAGO,240,26
2025-12-12 11:03:14,EF456GH,VEH002,RFD20250905100,Presente,CARTA,CARTA CONT.STRADALI,UTZ006,45.6488,11.7837,LIMENA,CITTADELLA,RUBANO,240,26
2025-12-12 12:00:00,OP012QR,VEH004,RFD20241101042,Presente,SECCO,SECCO PAP,UTZ001,45.3867,11.7891,SELVAZZANO DENTRO,SELVAZZANO DENTRO,RUBANO,1100,26
2025-12-12 12:59:11,OP012QR,VEH004,RFD20250418055,Presente,SECCO,SECCO PAP,UTZ002,45.8007,11.6142,LUSIANA CONCO,LUSIANA CONCO,ASIAGO,240,26
2025-12-12 13:43:20,OP012QR,VEH004,RFD20250203302,Presente,SECCO,SECCO PAP,UTZ002,45.7365,11.6943,MAROSTICA,BASSANO DEL GRAPPA,BASSANO,1100,26
2025-12-12 14:49:53,IL789MN,VEH003,RFD20241004177,Presente,PLASTICA E METALLI,PLASTICA PAP,UTZ048,45.7667,11.7336,BASSANO DEL GRAPPA,BASSANO DEL GRAPPA,BASSANO,770,26
2025-12-12 15:28:50,OP012QR,VEH004,RFD20241018010,Presente,SECCO,SECCO PAP,UTZ001,45.3634,11.9844,SAONARA,SAONARA,CAMPOSAMPIERO,1100,26
2025-12-12 16:13:53,ST345UV,VEH005,RFD20241004115,Presente,VETRO,VETRO PAP,UTZ001,45.4290,11.7848,RUBANO,RUBANO,RUBANO,1100,26
2025-12-12 17:09:03,ST345UV,VEH005,RFD20241004185,Presente,VETRO,VETRO PAP,UTZ043,45.4031,11.7498,SACCOLONGO,SACCOLONGO,RUBANO,1100,26
2025-12-12 18:51:35,OP012QR,VEH004,RFD20250203302,Presente,SECCO,SECCO PAP,UTZ002,45.7378,11.6657,MAROSTICA,MAROSTICA,BASSANO,1100,26
2025-12-13 06:08:56,ST345UV,VEH005,RFD20241001301,Non Presente,NA,SERVIZI MERCATI,NA,45.5659,11.9399,NA,CAMPOSAMPIERO,CAMPOSAMPIERO,NA,NA
2025-12-13 12:32:15,OP012QR,VEH004,RFD20250203302,Presente,SECCO,SECCO PAP,UTZ002,45.7398,11.6632,MAROSTICA,MAROSTICA,BASSANO,1100,26
2025-12-13 12:59:02,OP012QR,VEH004,RFD20241005091,Presente,SECCO,SECCO PAP,UTZ016,45.5852,11.8054,SAN GIORGIO IN BOSCO,SAN GIORGIO IN BOSCO,CAMPOSAMPIERO,1100,26
2025-12-13 13:47:52,OP012QR,VEH004,RFD20241005012,Presente,SECCO,SECCO PAP,UTZ035,45.8087,11.7285,POVE DEL GRAPPA,POVE DEL GRAPPA,BASSANO,1100,26
2025-12-13 14:34:58,IL789MN,VEH003,RFD20241005169,Presente,VERDE E RAMAGLIE,VERDE PAP,UTZ008,45.6472,11.6824,POZZOLEONE,POZZOLEONE,BASSANO,240,26
2025-12-13 14:48:10,IL789MN,VEH003,RFD20250715210,Non Presente,NA,VERDE PAP,NA,45.6514,11.7461,NA,FONTANIVA,CAMPOSAMPIERO,NA,NA
2025-12-13 15:13:38,OP012QR,VEH004,RFD20250203302,Presente,SECCO,SECCO PAP,UTZ002,45.7272,11.6817,MAROSTICA,NOVE,BASSANO,1100,26
2025-12-13 15:31:16,OP012QR,VEH004,RFD20241019135,Presente,SECCO,SECCO PAP,UTZ019,45.6499,11.8545,SAN MARTINO DI LUPARI,SAN MARTINO DI LUPARI,CAMPOSAMPIERO,240,26
2025-12-13 16:06:14,IL789MN,VEH003,RFD20241005144,Presente,VERDE E RAMAGLIE,VERDE PAP,UTZ013,45.4202,11.6829,CERVARESE SANTA CROCE,CERVARESE SANTA CROCE,RUBANO,240,26
2025-12-13 17:17:51,IL789MN,VEH003,RFD20241005064,Presente,VERDE E RAMAGLIE,VERDE PAP,UTZ010,45.3061,11.7337,GALZIGNANO TERME,GALZIGNANO TERME,RUBANO,240,26
2025-12-13 18:33:29,IL789MN,VEH003,RFD20241001301,Non Presente,NA,VERDE PAP,NA,45.5658,11.9399,NA,CAMPOSAMPIERO,CAMPOSAMPIERO,NA,NA
2025-12-14 07:03:49,AB123CD,VEH001,RFD20241006147,Presente,CARTA,CARTA CONT.STRADALI,UTZ003,45.3312,11.7374,TORREGLIA,TORREGLIA,RUBANO,240,26
2025-12-14 07:07:56,AB123CD,VEH001,RFD20241006101,Presente,CARTA,CARTA CONT.STRADALI,UTZ012,45.5776,11.9330,CAMPOSAMPIERO,CAMPOSAMPIERO,CAMPOSAMPIERO,1100,26
2025-12-14 07:29:46,AB123CD,VEH001,RFD20241006174,Presente,CARTA,CARTA CONT.STRADALI,UTZ047,45.3069,11.7163,GALZIGNANO TERME,GALZIGNANO TERME,RUBANO,240,26
2025-12-14 08:51:09,AB123CD,VEH001,RFD20241006168,Presente,CARTA,CARTA CONT.STRADALI,UTZ003,45.5472,12.0104,MASSANZAGO,MASSANZAGO,CAMPOSAMPIERO,1100,26
2025-12-14 09:04:40,AB123CD,VEH001,RFD20241020036,Presente,CARTA,CARTA CONT.STRADALI,UTZ007,45.6522,11.7818,CITTADELLA,CITTADELLA,CAMPOSAMPIERO,1100,26
2025-12-14 09:22:18,AB123CD,VEH001,RFD20241006192,Presente,CARTA,CARTA CONT.STRADALI,UTZ001,45.6510,11.8273,TOMBOLO,TOMBOLO,CAMPOSAMPIERO,1100,26
2025-12-14 09:41:07,AB123CD,VEH001,RFD20250713165,Presente,CARTA,CARTA CONT.STRADALI,UTZ004,45.8892,11.5499,GALLIO,GALLIO,ASIAGO,240,26
2025-12-14 09:44:48,AB123CD,VEH001,RFD20241006180,Presente,CARTA,CARTA CONT.STRADALI,UTZ003,45.6362,11.7545,FONTANIVA,FONTANIVA,CAMPOSAMPIERO,240,26
2025-12-14 09:59:25,AB123CD,VEH001,RFD20250713098,Presente,CARTA,CARTA CONT.STRADALI,UTZ001,45.6474,11.6825,POZZOLEONE,POZZOLEONE,BASSANO,1100,26
2025-12-14 10:06:41,AB123CD,VEH001,RFD20241006066,Presente,CARTA,CARTA CONT.STRADALI,UTZ011,45.3104,11.7321,GALZIGNANO TERME,GALZIGNANO TERME,RUBANO,1100,26
2025-12-14 10:27:48,AB123CD,VEH001,RFD20241006095,Presente,CARTA,CARTA CONT.STRADALI,UTZ034,45.4855,11.7454,CAMPODORO,CAMPODORO,RUBANO,1100,26
2025-12-14 10:44:37,AB123CD,VEH001,RFD20241006134,Presente,CARTA,CARTA CONT.STRADALI,UTZ001,45.5030,11.9008,CAMPODARSEGO,CAMPODARSEGO,CAMPOSAMPIERO,240,26
2025-12-15 06:21:42,ST345UV,VEH005,RFD20241001301,Non Presente,NA,ASSISTENTE SERVIZI,NA,45.5658,11.9400,NA,CAMPOSAMPIERO,CAMPOSAMPIERO,NA,NA
2025-12-15 06:22:52,IL789MN,VEH003,RFD20241007043,Presente,UMIDO,UMIDO PAP,UTZ001,45.7956,11.7348,POVE DEL GRAPPA,POVE DEL GRAPPA,BASSANO,240,26
2025-12-15 07:14:42,AB123CD,VEH001,RFD20241007126,Presente,SECCO,SECCO PAP,UTZ001,45.6474,11.6837,POZZOLEONE,POZZOLEONE,BASSANO,1100,26
2025-12-15 08:21:27,IL789MN,VEH003,RFD20241007142,Presente,UMIDO,UMIDO PAP,UTZ001,45.3360,11.7886,MONTEGROTTO TERME,MONTEGROTTO TERME,RUBANO,770,26
2025-12-15 09:05:54,AB123CD,VEH001,RFD20241007146,Presente,SECCO,SECCO PAP,UTZ018,45.3019,11.7334,GALZIGNANO TERME,GALZIGNANO TERME,RUBANO,240,26
2025-12-15 12:00:00,OP012QR,VEH004,RFD20241007090,Presente,SECCO,SECCO PAP,UTZ021,45.7166,11.6078,COLCERESA,COLCERESA,BASSANO,1100,26
2025-12-15 13:05:51,OP012QR,VEH004,RFD20250203302,Presente,SECCO,SECCO PAP,UTZ002,45.7305,11.6864,MAROSTICA,NOVE,BASSANO,1100,26
2025-12-15 13:06:56,OP012QR,VEH004,RFD20241007193,Presente,SECCO,SECCO PAP,UTZ005,45.6644,11.8334,GALLIERA VENETA,GALLIERA VENETA,CAMPOSAMPIERO,240,26
2025-12-15 13:11:14,OP012QR,VEH004,RFD20241007190,Presente,CARTA,SECCO PAP,UTZ031,45.4336,11.7795,RUBANO,RUBANO,RUBANO,1100,26
2025-12-15 13:22:37,IL789MN,VEH003,RFD20241007067,Presente,UMIDO,UMIDO CONT.STRADALI,UTZ010,45.3911,11.7535,SACCOLONGO,SACCOLONGO,RUBANO,770,26
2025-12-15 13:36:54,ST345UV,VEH005,RFD20241007039,Presente,VETRO,VETRO PAP,UTZ025,45.5287,11.9682,BORGORICCO,BORGORICCO,CAMPOSAMPIERO,770,26
2025-12-15 14:03:30,IL789MN,VEH003,RFD20250505199,Presente,UMIDO,UMIDO CONT.STRADALI,UTZ034,45.4281,11.7886,RUBANO,RUBANO,RUBANO,240,26
2025-12-15 14:16:56,IL789MN,VEH003,RFD20250825166,Presente,UMIDO,UMIDO CONT.STRADALI,UTZ002,45.5911,11.8074,SAN GIORGIO IN BOSCO,SAN GIORGIO IN BOSCO,CAMPOSAMPIERO,240,26
2025-12-15 15:09:11,IL789MN,VEH003,RFD20241007054,Presente,UMIDO,UMIDO CONT.STRADALI,UTZ013,45.6528,11.8163,TOMBOLO,TOMBOLO,CAMPOSAMPIERO,240,26
2025-12-15 15:10:00,ST345UV,VEH005,RFD20241007076,Presente,VETRO,VETRO PAP,UTZ001,45.7717,11.7306,BASSANO DEL GRAPPA,BASSANO DEL GRAPPA,BASSANO,1100,26
2025-12-15 15:27:39,ST345UV,VEH005,RFD20241007081,Presente,VETRO,VETRO PAP,UTZ003,45.7213,11.7651,ROSA',ROSA',BASSANO,1100,26
2025-12-15 15:31:56,IL789MN,VEH003,RFD20241007148,Presente,UMIDO,UMIDO CONT.STRADALI,UTZ025,45.7748,11.7214,BASSANO DEL GRAPPA,BASSANO DEL GRAPPA,BASSANO,240,26
2025-12-15 16:22:29,OP012QR,VEH004,RFD20250203302,Presente,SECCO,SECCO PAP,UTZ002,45.7420,11.6610,MAROSTICA,MAROSTICA,BASSANO,1100,26
2025-12-15 17:38:32,OP012QR,VEH004,RFD20241007120,Presente,SECCO,SECCO PAP,UTZ002,45.4334,11.7853,RUBANO,RUBANO,RUBANO,1100,26
2025-12-16 06:02:36,AB123CD,VEH001,RFD20241008171,Presente,CARTA,CARTA/CARTONE PAP,UTZ023,45.7279,11.7643,ROSA',ROSA',BASSANO,240,26
2025-12-16 06:04:57,ST345UV,VEH005,RFD20241001301,Non Presente,NA,PULIZIA TERRIT.,NA,45.5658,11.9399,NA,CAMPOSAMPIERO,CAMPOSAMPIERO,NA,NA
2025-12-16 06:13:13,EF456GH,VEH002,RFD20241001301,Non Presente,NA,VETRO PAP,NA,45.5658,11.9399,NA,CAMPOSAMPIERO,CAMPOSAMPIERO,NA,NA
2025-12-16 08:37:27,AB123CD,VEH001,RFD20250901001,Presente,CARTA,CARTA/CARTONE PAP,UTZ001,45.7669,11.7343,BASSANO DEL GRAPPA,BASSANO DEL GRAPPA,BASSANO,240,26
2025-12-16 09:14:53,AB123CD,VEH001,RFD20241022136,Presente,CARTA,CARTA/CARTONE PAP,UTZ038,45.7885,11.7573,ROMANO D'EZZELINO,ROMANO D'EZZELINO,BASSANO,240,26
2025-12-16 10:50:48,AB123CD,VEH001,RFD20241008062,Presente,CARTA,CARTA/CARTONE PAP,UTZ002,45.3630,11.6655,ROVOLON,ROVOLON,RUBANO,1100,26
2025-12-16 13:01:04,OP012QR,VEH004,RFD20250325228,Non Presente,NA,SECCO PAP,NA,45.4792,11.8449,NA,LIMENA,RUBANO,NA,NA
2025-12-16 13:14:38,ST345UV,VEH005,RFD20241008023,Presente,PLASTICA E METALLI,PLAST.CONT.STRADALI,UTZ027,45.3023,11.7241,GALZIGNANO TERME,GALZIGNANO TERME,RUBANO,770,26
2025-12-16 13:34:03,OP012QR,VEH004,RFD20241008102,Presente,SECCO,SECCO PAP,UTZ024,45.8897,11.6267,FOZA,FOZA,ASIAGO,1100,26
2025-12-16 13:39:33,OP012QR,VEH004,RFD20241008155,Presente,SECCO,SECCO PAP,UTZ002,45.8753,11.5202,ASIAGO,ASIAGO,ASIAGO,240,26
2025-12-16 16:02:02,IL789MN,VEH003,RFD20241008032,Presente,PLASTICA E METALLI,PLASTICA PAP,UTZ026,45.3982,11.7484,SACCOLONGO,SACCOLONGO,RUBANO,770,26
2025-12-16 16:22:19,ST345UV,VEH005,RFD20241008187,Presente,PLASTICA E METALLI,PLAST.CONT.STRADALI,UTZ002,45.6584,11.8265,GALLIERA VENETA,GALLIERA VENETA,CAMPOSAMPIERO,770,26
2025-12-16 16:46:45,OP012QR,VEH004,RFD20241008099,Presente,SECCO,SECCO PAP,UTZ015,45.7173,11.7678,ROSA',ROSA',BASSANO,1100,26
2025-12-16 17:52:23,OP012QR,VEH004,RFD20250203302,Presente,SECCO,SECCO PAP,UTZ002,45.7423,11.7021,MAROSTICA,BASSANO DEL GRAPPA,BASSANO,1100,26
2025-12-16 18:45:32,OP012QR,VEH004,RFD20250203302,Presente,SECCO,SECCO PAP,UTZ002,45.7274,11.6826,MAROSTICA,NOVE,BASSANO,1100,26
2025-12-17 06:02:58,ST345UV,VEH005,RFD20241001301,Non Presente,NA,ASSISTENTE SERVIZI,NA,45.5658,11.9399,NA,CAMPOSAMPIERO,CAMPOSAMPIERO,NA,NA
2025-12-17 06:50:56,AB123CD,VEH001,RFD20241009151,Presente,SECCO,SECCO PAP,UTZ026,45.5938,11.9393,LOREGGIA,LOREGGIA,CAMPOSAMPIERO,240,26
2025-12-17 07:22:22,AB123CD,VEH001,RFD20241009041,Presente,SECCO,SECCO PAP,UTZ001,45.5653,11.8987,SANTA GIUSTINA IN COLLE,SANTA GIUSTINA IN COLLE,CAMPOSAMPIERO,1100,26
2025-12-17 08:02:28,AB123CD,VEH001,RFD20241009128,Presente,SECCO,SECCO PAP,UTZ002,45.4111,11.7371,SACCOLONGO,SACCOLONGO,RUBANO,1100,26
2025-12-17 08:45:26,AB123CD,VEH001,RFD20241009189,Presente,SECCO,SECCO PAP,UTZ002,45.4234,11.7903,RUBANO,RUBANO,RUBANO,1100,26
2025-12-17 09:34:28,AB123CD,VEH001,RFD20241009111,Presente,SECCO,SECCO PAP,UTZ042,45.6087,11.6742,SAN PIETRO IN GU,SAN PIETRO IN GU,CAMPOSAMPIERO,240,26
2025-12-17 09:39:22,AB123CD,VEH001,RFD20241009093,Presente,SECCO,SECCO PAP,UTZ040,45.7099,11.7972,ROSSANO VENETO,ROSSANO VENETO,BASSANO,1100,26
2025-12-17 10:30:03,AB123CD,VEH001,RFD20241009106,Presente,SECCO,SECCO PAP,UTZ004,45.7672,11.7353,BASSANO DEL GRAPPA,BASSANO DEL GRAPPA,BASSANO,240,26
2025-12-17 10:57:42,AB123CD,VEH001,RFD20241009108,Presente,SECCO,SECCO PAP,UTZ003,45.6956,11.7108,TEZZE SUL BRENTA,TEZZE SUL BRENTA,BASSANO,240,26
2025-12-17 11:10:15,EF456GH,VEH002,RFD20241009218,Non Presente,NA,CARTA CONT.STRADALI,NA,45.5589,11.9136,NA,SANTA GIUSTINA IN COLLE,CAMPOSAMPIERO,NA,NA
2025-12-17 13:33:37,OP012QR,VEH004,RFD20241009107,Presente,SECCO,SECCO PAP,UTZ033,45.5708,11.9322,CAMPOSAMPIERO,CAMPOSAMPIERO,CAMPOSAMPIERO,1100,26
2025-12-17 14:06:10,OP012QR,VEH004,RFD20250203302,Presente,SECCO,SECCO PAP,UTZ002,45.7300,11.6859,MAROSTICA,NOVE,BASSANO,1100,26
2025-12-17 14:26:43,ST345UV,VEH005,RFD20241009150,Presente,VETRO,VETRO PAP,UTZ027,45.5792,11.9325,CAMPOSAMPIERO,CAMPOSAMPIERO,CAMPOSAMPIERO,1100,26
2025-12-17 15:21:45,OP012QR,VEH004,RFD20250203302,Presente,SECCO,SECCO PAP,UTZ002,45.7448,11.6576,MAROSTICA,MAROSTICA,BASSANO,1100,26
2025-12-17 15:35:44,OP012QR,VEH004,RFD20241009140,Presente,SECCO,SECCO PAP,UTZ002,45.9450,11.7211,ENEGO,ENEGO,ASIAGO,1100,26
2025-12-17 18:53:10,AB123CD,VEH001,RFD20241001301,Non Presente,NA,SECCO PAP,NA,45.5657,11.9398,NA,CAMPOSAMPIERO,CAMPOSAMPIERO,NA,NA
2025-12-18 06:01:21,IL789MN,VEH003,RFD20241001301,Non Presente,NA,UMIDO PAP,NA,45.5659,11.9399,NA,CAMPOSAMPIERO,CAMPOSAMPIERO,NA,NA
2025-12-18 07:50:57,IL789MN,VEH003,RFD20241010068,Presente,UMIDO,UMIDO PAP,UTZ004,45.4898,11.7450,CAMPODORO,CAMPODORO,RUBANO,240,26
2025-12-18 08:14:02,EF456GH,VEH002,RFD20241024149,Presente,VETRO,VETRO PAP,UTZ004,45.5621,11.9086,SANTA GIUSTINA IN COLLE,SANTA GIUSTINA IN COLLE,CAMPOSAMPIERO,1100,13
2025-12-18 09:57:41,AB123CD,VEH001,RFD20241010194,Presente,CARTA,CARTA/CARTONE PAP,UTZ017,45.7813,11.7308,BASSANO DEL GRAPPA,BASSANO DEL GRAPPA,BASSANO,240,26
2025-12-18 10:05:13,AB123CD,VEH001,RFD20241010013,Presente,CARTA,CARTA/CARTONE PAP,UTZ009,45.7802,11.7404,BASSANO DEL GRAPPA,BASSANO DEL GRAPPA,BASSANO,1100,26
2025-12-18 13:37:31,IL789MN,VEH003,RFD20241010178,Presente,UMIDO,UMIDO CONT.STRADALI,UTZ004,45.6591,11.8250,GALLIERA VENETA,GALLIERA VENETA,CAMPOSAMPIERO,240,26
2025-12-18 13:52:19,OP012QR,VEH004,RFD20250203302,Presente,SECCO,SECCO PAP,UTZ002,45.7355,11.6930,MAROSTICA,BASSANO DEL GRAPPA,BASSANO,1100,26
2025-12-18 14:04:14,ST345UV,VEH005,RFD20241010022,Presente,PLASTICA E METALLI,PLAST.CONT.STRADALI,UTZ032,45.3667,11.9840,SAONARA,SAONARA,CAMPOSAMPIERO,770,26
2025-12-18 14:14:13,OP012QR,VEH004,RFD20250313133,Presente,SECCO,SECCO PAP,UTZ005,45.6414,11.7534,FONTANIVA,FONTANIVA,CAMPOSAMPIERO,1100,26
2025-12-18 14:23:41,IL789MN,VEH003,RFD20241010109,Presente,UMIDO,UMIDO CONT.STRADALI,UTZ018,45.7766,11.7332,BASSANO DEL GRAPPA,BASSANO DEL GRAPPA,BASSANO,770,26
2025-12-18 14:50:48,IL789MN,VEH003,RFD20241010195,Presente,UMIDO,UMIDO CONT.STRADALI,UTZ049,45.3154,11.7322,GALZIGNANO TERME,GALZIGNANO TERME,RUBANO,240,26
2025-12-18 15:06:40,ST345UV,VEH005,RFD20241010154,Presente,PLASTICA E METALLI,PLAST.CONT.STRADALI,UTZ005,45.8641,11.5160,ASIAGO,ASIAGO,ASIAGO,770,26
2025-12-18 15:32:02,ST345UV,VEH005,RFD20241010079,Presente,PLASTICA E METALLI,PLAST.CONT.STRADALI,UTZ004,45.8872,11.6249,FOZA,FOZA,ASIAGO,770,26
2025-12-18 15:36:26,OP012QR,VEH004,RFD20241010119,Presente,SECCO,SECCO PAP,UTZ002,45.5622,11.9074,SANTA GIUSTINA IN COLLE,SANTA GIUSTINA IN COLLE,CAMPOSAMPIERO,1100,26
2025-12-18 16:05:04,OP012QR,VEH004,RFD20250203302,Presente,SECCO,SECCO PAP,UTZ002,45.7296,11.6755,MAROSTICA,NOVE,BASSANO,1100,26
2025-12-18 17:03:58,OP012QR,VEH004,RFD20241010069,Presente,SECCO,SECCO PAP,UTZ020,45.7308,11.7587,ROSA',ROSA',BASSANO,240,26
2025-12-19 06:15:11,AB123CD,VEH001,RFD20241003230,Non Presente,NA,SECCO PAP,NA,45.6962,11.6361,NA,SCHIAVON,BASSANO,NA,NA
2025-12-19 06:22:40,OP012QR,VEH004,RFD20241001301,Non Presente,NA,SECCO PAP,NA,45.5658,11.9399,NA,CAMPOSAMPIERO,CAMPOSAMPIERO,NA,NA
2025-12-19 07:05:13,AB123CD,VEH001,RFD20241011132,Presente,SECCO,SECCO PAP,UTZ001,45.5771,11.9311,CAMPOSAMPIERO,CAMPOSAMPIERO,CAMPOSAMPIERO,1100,26
2025-12-19 07:32:50,AB123CD,VEH001,RFD20241025029,Presente,SECCO,SECCO PAP,UTZ001,45.7804,11.7921,MUSSOLENTE,MUSSOLENTE,BASSANO,240,26
2025-12-19 07:35:18,AB123CD,VEH001,RFD20250509017,Presente,SECCO,SECCO PAP,UTZ002,45.5768,11.9323,CAMPOSAMPIERO,CAMPOSAMPIERO,CAMPOSAMPIERO,1100,26
2025-12-19 07:57:42,EF456GH,VEH002,RFD20250912070,Presente,CARTA,CARTA CONT.STRADALI,UTZ028,45.3323,11.7293,TORREGLIA,TORREGLIA,RUBANO,240,26
2025-12-19 08:41:18,EF456GH,VEH002,RFD20241011223,Non Presente,NA,CARTA CONT.STRADALI,NA,45.9023,11.6324,NA,FOZA,ASIAGO,NA,NA
2025-12-19 09:01:07,AB123CD,VEH001,RFD20241011139,Presente,SECCO,SECCO PAP,UTZ002,45.6198,11.6596,SAN PIETRO IN GU,SAN PIETRO IN GU,CAMPOSAMPIERO,1100,26
2025-12-19 10:26:41,ST345UV,VEH005,RFD20241009227,Non Presente,NA,VETRO PAP,NA,45.8964,11.5509,NA,GALLIO,ASIAGO,NA,NA
2025-12-19 10:43:41,AB123CD,VEH001,RFD20250425200,Presente,SECCO,SECCO PAP,UTZ015,45.5441,11.9262,SAN GIORGIO DELLE PERTICHE,SAN GIORGIO DELLE PERTICHE,CAMPOSAMPIERO,1100,26
2025-12-19 11:53:41,AB123CD,VEH001,RFD20241025196,Presente,SECCO,SECCO PAP,UTZ029,45.8643,11.5202,ASIAGO,ASIAGO,ASIAGO,1100,26
2025-12-19 12:21:48,OP012QR,VEH004,RFD20250203302,Presente,SECCO,SECCO PAP,UTZ002,45.7345,11.6697,MAROSTICA,MAROSTICA,BASSANO,1100,26
2025-12-19 13:26:20,ST345UV,VEH005,RFD20241025087,Presente,VETRO,VETRO PAP,UTZ021,45.4968,11.9048,CAMPODARSEGO,CAMPODARSEGO,CAMPOSAMPIERO,1100,13
2025-12-19 13:33:27,OP012QR,VEH004,RFD20241011121,Presente,PLASTICA E METALLI,SECCO PAP,UTZ015,45.4086,11.7483,SACCOLONGO,SACCOLONGO,RUBANO,1100,26
2025-12-19 14:21:48,OP012QR,VEH004,RFD20250203302,Presente,SECCO,SECCO PAP,UTZ002,45.7272,11.6824,MAROSTICA,NOVE,BASSANO,1100,26
2025-12-19 14:30:30,ST345UV,VEH005,RFD20241025175,Presente,VETRO,VETRO PAP,UTZ006,45.4899,11.7533,CAMPODORO,CAMPODORO,RUBANO,1100,13
2025-12-19 14:41:40,ST345UV,VEH005,RFD20241011182,Presente,VETRO,VETRO PAP,UTZ047,45.5919,11.6995,GAZZO,GAZZO,CAMPOSAMPIERO,1100,26
2025-12-19 14:47:30,ST345UV,VEH005,RFD20241025060,Presente,VETRO,VETRO PAP,UTZ003,45.3337,11.7955,MONTEGROTTO TERME,MONTEGROTTO TERME,RUBANO,1100,13
2025-12-19 15:26:44,ST345UV,VEH005,RFD20241025031,Presente,VETRO,VETRO PAP,UTZ026,45.7759,11.7459,BASSANO DEL GRAPPA,BASSANO DEL GRAPPA,BASSANO,1100,13
2025-12-19 15:52:45,OP012QR,VEH004,RFD20241011124,Presente,SECCO,SECCO PAP,UTZ001,45.6385,11.8463,SAN MARTINO DI LUPARI,SAN MARTINO DI LUPARI,CAMPOSAMPIERO,240,26
2025-12-19 15:57:49,ST345UV,VEH005,RFD20241011125,Presente,VETRO,VETRO PAP,UTZ014,45.5743,11.9220,CAMPOSAMPIERO,CAMPOSAMPIERO,CAMPOSAMPIERO,1100,26
2025-12-19 16:23:55,IL789MN,VEH003,RFD20241011019,Presente,PLASTICA E METALLI,PLASTICA PAP,UTZ001,45.6002,12.0030,PIOMBINO DESE,PIOMBINO DESE,CAMPOSAMPIERO,770,26
2025-12-19 17:24:22,IL789MN,VEH003,RFD20241025075,Presente,PLASTICA E METALLI,PLASTICA PAP,UTZ001,45.7966,11.7437,ROMANO D'EZZELINO,ROMANO D'EZZELINO,BASSANO,770,26
2025-12-19 17:51:21,OP012QR,VEH004,RFD20241011004,Presente,SECCO,SECCO PAP,UTZ024,45.7922,11.7671,ROMANO D'EZZELINO,ROMANO D'EZZELINO,BASSANO,240,26
2025-12-20 08:41:35,IL789MN,VEH003,RFD20250215084,Presente,UMIDO,UMIDO PAP,UTZ022,45.6088,11.7352,GRANTORTO,GRANTORTO,CAMPOSAMPIERO,240,26
2025-12-20 09:07:21,AB123CD,VEH001,RFD20241012116,Presente,CARTA,CARTA/CARTONE PAP,UTZ009,45.3961,11.7908,SELVAZZANO DENTRO,SELVAZZANO DENTRO,RUBANO,240,26
2025-12-20 12:16:25,OP012QR,VEH004,RFD20241012082,Presente,SECCO,SECCO PAP,UTZ001,45.6593,11.8291,GALLIERA VENETA,GALLIERA VENETA,CAMPOSAMPIERO,240,26
2025-12-20 13:13:10,OP012QR,VEH004,RFD20250901050,Presente,SECCO,SECCO PAP,UTZ025,45.6959,11.6418,SCHIAVON,SCHIAVON,BASSANO,240,26
2025-12-20 14:11:04,IL789MN,VEH003,RFD20241012047,Presente,VERDE E RAMAGLIE,VERDE PAP,UTZ028,45.7548,11.7432,BASSANO DEL GRAPPA,BASSANO DEL GRAPPA,BASSANO,240,26
2025-12-20 14:38:45,IL789MN,VEH003,RFD20241031225,Non Presente,NA,VERDE PAP,NA,45.5473,11.8188,NA,CAMPO SAN MARTINO,CAMPOSAMPIERO,NA,NA
2025-12-20 15:22:45,OP012QR,VEH004,RFD20250203302,Presente,SECCO,SECCO PAP,UTZ002,45.7396,11.6985,MAROSTICA,BASSANO DEL GRAPPA,BASSANO,1100,26
2025-12-20 15:56:28,IL789MN,VEH003,RFD20241008231,Non Presente,NA,VERDE PAP,NA,45.6865,11.7002,NA,TEZZE SUL BRENTA,BASSANO,NA,NA
2025-12-20 16:01:07,IL789MN,VEH003,RFD20241012052,Presente,VERDE E RAMAGLIE,VERDE PAP,UTZ002,45.6996,11.6386,SCHIAVON,SCHIAVON,BASSANO,1100,26
2025-12-20 16:09:06,IL789MN,VEH003,RFD20241012089,Presente,VERDE E RAMAGLIE,VERDE PAP,UTZ017,45.7291,11.6733,NOVE,NOVE,BASSANO,240,26
2025-12-20 17:31:10,OP012QR,VEH004,RFD20250203302,Presente,SECCO,SECCO PAP,UTZ002,45.7309,11.6870,MAROSTICA,NOVE,BASSANO,1100,26
2025-12-20 18:42:13,ST345UV,VEH005,RFD20241001301,Non Presente,NA,SERVIZI MERCATI,NA,45.5657,11.9399,NA,CAMPOSAMPIERO,CAMPOSAMPIERO,NA,NA
2025-12-21 07:13:44,AB123CD,VEH001,RFD20241013046,Presente,CARTA,CARTA CONT.STRADALI,UTZ035,45.3083,11.7300,GALZIGNANO TERME,GALZIGNANO TERME,RUBANO,240,26
2025-12-21 07:41:14,AB123CD,VEH001,RFD20241013167,Presente,CARTA,CARTA CONT.STRADALI,UTZ022,45.9008,11.6396,FOZA,FOZA,ASIAGO,240,26
2025-12-21 07:46:34,AB123CD,VEH001,RFD20241013129,Presente,CARTA,CARTA CONT.STRADALI,UTZ031,45.6329,11.7062,CARMIGNANO DI BRENTA,CARMIGNANO DI BRENTA,CAMPOSAMPIERO,240,26
2025-12-21 07:47:19,AB123CD,VEH001,RFD20241013130,Presente,CARTA,CARTA CONT.STRADALI,UTZ004,45.4269,11.6849,CERVARESE SANTA CROCE,CERVARESE SANTA CROCE,RUBANO,240,26
2025-12-21 07:57:58,AB123CD,VEH001,RFD20250123212,Non Presente,NA,CARTA CONT.STRADALI,NA,45.4275,11.7901,NA,RUBANO,RUBANO,NA,NA
2025-12-21 08:22:57,AB123CD,VEH001,RFD20241013030,Presente,CARTA,CARTA CONT.STRADALI,UTZ001,45.6913,11.7995,ROSSANO VENETO,ROSSANO VENETO,BASSANO,1100,26
2025-12-21 09:01:32,AB123CD,VEH001,RFD20241013172,Presente,CARTA,CARTA CONT.STRADALI,UTZ001,45.3300,11.7372,TORREGLIA,TORREGLIA,RUBANO,240,26
2025-12-21 09:08:36,AB123CD,VEH001,RFD20250928057,Presente,CARTA,CARTA CONT.STRADALI,UTZ022,45.5444,12.0082,MASSANZAGO,MASSANZAGO,CAMPOSAMPIERO,1100,26
2025-12-21 10:52:36,AB123CD,VEH001,RFD20241014226,Non Presente,NA,CARTA CONT.STRADALI,NA,45.4290,11.7857,NA,RUBANO,RUBANO,NA,NA
2025-12-22 06:14:36,IL789MN,VEH003,RFD20241001301,Non Presente,NA,UMIDO PAP,NA,45.5658,11.9399,NA,CAMPOSAMPIERO,CAMPOSAMPIERO,NA,NA
2025-12-22 06:28:23,AB123CD,VEH001,RFD20250901002,Presente,SECCO,SECCO PAP,UTZ002,45.7673,11.7349,BASSANO DEL GRAPPA,BASSANO DEL GRAPPA,BASSANO,1100,26
2025-12-22 06:34:53,IL789MN,VEH003,RFD20241008208,Non Presente,NA,UMIDO PAP,NA,45.8667,11.5123,NA,ASIAGO,ASIAGO,NA,NA
2025-12-22 06:37:12,AB123CD,VEH001,RFD20250901201,Non Presente,NA,SECCO PAP,NA,45.7680,11.7356,NA,BASSANO DEL GRAPPA,BASSANO,NA,NA
2025-12-22 07:06:45,AB123CD,VEH001,RFD20250929186,Presente,SECCO,SECCO PAP,UTZ046,45.7216,11.7652,ROSA',ROSA',BASSANO,240,26
2025-12-22 08:18:21,AB123CD,VEH001,RFD20250203051,Presente,SECCO,SECCO PAP,UTZ003,45.6500,11.8267,TOMBOLO,TOMBOLO,CAMPOSAMPIERO,1100,26
2025-12-22 08:57:08,EF456GH,VEH002,RFD20250331008,Presente,CARTA,CARTA CONT.STRADALI,UTZ001,45.5244,11.8288,CURTAROLO,CURTAROLO,CAMPOSAMPIERO,240,26
2025-12-22 09:04:55,EF456GH,VEH002,RFD20241014011,Presente,CARTA,CARTA CONT.STRADALI,UTZ034,45.6442,11.8629,SAN MARTINO DI LUPARI,SAN MARTINO DI LUPARI,CAMPOSAMPIERO,1100,26
2025-12-22 09:48:11,AB123CD,VEH001,RFD20241014117,Presente,SECCO,SECCO PAP,UTZ001,45.6417,11.7837,CITTADELLA,CITTADELLA,CAMPOSAMPIERO,1100,26
2025-12-22 10:09:22,EF456GH,VEH002,RFD20241014191,Presente,CARTA,CARTA CONT.STRADALI,UTZ005,45.3678,11.6629,ROVOLON,ROVOLON,RUBANO,1100,26
2025-12-22 12:03:43,OP012QR,VEH004,RFD20250203302,Presente,SECCO,SECCO PAP,UTZ002,45.7414,11.7005,MAROSTICA,BASSANO DEL GRAPPA,BASSANO,1100,26
2025-12-22 12:04:31,OP012QR,VEH004,RFD20250203302,Presente,SECCO,SECCO PAP,UTZ002,45.7339,11.6906,MAROSTICA,NOVE,BASSANO,1100,26
2025-12-22 13:41:37,OP012QR,VEH004,RFD20241014024,Presente,SECCO,SECCO PAP,UTZ040,45.5440,11.9606,BORGORICCO,BORGORICCO,CAMPOSAMPIERO,1100,26
2025-12-22 13:41:43,IL789MN,VEH003,RFD20241014226,Non Presente,NA,UMIDO CONT.STRADALI,NA,45.4289,11.7857,NA,RUBANO,RUBANO,NA,NA
2025-12-22 14:48:51,OP012QR,VEH004,RFD20241014033,Presente,SECCO,SECCO PAP,UTZ006,45.8593,11.4003,ROTZO,ROTZO,ASIAGO,1100,26
2025-12-22 14:49:25,IL789MN,VEH003,RFD20241028145,Presente,UMIDO,UMIDO CONT.STRADALI,UTZ004,45.4284,11.7851,RUBANO,RUBANO,RUBANO,240,26
2025-12-22 14:54:27,IL789MN,VEH003,RFD20241028173,Presente,UMIDO,UMIDO CONT.STRADALI,UTZ004,45.7626,11.7415,BASSANO DEL GRAPPA,BASSANO DEL GRAPPA,BASSANO,240,26
2025-12-23 06:11:13,OP012QR,VEH004,RFD20241001301,Non Presente,NA,SECCO PAP,NA,45.5658,11.9399,NA,CAMPOSAMPIERO,CAMPOSAMPIERO,NA,NA
2025-12-23 07:56:13,AB123CD,VEH001,RFD20241001103,Presente,CARTA,CARTA/CARTONE PAP,UTZ013,45.5660,11.9182,CAMPOSAMPIERO,CAMPOSAMPIERO,CAMPOSAMPIERO,240,26
2025-12-23 08:28:18,AB123CD,VEH001,RFD20241001040,Presente,CARTA,CARTA/CARTONE PAP,UTZ006,45.4762,11.8479,LIMENA,LIMENA,RUBANO,240,26
2025-12-23 09:43:11,IL789MN,VEH003,RFD20241001072,Presente,UMIDO,UMIDO PAP,UTZ028,45.8083,11.5994,LUSIANA CONCO,LUSIANA CONCO,ASIAGO,240,26
2025-12-23 09:55:12,IL789MN,VEH003,RFD20241001152,Presente,UMIDO,UMIDO PAP,UTZ037,45.4376,11.9253,CADONEGHE,CADONEGHE,CAMPOSAMPIERO,240,26
2025-12-23 13:17:49,OP012QR,VEH004,RFD20250203302,Presente,SECCO,SECCO PAP,UTZ002,45.7365,11.6672,MAROSTICA,MAROSTICA,BASSANO,1100,26
2025-12-23 13:38:20,IL789MN,VEH003,RFD20241001122,Presente,PLASTICA E METALLI,PLASTICA PAP,UTZ012,45.8052,11.7263,POVE DEL GRAPPA,POVE DEL GRAPPA,BASSANO,770,26
2025-12-23 14:30:02,ST345UV,VEH005,RFD20241001114,Presente,PLASTICA E METALLI,PLAST.CONT.STRADALI,UTZ005,45.8611,11.5203,ASIAGO,ASIAGO,ASIAGO,770,26
2025-12-23 14:30:08,IL789MN,VEH003,RFD20241001158,Presente,PLASTICA E METALLI,PLASTICA PAP,UTZ034,45.6544,11.8574,SAN MARTINO DI LUPARI,SAN MARTINO DI LUPARI,CAMPOSAMPIERO,770,26
2025-12-23 14:57:43,OP012QR,VEH004,RFD20241001181,Presente,SECCO,SECCO PAP,UTZ008,45.6545,11.6827,POZZOLEONE,POZZOLEONE,BASSANO,1100,26
2025-12-23 15:09:32,OP012QR,VEH004,RFD20241015048,Presente,SECCO,SECCO PAP,UTZ030,45.4294,11.7921,RUBANO,RUBANO,RUBANO,1100,26
2025-12-23 15:45:17,OP012QR,VEH004,RFD20241001058,Presente,SECCO,SECCO PAP,UTZ035,45.3440,11.6639,TEOLO,TEOLO,RUBANO,1100,26
2025-12-23 17:57:52,ST345UV,VEH005,RFD20241001209,Non Presente,NA,PLAST.CONT.STRADALI,NA,45.6483,11.8300,NA,TOMBOLO,CAMPOSAMPIERO,NA,NA
2025-12-23 18:08:37,OP012QR,VEH004,RFD20250203302,Presente,SECCO,SECCO PAP,UTZ002,45.7374,11.6663,MAROSTICA,MAROSTICA,BASSANO,1100,26
2025-12-24 06:05:00,ST345UV,VEH005,RFD20241001301,Non Presente,NA,ASSISTENTE SERVIZI,NA,45.5658,11.9399,NA,CAMPOSAMPIERO,CAMPOSAMPIERO,NA,NA
2025-12-24 06:41:50,AB123CD,VEH001,RFD20241002049,Presente,SECCO,SECCO PAP,UTZ003,45.3395,11.7378,TORREGLIA,TORREGLIA,RUBANO,1100,26
2025-12-24 07:53:21,EF456GH,VEH002,RFD20241002071,Presente,CARTA,CARTA CONT.STRADALI,UTZ033,45.4326,11.7846,RUBANO,RUBANO,RUBANO,1100,26
2025-12-24 08:02:34,AB123CD,VEH001,RFD20250820009,Presente,SECCO,SECCO PAP,UTZ009,45.5262,11.9528,BORGORICCO,BORGORICCO,CAMPOSAMPIERO,1100,26
2025-12-24 08:22:09,AB123CD,VEH001,RFD20250514018,Presente,SECCO,SECCO PAP,UTZ005,45.7966,11.7360,POVE DEL GRAPPA,POVE DEL GRAPPA,BASSANO,1100,26
2025-12-24 08:44:32,AB123CD,VEH001,RFD20250820063,Presente,SECCO,SECCO PAP,UTZ039,45.3675,11.9818,SAONARA,SAONARA,CAMPOSAMPIERO,1100,26
2025-12-24 09:02:12,EF456GH,VEH002,RFD20241002131,Presente,CARTA,CARTA CONT.STRADALI,UTZ001,45.8910,11.6333,FOZA,FOZA,ASIAGO,240,26
2025-12-24 10:11:13,AB123CD,VEH001,RFD20250205056,Presente,SECCO,SECCO PAP,UTZ001,45.5196,11.8283,CURTAROLO,CURTAROLO,CAMPOSAMPIERO,240,26
2025-12-24 10:13:54,EF456GH,VEH002,RFD20241002073,Presente,CARTA,CARTA CONT.STRADALI,UTZ050,45.4019,11.7537,SACCOLONGO,SACCOLONGO,RUBANO,1100,26
2025-12-24 10:15:16,AB123CD,VEH001,RFD20241002183,Presente,SECCO,SECCO PAP,UTZ009,45.7284,11.7950,CASSOLA,CASSOLA,BASSANO,1100,26
2025-12-24 13:08:44,OP012QR,VEH004,RFD20241002203,Non Presente,NA,SECCO PAP,NA,45.3696,11.6597,NA,ROVOLON,RUBANO,NA,NA
2025-12-24 13:46:23,OP012QR,VEH004,RFD20241002078,Presente,SECCO,SECCO PAP,UTZ009,45.8879,11.5489,GALLIO,GALLIO,ASIAGO,1100,26
2025-12-24 13:53:14,OP012QR,VEH004,RFD20241002094,Presente,SECCO,SECCO PAP,UTZ005,45.5787,11.9239,CAMPOSAMPIERO,CAMPOSAMPIERO,CAMPOSAMPIERO,240,26
2025-12-24 14:09:02,OP012QR,VEH004,RFD20241002184,Presente,SECCO,SECCO PAP,UTZ002,45.7698,11.7359,BASSANO DEL GRAPPA,BASSANO DEL GRAPPA,BASSANO,1100,26
2025-12-24 14:37:43,ST345UV,VEH005,RFD20241002229,Non Presente,NA,VETRO PAP,NA,45.7207,11.6122,NA,COLCERESA,BASSANO,NA,NA
2025-12-24 14:38:13,OP012QR,VEH004,RFD20250917110,Presente,SECCO,SECCO PAP,UTZ013,45.9111,11.6279,FOZA,FOZA,ASIAGO,1100,26
2025-12-24 14:53:42,OP012QR,VEH004,RFD20241030037,Presente,SECCO,SECCO PAP,UTZ014,45.8816,11.5386,GALLIO,GALLIO,ASIAGO,1100,26
2025-12-24 16:24:54,ST345UV,VEH005,RFD20241002053,Presente,VETRO,VETRO PAP,UTZ022,45.7622,11.7437,BASSANO DEL GRAPPA,BASSANO DEL GRAPPA,BASSANO,1100,26
2025-12-24 16:48:36,IL789MN,VEH003,RFD20241002198,Presente,VERDE E RAMAGLIE,VERDE PAP,UTZ001,45.8720,11.5269,ASIAGO,ASIAGO,ASIAGO,240,26
2025-12-24 17:02:34,OP012QR,VEH004,RFD20250203302,Presente,SECCO,SECCO PAP,UTZ002,45.7306,11.6867,MAROSTICA,NOVE,BASSANO,1100,26
2025-12-24 17:42:47,IL789MN,VEH003,RFD20241030027,Presente,VERDE E RAMAGLIE,VERDE PAP,UTZ024,45.3837,11.9774,SAONARA,SAONARA,CAMPOSAMPIERO,240,26
2025-12-24 17:45:08,OP012QR,VEH004,RFD20250203302,Presente,SECCO,SECCO PAP,UTZ002,45.7284,11.6768,MAROSTICA,NOVE,BASSANO,1100,26
2025-12-25 06:34:54,AB123CD,VEH001,RFD20241017188,Presente,CARTA,CARTA/CARTONE PAP,UTZ015,45.5635,12.0208,MASSANZAGO,MASSANZAGO,CAMPOSAMPIERO,240,26
2025-12-25 08:40:23,AB123CD,VEH001,RFD20241031097,Presente,CARTA,CARTA/CARTONE PAP,UTZ011,45.6009,11.8146,SAN GIORGIO IN BOSCO,SAN GIORGIO IN BOSCO,CAMPOSAMPIERO,1100,26
2025-12-25 09:11:07,EF456GH,VEH002,RFD20241003035,Presente,VETRO,VETRO PAP,UTZ003,45.7181,11.5992,COLCERESA,COLCERESA,BASSANO,1100,13
2025-12-25 09:13:31,AB123CD,VEH001,RFD20241003096,Presente,CARTA,CARTA/CARTONE PAP,UTZ017,45.5712,11.9268,CAMPOSAMPIERO,CAMPOSAMPIERO,CAMPOSAMPIERO,1100,26
2025-12-25 10:34:32,EF456GH,VEH002,RFD20241003157,Presente,VETRO,VETRO PAP,UTZ013,45.4910,11.7441,CAMPODORO,CAMPODORO,RUBANO,1100,26
2025-12-25 13:10:56,EF456GH,VEH002,RFD20241003230,Non Presente,NA,VETRO PAP,NA,45.6960,11.6363,NA,SCHIAVON,BASSANO,NA,NA
2025-12-25 13:55:49,IL789MN,VEH003,RFD20241003127,Presente,UMIDO,UMIDO CONT.STRADALI,UTZ001,45.7726,11.7288,BASSANO DEL GRAPPA,BASSANO DEL GRAPPA,BASSANO,240,26
2025-12-25 14:16:33,OP012QR,VEH004,RFD20250203302,Presente,SECCO,SECCO PAP,UTZ002,45.7296,11.6753,MAROSTICA,NOVE,BASSANO,1100,26
2025-12-25 14:22:52,ST345UV,VEH005,RFD20241003138,Presente,PLASTICA E METALLI,PLAST.CONT.STRADALI,UTZ043,45.6089,11.6728,SAN PIETRO IN GU,SAN PIETRO IN GU,CAMPOSAMPIERO,770,26
2025-12-25 14:23:16,OP012QR,VEH004,RFD20241003061,Presente,SECCO,SECCO PAP,UTZ002,45.5340,11.9615,BORGORICCO,BORGORICCO,CAMPOSAMPIERO,1100,26
2025-12-25 15:03:54,IL789MN,VEH003,RFD20250918086,Presente,UMIDO,UMIDO CONT.STRADALI,UTZ034,45.6122,11.6764,SAN PIETRO IN GU,SAN PIETRO IN GU,CAMPOSAMPIERO,240,26
2025-12-25 16:38:52,OP012QR,VEH004,RFD20241003164,Presente,SECCO,SECCO PAP,UTZ003,45.7795,11.7295,BASSANO DEL GRAPPA,BASSANO DEL GRAPPA,BASSANO,240,26
2025-12-25 16:41:30,IL789MN,VEH003,RFD20241003303,Presente,UMIDO,UMIDO CONT.STRADALI,UTZ002,45.7764,11.8049,MUSSOLENTE,MUSSOLENTE,BASSANO,240,26
2025-12-25 17:25:16,OP012QR,VEH004,RFD20250203302,Presente,SECCO,SECCO PAP,UTZ002,45.7385,11.6653,MAROSTICA,MAROSTICA,BASSANO,1100,26
2025-12-25 18:42:12,AB123CD,VEH001,RFD20241001301,Non Presente,NA,CARTA/CARTONE PAP,NA,45.5658,11.9399,NA,CAMPOSAMPIERO,CAMPOSAMPIERO,NA,NA
2025-12-26 06:12:10,ST345UV,VEH005,RFD20241001301,Non Presente,NA,VETRO PAP,NA,45.5658,11.9399,NA,CAMPOSAMPIERO,CAMPOSAMPIERO,NA,NA
2025-12-26 06:33:11,AB123CD,VEH001,RFD20241004065,Presente,SECCO,SECCO PAP,UTZ007,45.6154,11.6653,SAN PIETRO IN GU,SAN PIETRO IN GU,CAMPOSAMPIERO,1100,26
2025-12-26 07:00:38,AB123CD,VEH001,RFD20250207211,Non Presente,NA,SECCO PAP,NA,45.7173,11.6854,NA,NOVE,BASSANO,NA,NA
2025-12-26 08:36:39,AB123CD,VEH001,RFD20241004003,Presente,SECCO,SECCO PAP,UTZ008,45.4364,11.7857,RUBANO,RUBANO,RUBANO,240,26
2025-12-26 08:45:49,EF456GH,VEH002,RFD20241004123,Presente,CARTA,CARTA CONT.STRADALI,UTZ032,45.6555,11.7831,CITTADELLA,CITTADELLA,CAMPOSAMPIERO,240,26
2025-12-26 09:20:52,EF456GH,VEH002,RFD20250221038,Presente,CARTA,CARTA CONT.STRADALI,UTZ005,45.6901,11.6328,SCHIAVON,SCHIAVON,BASSANO,240,26
2025-12-26 09:25:03,EF456GH,VEH002,RFD20241018161,Presente,CARTA,CARTA CONT.STRADALI,UTZ034,45.5714,11.9296,CAMPOSAMPIERO,CAMPOSAMPIERO,CAMPOSAMPIERO,1100,26
2025-12-26 10:21:35,EF456GH,VEH002,RFD20250905100,Presente,CARTA,CARTA CONT.STRADALI,UTZ006,45.6487,11.7835,LIMENA,CITTADELLA,RUBANO,240,26
2025-12-26 10:22:32,EF456GH,VEH002,RFD20241004197,Presente,CARTA,CARTA CONT.STRADALI,UTZ018,45.8647,11.5126,ASIAGO,ASIAGO,ASIAGO,240,26
2025-12-26 10:37:22,AB123CD,VEH001,RFD20241004137,Presente,SECCO,SECCO PAP,UTZ012,45.5273,11.9710,BORGORICCO,BORGORICCO,CAMPOSAMPIERO,1100,26
2025-12-26 11:12:38,EF456GH,VEH002,RFD20241004028,Presente,CARTA,CARTA CONT.STRADALI,UTZ005,45.8595,11.3939,ROTZO,ROTZO,ASIAGO,240,26
2025-12-26 13:26:01,OP012QR,VEH004,RFD20250418055,Presente,SECCO,SECCO PAP,UTZ002,45.8008,11.6139,LUSIANA CONCO,LUSIANA CONCO,ASIAGO,240,26
2025-12-26 14:16:41,OP012QR,VEH004,RFD20241004044,Presente,SECCO,SECCO PAP,UTZ009,45.6807,11.6936,TEZZE SUL BRENTA,TEZZE SUL BRENTA,BASSANO,240,26
2025-12-26 14:36:22,IL789MN,VEH003,RFD20241004177,Presente,PLASTICA E METALLI,PLASTICA PAP,UTZ048,45.7667,11.7335,BASSANO DEL GRAPPA,BASSANO DEL GRAPPA,BASSANO,770,26
2025-12-26 15:22:07,OP012QR,VEH004,RFD20241018010,Presente,SECCO,SECCO PAP,UTZ001,45.3633,11.9845,SAONARA,SAONARA,CAMPOSAMPIERO,1100,26
2025-12-26 16:07:31,OP012QR,VEH004,RFD20250203302,Presente,SECCO,SECCO PAP,UTZ002,45.7261,11.6806,MAROSTICA,NOVE,BASSANO,1100,26
2025-12-26 16:20:09,ST345UV,VEH005,RFD20241004115,Presente,VETRO,VETRO PAP,UTZ001,45.4291,11.7851,RUBANO,RUBANO,RUBANO,1100,26
2025-12-26 16:37:15,OP012QR,VEH004,RFD20250203302,Presente,SECCO,SECCO PAP,UTZ002,45.7314,11.6734,MAROSTICA,MAROSTICA,BASSANO,1100,26
2025-12-26 16:56:33,ST345UV,VEH005,RFD20241004185,Presente,VETRO,VETRO PAP,UTZ043,45.4031,11.7498,SACCOLONGO,SACCOLONGO,RUBANO,1100,26
2025-12-26 18:37:33,IL789MN,VEH003,RFD20241001301,Non Presente,NA,PLASTICA PAP,NA,45.5658,11.9399,NA,CAMPOSAMPIERO,CAMPOSAMPIERO,NA,NA
2025-12-27 06:06:10,ST345UV,VEH005,RFD20241001301,Non Presente,NA,SERVIZI MERCATI,NA,45.5658,11.9399,NA,CAMPOSAMPIERO,CAMPOSAMPIERO,NA,NA
2025-12-27 06:20:33,EF456GH,VEH002,RFD20241001301,Non Presente,NA,VETRO PAP,NA,45.5657,11.9398,NA,CAMPOSAMPIERO,CAMPOSAMPIERO,NA,NA
2025-12-27 13:38:25,OP012QR,VEH004,RFD20250203302,Presente,SECCO,SECCO PAP,UTZ002,45.7285,11.6766,MAROSTICA,NOVE,BASSANO,1100,26
2025-12-27 13:55:38,OP012QR,VEH004,RFD20241005012,Presente,SECCO,SECCO PAP,UTZ035,45.8086,11.7288,POVE DEL GRAPPA,POVE DEL GRAPPA,BASSANO,1100,26
2025-12-27 14:44:36,OP012QR,VEH004,RFD20250203302,Presente,SECCO,SECCO PAP,UTZ002,45.7341,11.6914,MAROSTICA,BASSANO DEL GRAPPA,BASSANO,1100,26
2025-12-27 14:58:05,IL789MN,VEH003,RFD20241005169,Presente,VERDE E RAMAGLIE,VERDE PAP,UTZ008,45.6471,11.6823,POZZOLEONE,POZZOLEONE,BASSANO,240,26
2025-12-27 15:39:28,IL789MN,VEH003,RFD20241005144,Presente,VERDE E RAMAGLIE,VERDE PAP,UTZ013,45.4200,11.6830,CERVARESE SANTA CROCE,CERVARESE SANTA CROCE,RUBANO,240,26
2025-12-27 17:56:08,IL789MN,VEH003,RFD20241005064,Presente,VERDE E RAMAGLIE,VERDE PAP,UTZ010,45.3060,11.7336,GALZIGNANO TERME,GALZIGNANO TERME,RUBANO,240,26
2025-12-28 07:00:00,AB123CD,VEH001,RFD20241006147,Presente,CARTA,CARTA CONT.STRADALI,UTZ003,45.3315,11.7372,TORREGLIA,TORREGLIA,RUBANO,240,26
2025-12-28 07:24:01,AB123CD,VEH001,RFD20241006101,Presente,CARTA,CARTA CONT.STRADALI,UTZ012,45.5778,11.9329,CAMPOSAMPIERO,CAMPOSAMPIERO,CAMPOSAMPIERO,1100,26
2025-12-28 07:48:47,AB123CD,VEH001,RFD20241006174,Presente,CARTA,CARTA CONT.STRADALI,UTZ047,45.3070,11.7164,GALZIGNANO TERME,GALZIGNANO TERME,RUBANO,240,26
2025-12-28 08:46:42,AB123CD,VEH001,RFD20250713080,Presente,CARTA,CARTA CONT.STRADALI,UTZ001,45.4367,11.7482,MESTRINO,MESTRINO,RUBANO,240,26
2025-12-28 08:53:57,AB123CD,VEH001,RFD20241006168,Presente,CARTA,CARTA CONT.STRADALI,UTZ003,45.5470,12.0106,MASSANZAGO,MASSANZAGO,CAMPOSAMPIERO,1100,26
2025-12-28 09:19:28,AB123CD,VEH001,RFD20241020036,Presente,CARTA,CARTA CONT.STRADALI,UTZ007,45.6519,11.7818,CITTADELLA,CITTADELLA,CAMPOSAMPIERO,1100,26
2025-12-28 09:20:12,AB123CD,VEH001,RFD20241006180,Presente,CARTA,CARTA CONT.STRADALI,UTZ003,45.6361,11.7543,FONTANIVA,FONTANIVA,CAMPOSAMPIERO,240,26
2025-12-28 09:23:37,AB123CD,VEH001,RFD20241006192,Presente,CARTA,CARTA CONT.STRADALI,UTZ001,45.6512,11.8275,TOMBOLO,TOMBOLO,CAMPOSAMPIERO,1100,26
2025-12-28 09:37:40,AB123CD,VEH001,RFD20241006066,Presente,CARTA,CARTA CONT.STRADALI,UTZ011,45.3103,11.7321,GALZIGNANO TERME,GALZIGNANO TERME,RUBANO,1100,26
2025-12-28 09:53:50,AB123CD,VEH001,RFD20250713165,Presente,CARTA,CARTA CONT.STRADALI,UTZ004,45.8895,11.5499,GALLIO,GALLIO,ASIAGO,240,26
2025-12-28 10:18:08,AB123CD,VEH001,RFD20250713098,Presente,CARTA,CARTA CONT.STRADALI,UTZ001,45.6474,11.6825,POZZOLEONE,POZZOLEONE,BASSANO,1100,26
2025-12-28 10:38:03,AB123CD,VEH001,RFD20241006095,Presente,CARTA,CARTA CONT.STRADALI,UTZ034,45.4856,11.7455,CAMPODORO,CAMPODORO,RUBANO,1100,26
2025-12-28 11:35:12,AB123CD,VEH001,RFD20241006134,Presente,CARTA,CARTA CONT.STRADALI,UTZ001,45.5031,11.9010,CAMPODARSEGO,CAMPODARSEGO,CAMPOSAMPIERO,240,26
2025-12-29 06:06:29,AB123CD,VEH001,RFD20241001301,Non Presente,NA,SECCO PAP,NA,45.5658,11.9399,NA,CAMPOSAMPIERO,CAMPOSAMPIERO,NA,NA
2025-12-29 06:16:50,EF456GH,VEH002,RFD20241001301,Non Presente,NA,CARTA CONT.STRADALI,NA,45.5659,11.9398,NA,CAMPOSAMPIERO,CAMPOSAMPIERO,NA,NA
2025-12-29 06:33:20,IL789MN,VEH003,RFD20241007043,Presente,UMIDO,UMIDO PAP,UTZ001,45.7953,11.7345,POVE DEL GRAPPA,POVE DEL GRAPPA,BASSANO,240,26
2025-12-29 07:38:56,AB123CD,VEH001,RFD20241007126,Presente,SECCO,SECCO PAP,UTZ001,45.6477,11.6837,POZZOLEONE,POZZOLEONE,BASSANO,1100,26
2025-12-29 07:58:29,AB123CD,VEH001,RFD20241007113,Presente,SECCO,SECCO PAP,UTZ022,45.4247,11.7898,RUBANO,RUBANO,RUBANO,1100,26
2025-12-29 08:17:30,IL789MN,VEH003,RFD20241007142,Presente,UMIDO,UMIDO PAP,UTZ001,45.3361,11.7886,MONTEGROTTO TERME,MONTEGROTTO TERME,RUBANO,770,26
2025-12-29 08:59:19,AB123CD,VEH001,RFD20241007146,Presente,SECCO,SECCO PAP,UTZ018,45.3020,11.7334,GALZIGNANO TERME,GALZIGNANO TERME,RUBANO,240,26
2025-12-29 12:18:57,OP012QR,VEH004,RFD20241007090,Presente,SECCO,SECCO PAP,UTZ021,45.7165,11.6079,COLCERESA,COLCERESA,BASSANO,1100,26
2025-12-29 13:29:24,OP012QR,VEH004,RFD20241007190,Presente,CARTA,SECCO PAP,UTZ031,45.4335,11.7795,RUBANO,RUBANO,RUBANO,1100,26
2025-12-29 13:30:53,ST345UV,VEH005,RFD20241007039,Presente,VETRO,VETRO PAP,UTZ025,45.5289,11.9681,BORGORICCO,BORGORICCO,CAMPOSAMPIERO,770,26
2025-12-29 13:39:12,IL789MN,VEH003,RFD20250505199,Presente,UMIDO,UMIDO CONT.STRADALI,UTZ034,45.4281,11.7887,RUBANO,RUBANO,RUBANO,240,26
2025-12-29 13:41:15,OP012QR,VEH004,RFD20250203302,Presente,SECCO,SECCO PAP,UTZ002,45.7276,11.6824,MAROSTICA,NOVE,BASSANO,1100,26
2025-12-29 13:53:28,IL789MN,VEH003,RFD20241007067,Presente,UMIDO,UMIDO CONT.STRADALI,UTZ010,45.3910,11.7535,SACCOLONGO,SACCOLONGO,RUBANO,770,26
2025-12-29 14:32:32,IL789MN,VEH003,RFD20250825166,Presente,UMIDO,UMIDO CONT.STRADALI,UTZ002,45.5910,11.8072,SAN GIORGIO IN BOSCO,SAN GIORGIO IN BOSCO,CAMPOSAMPIERO,240,26
2025-12-29 15:10:18,ST345UV,VEH005,RFD20241007081,Presente,VETRO,VETRO PAP,UTZ003,45.7215,11.7650,ROSA',ROSA',BASSANO,1100,26
2025-12-29 15:12:58,ST345UV,VEH005,RFD20241007076,Presente,VETRO,VETRO PAP,UTZ001,45.7718,11.7306,BASSANO DEL GRAPPA,BASSANO DEL GRAPPA,BASSANO,1100,26
2025-12-29 15:14:31,IL789MN,VEH003,RFD20241007054,Presente,UMIDO,UMIDO CONT.STRADALI,UTZ013,45.6526,11.8166,TOMBOLO,TOMBOLO,CAMPOSAMPIERO,240,26
2025-12-29 15:38:36,IL789MN,VEH003,RFD20241007148,Presente,UMIDO,UMIDO CONT.STRADALI,UTZ025,45.7745,11.7213,BASSANO DEL GRAPPA,BASSANO DEL GRAPPA,BASSANO,240,26
2025-12-29 15:49:28,OP012QR,VEH004,RFD20250203302,Presente,SECCO,SECCO PAP,UTZ002,45.7295,11.6753,MAROSTICA,NOVE,BASSANO,1100,26
2025-12-29 16:57:41,OP012QR,VEH004,RFD20241007120,Presente,SECCO,SECCO PAP,UTZ002,45.4335,11.7853,RUBANO,RUBANO,RUBANO,1100,26
2025-12-30 06:13:14,ST345UV,VEH005,RFD20241001301,Non Presente,NA,PULIZIA TERRIT.,NA,45.5658,11.9399,NA,CAMPOSAMPIERO,CAMPOSAMPIERO,NA,NA
2025-12-30 06:18:40,AB123CD,VEH001,RFD20241008171,Presente,CARTA,CARTA/CARTONE PAP,UTZ023,45.7278,11.7644,ROSA',ROSA',BASSANO,240,26
2025-12-30 06:23:41,OP012QR,VEH004,RFD20241001301,Non Presente,NA,SECCO PAP,NA,45.5659,11.9399,NA,CAMPOSAMPIERO,CAMPOSAMPIERO,NA,NA
2025-12-30 08:49:44,AB123CD,VEH001,RFD20250901001,Presente,CARTA,CARTA/CARTONE PAP,UTZ001,45.7668,11.7341,BASSANO DEL GRAPPA,BASSANO DEL GRAPPA,BASSANO,240,26
2025-12-30 08:55:05,AB123CD,VEH001,RFD20241022136,Presente,CARTA,CARTA/CARTONE PAP,UTZ038,45.7888,11.7570,ROMANO D'EZZELINO,ROMANO D'EZZELINO,BASSANO,240,26
2025-12-30 09:07:19,EF456GH,VEH002,RFD20241008026,Presente,VETRO,VETRO PAP,UTZ008,45.7923,11.7305,POVE DEL GRAPPA,POVE DEL GRAPPA,BASSANO,1100,26
2025-12-30 10:14:21,IL789MN,VEH003,RFD20241008059,Presente,UMIDO,UMIDO PAP,UTZ001,45.4024,11.7944,SELVAZZANO DENTRO,SELVAZZANO DENTRO,RUBANO,240,26
2025-12-30 10:20:53,AB123CD,VEH001,RFD20241008062,Presente,CARTA,CARTA/CARTONE PAP,UTZ002,45.3629,11.6654,ROVOLON,ROVOLON,RUBANO,1100,26
2025-12-30 12:37:03,OP012QR,VEH004,RFD20250325228,Non Presente,NA,SECCO PAP,NA,45.4790,11.8450,NA,LIMENA,RUBANO,NA,NA
2025-12-30 13:02:34,ST345UV,VEH005,RFD20241008023,Presente,PLASTICA E METALLI,PLAST.CONT.STRADALI,UTZ027,45.3022,11.7243,GALZIGNANO TERME,GALZIGNANO TERME,RUBANO,770,26
2025-12-30 13:06:21,OP012QR,VEH004,RFD20241008077,Presente,SECCO,SECCO PAP,UTZ024,45.3616,11.6635,ROVOLON,ROVOLON,RUBANO,1100,26
2025-12-30 13:15:47,OP012QR,VEH004,RFD20241008155,Presente,SECCO,SECCO PAP,UTZ002,45.8753,11.5201,ASIAGO,ASIAGO,ASIAGO,240,26
2025-12-30 14:20:19,OP012QR,VEH004,RFD20241008102,Presente,SECCO,SECCO PAP,UTZ024,45.8898,11.6269,FOZA,FOZA,ASIAGO,1100,26
2025-12-30 14:59:33,IL789MN,VEH003,RFD20250715210,Non Presente,NA,PLASTICA PAP,NA,45.6514,11.7462,NA,FONTANIVA,CAMPOSAMPIERO,NA,NA
2025-12-30 15:49:38,ST345UV,VEH005,RFD20241008187,Presente,PLASTICA E METALLI,PLAST.CONT.STRADALI,UTZ002,45.6582,11.8263,GALLIERA VENETA,GALLIERA VENETA,CAMPOSAMPIERO,770,26
2025-12-30 16:12:01,IL789MN,VEH003,RFD20241008032,Presente,PLASTICA E METALLI,PLASTICA PAP,UTZ026,45.3983,11.7485,SACCOLONGO,SACCOLONGO,RUBANO,770,26
2025-12-30 16:16:32,OP012QR,VEH004,RFD20241008099,Presente,SECCO,SECCO PAP,UTZ015,45.7174,11.7676,ROSA',ROSA',BASSANO,1100,26
2025-12-30 16:48:40,OP012QR,VEH004,RFD20250203302,Presente,SECCO,SECCO PAP,UTZ002,45.7336,11.6708,MAROSTICA,MAROSTICA,BASSANO,1100,26
2025-12-30 16:50:58,OP012QR,VEH004,RFD20250203302,Presente,SECCO,SECCO PAP,UTZ002,45.7279,11.6778,MAROSTICA,NOVE,BASSANO,1100,26
2025-12-31 06:11:10,EF456GH,VEH002,RFD20241001301,Non Presente,NA,CARTA CONT.STRADALI,NA,45.5659,11.9400,NA,CAMPOSAMPIERO,CAMPOSAMPIERO,NA,NA
2025-12-31 06:18:54,OP012QR,VEH004,RFD20241001301,Non Presente,NA,SECCO PAP,NA,45.5658,11.9400,NA,CAMPOSAMPIERO,CAMPOSAMPIERO,NA,NA
2025-12-31 06:53:35,AB123CD,VEH001,RFD20250924162,Presente,SECCO,SECCO PAP,UTZ008,45.8578,11.4007,ROTZO,ROTZO,ASIAGO,1100,26
2025-12-31 07:34:17,AB123CD,VEH001,RFD20241009128,Presente,SECCO,SECCO PAP,UTZ002,45.4110,11.7370,SACCOLONGO,SACCOLONGO,RUBANO,1100,26
2025-12-31 08:26:00,AB123CD,VEH001,RFD20241009189,Presente,SECCO,SECCO PAP,UTZ002,45.4232,11.7901,RUBANO,RUBANO,RUBANO,1100,26
2025-12-31 09:30:19,AB123CD,VEH001,RFD20241009111,Presente,SECCO,SECCO PAP,UTZ042,45.6086,11.6743,SAN PIETRO IN GU,SAN PIETRO IN GU,CAMPOSAMPIERO,240,26
2025-12-31 09:55:44,AB123CD,VEH001,RFD20241009093,Presente,SECCO,SECCO PAP,UTZ040,45.7099,11.7972,ROSSANO VENETO,ROSSANO VENETO,BASSANO,1100,26
2025-12-31 10:39:27,AB123CD,VEH001,RFD20241009106,Presente,SECCO,SECCO PAP,UTZ004,45.7673,11.7352,BASSANO DEL GRAPPA,BASSANO DEL GRAPPA,BASSANO,240,26
2025-12-31 11:02:41,EF456GH,VEH002,RFD20241009218,Non Presente,NA,CARTA CONT.STRADALI,NA,45.5590,11.9136,NA,SANTA GIUSTINA IN COLLE,CAMPOSAMPIERO,NA,NA
2025-12-31 11:10:19,AB123CD,VEH001,RFD20241009108,Presente,SECCO,SECCO PAP,UTZ003,45.6955,11.7107,TEZZE SUL BRENTA,TEZZE SUL BRENTA,BASSANO,240,26
2025-12-31 13:37:14,OP012QR,VEH004,RFD20241009107,Presente,SECCO,SECCO PAP,UTZ033,45.5706,11.9321,CAMPOSAMPIERO,CAMPOSAMPIERO,CAMPOSAMPIERO,1100,26
2025-12-31 13:59:33,ST345UV,VEH005,RFD20241009150,Presente,VETRO,VETRO PAP,UTZ027,45.5791,11.9326,CAMPOSAMPIERO,CAMPOSAMPIERO,CAMPOSAMPIERO,1100,26
2025-12-31 14:25:26,IL789MN,VEH003,RFD20241009045,Presente,VERDE E RAMAGLIE,VERDE PAP,UTZ030,45.5617,12.0078,MASSANZAGO,MASSANZAGO,CAMPOSAMPIERO,240,26
2025-12-31 14:47:06,IL789MN,VEH003,RFD20241009205,Non Presente,NA,VERDE PAP,NA,45.8677,11.5019,NA,ASIAGO,ASIAGO,NA,NA
2025-12-31 15:35:51,OP012QR,VEH004,RFD20241009085,Presente,SECCO,SECCO PAP,UTZ016,45.4843,11.8336,LIMENA,LIMENA,RUBANO,1100,26
2025-12-31 16:47:22,OP012QR,VEH004,RFD20250203302,Presente,SECCO,SECCO PAP,UTZ002,45.7404,11.6631,MAROSTICA,MAROSTICA,BASSANO,1100,26
2025-12-31 18:03:57,OP012QR,VEH004,RFD20250203302,Presente,SECCO,SECCO PAP,UTZ002,45.7334,11.6710,MAROSTICA,MAROSTICA,BASSANO,1100,26
