RFID,giorno_lettura
RFD20241002049,2020-01-01 06:00:00
RFD20200101436,2020-01-01 09:04:33
RFD20241002105,2020-01-01 09:55:21
RFD20241016234,2020-01-01 14:30:08
RFD20241030037,2020-01-01 14:35:43
RFD20241030027,2020-01-01 17:17:30
RFD20241031097,2020-01-02 07:38:30
RFD20241003035,2020-01-02 08:55:51
RFD20241003096,2020-01-02 09:25:31
RFD20241003157,2020-01-02 09:42:15
RFD20200102414,2020-01-02 15:56:49
RFD20241003164,2020-01-02 16:59:28
RFD20200103411,2020-01-03 07:39:37
RFD20241004003,2020-01-03 08:20:36
RFD20200103423,2020-01-03 08:31:51
RFD20241004177,2020-01-03 15:01:11
RFD20200104444,2020-01-04 10:29:40
RFD20241005091,2020-01-04 12:10:47
RFD20200104416,2020-01-04 12:23:28
RFD20241005012,2020-01-04 13:37:03
RFD20241019135,2020-01-04 15:15:36
RFD20241005144,2020-01-04 15:33:28
RFD20241005169,2020-01-04 15:40:48
RFD20241006101,2020-01-05 07:15:56
RFD20241006168,2020-01-05 08:46:59
RFD20241006095,2020-01-05 10:54:40
RFD20241007043,2020-01-06 06:24:48
RFD20241007113,2020-01-06 08:06:57
RFD20241007146,2020-01-06 10:02:00
RFD20241007054,2020-01-06 14:34:48
RFD20241001072,2020-01-07 09:19:08
RFD20241001158,2020-01-07 14:10:14
RFD20241001058,2020-01-07 14:50:53
RFD20241015048,2020-01-07 15:08:27
RFD20200108422,2020-01-08 08:10:00
RFD20241009093,2020-01-08 09:24:38
RFD20241009108,2020-01-08 11:14:30
RFD20200108412,2020-01-08 13:38:03
RFD20241009150,2020-01-08 14:10:14
RFD20241009140,2020-01-08 15:59:08
RFD20241010109,2020-01-09 13:38:56
RFD20200109429,2020-01-09 13:49:03
RFD20241010119,2020-01-09 15:19:08
RFD20241011139,2020-01-10 09:44:36
RFD20241011182,2020-01-10 15:07:47
RFD20241011004,2020-01-10 18:04:17
RFD20200111433,2020-01-11 13:45:50
RFD20241012052,2020-01-11 16:18:19
RFD20241013030,2020-01-12 07:31:03
RFD20241014024,2020-01-13 13:46:23
RFD20241028145,2020-01-13 14:39:15
RFD20241028173,2020-01-13 15:00:38
RFD20241028163,2020-01-13 16:24:55
RFD20241008171,2020-01-14 06:16:53
RFD20200114425,2020-01-14 15:53:37
RFD20200101436,2020-01-15 09:04:31
RFD20241002105,2020-01-15 09:12:30
RFD20200115428,2020-01-15 09:12:31
RFD20241002184,2020-01-15 15:32:15
RFD20241017034,2020-01-16 08:51:31
RFD20241003157,2020-01-16 10:40:37
RFD20241003127,2020-01-16 13:32:53
RFD20241004044,2020-01-17 13:55:50
RFD20241004177,2020-01-17 14:24:20
RFD20200104416,2020-01-18 11:16:39
RFD20200118409,2020-01-18 12:13:52
RFD20241005012,2020-01-18 13:39:11
RFD20241005169,2020-01-18 15:01:21
RFD20241019135,2020-01-18 16:06:55
RFD20241005144,2020-01-18 16:13:39
RFD20241006168,2020-01-19 08:42:02
RFD20241006134,2020-01-19 10:54:53
RFD20200120445,2020-01-20 06:49:33
RFD20200120401,2020-01-20 08:34:59
RFD20241007054,2020-01-20 14:55:50
RFD20241007081,2020-01-20 15:15:44
RFD20241001103,2020-01-21 08:08:34
RFD20241001072,2020-01-21 10:20:12
RFD20241001122,2020-01-21 12:53:06
RFD20241001158,2020-01-21 14:38:36
RFD20200108422,2020-01-22 07:30:03
RFD20241009189,2020-01-22 08:30:13
RFD20241009108,2020-01-22 10:24:12
RFD20241009150,2020-01-22 13:48:11
RFD20200108412,2020-01-22 14:07:56
RFD20241010178,2020-01-23 13:28:47
RFD20241010022,2020-01-23 15:01:36
RFD20241010074,2020-01-23 16:46:49
RFD20241011132,2020-01-24 06:56:40
RFD20241025029,2020-01-24 07:41:36
RFD20241011176,2020-01-24 09:44:05
RFD20241025087,2020-01-24 13:56:32
RFD20241011182,2020-01-24 15:07:47
RFD20241025060,2020-01-24 15:31:33
RFD20241025031,2020-01-24 15:46:14
RFD20241025075,2020-01-24 16:29:20
RFD20241011004,2020-01-24 17:39:03
RFD20200125435,2020-01-25 13:46:08
RFD20241013030,2020-01-26 07:43:17
RFD20241013129,2020-01-26 08:33:22
RFD20200127434,2020-01-27 09:34:38
RFD20241014024,2020-01-27 12:22:44
RFD20241028173,2020-01-27 15:25:09
RFD20241008171,2020-01-28 06:17:08
RFD20241022136,2020-01-28 08:19:12
RFD20241008077,2020-01-28 12:54:31
RFD20241008102,2020-01-28 13:48:56
RFD20241002049,2020-01-29 06:54:38
RFD20241002078,2020-01-29 13:51:42
RFD20241002203,2020-01-29 14:00:24
RFD20241030037,2020-01-29 14:38:55
RFD20241002229,2020-01-29 14:45:23
RFD20241002184,2020-01-29 15:15:25
RFD20241031097,2020-01-30 09:20:00
RFD20241003035,2020-01-30 09:29:19
RFD20241003157,2020-01-30 10:40:47
RFD20241003127,2020-01-30 13:08:59
RFD20241003138,2020-01-30 14:30:09
RFD20241003164,2020-01-30 16:35:48
RFD20241004123,2020-01-31 08:26:57
RFD20200103423,2020-01-31 09:17:29
RFD20241004137,2020-01-31 11:18:00
RFD20200104444,2020-02-01 10:36:00
RFD20200104416,2020-02-01 11:38:24
RFD20200118409,2020-02-01 12:04:03
RFD20241005012,2020-02-01 14:24:59
RFD20241005169,2020-02-01 15:22:50
RFD20241019135,2020-02-01 15:30:52
RFD20241006101,2020-02-02 07:06:04
RFD20200120445,2020-02-03 06:55:39
RFD20241007113,2020-02-03 08:08:39
RFD20200120401,2020-02-03 08:22:25
RFD20241007090,2020-02-03 11:59:46
RFD20200203442,2020-02-03 13:05:25
RFD20241007039,2020-02-03 14:02:18
RFD20241007054,2020-02-03 15:21:56
RFD20241007081,2020-02-03 15:59:57
RFD20241015048,2020-02-04 15:12:17
RFD20241001058,2020-02-04 15:30:02
RFD20200108422,2020-02-05 07:56:15
RFD20241009093,2020-02-05 09:15:43
RFD20241009108,2020-02-05 10:33:31
RFD20241009227,2020-02-05 11:14:38
RFD20241009107,2020-02-05 13:56:42
RFD20241009140,2020-02-05 16:02:14
RFD20241010194,2020-02-06 09:45:10
RFD20241010178,2020-02-06 14:00:59
RFD20241010119,2020-02-06 16:10:42
RFD20241025029,2020-02-07 07:57:10
RFD20241011176,2020-02-07 09:43:36
RFD20241011182,2020-02-07 14:48:17
RFD20241025075,2020-02-07 17:20:08
RFD20241012082,2020-02-08 12:22:41
RFD20241012052,2020-02-08 16:26:31
RFD20241013129,2020-02-09 07:23:44
RFD20241013083,2020-02-09 08:36:59
RFD20241008208,2020-02-10 07:09:58
RFD20241014024,2020-02-10 13:22:56
RFD20241028145,2020-02-10 14:08:47
RFD20241028163,2020-02-10 17:07:11
RFD20241008171,2020-02-11 06:08:26
RFD20241008026,2020-02-11 08:38:38
RFD20241022136,2020-02-11 08:59:53
RFD20241008062,2020-02-11 10:50:46
RFD20241008077,2020-02-11 12:48:57
RFD20200114425,2020-02-11 16:15:34
RFD20200101436,2020-02-12 09:13:08
RFD20241002088,2020-02-12 11:08:46
RFD20241002203,2020-02-12 14:03:25
RFD20241016234,2020-02-12 14:45:14
RFD20241003141,2020-02-13 08:22:14
RFD20241017034,2020-02-13 08:36:53
RFD20241003096,2020-02-13 09:17:38
RFD20241003127,2020-02-13 13:24:44
RFD20241003138,2020-02-13 13:28:58
RFD20241004003,2020-02-14 09:08:06
RFD20241004137,2020-02-14 11:18:20
RFD20241004044,2020-02-14 13:50:53
RFD20241004177,2020-02-14 14:11:54
RFD20200104444,2020-02-15 09:18:57
RFD20200104416,2020-02-15 11:16:11
RFD20241005091,2020-02-15 12:17:13
RFD20241005169,2020-02-15 14:31:08
RFD20241006101,2020-02-16 06:55:53
RFD20241006168,2020-02-16 08:03:33
RFD20241006174,2020-02-16 08:20:27
RFD20241006095,2020-02-16 10:27:00
RFD20241006134,2020-02-16 11:29:52
RFD20241007142,2020-02-17 07:53:18
RFD20200120401,2020-02-17 08:39:13
RFD20241007146,2020-02-17 09:44:12
RFD20241007090,2020-02-17 12:14:40
RFD20200217438,2020-02-17 13:38:19
RFD20241007054,2020-02-17 15:08:11
RFD20241007120,2020-02-17 17:30:37
RFD20241001072,2020-02-18 09:41:18
RFD20241001122,2020-02-18 13:22:11
RFD20241001158,2020-02-18 13:51:43
RFD20241009189,2020-02-19 08:33:26
RFD20241009093,2020-02-19 09:51:19
RFD20241009108,2020-02-19 10:26:45
RFD20200219407,2020-02-19 12:41:49
RFD20241009150,2020-02-19 13:54:04
RFD20241024149,2020-02-20 08:16:48
RFD20200220408,2020-02-20 13:00:12
RFD20200220415,2020-02-20 13:29:57
RFD20241010178,2020-02-20 14:12:53
RFD20241010022,2020-02-20 14:27:01
RFD20241010109,2020-02-20 15:15:28
RFD20241011132,2020-02-21 07:19:10
RFD20241025029,2020-02-21 07:52:50
RFD20241025087,2020-02-21 14:22:44
RFD20241011182,2020-02-21 15:11:02
RFD20241012052,2020-02-22 15:44:55
RFD20241008208,2020-02-24 06:10:45
RFD20241014117,2020-02-24 09:53:45
RFD20200127434,2020-02-24 10:21:04
RFD20241008171,2020-02-25 06:00:00
RFD20241008062,2020-02-25 10:11:34
RFD20241002049,2020-02-26 06:20:41
RFD20241002105,2020-02-26 09:20:14
RFD20241002078,2020-02-26 13:14:11
RFD20241002184,2020-02-26 14:11:10
RFD20241002198,2020-02-26 16:48:15
RFD20241031097,2020-02-27 08:06:19
RFD20241003035,2020-02-27 08:55:09
RFD20241003096,2020-02-27 09:24:37
RFD20241003127,2020-02-27 13:46:12
RFD20241003138,2020-02-27 14:13:59
RFD20241003164,2020-02-27 16:21:54
RFD20241004123,2020-02-28 08:28:41
RFD20241004003,2020-02-28 09:02:46
RFD20241004044,2020-02-28 13:17:51
RFD20241004177,2020-02-28 14:54:45
RFD20241005091,2020-02-29 11:33:45
RFD20200104416,2020-02-29 12:23:29
RFD20241005012,2020-02-29 14:23:52
RFD20241005144,2020-02-29 15:37:10
RFD20241006101,2020-03-01 06:55:16
RFD20241006168,2020-03-01 08:58:02
RFD20241006095,2020-03-01 10:41:02
RFD20241006134,2020-03-01 11:07:12
RFD20241007146,2020-03-02 09:37:02
RFD20241007090,2020-03-02 12:35:24
RFD20241007039,2020-03-02 13:40:33
RFD20241007120,2020-03-02 17:22:08
RFD20241001103,2020-03-03 08:13:17
RFD20241001072,2020-03-03 09:43:24
RFD20241001122,2020-03-03 13:00:46
RFD20241015048,2020-03-03 14:57:16
RFD20241001058,2020-03-03 15:50:01
RFD20241009108,2020-03-04 10:13:19
RFD20200219407,2020-03-04 12:54:29
RFD20241009150,2020-03-04 13:37:03
RFD20200108412,2020-03-04 13:42:37
RFD20241010194,2020-03-05 10:16:51
RFD20200220408,2020-03-05 12:40:27
RFD20200220415,2020-03-05 13:15:06
RFD20241010178,2020-03-05 13:45:40
RFD20241010109,2020-03-05 14:55:07
RFD20241010154,2020-03-05 15:17:48
RFD20241011132,2020-03-06 07:16:10
RFD20241025029,2020-03-06 07:48:45
RFD20241011182,2020-03-06 15:00:07
RFD20241011004,2020-03-06 17:28:26
RFD20241012082,2020-03-07 12:03:19
RFD20241012052,2020-03-07 16:38:46
RFD20241013129,2020-03-08 07:18:46
RFD20241013030,2020-03-08 08:47:25
RFD20241013083,2020-03-08 08:50:16
RFD20241014011,2020-03-09 09:10:30
RFD20200127434,2020-03-09 09:47:32
RFD20241028145,2020-03-09 14:41:28
RFD20241028173,2020-03-09 15:07:07
RFD20241028163,2020-03-09 16:22:54
RFD20241008171,2020-03-10 06:22:17
RFD20241008026,2020-03-10 09:22:57
RFD20241008062,2020-03-10 10:59:00
RFD20241008077,2020-03-10 13:21:55
RFD20241008102,2020-03-10 13:28:25
RFD20200114425,2020-03-10 15:54:57
RFD20241002049,2020-03-11 07:11:56
RFD20241002071,2020-03-11 07:55:19
RFD20200115428,2020-03-11 08:34:39
RFD20241002105,2020-03-11 09:26:26
RFD20241002184,2020-03-11 14:35:41
RFD20241002229,2020-03-11 15:33:22
RFD20241003141,2020-03-12 08:36:13
RFD20241017034,2020-03-12 08:52:00
RFD20241003096,2020-03-12 08:52:07
RFD20241003127,2020-03-12 13:39:14
RFD20241003164,2020-03-12 16:44:22
RFD20200103411,2020-03-13 07:12:13
RFD20241004137,2020-03-13 11:15:36
RFD20241004044,2020-03-13 14:06:09
RFD20241004177,2020-03-13 14:37:08
RFD20200104444,2020-03-14 10:16:20
RFD20241005091,2020-03-14 12:47:40
RFD20241005012,2020-03-14 14:47:42
RFD20241019135,2020-03-14 15:01:12
RFD20241006101,2020-03-15 07:03:54
RFD20241006174,2020-03-15 08:36:00
RFD20241007113,2020-03-16 07:55:52
RFD20241007146,2020-03-16 09:42:49
RFD20241007090,2020-03-16 13:19:14
RFD20200217438,2020-03-16 14:35:42
RFD20241007054,2020-03-16 15:09:07
RFD20241001072,2020-03-17 10:11:22
RFD20241001158,2020-03-17 14:23:08
RFD20241015048,2020-03-17 15:45:20
RFD20200317427,2020-03-17 16:21:11
RFD20241009189,2020-03-18 08:47:28
RFD20241009093,2020-03-18 10:26:31
RFD20200219407,2020-03-18 13:01:22
RFD20241009150,2020-03-18 13:45:46
RFD20241009107,2020-03-18 14:26:13
RFD20241024149,2020-03-19 07:40:59
RFD20241010154,2020-03-19 15:16:48
RFD20241010119,2020-03-19 15:25:01
RFD20241010074,2020-03-19 17:08:44
RFD20241011132,2020-03-20 06:51:42
RFD20241025029,2020-03-20 08:21:01
RFD20241025087,2020-03-20 14:03:29
RFD20241025031,2020-03-20 15:28:34
RFD20241011019,2020-03-20 16:09:54
RFD20241012052,2020-03-21 15:30:19
RFD20241013030,2020-03-22 08:10:47
RFD20241013083,2020-03-22 08:55:44
RFD20241014117,2020-03-23 09:28:59
RFD20241008171,2020-03-24 06:31:09
RFD20241022136,2020-03-24 09:21:13
RFD20241008062,2020-03-24 10:15:06
RFD20241008077,2020-03-24 12:35:24
RFD20241002105,2020-03-25 09:27:32
RFD20241002229,2020-03-25 14:44:59
RFD20241030027,2020-03-25 17:58:36
RFD20241031097,2020-03-26 08:05:47
RFD20241003141,2020-03-26 08:15:53
RFD20241003096,2020-03-26 08:39:07
RFD20241003035,2020-03-26 09:39:07
RFD20241003164,2020-03-26 16:11:04
RFD20241004003,2020-03-27 07:52:20
RFD20241004123,2020-03-27 08:49:48
RFD20200103423,2020-03-27 09:09:18
RFD20241004159,2020-03-27 10:01:01
RFD20241004044,2020-03-27 13:33:38
RFD20241004177,2020-03-27 14:58:58
RFD20200104444,2020-03-28 10:21:18
RFD20241005012,2020-03-28 14:03:13
RFD20241019135,2020-03-28 14:50:18
RFD20241005169,2020-03-28 14:50:20
RFD20241005144,2020-03-28 15:53:14
RFD20241006101,2020-03-29 06:10:06
RFD20241006174,2020-03-29 08:13:14
RFD20241007043,2020-03-30 06:34:43
RFD20200120445,2020-03-30 07:23:26
RFD20241007142,2020-03-30 08:06:34
RFD20200120401,2020-03-30 08:08:27
RFD20241007146,2020-03-30 09:23:59
RFD20241007090,2020-03-30 12:01:24
RFD20241007039,2020-03-30 13:14:47
RFD20241007081,2020-03-30 15:46:35
RFD20241007120,2020-03-30 17:19:12
RFD20241001103,2020-03-31 08:04:33
RFD20241001072,2020-03-31 09:52:49
RFD20241001122,2020-03-31 13:12:27
RFD20241001058,2020-03-31 15:19:28
RFD20200108422,2020-04-01 07:28:47
RFD20241009093,2020-04-01 08:46:18
RFD20241009108,2020-04-01 10:55:14
RFD20241009227,2020-04-01 11:18:15
RFD20241009107,2020-04-01 13:42:23
RFD20241009150,2020-04-01 14:10:00
RFD20200220408,2020-04-02 12:27:50
RFD20241010022,2020-04-02 14:44:52
RFD20241010109,2020-04-02 15:05:54
RFD20241025170,2020-04-03 08:34:38
RFD20241011176,2020-04-03 10:18:48
RFD20241025196,2020-04-03 11:54:25
RFD20241011019,2020-04-03 15:47:34
RFD20241011004,2020-04-03 17:25:47
RFD20241012082,2020-04-04 12:01:54
RFD20241012052,2020-04-04 15:28:04
RFD20241013030,2020-04-05 08:03:56
RFD20241013083,2020-04-05 08:23:51
RFD20241014117,2020-04-06 09:39:22
RFD20200127434,2020-04-06 09:47:31
RFD20241028145,2020-04-06 14:28:07
RFD20241028173,2020-04-06 14:36:08
RFD20241028163,2020-04-06 16:36:50
RFD20241008026,2020-04-07 08:57:24
RFD20241008062,2020-04-07 10:25:22
RFD20241008102,2020-04-07 13:18:14
RFD20241008005,2020-04-07 15:03:28
RFD20200114425,2020-04-07 16:02:16
RFD20241002049,2020-04-08 06:34:15
RFD20241002071,2020-04-08 07:58:47
RFD20241002088,2020-04-08 11:28:08
RFD20241030037,2020-04-08 14:53:26
RFD20241002184,2020-04-08 14:57:35
RFD20241002229,2020-04-08 15:14:10
RFD20241002198,2020-04-08 17:15:16
RFD20241030027,2020-04-08 17:47:16
RFD20241003096,2020-04-09 08:32:16
RFD20241003127,2020-04-09 14:02:52
RFD20200102414,2020-04-09 16:00:32
RFD20241003164,2020-04-09 16:52:46
RFD20200409441,2020-04-09 16:53:13
RFD20200103411,2020-04-10 07:16:33
RFD20241004044,2020-04-10 14:11:39
RFD20241004177,2020-04-10 14:11:58
RFD20200104444,2020-04-11 10:39:01
RFD20200104416,2020-04-11 11:40:36
RFD20241005012,2020-04-11 13:48:00
RFD20241005169,2020-04-11 14:38:24
RFD20241006101,2020-04-12 07:43:56
RFD20241006174,2020-04-12 08:09:11
RFD20241006134,2020-04-12 09:50:14
RFD20241006095,2020-04-12 11:43:13
RFD20200120445,2020-04-13 06:32:55
RFD20241007043,2020-04-13 06:38:01
RFD20200120401,2020-04-13 07:37:40
RFD20241007113,2020-04-13 08:44:03
RFD20241007146,2020-04-13 09:13:42
RFD20241007090,2020-04-13 12:35:17
RFD20241007054,2020-04-13 14:57:05
RFD20241007081,2020-04-13 15:48:53
RFD20241007120,2020-04-13 17:10:33
RFD20241001122,2020-04-14 12:59:57
RFD20241001158,2020-04-14 14:04:03
RFD20200317427,2020-04-14 16:56:45
RFD20200108422,2020-04-15 06:59:32
RFD20241009108,2020-04-15 10:53:03
RFD20241009150,2020-04-15 13:52:31
RFD20241009107,2020-04-15 14:24:38
RFD20241009140,2020-04-15 16:09:14
RFD20200220415,2020-04-16 13:07:51
RFD20241010109,2020-04-16 14:07:16
RFD20200109429,2020-04-16 14:59:18
RFD20241025029,2020-04-17 07:17:04
RFD20241011139,2020-04-17 09:45:44
RFD20241025087,2020-04-17 14:15:23
RFD20241025031,2020-04-17 15:09:33
RFD20241011182,2020-04-17 15:15:20
RFD20241025075,2020-04-17 16:34:50
RFD20241011004,2020-04-17 18:12:13
RFD20241013030,2020-04-19 08:29:44
RFD20241007126,2020-04-20 07:05:31
RFD20241014011,2020-04-20 08:52:33
RFD20241014117,2020-04-20 09:33:27
RFD20200127434,2020-04-20 10:16:50
RFD20241014024,2020-04-20 13:30:22
RFD20241028173,2020-04-20 14:56:44
RFD20241008171,2020-04-21 06:32:41
RFD20241022136,2020-04-21 08:27:00
RFD20241008102,2020-04-21 13:01:26
RFD20241002105,2020-04-22 08:56:18
RFD20241003141,2020-04-23 08:07:11
RFD20241010068,2020-04-23 08:26:33
RFD20241031097,2020-04-23 08:29:45
RFD20241003157,2020-04-23 10:00:31
RFD20241003127,2020-04-23 12:16:53
RFD20200103411,2020-04-24 07:18:48
RFD20241004123,2020-04-24 08:21:23
RFD20241004003,2020-04-24 08:42:02
RFD20200103423,2020-04-24 09:04:22
RFD20241004159,2020-04-24 10:06:27
RFD20241004137,2020-04-24 10:31:36
RFD20200424419,2020-04-24 10:42:23
RFD20241004044,2020-04-24 13:37:01
RFD20241004177,2020-04-24 14:47:41
RFD20200104444,2020-04-25 09:55:16
RFD20241005012,2020-04-25 13:28:39
RFD20241005169,2020-04-25 15:27:07
RFD20241006174,2020-04-26 07:47:39
RFD20200120445,2020-04-27 06:37:59
RFD20241007043,2020-04-27 07:02:40
RFD20200120401,2020-04-27 08:30:17
RFD20241007090,2020-04-27 12:22:06
RFD20241007081,2020-04-27 15:02:16
RFD20241007054,2020-04-27 15:27:49
RFD20241001103,2020-04-28 07:35:06
RFD20241001122,2020-04-28 14:04:41
RFD20241001158,2020-04-28 14:44:52
RFD20241001058,2020-04-28 15:01:19
RFD20241009189,2020-04-29 08:32:35
RFD20200219407,2020-04-29 13:28:22
RFD20241009150,2020-04-29 14:04:35
RFD20241009107,2020-04-29 14:29:03
RFD20200220408,2020-04-30 12:39:06
RFD20241010022,2020-04-30 13:49:01
RFD20241010109,2020-04-30 14:20:05
RFD20200109429,2020-04-30 14:38:47
RFD20241010154,2020-04-30 14:43:58
RFD20241011132,2020-05-01 06:55:16
RFD20241025170,2020-05-01 08:16:16
RFD20241025075,2020-05-01 17:06:16
RFD20200125435,2020-05-02 13:26:58
RFD20241012052,2020-05-02 15:31:13
RFD20241013030,2020-05-03 07:43:26
RFD20200127434,2020-05-04 09:43:35
RFD20241028173,2020-05-04 14:20:34
RFD20241022136,2020-05-05 09:03:56
RFD20241008062,2020-05-05 10:45:46
RFD20200114425,2020-05-05 15:40:15
RFD20241002105,2020-05-06 09:44:23
RFD20200101436,2020-05-06 09:59:11
RFD20241002229,2020-05-06 14:53:26
RFD20241031097,2020-05-07 08:17:14
RFD20241003141,2020-05-07 08:18:57
RFD20241003127,2020-05-07 13:07:45
RFD20200507431,2020-05-07 14:37:57
RFD20200102414,2020-05-07 15:56:31
RFD20241003164,2020-05-07 16:47:14
RFD20241004003,2020-05-08 07:55:37
RFD20200103411,2020-05-08 08:11:19
RFD20241004123,2020-05-08 08:52:20
RFD20241004137,2020-05-08 10:01:35
RFD20200424419,2020-05-08 10:53:28
RFD20241004044,2020-05-08 13:49:55
RFD20200104444,2020-05-09 09:51:05
RFD20200104416,2020-05-09 11:02:11
RFD20200118409,2020-05-09 11:50:51
RFD20241005012,2020-05-09 13:30:24
RFD20241019135,2020-05-09 15:48:16
RFD20241006101,2020-05-10 06:55:39
RFD20241006168,2020-05-10 07:57:58
RFD20241006134,2020-05-10 10:54:22
RFD20200120401,2020-05-11 08:49:40
RFD20241007146,2020-05-11 09:00:28
RFD20241007090,2020-05-11 11:57:20
RFD20241007039,2020-05-11 13:46:05
RFD20200203442,2020-05-11 14:05:27
RFD20241007054,2020-05-11 14:49:25
RFD20241007081,2020-05-11 14:57:39
RFD20241001122,2020-05-12 12:37:43
RFD20241001058,2020-05-12 14:38:14
RFD20200108422,2020-05-13 07:57:02
RFD20241009093,2020-05-13 10:09:44
RFD20241009227,2020-05-13 10:51:19
RFD20241009108,2020-05-13 11:39:54
RFD20241009107,2020-05-13 13:51:08
RFD20241009150,2020-05-13 14:53:13
RFD20241010194,2020-05-14 10:06:11
RFD20200220415,2020-05-14 12:33:27
RFD20241010178,2020-05-14 13:48:09
RFD20241010022,2020-05-14 13:50:15
RFD20241010109,2020-05-14 15:01:11
RFD20241011132,2020-05-15 07:33:37
RFD20241011176,2020-05-15 09:56:04
RFD20241025087,2020-05-15 12:56:18
RFD20241025031,2020-05-15 15:08:38
RFD20241025075,2020-05-15 16:45:05
RFD20241011004,2020-05-15 18:07:23
RFD20241012082,2020-05-16 12:34:40
RFD20200125435,2020-05-16 14:02:12
RFD20200111433,2020-05-16 14:15:42
RFD20241012052,2020-05-16 15:59:25
RFD20241013129,2020-05-17 07:43:19
RFD20241013030,2020-05-17 08:18:00
RFD20241008208,2020-05-18 06:52:31
RFD20241007126,2020-05-18 07:01:29
RFD20241014117,2020-05-18 09:38:32
RFD20241028163,2020-05-18 16:20:28
RFD20241008171,2020-05-19 06:36:37
RFD20200115428,2020-05-20 08:46:15
RFD20241002105,2020-05-20 09:22:06
RFD20241002203,2020-05-20 12:47:03
RFD20241016234,2020-05-20 14:26:08
RFD20241030027,2020-05-20 17:40:01
RFD20241003035,2020-05-21 08:29:12
RFD20241003096,2020-05-21 09:26:15
RFD20241003157,2020-05-21 09:55:03
RFD20200102414,2020-05-21 15:29:52
RFD20241003164,2020-05-21 16:30:24
RFD20200409441,2020-05-21 16:57:27
RFD20200103423,2020-05-22 08:31:38
RFD20241004003,2020-05-22 09:13:20
RFD20200424419,2020-05-22 10:08:30
RFD20241004137,2020-05-22 10:41:14
RFD20200104444,2020-05-23 09:57:32
RFD20200104416,2020-05-23 11:42:52
RFD20241005091,2020-05-23 12:34:58
RFD20241005012,2020-05-23 13:36:56
RFD20241005169,2020-05-23 14:56:52
RFD20241006174,2020-05-24 06:57:00
RFD20241006101,2020-05-24 07:02:33
RFD20200120445,2020-05-25 06:13:56
RFD20241007043,2020-05-25 06:33:22
RFD20200120401,2020-05-25 08:15:25
RFD20241007142,2020-05-25 08:37:23
RFD20241007146,2020-05-25 09:44:48
RFD20241007039,2020-05-25 12:51:43
RFD20241007054,2020-05-25 14:20:58
RFD20241001158,2020-05-26 14:14:15
RFD20241001058,2020-05-26 15:57:08
RFD20241009093,2020-05-27 09:49:59
RFD20241009108,2020-05-27 11:05:33
RFD20200220415,2020-05-28 12:20:40
RFD20241010074,2020-05-28 16:03:03
RFD20241011176,2020-05-29 09:19:31
RFD20241025196,2020-05-29 11:31:40
RFD20241011004,2020-05-29 18:47:28
RFD20200111433,2020-05-30 13:57:54
RFD20241012052,2020-05-30 16:04:27
RFD20241013129,2020-05-31 07:55:13
RFD20241013030,2020-05-31 08:38:43
RFD20241007126,2020-06-01 06:54:48
RFD20241014024,2020-06-01 12:30:53
RFD20241028173,2020-06-01 14:57:38
RFD20241008062,2020-06-02 11:08:17
RFD20241002049,2020-06-03 06:44:31
RFD20200115428,2020-06-03 08:41:27
RFD20200101436,2020-06-03 09:40:40
RFD20241002105,2020-06-03 09:52:24
RFD20241002229,2020-06-03 14:49:47
RFD20241030027,2020-06-03 17:58:51
RFD20241010068,2020-06-04 07:35:11
RFD20241003141,2020-06-04 08:00:02
RFD20241017034,2020-06-04 09:12:20
RFD20241003096,2020-06-04 09:15:06
RFD20241003157,2020-06-04 10:01:49
RFD20241003127,2020-06-04 13:24:00
RFD20241003164,2020-06-04 15:53:14
RFD20200409441,2020-06-04 16:50:32
RFD20241004137,2020-06-05 10:39:32
RFD20200424419,2020-06-05 10:58:13
RFD20241004177,2020-06-05 14:56:31
RFD20200118409,2020-06-06 12:27:01
RFD20241005091,2020-06-06 12:38:12
RFD20241005012,2020-06-06 14:05:09
RFD20241005144,2020-06-06 15:57:51
RFD20241005169,2020-06-06 16:07:47
RFD20241006101,2020-06-07 07:40:18
RFD20241006095,2020-06-07 11:02:00
RFD20241006134,2020-06-07 11:02:57
RFD20241007113,2020-06-08 07:51:48
RFD20200120401,2020-06-08 08:41:28
RFD20241007090,2020-06-08 12:38:04
RFD20241007039,2020-06-08 13:11:07
RFD20241007081,2020-06-08 15:02:51
RFD20241001158,2020-06-09 14:30:15
RFD20241009189,2020-06-10 08:27:56
RFD20241009093,2020-06-10 08:43:34
RFD20241009107,2020-06-10 13:56:49
RFD20241009150,2020-06-10 13:59:15
RFD20241010194,2020-06-11 09:58:45
RFD20241010178,2020-06-11 13:57:33
RFD20241010109,2020-06-11 14:31:32
RFD20241010119,2020-06-11 15:11:30
RFD20200109429,2020-06-11 15:33:36
RFD20241011132,2020-06-12 07:34:00
RFD20241011176,2020-06-12 09:52:50
RFD20241025060,2020-06-12 15:31:51
RFD20241025075,2020-06-12 17:17:07
RFD20241012082,2020-06-13 12:07:58
RFD20200111433,2020-06-13 13:39:29
RFD20241012052,2020-06-13 15:10:48
RFD20241013030,2020-06-14 08:51:11
RFD20241007126,2020-06-15 07:12:23
RFD20241014117,2020-06-15 09:27:51
RFD20241028145,2020-06-15 14:51:37
RFD20241008171,2020-06-16 06:43:24
RFD20241008026,2020-06-16 09:01:47
RFD20241210020,2020-06-16 09:53:31
RFD20241008062,2020-06-16 11:11:23
RFD20200114425,2020-06-16 16:13:15
RFD20241002049,2020-06-17 06:28:51
RFD20200101436,2020-06-17 08:40:00
RFD20241002105,2020-06-17 09:24:29
RFD20241002078,2020-06-17 13:22:21
RFD20241016234,2020-06-17 13:51:44
RFD20241002229,2020-06-17 14:16:30
RFD20241030037,2020-06-17 14:43:11
RFD20241002184,2020-06-17 14:54:46
RFD20241003096,2020-06-18 09:36:41
RFD20241003035,2020-06-18 10:18:27
RFD20241003127,2020-06-18 13:09:18
RFD20241003138,2020-06-18 14:11:33
RFD20200102414,2020-06-18 15:28:14
RFD20241003164,2020-06-18 16:09:26
RFD20200103411,2020-06-19 07:18:07
RFD20200103423,2020-06-19 08:08:36
RFD20241004123,2020-06-19 08:12:15
RFD20241004003,2020-06-19 08:52:07
RFD20241004137,2020-06-19 10:53:43
RFD20241004177,2020-06-19 14:47:33
RFD20200104416,2020-06-20 11:49:58
RFD20241005012,2020-06-20 14:05:43
RFD20241019135,2020-06-20 15:04:42
RFD20241005169,2020-06-20 15:24:35
RFD20241006101,2020-06-21 07:36:44
RFD20241006168,2020-06-21 08:26:47
RFD20241006095,2020-06-21 11:20:49
RFD20241007043,2020-06-22 06:50:40
RFD20200120445,2020-06-22 07:20:47
RFD20241007113,2020-06-22 08:12:47
RFD20200203442,2020-06-22 12:04:39
RFD20241007039,2020-06-22 13:25:34
RFD20241007054,2020-06-22 15:42:04
RFD20241007081,2020-06-22 15:43:13
RFD20241007120,2020-06-22 17:09:59
RFD20241001072,2020-06-23 10:02:34
RFD20241001158,2020-06-23 13:48:08
RFD20241015048,2020-06-23 15:02:39
RFD20241001058,2020-06-23 15:17:30
RFD20200108422,2020-06-24 07:11:27
RFD20241009189,2020-06-24 08:17:20
RFD20241009150,2020-06-24 14:20:01
RFD20241010178,2020-06-25 13:57:37
RFD20200109429,2020-06-25 14:09:56
RFD20241010109,2020-06-25 14:47:53
RFD20241010119,2020-06-25 15:12:39
RFD20241010074,2020-06-25 16:51:47
RFD20241011176,2020-06-26 09:12:11
RFD20241025196,2020-06-26 10:51:56
RFD20241011019,2020-06-26 16:03:00
RFD20241025075,2020-06-26 16:45:35
RFD20241011004,2020-06-26 17:20:03
RFD20241012052,2020-06-27 15:56:08
RFD20241013083,2020-06-28 08:18:24
RFD20241007126,2020-06-29 06:50:50
RFD20241014011,2020-06-29 08:48:08
RFD20200127434,2020-06-29 09:27:59
RFD20241028173,2020-06-29 14:35:53
RFD20241028163,2020-06-29 16:50:04
RFD20241008171,2020-06-30 06:23:26
RFD20241008026,2020-06-30 08:58:12
RFD20200114425,2020-06-30 15:54:47
RFD20241002049,2020-07-01 07:01:09
RFD20241002078,2020-07-01 13:39:33
RFD20241002184,2020-07-01 14:59:30
RFD20241017034,2020-07-02 08:01:24
RFD20241003127,2020-07-02 13:40:08
RFD20200102414,2020-07-02 15:23:57
RFD20241003164,2020-07-02 15:47:18
RFD20200409441,2020-07-02 17:22:35
RFD20241004003,2020-07-03 08:34:56
RFD20200103423,2020-07-03 08:48:27
RFD20200424419,2020-07-03 10:05:14
RFD20241004044,2020-07-03 13:48:06
RFD20241004177,2020-07-03 14:24:33
RFD20200104416,2020-07-04 12:25:44
RFD20241005091,2020-07-04 12:44:11
RFD20241005012,2020-07-04 14:24:37
RFD20241005169,2020-07-04 15:53:21
RFD20241006174,2020-07-05 08:15:06
RFD20241006168,2020-07-05 09:45:10
RFD20241006095,2020-07-05 10:41:05
RFD20200120445,2020-07-06 07:12:45
RFD20241007113,2020-07-06 07:55:09
RFD20241007090,2020-07-06 12:26:54
RFD20241007039,2020-07-06 13:17:01
RFD20241007081,2020-07-06 16:10:45
RFD20241007120,2020-07-06 16:41:40
RFD20241001122,2020-07-07 12:59:27
RFD20241009189,2020-07-08 07:41:47
RFD20241009093,2020-07-08 10:01:08
RFD20241009108,2020-07-08 10:12:48
RFD20241009150,2020-07-08 14:41:17
RFD20241024149,2020-07-09 08:27:27
RFD20241010178,2020-07-09 13:16:01
RFD20241010109,2020-07-09 15:08:25
RFD20241010074,2020-07-09 16:16:10
RFD20241011132,2020-07-10 07:16:09
RFD20241025029,2020-07-10 08:01:54
RFD20241011176,2020-07-10 09:10:16
RFD20241025196,2020-07-10 12:15:44
RFD20241025087,2020-07-10 13:53:15
RFD20241011182,2020-07-10 14:47:48
RFD20200125435,2020-07-11 13:28:26
RFD20241012052,2020-07-11 15:46:08
RFD20241013129,2020-07-12 07:05:32
RFD20241013030,2020-07-12 08:12:28
RFD20241014117,2020-07-13 08:56:27
RFD20241014011,2020-07-13 09:32:08
RFD20241014024,2020-07-13 13:41:19
RFD20241028173,2020-07-13 15:40:05
RFD20241008171,2020-07-14 06:46:08
RFD20241008026,2020-07-14 08:09:25
RFD20241022136,2020-07-14 08:31:00
RFD20241002105,2020-07-15 08:56:03
RFD20200101436,2020-07-15 10:01:14
RFD20241002184,2020-07-15 14:43:14
RFD20241002229,2020-07-15 15:29:13
RFD20241030037,2020-07-15 15:37:41
RFD20241031097,2020-07-16 08:09:19
RFD20241003141,2020-07-16 08:35:40
RFD20241003157,2020-07-16 10:42:25
RFD20200507431,2020-07-16 13:40:39
RFD20241003127,2020-07-16 13:44:54
RFD20241003138,2020-07-16 14:03:15
RFD20200102414,2020-07-16 16:02:11
RFD20200409441,2020-07-16 17:06:07
RFD20241003164,2020-07-16 17:15:22
RFD20200103411,2020-07-17 07:12:23
RFD20200424419,2020-07-17 10:28:05
RFD20241004159,2020-07-17 10:40:47
RFD20241004137,2020-07-17 11:06:49
RFD20200104444,2020-07-18 10:32:25
RFD20200104416,2020-07-18 11:29:17
RFD20241005012,2020-07-18 13:46:25
RFD20241005169,2020-07-18 14:52:40
RFD20241006174,2020-07-19 08:10:17
RFD20241006134,2020-07-19 11:47:21
RFD20200120401,2020-07-20 08:06:29
RFD20241001103,2020-07-21 07:57:36
RFD20241001072,2020-07-21 09:35:57
RFD20241001158,2020-07-21 14:08:52
RFD20241001058,2020-07-21 14:38:39
RFD20200108422,2020-07-22 08:00:25
RFD20241009093,2020-07-22 09:40:34
RFD20241009108,2020-07-22 10:08:06
RFD20241009227,2020-07-22 11:22:57
RFD20200219407,2020-07-22 12:42:12
RFD20241009150,2020-07-22 13:05:26
RFD20241009107,2020-07-22 13:20:26
RFD20200108412,2020-07-22 14:37:11
RFD20241009140,2020-07-22 15:41:14
RFD20200220415,2020-07-23 13:25:31
RFD20241010119,2020-07-23 15:23:33
RFD20241025029,2020-07-24 08:21:18
RFD20241011139,2020-07-24 09:50:33
RFD20241011182,2020-07-24 15:25:29
RFD20241011019,2020-07-24 16:33:31
RFD20200111433,2020-07-25 13:46:59
RFD20241012052,2020-07-25 16:39:38
RFD20241013030,2020-07-26 07:37:13
RFD20241013129,2020-07-26 07:49:33
RFD20241013083,2020-07-26 08:33:26
RFD20200127434,2020-07-27 09:29:46
RFD20241014117,2020-07-27 09:32:58
RFD20241014024,2020-07-27 13:14:29
RFD20241028145,2020-07-27 15:52:31
RFD20241028163,2020-07-27 16:34:35
RFD20241008171,2020-07-28 06:04:10
RFD20241022136,2020-07-28 09:14:55
RFD20241008062,2020-07-28 11:24:36
RFD20241002049,2020-07-29 06:41:56
RFD20241002078,2020-07-29 13:23:56
RFD20241002184,2020-07-29 15:10:28
RFD20241030027,2020-07-29 16:57:03
RFD20241031097,2020-07-30 08:08:39
RFD20241017034,2020-07-30 09:29:44
RFD20241003157,2020-07-30 11:27:01
RFD20241003164,2020-07-30 16:10:49
RFD20200103423,2020-07-31 08:42:08
RFD20241004003,2020-07-31 08:54:36
RFD20241004123,2020-07-31 08:58:35
RFD20200424419,2020-07-31 10:14:17
RFD20241004044,2020-07-31 13:57:48
RFD20200104444,2020-08-01 09:46:04
RFD20200104416,2020-08-01 11:26:11
RFD20241005169,2020-08-01 15:26:23
RFD20200120401,2020-08-03 08:23:23
RFD20241007142,2020-08-03 08:42:44
RFD20241007146,2020-08-03 09:34:50
RFD20241007090,2020-08-03 12:34:16
RFD20241007039,2020-08-03 13:32:27
RFD20241007054,2020-08-03 14:42:38
RFD20241007081,2020-08-03 15:20:53
RFD20241001122,2020-08-04 13:23:37
RFD20241001158,2020-08-04 14:32:20
RFD20241015048,2020-08-04 14:47:14
RFD20241001058,2020-08-04 15:16:03
RFD20200108422,2020-08-05 08:33:24
RFD20241009189,2020-08-05 08:39:15
RFD20241009108,2020-08-05 10:28:36
RFD20241009107,2020-08-05 13:06:10
RFD20241009150,2020-08-05 14:43:46
RFD20241010194,2020-08-06 10:29:04
RFD20200220415,2020-08-06 12:44:51
RFD20241010178,2020-08-06 14:00:30
RFD20241010154,2020-08-06 15:00:00
RFD20241010109,2020-08-06 15:24:00
RFD20241025029,2020-08-07 08:41:01
RFD20241025087,2020-08-07 13:28:31
RFD20241011182,2020-08-07 14:28:18
RFD20241011019,2020-08-07 16:18:17
RFD20241025075,2020-08-07 16:57:50
RFD20241012052,2020-08-08 15:45:04
RFD20241013129,2020-08-09 07:59:37
RFD20241013030,2020-08-09 08:08:59
RFD20241007126,2020-08-10 07:36:16
RFD20241014011,2020-08-10 08:13:27
RFD20241014117,2020-08-10 09:08:56
RFD20200127434,2020-08-10 09:40:29
RFD20241028163,2020-08-10 16:09:25
RFD20241210020,2020-08-11 10:12:44
RFD20241008077,2020-08-11 13:16:58
RFD20241008102,2020-08-11 14:26:06
RFD20200114425,2020-08-11 16:13:55
RFD20200115428,2020-08-12 08:39:46
RFD20241002131,2020-08-12 08:40:02
RFD20241002105,2020-08-12 08:42:38
RFD20200101436,2020-08-12 09:02:21
RFD20241002203,2020-08-12 13:42:43
RFD20241016234,2020-08-12 14:45:42
RFD20241002229,2020-08-12 15:17:46
RFD20241002184,2020-08-12 15:51:54
RFD20241030027,2020-08-12 17:28:43
RFD20241010068,2020-08-13 07:54:52
RFD20241003035,2020-08-13 08:44:17
RFD20241003127,2020-08-13 12:59:09
RFD20241003138,2020-08-13 13:33:50
RFD20241003164,2020-08-13 16:55:22
RFD20200409441,2020-08-13 17:41:31
RFD20200103411,2020-08-14 07:17:17
RFD20241004003,2020-08-14 08:32:12
RFD20200103423,2020-08-14 08:59:40
RFD20241004159,2020-08-14 10:31:54
RFD20241004137,2020-08-14 10:54:04
RFD20241004044,2020-08-14 13:55:42
RFD20241004177,2020-08-14 14:51:15
RFD20200104444,2020-08-15 10:16:42
RFD20200104416,2020-08-15 11:22:00
RFD20200118409,2020-08-15 12:05:40
RFD20241019135,2020-08-15 15:28:03
RFD20241006101,2020-08-16 06:00:00
RFD20241007043,2020-08-17 07:06:33
RFD20241007142,2020-08-17 08:20:32
RFD20241007146,2020-08-17 09:12:24
RFD20241007090,2020-08-17 12:35:37
RFD20241007039,2020-08-17 12:56:42
RFD20200217438,2020-08-17 14:26:51
RFD20241007120,2020-08-17 17:25:52
RFD20241001103,2020-08-18 08:19:35
RFD20241001122,2020-08-18 13:03:47
RFD20241001158,2020-08-18 14:14:20
RFD20241009108,2020-08-19 10:51:34
RFD20241009227,2020-08-19 10:58:47
RFD20241009107,2020-08-19 13:11:22
RFD20241009150,2020-08-19 14:28:05
RFD20241010109,2020-08-20 14:15:04
RFD20241010119,2020-08-20 15:09:07
RFD20241011139,2020-08-21 09:57:46
RFD20241025196,2020-08-21 11:54:51
RFD20241011182,2020-08-21 15:28:47
RFD20200111433,2020-08-22 14:24:20
RFD20241012052,2020-08-22 15:53:44
RFD20241013030,2020-08-23 07:46:37
RFD20241013129,2020-08-23 08:16:25
RFD20241008208,2020-08-24 06:46:26
RFD20241007126,2020-08-24 06:47:17
RFD20241028145,2020-08-24 15:15:02
RFD20241008171,2020-08-25 06:49:52
RFD20241008077,2020-08-25 12:25:51
RFD20200114425,2020-08-25 16:48:03
RFD20200115428,2020-08-26 08:30:51
RFD20241002105,2020-08-26 09:08:20
RFD20241002088,2020-08-26 11:20:15
RFD20241002229,2020-08-26 13:59:47
RFD20241016234,2020-08-26 14:29:34
RFD20241003141,2020-08-27 08:59:52
RFD20241017034,2020-08-27 09:06:14
RFD20200102414,2020-08-27 15:51:42
RFD20241003164,2020-08-27 16:57:36
RFD20200424419,2020-08-28 10:14:38
RFD20241004137,2020-08-28 10:31:18
RFD20241004044,2020-08-28 14:01:51
RFD20200104444,2020-08-29 09:37:55
RFD20241008231,2020-08-29 15:09:39
RFD20241019135,2020-08-29 15:32:15
RFD20241006101,2020-08-30 07:20:54
RFD20241006168,2020-08-30 08:26:23
RFD20241006095,2020-08-30 10:43:04
RFD20241007043,2020-08-31 06:55:41
RFD20241007142,2020-08-31 08:12:26
RFD20241007146,2020-08-31 09:03:54
RFD20241007090,2020-08-31 12:16:25
RFD20241001122,2020-09-01 13:37:58
RFD20241001058,2020-09-01 15:36:49
RFD20200317427,2020-09-01 16:01:05
RFD20241009189,2020-09-02 07:43:13
RFD20241009093,2020-09-02 09:23:52
RFD20241009108,2020-09-02 11:13:29
RFD20200219407,2020-09-02 12:57:45
RFD20241009107,2020-09-02 13:26:52
RFD20200108412,2020-09-02 13:57:53
RFD20241010194,2020-09-03 10:02:35
RFD20200220415,2020-09-03 12:49:35
RFD20241010178,2020-09-03 14:01:56
RFD20241011132,2020-09-04 06:59:57
RFD20241025075,2020-09-04 16:45:30
RFD20200111433,2020-09-05 14:01:20
RFD20241012052,2020-09-05 15:43:46
RFD20241013030,2020-09-06 08:23:29
RFD20241007126,2020-09-07 07:28:10
RFD20200127434,2020-09-07 10:05:06
RFD20241028173,2020-09-07 14:44:02
RFD20241008171,2020-09-08 06:17:44
RFD20241210020,2020-09-08 10:12:02
RFD20241008102,2020-09-08 13:35:28
RFD20241002071,2020-09-09 07:44:53
RFD20200101436,2020-09-09 08:44:34
RFD20200115428,2020-09-09 09:16:52
RFD20241002088,2020-09-09 12:06:14
RFD20241002229,2020-09-09 14:38:20
RFD20241002184,2020-09-09 15:27:46
RFD20241003096,2020-09-10 09:11:41
RFD20241003157,2020-09-10 10:11:42
RFD20241003127,2020-09-10 13:03:31
RFD20200507431,2020-09-10 14:00:35
RFD20241003164,2020-09-10 16:45:25
RFD20241004123,2020-09-11 09:27:29
RFD20200424419,2020-09-11 10:01:04
RFD20241004159,2020-09-11 10:04:39
RFD20241004137,2020-09-11 10:22:31
RFD20241004177,2020-09-11 14:43:16
RFD20241004044,2020-09-11 14:44:17
RFD20200104416,2020-09-12 11:06:02
RFD20241005091,2020-09-12 12:17:47
RFD20241005169,2020-09-12 15:21:38
RFD20241005144,2020-09-12 16:00:07
RFD20241006101,2020-09-13 06:40:35
RFD20241006095,2020-09-13 10:48:49
RFD20200120401,2020-09-14 07:56:39
RFD20241007142,2020-09-14 08:22:45
RFD20241007054,2020-09-14 14:53:29
RFD20241007081,2020-09-14 15:57:57
RFD20241001072,2020-09-15 09:52:39
RFD20241001122,2020-09-15 13:41:34
RFD20241001058,2020-09-15 15:42:58
RFD20200916424,2020-09-16 07:45:20
RFD20200108422,2020-09-16 07:52:07
RFD20241009107,2020-09-16 14:19:47
RFD20200220408,2020-09-17 13:27:11
RFD20241010178,2020-09-17 14:14:56
RFD20241010022,2020-09-17 14:25:17
RFD20241010109,2020-09-17 14:52:07
RFD20200109429,2020-09-17 14:59:18
RFD20241010119,2020-09-17 15:48:40
RFD20241011132,2020-09-18 07:32:42
RFD20241011139,2020-09-18 09:36:07
RFD20241011176,2020-09-18 10:00:33
RFD20241025075,2020-09-18 16:34:20
RFD20241011004,2020-09-18 17:37:09
RFD20241012052,2020-09-19 15:59:26
RFD20241007126,2020-09-21 07:26:43
RFD20200127434,2020-09-21 10:01:51
RFD20241028173,2020-09-21 14:36:48
RFD20241028163,2020-09-21 16:52:45
RFD20241008171,2020-09-22 06:00:00
RFD20241008026,2020-09-22 09:00:08
RFD20241008102,2020-09-22 13:32:13
RFD20241002049,2020-09-23 07:21:02
RFD20241002071,2020-09-23 08:18:32
RFD20241002105,2020-09-23 09:46:26
RFD20241002088,2020-09-23 11:49:27
RFD20241016234,2020-09-23 14:37:22
RFD20241002184,2020-09-23 14:47:18
RFD20241030037,2020-09-23 14:53:03
RFD20241010068,2020-09-24 07:48:57
RFD20241003141,2020-09-24 08:04:17
RFD20241017034,2020-09-24 08:41:50
RFD20241003096,2020-09-24 09:41:16
RFD20241003157,2020-09-24 10:32:32
RFD20200507431,2020-09-24 13:32:43
RFD20241003127,2020-09-24 14:04:29
RFD20200102414,2020-09-24 15:44:01
RFD20241003164,2020-09-24 16:20:54
RFD20200103411,2020-09-25 07:53:03
RFD20241004003,2020-09-25 08:30:06
RFD20241004123,2020-09-25 08:53:29
RFD20241004137,2020-09-25 10:37:11
RFD20241004044,2020-09-25 14:19:34
RFD20200104416,2020-09-26 11:46:43
RFD20241005169,2020-09-26 14:38:05
RFD20241019135,2020-09-26 15:28:38
RFD20241005144,2020-09-26 16:03:09
RFD20241006101,2020-09-27 06:31:59
RFD20241006174,2020-09-27 08:00:10
RFD20241006168,2020-09-27 09:04:32
RFD20241006095,2020-09-27 11:03:41
RFD20200120401,2020-09-28 08:19:26
RFD20241007039,2020-09-28 13:13:19
RFD20241007054,2020-09-28 14:33:42
RFD20241007081,2020-09-28 14:46:42
RFD20241001103,2020-09-29 07:05:30
RFD20241001122,2020-09-29 12:58:53
RFD20241001158,2020-09-29 14:18:11
RFD20241001058,2020-09-29 15:38:40
RFD20241009093,2020-09-30 10:26:07
RFD20241009227,2020-09-30 10:47:41
RFD20241009108,2020-09-30 11:48:09
RFD20200219407,2020-09-30 13:07:01
RFD20241009150,2020-09-30 14:07:04
RFD20241024149,2020-10-01 08:06:12
RFD20241010194,2020-10-01 09:43:09
RFD20200220408,2020-10-01 13:25:16
RFD20241010178,2020-10-01 13:25:49
RFD20241010022,2020-10-01 13:48:59
RFD20241010074,2020-10-01 16:45:53
RFD20241011132,2020-10-02 07:01:06
RFD20241025029,2020-10-02 08:04:29
RFD20241025087,2020-10-02 13:17:49
RFD20241025060,2020-10-02 15:31:29
RFD20241011019,2020-10-02 16:44:53
RFD20241011004,2020-10-02 17:49:00
RFD20241012082,2020-10-03 11:53:22
RFD20200125435,2020-10-03 13:07:12
RFD20241012052,2020-10-03 15:52:49
RFD20241028163,2020-10-05 16:33:32
RFD20241022136,2020-10-06 09:05:45
RFD20241210020,2020-10-06 10:14:41
RFD20200114425,2020-10-06 15:58:49
RFD20241002049,2020-10-07 06:53:17
RFD20241002131,2020-10-07 08:55:19
RFD20241002105,2020-10-07 10:12:55
RFD20241016234,2020-10-07 14:24:48
RFD20241002184,2020-10-07 14:46:12
RFD20241030037,2020-10-07 14:48:05
RFD20241002229,2020-10-07 14:56:34
RFD20241002198,2020-10-07 16:52:03
RFD20241010068,2020-10-08 07:59:32
RFD20241003141,2020-10-08 08:04:58
RFD20241031097,2020-10-08 09:15:43
RFD20241003035,2020-10-08 09:20:23
RFD20241003127,2020-10-08 13:36:16
RFD20200507431,2020-10-08 14:49:13
RFD20241003164,2020-10-08 16:41:47
RFD20200409441,2020-10-08 16:54:47
RFD20241004003,2020-10-09 08:40:55
RFD20241004123,2020-10-09 09:03:02
RFD20241018161,2020-10-09 09:56:43
RFD20241004044,2020-10-09 13:57:03
RFD20241004177,2020-10-09 14:50:08
RFD20241005091,2020-10-10 12:33:29
RFD20241005012,2020-10-10 13:47:43
RFD20241008231,2020-10-10 15:22:41
RFD20241019135,2020-10-10 15:31:41
RFD20241006134,2020-10-11 10:13:37
RFD20241006095,2020-10-11 10:49:05
RFD20241007043,2020-10-12 06:26:24
RFD20200120445,2020-10-12 07:27:01
RFD20241007090,2020-10-12 12:34:13
RFD20241007039,2020-10-12 13:55:53
RFD20241007054,2020-10-12 15:26:56
RFD20201012421,2020-10-12 15:35:52
RFD20241007120,2020-10-12 16:55:37
RFD20241001122,2020-10-13 12:43:03
RFD20241001058,2020-10-13 15:14:32
RFD20241009189,2020-10-14 08:44:39
RFD20241009093,2020-10-14 10:14:31
RFD20241009107,2020-10-14 14:00:05
RFD20241010194,2020-10-15 09:46:31
RFD20200220408,2020-10-15 13:23:59
RFD20241010022,2020-10-15 13:35:39
RFD20241010178,2020-10-15 14:07:26
RFD20200109429,2020-10-15 14:33:12
RFD20241010109,2020-10-15 14:39:54
RFD20241010119,2020-10-15 15:06:30
RFD20241011019,2020-10-16 16:39:12
RFD20241011004,2020-10-16 18:02:18
RFD20241012052,2020-10-17 15:54:27
RFD20241013129,2020-10-18 07:30:14
RFD20241013083,2020-10-18 08:13:09
RFD20241013030,2020-10-18 08:55:46
RFD20241007126,2020-10-19 07:10:16
RFD20241014024,2020-10-19 13:29:32
RFD20241028173,2020-10-19 14:22:42
RFD20241028163,2020-10-19 16:35:59
RFD20241008171,2020-10-20 06:56:35
RFD20241008026,2020-10-20 09:35:53
RFD20241008062,2020-10-20 10:24:27
RFD20241008077,2020-10-20 12:49:13
RFD20241002049,2020-10-21 06:58:35
RFD20200101436,2020-10-21 10:02:17
RFD20241016234,2020-10-21 13:32:54
RFD20241002078,2020-10-21 13:33:17
RFD20241003141,2020-10-22 08:38:25
RFD20241017034,2020-10-22 09:02:51
RFD20241003096,2020-10-22 09:35:33
RFD20241003157,2020-10-22 10:12:36
RFD20241003138,2020-10-22 14:28:27
RFD20241003164,2020-10-22 16:35:47
RFD20200424419,2020-10-23 09:59:05
RFD20241004137,2020-10-23 10:55:31
RFD20241004044,2020-10-23 13:38:21
RFD20200104444,2020-10-24 10:02:31
RFD20200104416,2020-10-24 11:49:57
RFD20200118409,2020-10-24 12:37:43
RFD20241005012,2020-10-24 13:31:00
RFD20241019135,2020-10-24 14:49:40
RFD20241005169,2020-10-24 15:13:48
RFD20241005144,2020-10-24 15:29:42
RFD20241008231,2020-10-24 16:16:27
RFD20241006101,2020-10-25 07:25:41
RFD20241006174,2020-10-25 08:09:00
RFD20241007043,2020-10-26 06:35:14
RFD20200120445,2020-10-26 07:43:01
RFD20241007146,2020-10-26 09:36:11
RFD20241021092,2020-10-26 10:08:36
RFD20200203442,2020-10-26 12:26:58
RFD20241007090,2020-10-26 12:28:33
RFD20200217438,2020-10-26 14:19:57
RFD20241001072,2020-10-27 09:42:22
RFD20241001122,2020-10-27 13:03:21
RFD20241001058,2020-10-27 15:05:21
RFD20200317427,2020-10-27 16:20:37
RFD20241009189,2020-10-28 08:36:48
RFD20250129179,2020-10-28 09:27:51
RFD20241009108,2020-10-28 11:24:46
RFD20200219407,2020-10-28 13:01:28
RFD20241009107,2020-10-28 14:17:53
RFD20241009205,2020-10-28 14:49:25
RFD20241024149,2020-10-29 08:29:50
RFD20241010022,2020-10-29 13:57:07
RFD20241010109,2020-10-29 14:26:11
RFD20241010074,2020-10-29 16:16:01
RFD20241011132,2020-10-30 07:57:20
RFD20241025029,2020-10-30 07:57:52
RFD20241011139,2020-10-30 09:14:26
RFD20241025196,2020-10-30 11:18:01
RFD20241011182,2020-10-30 15:32:26
RFD20241011019,2020-10-30 16:04:08
RFD20241011004,2020-10-30 18:25:19
RFD20200125435,2020-10-31 13:56:27
RFD20200111433,2020-10-31 14:41:58
RFD20241012052,2020-10-31 15:18:05
RFD20241013030,2020-11-01 07:44:59
RFD20241013083,2020-11-01 08:36:21
RFD20241007126,2020-11-02 07:33:19
RFD20241014011,2020-11-02 09:13:39
RFD20200127434,2020-11-02 09:36:48
RFD20241028145,2020-11-02 14:32:38
RFD20241028173,2020-11-02 15:33:40
RFD20241028163,2020-11-02 15:48:11
RFD20241022136,2020-11-03 08:44:42
RFD20241008026,2020-11-03 09:10:39
RFD20241210020,2020-11-03 10:15:02
RFD20241008077,2020-11-03 12:43:09
RFD20241002049,2020-11-04 07:14:26
RFD20241002071,2020-11-04 07:58:23
RFD20241002105,2020-11-04 09:41:07
RFD20241002088,2020-11-04 12:28:53
RFD20241002078,2020-11-04 14:14:43
RFD20241002229,2020-11-04 14:31:24
RFD20241016234,2020-11-04 14:41:11
RFD20241002184,2020-11-04 15:27:34
RFD20241030027,2020-11-04 18:28:05
RFD20241031097,2020-11-05 07:48:15
RFD20241003096,2020-11-05 08:29:17
RFD20241003141,2020-11-05 08:47:23
RFD20241003035,2020-11-05 09:18:35
RFD20241003127,2020-11-05 13:34:11
RFD20241003164,2020-11-05 16:27:59
RFD20200103411,2020-11-06 06:51:20
RFD20241004137,2020-11-06 11:04:37
RFD20241004177,2020-11-06 14:38:53
RFD20241004044,2020-11-06 14:39:32
RFD20200104444,2020-11-07 09:29:31
RFD20241005091,2020-11-07 12:16:40
RFD20241005169,2020-11-07 14:55:20
RFD20241019135,2020-11-07 15:12:32
RFD20241008231,2020-11-07 15:27:08
RFD20241006174,2020-11-08 08:00:27
RFD20241006168,2020-11-08 08:06:22
RFD20241006134,2020-11-08 10:35:24
RFD20200120445,2020-11-09 07:08:35
RFD20241007146,2020-11-09 09:28:58
RFD20241007090,2020-11-09 11:42:38
RFD20241007039,2020-11-09 12:57:50
RFD20200217438,2020-11-09 14:19:54
RFD20241007081,2020-11-09 15:30:25
RFD20201012421,2020-11-09 16:52:54
RFD20241007120,2020-11-09 17:10:04
RFD20241001072,2020-11-10 09:33:29
RFD20241001058,2020-11-10 15:25:09
RFD20200916424,2020-11-11 08:02:35
RFD20241009093,2020-11-11 08:54:23
RFD20241009108,2020-11-11 10:45:35
RFD20200219407,2020-11-11 13:09:34
RFD20241009140,2020-11-11 16:19:27
RFD20200220415,2020-11-12 12:51:19
RFD20241010178,2020-11-12 14:07:23
RFD20241010109,2020-11-12 14:27:34
RFD20241010154,2020-11-12 15:52:10
RFD20241011132,2020-11-13 06:58:43
RFD20241025029,2020-11-13 08:27:26
RFD20241025196,2020-11-13 12:20:27
RFD20241011004,2020-11-13 18:01:32
RFD20200125435,2020-11-14 13:50:58
RFD20241012052,2020-11-14 15:46:19
RFD20241013030,2020-11-15 06:57:12
RFD20241013129,2020-11-15 07:57:35
RFD20241013083,2020-11-15 08:12:37
RFD20241008208,2020-11-16 06:22:24
RFD20241014117,2020-11-16 09:18:35
RFD20241014024,2020-11-16 13:06:00
RFD20241028163,2020-11-16 16:58:19
RFD20241008171,2020-11-17 06:18:19
RFD20241022136,2020-11-17 08:25:28
RFD20241008026,2020-11-17 09:02:46
RFD20200114425,2020-11-17 16:10:22
RFD20200115428,2020-11-18 08:38:41
RFD20241002105,2020-11-18 09:07:10
RFD20200101436,2020-11-18 09:28:56
RFD20241002088,2020-11-18 11:20:05
RFD20241002203,2020-11-18 13:22:15
RFD20241002184,2020-11-18 14:42:07
RFD20241030027,2020-11-18 17:26:45
RFD20241010068,2020-11-19 08:02:37
RFD20241031097,2020-11-19 08:13:32
RFD20241003096,2020-11-19 08:49:07
RFD20241017034,2020-11-19 08:57:55
RFD20241003138,2020-11-19 13:58:36
RFD20241003127,2020-11-19 14:01:23
RFD20200507431,2020-11-19 14:41:01
RFD20241003164,2020-11-19 16:57:16
RFD20241004003,2020-11-20 07:48:09
RFD20241018161,2020-11-20 09:29:24
RFD20241004044,2020-11-20 14:17:44
RFD20241004177,2020-11-20 14:31:54
RFD20200104444,2020-11-21 09:40:52
RFD20200104416,2020-11-21 12:15:52
RFD20241005091,2020-11-21 12:43:39
RFD20241005012,2020-11-21 13:37:36
RFD20241005169,2020-11-21 14:35:32
RFD20241008231,2020-11-21 16:08:33
RFD20241006101,2020-11-22 07:16:46
RFD20241006174,2020-11-22 07:27:49
RFD20241006168,2020-11-22 08:14:58
RFD20241006134,2020-11-22 10:32:16
RFD20200120445,2020-11-23 06:34:55
RFD20241007113,2020-11-23 08:03:39
RFD20200120401,2020-11-23 08:29:00
RFD20241007146,2020-11-23 09:40:32
RFD20200203442,2020-11-23 12:34:34
RFD20241007090,2020-11-23 12:44:32
RFD20241007039,2020-11-23 13:46:15
RFD20241007054,2020-11-23 14:55:03
RFD20201012421,2020-11-23 15:42:42
RFD20241007081,2020-11-23 15:52:04
RFD20241001103,2020-11-24 07:39:38
RFD20241001158,2020-11-24 13:58:04
RFD20241001058,2020-11-24 15:27:02
RFD20200916424,2020-11-25 08:26:28
RFD20241009093,2020-11-25 10:23:38
RFD20241009227,2020-11-25 11:17:59
RFD20241009107,2020-11-25 14:14:05
RFD20200220408,2020-11-26 13:24:39
RFD20241010178,2020-11-26 13:28:02
RFD20200220415,2020-11-26 13:31:54
RFD20241010022,2020-11-26 13:49:41
RFD20241010154,2020-11-26 15:43:38
RFD20241010074,2020-11-26 16:26:09
RFD20241011132,2020-11-27 06:48:53
RFD20241025029,2020-11-27 08:05:14
RFD20241025031,2020-11-27 14:37:26
RFD20200111433,2020-11-28 13:53:30
RFD20241013030,2020-11-29 07:44:46
RFD20241013129,2020-11-29 07:56:18
RFD20241013083,2020-11-29 08:51:36
RFD20241014011,2020-11-30 08:45:43
RFD20241014117,2020-11-30 09:28:59
RFD20241014024,2020-11-30 13:11:58
RFD20241028173,2020-11-30 14:28:11
RFD20241028145,2020-11-30 14:43:27
RFD20241028163,2020-11-30 17:00:32
RFD20241008171,2020-12-01 06:06:18
RFD20241008026,2020-12-01 09:04:17
RFD20241022136,2020-12-01 09:08:16
RFD20200114425,2020-12-01 16:17:03
RFD20241002071,2020-12-02 07:26:07
RFD20200101436,2020-12-02 08:34:01
RFD20241002105,2020-12-02 08:57:12
RFD20241016234,2020-12-02 14:34:46
RFD20241002184,2020-12-02 14:35:31
RFD20241002229,2020-12-02 14:58:09
RFD20241030027,2020-12-02 17:31:41
RFD20241010068,2020-12-03 07:56:55
RFD20241003096,2020-12-03 09:19:53
RFD20241003035,2020-12-03 09:51:18
RFD20241003127,2020-12-03 13:04:32
RFD20241003138,2020-12-03 14:23:55
RFD20200507431,2020-12-03 14:49:44
RFD20200102414,2020-12-03 14:53:28
RFD20241003164,2020-12-03 16:03:20
RFD20200409441,2020-12-03 16:35:17
RFD20241004003,2020-12-04 09:17:27
RFD20200424419,2020-12-04 10:33:25
RFD20241004159,2020-12-04 11:07:24
RFD20241004044,2020-12-04 14:06:22
RFD20241004177,2020-12-04 14:22:02
RFD20200104416,2020-12-05 11:39:29
RFD20241005091,2020-12-05 12:28:56
RFD20241008231,2020-12-05 15:10:33
RFD20241006095,2020-12-06 10:04:21
RFD20241006134,2020-12-06 10:11:32
RFD20241007090,2020-12-07 12:19:37
RFD20241007054,2020-12-07 15:26:26
RFD20201012421,2020-12-07 16:40:01
RFD20241007081,2020-12-07 16:45:27
RFD20241001103,2020-12-08 07:42:21
RFD20241009093,2020-12-09 10:01:59
RFD20241009108,2020-12-09 11:01:47
RFD20241010194,2020-12-10 10:46:52
RFD20241010022,2020-12-10 14:47:19
RFD20241010109,2020-12-10 15:08:24
RFD20241010119,2020-12-10 15:42:17
RFD20241011132,2020-12-11 06:46:50
RFD20241025029,2020-12-11 07:55:12
RFD20241011176,2020-12-11 10:28:57
RFD20241011004,2020-12-11 18:06:10
RFD20200111433,2020-12-12 13:27:53
RFD20241012052,2020-12-12 16:16:46
RFD20241013030,2020-12-13 07:57:18
RFD20241014011,2020-12-14 09:10:24
RFD20241014024,2020-12-14 13:25:04
RFD20241028173,2020-12-14 14:25:57
RFD20241028163,2020-12-14 16:55:13
RFD20241008171,2020-12-15 06:35:54
RFD20241022136,2020-12-15 09:07:42
RFD20241008102,2020-12-15 13:41:36
RFD20200101436,2020-12-16 09:08:43
RFD20241002105,2020-12-16 09:30:12
RFD20241002078,2020-12-16 13:25:10
RFD20241016234,2020-12-16 14:31:02
RFD20241002184,2020-12-16 15:00:42
RFD20241030027,2020-12-16 17:36:27
RFD20241031097,2020-12-17 07:51:07
RFD20241017034,2020-12-17 08:35:18
RFD20241003157,2020-12-17 10:21:26
RFD20241003127,2020-12-17 13:17:09
RFD20241004003,2020-12-18 08:32:50
RFD20241004123,2020-12-18 08:40:05
RFD20241018161,2020-12-18 09:00:39
RFD20200424419,2020-12-18 09:51:48
RFD20241004044,2020-12-18 14:04:27
RFD20241004177,2020-12-18 15:21:41
RFD20200104444,2020-12-19 09:46:00
RFD20241019135,2020-12-19 14:22:09
RFD20241008231,2020-12-19 15:12:43
RFD20241005144,2020-12-19 16:12:24
RFD20241006101,2020-12-20 06:45:28
RFD20241006095,2020-12-20 10:29:12
RFD20200120401,2020-12-21 08:01:37
RFD20241007142,2020-12-21 09:17:31
RFD20241021092,2020-12-21 10:33:27
RFD20241007090,2020-12-21 12:34:10
RFD20241007039,2020-12-21 13:14:58
RFD20241007081,2020-12-21 15:35:34
RFD20201012421,2020-12-21 16:53:57
RFD20241007120,2020-12-21 17:24:01
RFD20241001122,2020-12-22 13:10:06
RFD20241001114,2020-12-22 14:02:20
RFD20241001058,2020-12-22 15:55:47
RFD20241009189,2020-12-23 07:58:54
RFD20200916424,2020-12-23 09:26:09
RFD20241009093,2020-12-23 09:47:14
RFD20241009108,2020-12-23 11:12:52
RFD20241009107,2020-12-23 13:20:09
RFD20241009150,2020-12-23 14:04:35
RFD20241009140,2020-12-23 16:23:09
RFD20241209202,2020-12-24 09:14:54
RFD20200220408,2020-12-24 13:18:59
RFD20241010022,2020-12-24 14:17:42
RFD20200109429,2020-12-24 14:57:49
RFD20241010109,2020-12-24 14:59:11
RFD20241010074,2020-12-24 16:12:02
RFD20241011132,2020-12-25 07:18:14
RFD20241011139,2020-12-25 09:27:48
RFD20241025087,2020-12-25 13:22:17
RFD20241011019,2020-12-25 16:04:39
RFD20241025075,2020-12-25 17:08:25
RFD20241011004,2020-12-25 18:08:04
RFD20241012082,2020-12-26 12:06:49
RFD20200125435,2020-12-26 14:18:34
RFD20241012052,2020-12-26 15:52:44
RFD20241013030,2020-12-27 08:54:48
RFD20250512016,2020-12-28 08:51:33
RFD20241014117,2020-12-28 09:24:40
RFD20200127434,2020-12-28 10:36:05
RFD20241014024,2020-12-28 12:48:12
RFD20241028163,2020-12-28 15:21:37
RFD20241022136,2020-12-29 09:11:19
RFD20241210020,2020-12-29 10:18:56
RFD20241008062,2020-12-29 10:57:57
RFD20200114425,2020-12-29 17:12:30
RFD20200101436,2020-12-30 09:19:10
RFD20241002078,2020-12-30 14:00:35
RFD20241016234,2020-12-30 14:39:04
RFD20241002184,2020-12-30 14:41:19
RFD20241002229,2020-12-30 14:42:59
RFD20241031097,2020-12-31 08:39:08
RFD20241003096,2020-12-31 09:17:39
RFD20241003127,2020-12-31 13:22:48
RFD20200507431,2020-12-31 13:50:52
RFD20241003164,2020-12-31 16:30:19
RFD20200409441,2020-12-31 17:03:25
RFD20210101405,2021-01-01 11:32:15
RFD20241004177,2021-01-01 15:22:53
RFD20241006168,2021-01-03 09:15:49
RFD20241007043,2021-01-04 06:58:00
RFD20241007113,2021-01-04 08:03:46
RFD20241007142,2021-01-04 08:37:37
RFD20201012421,2021-01-04 16:36:10
RFD20241001114,2021-01-05 14:41:10
RFD20241015048,2021-01-05 15:30:39
RFD20241001058,2021-01-05 15:49:19
RFD20200916424,2021-01-06 08:05:08
RFD20241009093,2021-01-06 09:30:54
RFD20241009111,2021-01-06 09:46:17
RFD20241009108,2021-01-06 10:46:47
RFD20241009205,2021-01-06 13:53:06
RFD20241009150,2021-01-06 14:37:05
RFD20210107426,2021-01-07 08:25:28
RFD20241010069,2021-01-07 15:59:14
RFD20241025029,2021-01-08 08:47:52
RFD20241013030,2021-01-10 07:50:27
RFD20241007126,2021-01-11 07:38:30
RFD20241014117,2021-01-11 08:01:18
RFD20241014011,2021-01-11 09:27:40
RFD20210111420,2021-01-11 10:32:47
RFD20241014024,2021-01-11 13:58:09
RFD20241028173,2021-01-11 14:59:09
RFD20241028163,2021-01-11 16:21:47
RFD20241008171,2021-01-12 06:38:51
RFD20241022136,2021-01-12 08:42:45
RFD20241008026,2021-01-12 09:06:19
RFD20241008023,2021-01-12 13:02:57
RFD20241002071,2021-01-13 08:15:05
RFD20200115428,2021-01-13 09:08:14
RFD20241002183,2021-01-13 10:10:01
RFD20241002184,2021-01-13 13:58:40
RFD20241016234,2021-01-13 14:47:07
RFD20241002229,2021-01-13 14:51:14
RFD20241030037,2021-01-13 15:09:09
RFD20241003141,2021-01-14 08:12:03
RFD20241017034,2021-01-14 08:36:59
RFD20241003157,2021-01-14 10:46:27
RFD20241003127,2021-01-14 13:33:50
RFD20200507431,2021-01-14 15:02:46
RFD20241003164,2021-01-14 16:14:58
RFD20241004137,2021-01-15 10:51:39
RFD20241018010,2021-01-15 14:38:23
RFD20241004177,2021-01-15 14:40:32
RFD20200104416,2021-01-16 11:21:31
RFD20241005012,2021-01-16 13:31:12
RFD20241005169,2021-01-16 14:50:18
RFD20241008231,2021-01-16 15:11:05
RFD20241006168,2021-01-17 08:51:32
RFD20241020036,2021-01-17 08:59:37
RFD20241007043,2021-01-18 06:21:57
RFD20200120401,2021-01-18 08:49:05
RFD20241007090,2021-01-18 12:19:15
RFD20241007190,2021-01-18 13:13:59
RFD20241007081,2021-01-18 15:51:04
RFD20201012421,2021-01-18 16:34:23
RFD20241007120,2021-01-18 17:25:01
RFD20241001103,2021-01-19 07:45:11
RFD20241001040,2021-01-19 08:29:09
RFD20241001072,2021-01-19 09:31:49
RFD20210119404,2021-01-19 10:44:19
RFD20200916424,2021-01-20 08:34:50
RFD20241009108,2021-01-20 10:46:21
RFD20241009227,2021-01-20 10:48:52
RFD20241009150,2021-01-20 13:29:37
RFD20241009107,2021-01-20 13:52:50
RFD20241009045,2021-01-20 13:56:30
RFD20241009205,2021-01-20 15:11:10
RFD20210107426,2021-01-21 07:44:16
RFD20241024149,2021-01-21 08:21:27
RFD20210121417,2021-01-21 11:31:07
RFD20241010109,2021-01-21 14:22:51
RFD20241010022,2021-01-21 14:36:32
RFD20241010154,2021-01-21 14:55:22
RFD20241010069,2021-01-21 17:06:55
RFD20241025029,2021-01-22 08:22:54
RFD20241025196,2021-01-22 11:15:17
RFD20241011182,2021-01-22 15:14:52
RFD20241011004,2021-01-22 18:04:25
RFD20210123432,2021-01-23 11:28:02
RFD20241012082,2021-01-23 12:04:38
RFD20200125435,2021-01-23 13:05:39
RFD20200111433,2021-01-23 13:17:56
RFD20241012052,2021-01-23 16:25:56
RFD20241013129,2021-01-24 07:31:34
RFD20241013030,2021-01-24 08:08:40
RFD20241007126,2021-01-25 07:36:54
RFD20241014024,2021-01-25 13:31:33
RFD20241022136,2021-01-26 09:53:28
RFD20200114425,2021-01-26 16:45:09
RFD20241002071,2021-01-27 08:01:04
RFD20241002088,2021-01-27 11:50:30
RFD20241002078,2021-01-27 12:51:16
RFD20241016234,2021-01-27 13:53:26
RFD20241030037,2021-01-27 14:59:46
RFD20241002184,2021-01-27 15:06:59
RFD20241030027,2021-01-27 17:33:20
RFD20241003096,2021-01-28 08:38:36
RFD20241003035,2021-01-28 09:06:58
RFD20241003138,2021-01-28 13:27:36
RFD20241003127,2021-01-28 13:45:41
RFD20200507431,2021-01-28 15:15:32
RFD20241003164,2021-01-28 16:11:05
RFD20200102414,2021-01-28 16:11:42
RFD20200409441,2021-01-28 17:47:50
RFD20241004159,2021-01-29 10:31:05
RFD20210101405,2021-01-29 10:58:11
RFD20241004044,2021-01-29 14:12:42
RFD20241004177,2021-01-29 15:09:08
RFD20200104444,2021-01-30 10:31:50
RFD20200118409,2021-01-30 12:34:48
RFD20241005012,2021-01-30 14:04:57
RFD20241008231,2021-01-30 15:23:19
RFD20241005064,2021-01-30 17:38:12
RFD20241006101,2021-01-31 07:32:57
RFD20241007043,2021-02-01 06:58:33
RFD20200120445,2021-02-01 07:15:57
RFD20200120401,2021-02-01 08:47:04
RFD20241007090,2021-02-01 12:18:20
RFD20241007039,2021-02-01 13:39:07
RFD20241001072,2021-02-02 10:04:17
RFD20210119404,2021-02-02 11:18:51
RFD20241001122,2021-02-02 12:58:11
RFD20241001114,2021-02-02 14:08:08
RFD20241009111,2021-02-03 08:56:42
RFD20241009093,2021-02-03 09:12:44
RFD20241009108,2021-02-03 10:50:59
RFD20241009150,2021-02-03 14:15:06
RFD20241009107,2021-02-03 14:34:18
RFD20241009140,2021-02-03 16:00:41
RFD20210121417,2021-02-04 11:42:24
RFD20200220415,2021-02-04 12:55:08
RFD20241010109,2021-02-04 14:26:34
RFD20241010154,2021-02-04 15:23:11
RFD20241010074,2021-02-04 16:22:25
RFD20241011223,2021-02-05 08:25:17
RFD20241011019,2021-02-05 16:13:14
RFD20241011004,2021-02-05 17:44:43
RFD20210123432,2021-02-06 11:29:59
RFD20200111433,2021-02-06 13:45:14
RFD20241013030,2021-02-07 08:16:18
RFD20241014011,2021-02-08 08:50:47
RFD20241014117,2021-02-08 09:45:12
RFD20241008026,2021-02-09 09:48:30
RFD20241008023,2021-02-09 13:09:18
RFD20241002071,2021-02-10 07:10:44
RFD20241002105,2021-02-10 08:42:04
RFD20241002183,2021-02-10 10:01:54
RFD20241002184,2021-02-10 14:18:02
RFD20241030037,2021-02-10 14:30:06
RFD20241016234,2021-02-10 14:30:58
RFD20241002094,2021-02-10 14:39:26
RFD20241002078,2021-02-10 14:45:30
RFD20241030027,2021-02-10 17:25:14
RFD20241031097,2021-02-11 08:18:32
RFD20241017034,2021-02-11 09:01:23
RFD20210211430,2021-02-11 10:34:05
RFD20200507431,2021-02-11 14:14:44
RFD20200424419,2021-02-12 10:04:02
RFD20210101405,2021-02-12 10:31:57
RFD20241004177,2021-02-12 14:44:23
RFD20241018010,2021-02-12 15:01:38
RFD20250208143,2021-02-13 08:26:02
RFD20241005012,2021-02-13 13:17:12
RFD20241019135,2021-02-13 15:06:36
RFD20241005064,2021-02-13 17:50:36
RFD20241006095,2021-02-14 10:46:25
RFD20241007190,2021-02-15 13:06:23
RFD20241007039,2021-02-15 13:31:49
RFD20241007081,2021-02-15 15:38:17
RFD20241001103,2021-02-16 08:06:08
RFD20241001122,2021-02-16 13:23:08
RFD20241001114,2021-02-16 14:23:23
RFD20241015048,2021-02-16 15:11:18
RFD20200916424,2021-02-17 08:10:23
RFD20241009093,2021-02-17 09:53:03
RFD20241009227,2021-02-17 10:53:40
RFD20241009045,2021-02-17 13:43:49
RFD20241009150,2021-02-17 14:47:45
RFD20241009205,2021-02-17 15:21:05
RFD20210107426,2021-02-18 07:10:58
RFD20210121417,2021-02-18 12:13:26
RFD20200109429,2021-02-18 14:19:08
RFD20241010074,2021-02-18 16:29:51
RFD20241010069,2021-02-18 16:45:56
RFD20241025029,2021-02-19 08:01:07
RFD20241011176,2021-02-19 09:59:16
RFD20241011182,2021-02-19 15:18:35
RFD20241025060,2021-02-19 15:26:31
RFD20241025075,2021-02-19 16:25:42
RFD20241011019,2021-02-19 16:33:45
RFD20241012116,2021-02-20 08:24:02
RFD20210123432,2021-02-20 11:35:05
RFD20241013130,2021-02-21 07:37:22
RFD20241013046,2021-02-21 07:42:36
RFD20241013030,2021-02-21 07:49:12
RFD20241013172,2021-02-21 09:15:45
RFD20210111420,2021-02-22 10:18:49
RFD20241014117,2021-02-22 10:19:13
RFD20241028173,2021-02-22 15:17:05
RFD20241028163,2021-02-22 16:47:39
RFD20241008171,2021-02-23 06:21:54
RFD20241008026,2021-02-23 09:26:56
RFD20241008023,2021-02-23 12:56:18
RFD20200115428,2021-02-24 09:09:07
RFD20241002105,2021-02-24 09:33:22
RFD20200101436,2021-02-24 09:54:25
RFD20241002183,2021-02-24 10:59:38
RFD20241002088,2021-02-24 12:11:58
RFD20241002203,2021-02-24 13:30:05
RFD20241016234,2021-02-24 14:30:12
RFD20241003141,2021-02-25 07:44:39
RFD20241031097,2021-02-25 08:50:46
RFD20241003096,2021-02-25 09:27:57
RFD20241003157,2021-02-25 10:24:32
RFD20200102414,2021-02-25 15:45:26
RFD20241003164,2021-02-25 16:31:11
RFD20210101405,2021-02-26 11:38:58
RFD20241004177,2021-02-26 13:57:39
RFD20241004044,2021-02-26 13:58:39
RFD20200104444,2021-02-27 10:09:05
RFD20200118409,2021-02-27 11:59:15
RFD20241019135,2021-02-27 14:56:48
RFD20241005169,2021-02-27 15:24:12
RFD20241005064,2021-02-27 18:08:10
RFD20241006101,2021-02-28 07:20:17
RFD20241006168,2021-02-28 07:40:10
RFD20241007043,2021-03-01 06:04:54
RFD20200120401,2021-03-01 08:55:27
RFD20241007190,2021-03-01 12:59:42
RFD20241007039,2021-03-01 13:18:15
RFD20210301418,2021-03-01 16:20:58
RFD20241001103,2021-03-02 07:23:23
RFD20241001072,2021-03-02 08:51:57
RFD20210119404,2021-03-02 10:43:53
RFD20241001122,2021-03-02 13:27:22
RFD20241001114,2021-03-02 14:17:33
RFD20241001058,2021-03-02 15:24:52
RFD20241015048,2021-03-02 16:07:21
RFD20241009111,2021-03-03 09:05:37
RFD20241009093,2021-03-03 09:25:47
RFD20241009107,2021-03-03 13:34:07
RFD20241009150,2021-03-03 14:07:43
RFD20210107426,2021-03-04 08:28:47
RFD20200220415,2021-03-04 13:07:00
RFD20241010154,2021-03-04 14:52:33
RFD20241010109,2021-03-04 15:13:43
RFD20241025029,2021-03-05 07:56:55
RFD20241011182,2021-03-05 15:40:58
RFD20241011019,2021-03-05 15:52:17
RFD20200111433,2021-03-06 13:50:07
RFD20241012052,2021-03-06 16:05:45
RFD20241013030,2021-03-07 07:46:18
RFD20241013172,2021-03-07 09:33:34
RFD20200127434,2021-03-08 09:21:24
RFD20241014024,2021-03-08 13:53:45
RFD20241008026,2021-03-09 08:47:13
RFD20241008062,2021-03-09 10:48:39
RFD20241002071,2021-03-10 07:28:42
RFD20241002105,2021-03-10 09:13:12
RFD20241002183,2021-03-10 09:43:38
RFD20241002078,2021-03-10 12:54:24
RFD20241002094,2021-03-10 14:01:58
RFD20241016234,2021-03-10 15:01:05
RFD20241030037,2021-03-10 15:41:52
RFD20241030027,2021-03-10 17:05:26
RFD20241003141,2021-03-11 07:57:40
RFD20241017034,2021-03-11 08:08:52
RFD20210211430,2021-03-11 09:43:34
RFD20200507431,2021-03-11 14:29:11
RFD20241003164,2021-03-11 16:21:40
RFD20200409441,2021-03-11 16:50:46
RFD20200103411,2021-03-12 07:14:03
RFD20200424419,2021-03-12 10:34:27
RFD20241004159,2021-03-12 10:51:06
RFD20210101405,2021-03-12 11:24:52
RFD20241004044,2021-03-12 13:54:37
RFD20241004177,2021-03-12 13:58:28
RFD20200104444,2021-03-13 10:28:57
RFD20200118409,2021-03-13 12:34:08
RFD20241005169,2021-03-13 14:38:49
RFD20241020036,2021-03-14 08:50:01
RFD20241006095,2021-03-14 10:59:03
RFD20241021092,2021-03-15 10:02:07
RFD20241007090,2021-03-15 12:41:40
RFD20241007039,2021-03-15 14:04:27
RFD20241007081,2021-03-15 15:22:33
RFD20241001103,2021-03-16 07:53:16
RFD20241001158,2021-03-16 14:14:32
RFD20241015048,2021-03-16 14:58:09
RFD20200916424,2021-03-17 08:19:40
RFD20241009093,2021-03-17 09:58:02
RFD20241009108,2021-03-17 10:22:11
RFD20241009150,2021-03-17 14:03:15
RFD20200220415,2021-03-18 13:32:46
RFD20241010154,2021-03-18 14:43:40
RFD20241010109,2021-03-18 14:46:28
RFD20241010069,2021-03-18 16:27:41
RFD20241025031,2021-03-19 15:21:57
RFD20200111433,2021-03-20 13:47:20
RFD20200125435,2021-03-20 13:57:28
RFD20241012052,2021-03-20 15:43:42
RFD20241013172,2021-03-21 08:57:12
RFD20210111420,2021-03-22 10:45:20
RFD20241014024,2021-03-22 13:43:14
RFD20241028173,2021-03-22 14:42:08
RFD20241028163,2021-03-22 16:40:33
RFD20241008171,2021-03-23 06:00:00
RFD20241008026,2021-03-23 08:28:14
RFD20241022136,2021-03-23 09:00:50
RFD20241210020,2021-03-23 10:36:35
RFD20241008023,2021-03-23 13:46:31
RFD20241002071,2021-03-24 07:59:55
RFD20241002088,2021-03-24 11:13:04
RFD20241002184,2021-03-24 14:11:39
RFD20241002078,2021-03-24 14:26:24
RFD20241016234,2021-03-24 14:29:49
RFD20241002094,2021-03-24 14:35:14
RFD20241002229,2021-03-24 15:01:58
RFD20241003141,2021-03-25 08:24:01
RFD20241031097,2021-03-25 09:06:19
RFD20241003096,2021-03-25 09:17:09
RFD20241003127,2021-03-25 13:38:46
RFD20241003138,2021-03-25 14:12:42
RFD20200102414,2021-03-25 15:55:44
RFD20241003164,2021-03-25 17:23:06
RFD20241004137,2021-03-26 10:24:50
RFD20210101405,2021-03-26 10:38:30
RFD20241101042,2021-03-26 12:58:26
RFD20241004177,2021-03-26 15:15:00
RFD20241008231,2021-03-27 15:16:13
RFD20241019135,2021-03-27 15:23:03
RFD20241005169,2021-03-27 15:31:53
RFD20241005144,2021-03-27 15:47:43
RFD20241005064,2021-03-27 17:46:22
RFD20241006168,2021-03-28 08:38:32
RFD20241006095,2021-03-28 10:33:56
RFD20200120445,2021-03-29 07:17:33
RFD20241007142,2021-03-29 08:10:28
RFD20241007090,2021-03-29 12:59:42
RFD20241007039,2021-03-29 13:37:48
RFD20241007081,2021-03-29 16:01:19
RFD20241007120,2021-03-29 16:38:29
RFD20241001040,2021-03-30 07:57:27
RFD20241001103,2021-03-30 08:02:15
RFD20241001072,2021-03-30 10:15:44
RFD20241001122,2021-03-30 12:29:13
RFD20200916424,2021-03-31 08:03:23
RFD20241009093,2021-03-31 09:43:32
RFD20241009108,2021-03-31 10:52:00
RFD20241009150,2021-03-31 14:21:01
RFD20210107426,2021-04-01 07:59:53
RFD20241010022,2021-04-01 14:08:36
RFD20200109429,2021-04-01 14:41:32
RFD20241011182,2021-04-02 15:08:50
RFD20241025075,2021-04-02 16:48:03
RFD20241012052,2021-04-03 16:11:32
RFD20241013046,2021-04-04 07:29:50
RFD20241013129,2021-04-04 07:47:44
RFD20200127434,2021-04-05 09:04:55
RFD20241014117,2021-04-05 09:33:27
RFD20241014024,2021-04-05 13:42:51
RFD20241028173,2021-04-05 15:17:32
RFD20241008171,2021-04-06 06:02:25
RFD20241022136,2021-04-06 08:52:23
RFD20241008023,2021-04-06 13:01:03
RFD20241002049,2021-04-07 06:21:32
RFD20200101436,2021-04-07 09:41:05
RFD20241016234,2021-04-07 14:25:53
RFD20241002184,2021-04-07 14:51:46
RFD20241031097,2021-04-08 08:35:01
RFD20241003096,2021-04-08 09:29:23
RFD20241003127,2021-04-08 13:41:34
RFD20200103411,2021-04-09 07:34:23
RFD20200424419,2021-04-09 09:59:41
RFD20241004159,2021-04-09 10:22:55
RFD20241004044,2021-04-09 14:02:58
RFD20241004177,2021-04-09 14:47:39
RFD20241018010,2021-04-09 15:30:30
RFD20200104444,2021-04-10 09:28:03
RFD20200118409,2021-04-10 12:21:47
RFD20241020036,2021-04-11 09:07:47
RFD20241006168,2021-04-11 09:08:15
RFD20200120401,2021-04-12 07:38:02
RFD20241007113,2021-04-12 08:10:35
RFD20241007090,2021-04-12 12:29:41
RFD20241007039,2021-04-12 13:54:54
RFD20201012421,2021-04-12 16:05:35
RFD20241001103,2021-04-13 07:50:43
RFD20241001072,2021-04-13 09:25:40
RFD20241001122,2021-04-13 12:34:12
RFD20241001114,2021-04-13 14:06:40
RFD20241001158,2021-04-13 14:13:31
RFD20241015048,2021-04-13 15:38:34
RFD20200916424,2021-04-14 08:33:56
RFD20241009093,2021-04-14 09:38:00
RFD20250129179,2021-04-14 09:42:39
RFD20241009107,2021-04-14 13:44:56
RFD20200220415,2021-04-15 13:34:46
RFD20241010109,2021-04-15 13:59:46
RFD20241010154,2021-04-15 15:05:49
RFD20241010069,2021-04-15 16:09:26
RFD20241004065,2021-04-16 06:21:47
RFD20241011132,2021-04-16 06:54:08
RFD20241025029,2021-04-16 07:29:15
RFD20241011223,2021-04-16 08:40:13
RFD20241025087,2021-04-16 13:03:01
RFD20241025031,2021-04-16 14:46:30
RFD20241011004,2021-04-16 17:59:38
RFD20200125435,2021-04-17 12:57:29
RFD20241013046,2021-04-18 07:30:52
RFD20241013130,2021-04-18 07:44:37
RFD20241013030,2021-04-18 08:39:12
RFD20241014117,2021-04-19 09:10:20
RFD20241014011,2021-04-19 09:34:07
RFD20241028173,2021-04-19 14:50:35
RFD20241028163,2021-04-19 17:11:20
RFD20241210020,2021-04-20 10:29:54
RFD20241002049,2021-04-21 07:09:42
RFD20241002131,2021-04-21 08:51:29
RFD20241002183,2021-04-21 09:35:59
RFD20241002078,2021-04-21 13:23:47
RFD20241002094,2021-04-21 13:56:28
RFD20241002229,2021-04-21 14:38:07
RFD20241016234,2021-04-21 14:38:49
RFD20241002184,2021-04-21 15:07:46
RFD20241003035,2021-04-22 09:45:22
RFD20210211430,2021-04-22 10:29:45
RFD20241003157,2021-04-22 10:31:14
RFD20200507431,2021-04-22 14:41:24
RFD20241003164,2021-04-22 16:54:07
RFD20241004137,2021-04-23 10:39:57
RFD20210101405,2021-04-23 11:45:22
RFD20241101042,2021-04-23 12:12:22
RFD20241004044,2021-04-23 13:59:52
RFD20241005169,2021-04-24 15:35:25
RFD20241006101,2021-04-25 07:41:41
RFD20241006168,2021-04-25 08:38:38
RFD20241020036,2021-04-25 09:38:23
RFD20241006095,2021-04-25 11:17:51
RFD20200120445,2021-04-26 07:07:28
RFD20200120401,2021-04-26 08:20:21
RFD20241007190,2021-04-26 13:08:40
RFD20241007039,2021-04-26 13:15:12
RFD20241007081,2021-04-26 15:50:36
RFD20241007120,2021-04-26 17:19:18
RFD20241001072,2021-04-27 09:13:09
RFD20210119404,2021-04-27 10:38:52
RFD20241001114,2021-04-27 14:30:55
RFD20200916424,2021-04-28 08:00:54
RFD20241009093,2021-04-28 09:04:48
RFD20241009108,2021-04-28 10:23:52
RFD20241009045,2021-04-28 14:04:58
RFD20241009150,2021-04-28 14:18:22
RFD20241009107,2021-04-28 14:50:45
RFD20241009140,2021-04-28 16:13:06
RFD20210107426,2021-04-29 08:07:58
RFD20210429403,2021-04-29 13:02:57
RFD20200220415,2021-04-29 13:03:24
RFD20241010022,2021-04-29 14:28:03
RFD20241010119,2021-04-29 15:13:54
RFD20241010069,2021-04-29 16:57:39
RFD20241011132,2021-04-30 06:52:43
RFD20241025029,2021-04-30 07:43:35
RFD20241011121,2021-04-30 13:35:51
RFD20241011182,2021-04-30 14:59:36
RFD20241011004,2021-04-30 17:39:52
RFD20210123432,2021-05-01 11:31:10
RFD20241012052,2021-05-01 15:57:22
RFD20241013130,2021-05-02 08:05:20
RFD20241013030,2021-05-02 08:28:22
RFD20241014117,2021-05-03 08:56:17
RFD20200127434,2021-05-03 09:42:11
RFD20210111420,2021-05-03 10:44:30
RFD20241028173,2021-05-03 14:39:03
RFD20241028163,2021-05-03 16:18:25
RFD20241008171,2021-05-04 06:00:00
RFD20241022136,2021-05-04 08:22:33
RFD20241008023,2021-05-04 13:42:13
RFD20241002049,2021-05-05 06:22:52
RFD20200101436,2021-05-05 10:00:40
RFD20241002088,2021-05-05 11:44:51
RFD20241002078,2021-05-05 13:17:28
RFD20241002094,2021-05-05 13:42:37
RFD20241002184,2021-05-05 14:02:54
RFD20241016234,2021-05-05 14:29:55
RFD20241226156,2021-05-06 07:03:09
RFD20241010068,2021-05-06 08:10:52
RFD20241003141,2021-05-06 08:38:50
RFD20241003096,2021-05-06 08:55:18
RFD20241003157,2021-05-06 10:14:49
RFD20241003127,2021-05-06 13:12:52
RFD20200507431,2021-05-06 13:54:19
RFD20241003164,2021-05-06 16:47:22
RFD20200424419,2021-05-07 10:29:51
RFD20241004137,2021-05-07 10:59:03
RFD20241004044,2021-05-07 13:21:37
RFD20241004177,2021-05-07 15:04:01
RFD20241012118,2021-05-08 07:45:41
RFD20241005169,2021-05-08 14:08:51
RFD20241019135,2021-05-08 15:18:25
RFD20241005064,2021-05-08 17:18:18
RFD20241006101,2021-05-09 07:15:33
RFD20241006168,2021-05-09 08:26:33
RFD20241020036,2021-05-09 09:14:43
RFD20200120445,2021-05-10 06:31:17
RFD20200120401,2021-05-10 08:33:48
RFD20241007142,2021-05-10 08:52:34
RFD20201012421,2021-05-10 16:06:53
RFD20210119404,2021-05-11 10:10:22
RFD20200916424,2021-05-12 08:51:20
RFD20241009093,2021-05-12 09:35:48
RFD20241009108,2021-05-12 10:43:22
RFD20241009227,2021-05-12 11:08:14
RFD20241009107,2021-05-12 14:01:01
RFD20241009150,2021-05-12 14:13:10
RFD20241009045,2021-05-12 14:20:10
RFD20210107426,2021-05-13 07:44:49
RFD20210121417,2021-05-13 12:12:59
RFD20200220415,2021-05-13 13:00:58
RFD20241010109,2021-05-13 14:07:56
RFD20241010022,2021-05-13 14:10:30
RFD20241010154,2021-05-13 15:03:40
RFD20241010119,2021-05-13 15:45:18
RFD20241010069,2021-05-13 17:20:03
RFD20241004065,2021-05-14 06:43:47
RFD20241011132,2021-05-14 07:10:57
RFD20241011176,2021-05-14 09:28:48
RFD20241025196,2021-05-14 11:31:14
RFD20241025031,2021-05-14 15:00:32
RFD20241012116,2021-05-15 08:50:52
RFD20210123432,2021-05-15 11:06:11
RFD20200111433,2021-05-15 14:13:47
RFD20241012052,2021-05-15 15:57:42
RFD20241007126,2021-05-17 07:19:16
RFD20241014011,2021-05-17 08:54:25
RFD20200127434,2021-05-17 09:08:42
RFD20241014024,2021-05-17 13:02:41
RFD20241028173,2021-05-17 14:35:16
RFD20241028163,2021-05-17 16:59:08
RFD20241022136,2021-05-18 08:34:27
RFD20241002105,2021-05-19 09:45:02
RFD20241002184,2021-05-19 14:13:03
RFD20210211430,2021-05-20 10:28:37
RFD20200507431,2021-05-20 14:26:50
RFD20241003164,2021-05-20 16:17:59
RFD20200102414,2021-05-20 16:21:00
RFD20200409441,2021-05-20 16:33:30
RFD20241004159,2021-05-21 10:13:13
RFD20200424419,2021-05-21 10:48:15
RFD20241101042,2021-05-21 11:56:52
RFD20210101405,2021-05-21 12:02:42
RFD20241004044,2021-05-21 14:20:58
RFD20200104444,2021-05-22 10:02:23
RFD20200118409,2021-05-22 12:21:04
RFD20241005169,2021-05-22 14:42:36
RFD20241005064,2021-05-22 17:32:02
RFD20241020036,2021-05-23 08:41:34
RFD20241007043,2021-05-24 06:03:37
RFD20241007090,2021-05-24 12:45:03
RFD20241007081,2021-05-24 15:42:34
RFD20241007120,2021-05-24 17:03:32
RFD20241001040,2021-05-25 08:58:48
RFD20241001072,2021-05-25 09:26:13
RFD20210119404,2021-05-25 10:19:27
RFD20241001122,2021-05-25 13:24:36
RFD20241001114,2021-05-25 14:18:46
RFD20241009093,2021-05-26 08:34:42
RFD20241009111,2021-05-26 10:05:27
RFD20241009108,2021-05-26 10:19:01
RFD20241009227,2021-05-26 10:23:42
RFD20210121417,2021-05-27 11:59:39
RFD20200220415,2021-05-27 13:28:34
RFD20241010022,2021-05-27 14:03:56
RFD20241010109,2021-05-27 15:00:23
RFD20241010074,2021-05-27 16:42:38
RFD20241010069,2021-05-27 16:53:03
RFD20241011223,2021-05-28 08:52:37
RFD20241025170,2021-05-28 09:34:38
RFD20241011176,2021-05-28 09:52:40
RFD20241012116,2021-05-29 09:16:45
RFD20210123432,2021-05-29 11:11:36
RFD20241012082,2021-05-29 12:26:59
RFD20200125435,2021-05-29 13:56:58
RFD20241012052,2021-05-29 15:50:30
RFD20241013046,2021-05-30 07:29:57
RFD20241013172,2021-05-30 09:19:50
RFD20241007126,2021-05-31 07:08:43
RFD20241014117,2021-05-31 08:54:44
RFD20200127434,2021-05-31 09:43:00
RFD20241028173,2021-05-31 14:31:18
RFD20241008171,2021-06-01 06:00:00
RFD20241002131,2021-06-02 08:00:45
RFD20200115428,2021-06-02 08:53:06
RFD20241002105,2021-06-02 09:07:40
RFD20200101436,2021-06-02 09:34:09
RFD20241002073,2021-06-02 09:57:45
RFD20241002088,2021-06-02 11:04:58
RFD20241002094,2021-06-02 14:03:38
RFD20241002184,2021-06-02 14:46:58
RFD20241002229,2021-06-02 14:51:22
RFD20241031097,2021-06-03 08:51:24
RFD20241003141,2021-06-03 09:26:20
RFD20241003138,2021-06-03 13:22:07
RFD20200102414,2021-06-03 15:55:09
RFD20241003164,2021-06-03 16:43:02
RFD20200409441,2021-06-03 17:15:39
RFD20241004137,2021-06-04 10:37:22
RFD20241101042,2021-06-04 11:56:18
RFD20241004177,2021-06-04 14:03:40
RFD20241004044,2021-06-04 14:25:24
RFD20200118409,2021-06-05 12:30:54
RFD20241005012,2021-06-05 14:46:29
RFD20241008231,2021-06-05 15:32:18
RFD20241007043,2021-06-07 07:14:13
RFD20201012421,2021-06-07 16:01:43
RFD20241001158,2021-06-08 14:23:45
RFD20241001058,2021-06-08 14:50:14
RFD20241009093,2021-06-09 09:10:28
RFD20241009111,2021-06-09 10:12:23
RFD20200219407,2021-06-09 12:46:23
RFD20241009205,2021-06-09 14:55:15
RFD20210121417,2021-06-10 12:33:34
RFD20241010079,2021-06-10 14:34:19
RFD20241010022,2021-06-10 15:11:43
RFD20241010154,2021-06-10 15:18:59
RFD20241010109,2021-06-10 15:22:02
RFD20241004065,2021-06-11 06:52:27
RFD20241025029,2021-06-11 08:27:04
RFD20241011223,2021-06-11 08:36:33
RFD20241025087,2021-06-11 13:07:47
RFD20241025075,2021-06-11 16:50:41
RFD20241011004,2021-06-11 17:21:54
RFD20210123432,2021-06-12 11:55:47
RFD20200125435,2021-06-12 13:58:16
RFD20200111433,2021-06-12 14:31:32
RFD20241013129,2021-06-13 07:38:49
RFD20241013030,2021-06-13 07:45:24
RFD20241007126,2021-06-14 06:51:17
RFD20241014011,2021-06-14 09:01:42
RFD20241014117,2021-06-14 09:34:11
RFD20241007193,2021-06-14 11:59:39
RFD20241028163,2021-06-14 16:34:43
RFD20241008026,2021-06-15 09:02:44
RFD20241008062,2021-06-15 09:35:51
RFD20241210020,2021-06-15 09:40:37
RFD20200115428,2021-06-16 08:58:21
RFD20241002131,2021-06-16 09:08:43
RFD20241002105,2021-06-16 09:15:54
RFD20241002073,2021-06-16 09:39:15
RFD20241002203,2021-06-16 13:01:32
RFD20241030037,2021-06-16 14:32:54
RFD20241002229,2021-06-16 14:41:31
RFD20241016234,2021-06-16 14:57:06
RFD20241010068,2021-06-17 08:42:34
RFD20241003035,2021-06-17 09:01:58
RFD20241003096,2021-06-17 09:36:38
RFD20241003127,2021-06-17 13:55:21
RFD20241003164,2021-06-17 15:55:07
RFD20200409441,2021-06-17 16:41:44
RFD20210101405,2021-06-18 11:57:18
RFD20241004044,2021-06-18 13:37:32
RFD20241004177,2021-06-18 14:56:08
RFD20241005012,2021-06-19 13:53:26
RFD20241005169,2021-06-19 14:48:52
RFD20241008231,2021-06-19 15:14:59
RFD20241006101,2021-06-20 07:19:12
RFD20241006168,2021-06-20 08:56:12
RFD20241007043,2021-06-21 06:32:43
RFD20200120445,2021-06-21 07:18:43
RFD20241007113,2021-06-21 07:36:40
RFD20200120401,2021-06-21 08:22:53
RFD20201012421,2021-06-21 16:06:38
RFD20241001103,2021-06-22 08:26:45
RFD20241001040,2021-06-22 08:42:29
RFD20241001158,2021-06-22 13:56:27
RFD20241015048,2021-06-22 16:00:04
RFD20200916424,2021-06-23 08:37:53
RFD20241009093,2021-06-23 09:27:04
RFD20241009227,2021-06-23 11:23:49
RFD20241009107,2021-06-23 13:49:21
RFD20200219407,2021-06-23 14:00:29
RFD20241209202,2021-06-24 09:22:26
RFD20210429403,2021-06-24 12:18:56
RFD20241010109,2021-06-24 14:26:39
RFD20241010022,2021-06-24 14:27:00
RFD20241011019,2021-06-25 16:55:41
RFD20241025075,2021-06-25 17:16:16
RFD20210123432,2021-06-26 11:10:12
RFD20200111433,2021-06-26 13:32:09
RFD20241012052,2021-06-26 15:09:45
RFD20241013130,2021-06-27 07:24:06
RFD20241007126,2021-06-28 07:22:00
RFD20210628440,2021-06-28 08:31:12
RFD20241014117,2021-06-28 11:02:46
RFD20241014024,2021-06-28 13:37:41
RFD20241028163,2021-06-28 15:17:25
RFD20241008171,2021-06-29 06:00:00
RFD20241008023,2021-06-29 13:10:09
RFD20241002071,2021-06-30 07:23:38
RFD20241002131,2021-06-30 08:48:41
RFD20200101436,2021-06-30 09:07:44
RFD20241002073,2021-06-30 10:27:57
RFD20241002078,2021-06-30 12:40:41
RFD20241002094,2021-06-30 13:32:47
RFD20241016234,2021-06-30 14:21:09
RFD20241002184,2021-06-30 14:50:39
RFD20241031097,2021-07-01 08:07:50
RFD20241017034,2021-07-01 08:48:51
RFD20200102414,2021-07-01 15:10:05
RFD20241003164,2021-07-01 16:10:53
RFD20200424419,2021-07-02 10:29:09
RFD20241004177,2021-07-02 14:07:55
RFD20241004044,2021-07-02 14:48:42
RFD20241018010,2021-07-02 15:08:42
RFD20200104444,2021-07-03 09:40:12
RFD20200118409,2021-07-03 12:50:02
RFD20241005169,2021-07-03 15:23:56
RFD20241006101,2021-07-04 07:01:00
RFD20241006168,2021-07-04 07:55:00
RFD20241007043,2021-07-05 06:25:56
RFD20241007142,2021-07-05 07:56:54
RFD20200120401,2021-07-05 08:21:37
RFD20201012421,2021-07-05 16:17:41
RFD20241007120,2021-07-05 16:47:42
RFD20241001103,2021-07-06 08:16:00
RFD20210119404,2021-07-06 11:32:10
RFD20241001114,2021-07-06 14:14:40
RFD20241001158,2021-07-06 14:37:51
RFD20241001058,2021-07-06 15:23:18
RFD20241009111,2021-07-07 09:51:08
RFD20241009093,2021-07-07 10:09:27
RFD20200219407,2021-07-07 13:13:52
RFD20241009140,2021-07-07 16:38:31
RFD20210107426,2021-07-08 07:14:05
RFD20210429403,2021-07-08 12:45:58
RFD20241010109,2021-07-08 14:26:49
RFD20241010074,2021-07-08 16:27:21
RFD20241011132,2021-07-09 06:29:11
RFD20241025029,2021-07-09 08:06:07
RFD20241011223,2021-07-09 09:02:50
RFD20241025170,2021-07-09 09:06:34
RFD20241025087,2021-07-09 13:10:05
RFD20241025031,2021-07-09 14:38:01
RFD20241025060,2021-07-09 15:21:01
RFD20241011019,2021-07-09 16:42:39
RFD20241025075,2021-07-09 16:53:18
RFD20241011004,2021-07-09 18:04:07
RFD20241012082,2021-07-10 11:50:17
RFD20200125435,2021-07-10 13:30:17
RFD20241013030,2021-07-11 09:07:28
RFD20241014117,2021-07-12 09:13:37
RFD20200127434,2021-07-12 09:31:06
RFD20241028173,2021-07-12 14:39:50
RFD20241028163,2021-07-12 15:59:23
RFD20241008171,2021-07-13 06:24:00
RFD20241008026,2021-07-13 08:40:27
RFD20241002049,2021-07-14 07:00:44
RFD20241002071,2021-07-14 07:14:50
RFD20241002088,2021-07-14 12:10:30
RFD20241002078,2021-07-14 13:42:31
RFD20241002094,2021-07-14 13:48:55
RFD20241002229,2021-07-14 14:55:10
RFD20241002184,2021-07-14 15:08:33
RFD20241003035,2021-07-15 09:20:41
RFD20241003157,2021-07-15 09:55:16
RFD20210211430,2021-07-15 10:41:17
RFD20241003127,2021-07-15 12:45:52
RFD20241003164,2021-07-15 16:36:56
RFD20200409441,2021-07-15 16:46:27
RFD20200424419,2021-07-16 10:41:47
RFD20241004137,2021-07-16 11:01:54
RFD20241004177,2021-07-16 14:03:29
RFD20241012118,2021-07-17 07:37:22
RFD20241005169,2021-07-17 15:20:17
RFD20241006101,2021-07-18 06:42:55
RFD20241006007,2021-07-18 10:03:10
RFD20200120445,2021-07-19 06:32:56
RFD20241007043,2021-07-19 07:02:59
RFD20200120401,2021-07-19 08:36:19
RFD20241007039,2021-07-19 14:36:10
RFD20241007120,2021-07-19 16:40:49
RFD20241001103,2021-07-20 07:05:31
RFD20241001072,2021-07-20 09:52:27
RFD20241001122,2021-07-20 12:56:03
RFD20241015048,2021-07-20 15:21:34
RFD20200916424,2021-07-21 08:06:22
RFD20241009093,2021-07-21 09:55:27
RFD20200219407,2021-07-21 13:42:18
RFD20241009205,2021-07-21 14:47:43
RFD20210107426,2021-07-22 07:42:12
RFD20241010069,2021-07-22 16:43:26
RFD20241004065,2021-07-23 07:04:32
RFD20241012082,2021-07-24 12:37:39
RFD20241012052,2021-07-24 14:42:46
RFD20241013046,2021-07-25 07:14:47
RFD20241013130,2021-07-25 08:26:49
RFD20241013030,2021-07-25 08:49:07
RFD20241007126,2021-07-26 06:48:54
RFD20210628440,2021-07-26 08:15:57
RFD20241014011,2021-07-26 09:04:11
RFD20241014117,2021-07-26 09:41:29
RFD20200127434,2021-07-26 09:49:26
RFD20241014024,2021-07-26 13:02:01
RFD20241028173,2021-07-26 15:08:30
RFD20241028163,2021-07-26 16:58:33
RFD20241022136,2021-07-27 08:51:11
RFD20241002049,2021-07-28 06:11:15
RFD20241002071,2021-07-28 08:00:50
RFD20241002105,2021-07-28 09:03:48
RFD20241002183,2021-07-28 09:54:32
RFD20241016234,2021-07-28 13:58:43
RFD20241002184,2021-07-28 14:49:48
RFD20241002229,2021-07-28 15:20:36
RFD20241003141,2021-07-29 07:52:53
RFD20241031097,2021-07-29 08:09:29
RFD20241003157,2021-07-29 10:58:21
RFD20241003138,2021-07-29 14:29:09
RFD20200507431,2021-07-29 15:20:29
RFD20241003164,2021-07-29 17:08:29
RFD20200424419,2021-07-30 10:13:29
RFD20241004044,2021-07-30 14:07:47
RFD20241012118,2021-07-31 07:40:51
RFD20200104444,2021-07-31 10:08:20
RFD20241008231,2021-07-31 16:15:23
RFD20241006101,2021-08-01 07:03:47
RFD20200120445,2021-08-02 06:58:06
RFD20241007090,2021-08-02 12:46:18
RFD20241007081,2021-08-02 15:20:13
RFD20210301418,2021-08-02 15:34:29
RFD20241001103,2021-08-03 07:27:13
RFD20241001122,2021-08-03 13:30:15
RFD20241015048,2021-08-03 14:59:29
RFD20241001158,2021-08-03 15:01:29
RFD20200916424,2021-08-04 07:50:44
RFD20241009093,2021-08-04 09:33:39
RFD20241009111,2021-08-04 10:00:28
RFD20241009150,2021-08-04 14:32:49
RFD20241209202,2021-08-05 09:00:57
RFD20210121417,2021-08-05 11:27:19
RFD20241010154,2021-08-05 14:30:47
RFD20241010119,2021-08-05 14:48:02
RFD20241004065,2021-08-06 06:51:55
RFD20241025029,2021-08-06 07:32:39
RFD20241011132,2021-08-06 07:55:28
RFD20241011176,2021-08-06 09:57:38
RFD20241025031,2021-08-06 14:31:08
RFD20241011182,2021-08-06 15:16:07
RFD20241025075,2021-08-06 17:11:31
RFD20241011004,2021-08-06 18:20:12
RFD20241012116,2021-08-07 08:43:32
RFD20241012082,2021-08-07 13:35:43
RFD20200111433,2021-08-07 14:42:59
RFD20241013046,2021-08-08 06:56:25
RFD20241013030,2021-08-08 07:41:06
RFD20241013129,2021-08-08 08:54:35
RFD20241014024,2021-08-09 13:00:31
RFD20241028173,2021-08-09 13:51:11
RFD20241022136,2021-08-10 09:15:06
RFD20241008026,2021-08-10 09:24:25
RFD20241002049,2021-08-11 06:27:25
RFD20241002131,2021-08-11 09:03:32
RFD20241002088,2021-08-11 11:44:50
RFD20241002203,2021-08-11 13:51:06
RFD20241016234,2021-08-11 13:56:49
RFD20241002094,2021-08-11 14:45:30
RFD20241002229,2021-08-11 15:28:50
RFD20241030027,2021-08-11 17:59:28
RFD20241010068,2021-08-12 07:46:40
RFD20241003035,2021-08-12 09:51:20
RFD20241003157,2021-08-12 10:32:24
RFD20241003138,2021-08-12 13:28:29
RFD20241003127,2021-08-12 14:06:43
RFD20200102414,2021-08-12 15:45:36
RFD20200409441,2021-08-12 17:06:47
RFD20241004044,2021-08-13 13:58:21
RFD20241012118,2021-08-14 07:38:31
RFD20241005012,2021-08-14 13:43:23
RFD20241019135,2021-08-14 14:56:18
RFD20241008231,2021-08-14 15:49:06
RFD20241005064,2021-08-14 18:24:38
RFD20241006101,2021-08-15 07:08:20
RFD20241007043,2021-08-16 07:04:02
RFD20200120401,2021-08-16 09:13:51
RFD20241007190,2021-08-16 12:41:14
RFD20241007081,2021-08-16 15:09:00
RFD20201012421,2021-08-16 15:50:27
RFD20241001103,2021-08-17 08:16:20
RFD20241001072,2021-08-17 09:14:08
RFD20210119404,2021-08-17 10:18:25
RFD20241001058,2021-08-17 15:47:51
RFD20241015048,2021-08-17 15:59:49
RFD20241009111,2021-08-18 09:28:06
RFD20241009093,2021-08-18 09:52:18
RFD20241009205,2021-08-18 15:18:27
RFD20200220415,2021-08-19 13:21:18
RFD20241010069,2021-08-19 17:15:59
RFD20241011132,2021-08-20 07:24:58
RFD20241025029,2021-08-20 07:50:16
RFD20241011121,2021-08-20 13:25:32
RFD20241011019,2021-08-20 16:24:45
RFD20241025075,2021-08-20 17:13:32
RFD20210123432,2021-08-21 11:56:41
RFD20241012082,2021-08-21 12:26:20
RFD20241013046,2021-08-22 06:21:35
RFD20241013030,2021-08-22 08:38:16
RFD20241013172,2021-08-22 09:08:34
RFD20250512016,2021-08-23 08:48:18
RFD20241014117,2021-08-23 09:26:07
RFD20241014024,2021-08-23 13:12:15
RFD20241028173,2021-08-23 15:03:25
RFD20241028145,2021-08-23 15:08:00
RFD20241028163,2021-08-23 16:35:05
RFD20241008026,2021-08-24 08:41:55
RFD20241022136,2021-08-24 09:42:57
RFD20241008023,2021-08-24 13:17:11
RFD20200101436,2021-08-25 08:50:50
RFD20241002131,2021-08-25 08:58:50
RFD20200115428,2021-08-25 09:05:53
RFD20241002183,2021-08-25 09:36:02
RFD20241002184,2021-08-25 14:29:13
RFD20241030037,2021-08-25 14:56:42
RFD20241002229,2021-08-25 15:36:11
RFD20241030027,2021-08-25 17:22:58
RFD20241017034,2021-08-26 08:51:20
RFD20241003127,2021-08-26 13:23:52
RFD20200507431,2021-08-26 14:16:53
RFD20200409441,2021-08-26 16:44:05
RFD20241004159,2021-08-27 10:14:33
RFD20241004137,2021-08-27 10:33:54
RFD20241004044,2021-08-27 13:40:26
RFD20241004177,2021-08-27 14:27:27
RFD20241012118,2021-08-28 07:34:01
RFD20200104444,2021-08-28 09:49:48
RFD20241005012,2021-08-28 14:05:58
RFD20241005169,2021-08-28 14:48:35
RFD20241008231,2021-08-28 15:50:01
RFD20241006168,2021-08-29 08:54:38
RFD20241020036,2021-08-29 08:57:59
RFD20241006095,2021-08-29 11:04:24
RFD20241007043,2021-08-30 06:21:55
RFD20200120445,2021-08-30 06:47:55
RFD20241007113,2021-08-30 07:33:16
RFD20241007142,2021-08-30 08:13:30
RFD20241007090,2021-08-30 12:28:55
RFD20241007190,2021-08-30 13:09:42
RFD20241007039,2021-08-30 14:27:07
RFD20241007081,2021-08-30 15:19:44
RFD20201012421,2021-08-30 16:21:11
RFD20241001103,2021-08-31 07:44:37
RFD20241001072,2021-08-31 09:30:55
RFD20210119404,2021-08-31 10:37:14
RFD20241001114,2021-08-31 14:14:27
RFD20200916424,2021-09-01 08:20:01
RFD20241009111,2021-09-01 10:21:44
RFD20241009093,2021-09-01 10:33:15
RFD20241009107,2021-09-01 14:08:32
RFD20241009140,2021-09-01 15:32:58
RFD20241010022,2021-09-02 14:26:02
RFD20241010109,2021-09-02 14:40:47
RFD20241010154,2021-09-02 15:16:57
RFD20241010074,2021-09-02 16:31:08
RFD20241010069,2021-09-02 16:55:28
RFD20241011132,2021-09-03 07:30:19
RFD20241025029,2021-09-03 08:49:37
RFD20241011176,2021-09-03 09:50:04
RFD20241011121,2021-09-03 13:41:48
RFD20241025031,2021-09-03 15:21:21
RFD20241025060,2021-09-03 15:27:09
RFD20241011019,2021-09-03 16:58:59
RFD20241025075,2021-09-03 17:06:52
RFD20241012116,2021-09-04 09:08:27
RFD20200111433,2021-09-04 13:47:26
RFD20241012052,2021-09-04 16:31:23
RFD20241013172,2021-09-05 09:53:00
RFD20241007126,2021-09-06 07:21:36
RFD20200127434,2021-09-06 09:08:27
RFD20241014117,2021-09-06 09:18:44
RFD20241014024,2021-09-06 12:45:52
RFD20241028145,2021-09-06 14:41:06
RFD20241028173,2021-09-06 15:27:47
RFD20241028163,2021-09-06 16:27:59
RFD20241008026,2021-09-07 08:40:56
RFD20241210020,2021-09-07 10:16:33
RFD20241002105,2021-09-08 09:01:55
RFD20200101436,2021-09-08 09:15:03
RFD20241002183,2021-09-08 09:47:15
RFD20241002088,2021-09-08 11:44:30
RFD20241002203,2021-09-08 13:24:30
RFD20241002094,2021-09-08 13:43:50
RFD20241002078,2021-09-08 14:08:21
RFD20241030037,2021-09-08 14:47:50
RFD20241002184,2021-09-08 15:10:21
RFD20241003141,2021-09-09 07:58:03
RFD20241031097,2021-09-09 08:11:57
RFD20241003096,2021-09-09 08:31:35
RFD20241003127,2021-09-09 13:05:37
RFD20200507431,2021-09-09 15:00:35
RFD20200102414,2021-09-09 16:09:02
RFD20241003164,2021-09-09 16:27:20
RFD20200409441,2021-09-09 16:49:48
RFD20210101405,2021-09-10 11:16:29
RFD20241004044,2021-09-10 14:01:36
RFD20241004177,2021-09-10 14:21:29
RFD20241012118,2021-09-11 07:40:47
RFD20200104444,2021-09-11 09:57:37
RFD20200118409,2021-09-11 11:59:11
RFD20241005169,2021-09-11 14:48:27
RFD20241019135,2021-09-11 14:51:08
RFD20241008231,2021-09-11 15:37:36
RFD20241006147,2021-09-12 07:18:34
RFD20241006168,2021-09-12 08:33:47
RFD20241020036,2021-09-12 09:45:39
RFD20241007190,2021-09-13 12:38:54
RFD20241007090,2021-09-13 12:55:38
RFD20241007039,2021-09-13 12:56:47
RFD20201012421,2021-09-13 16:45:12
RFD20241001158,2021-09-14 14:04:25
RFD20241009093,2021-09-15 10:06:44
RFD20241009108,2021-09-15 10:48:09
RFD20241009227,2021-09-15 11:36:21
RFD20241009150,2021-09-15 14:29:05
RFD20241009140,2021-09-15 15:38:15
RFD20210429403,2021-09-16 12:34:33
RFD20241010109,2021-09-16 14:41:04
RFD20241010069,2021-09-16 17:02:27
RFD20241004065,2021-09-17 06:29:54
RFD20241011132,2021-09-17 06:59:34
RFD20241025029,2021-09-17 08:39:08
RFD20241011176,2021-09-17 10:01:43
RFD20241011182,2021-09-17 14:46:35
RFD20241025075,2021-09-17 16:29:43
RFD20241011019,2021-09-17 16:58:43
RFD20210123432,2021-09-18 11:18:06
RFD20200125435,2021-09-18 13:43:44
RFD20241012052,2021-09-18 15:40:13
RFD20241013046,2021-09-19 07:52:49
RFD20241013030,2021-09-19 08:04:22
RFD20241013130,2021-09-19 08:13:45
RFD20241013172,2021-09-19 09:01:27
RFD20241007126,2021-09-20 07:24:50
RFD20210628440,2021-09-20 08:24:15
RFD20241014011,2021-09-20 08:39:38
RFD20241008171,2021-09-21 06:09:54
RFD20200101436,2021-09-22 08:49:38
RFD20241002105,2021-09-22 09:22:57
RFD20241002088,2021-09-22 12:09:25
RFD20241002078,2021-09-22 13:40:40
RFD20241002094,2021-09-22 14:05:31
RFD20241030037,2021-09-22 14:30:55
RFD20241010068,2021-09-23 08:28:48
RFD20241003096,2021-09-23 09:23:12
RFD20241003157,2021-09-23 10:11:09
RFD20200507431,2021-09-23 14:59:19
RFD20200409441,2021-09-23 16:47:07
RFD20200424419,2021-09-24 10:17:16
RFD20241004044,2021-09-24 13:54:21
RFD20241004177,2021-09-24 14:18:43
RFD20241012118,2021-09-25 07:19:43
RFD20200118409,2021-09-25 12:24:14
RFD20241005169,2021-09-25 14:31:11
RFD20241008231,2021-09-25 15:05:48
RFD20241006147,2021-09-26 06:42:41
RFD20241006101,2021-09-26 07:42:12
RFD20241020036,2021-09-26 09:33:29
RFD20241006095,2021-09-26 10:43:51
RFD20200120445,2021-09-27 06:59:31
RFD20241007043,2021-09-27 07:06:00
RFD20201012421,2021-09-27 16:13:14
RFD20241001040,2021-09-28 08:57:48
RFD20241001114,2021-09-28 13:38:44
RFD20241001158,2021-09-28 14:05:13
RFD20200916424,2021-09-29 09:04:55
RFD20241009093,2021-09-29 10:09:12
RFD20241009108,2021-09-29 10:38:16
RFD20241009107,2021-09-29 13:17:27
RFD20241024149,2021-09-30 08:08:03
RFD20210429403,2021-09-30 12:22:09
RFD20241010079,2021-09-30 14:18:13
RFD20241010022,2021-09-30 14:21:18
RFD20241010074,2021-09-30 17:12:45
RFD20241011132,2021-10-01 07:17:01
RFD20241025087,2021-10-01 13:12:16
RFD20241025060,2021-10-01 14:43:57
RFD20241011004,2021-10-01 17:37:19
RFD20210123432,2021-10-02 11:17:14
RFD20241013130,2021-10-03 07:47:20
RFD20241013030,2021-10-03 08:02:49
RFD20241013172,2021-10-03 08:45:41
RFD20210628440,2021-10-04 07:50:16
RFD20241014011,2021-10-04 09:10:25
RFD20241028173,2021-10-04 15:18:47
RFD20241028163,2021-10-04 16:54:42
RFD20241008171,2021-10-05 06:27:16
RFD20241008062,2021-10-05 10:53:49
RFD20241002049,2021-10-06 06:52:27
RFD20241009151,2021-10-06 07:04:39
RFD20241002131,2021-10-06 08:35:11
RFD20200101436,2021-10-06 09:04:58
RFD20241002105,2021-10-06 09:33:47
RFD20241002183,2021-10-06 10:21:45
RFD20241002088,2021-10-06 11:51:21
RFD20241002078,2021-10-06 13:29:36
RFD20241002094,2021-10-06 13:57:57
RFD20241016234,2021-10-06 14:39:42
RFD20241003141,2021-10-07 08:36:59
RFD20241003035,2021-10-07 09:04:12
RFD20241003157,2021-10-07 10:11:23
RFD20200102414,2021-10-07 15:06:36
RFD20210101405,2021-10-08 11:20:23
RFD20241004044,2021-10-08 14:06:19
RFD20241004177,2021-10-08 14:55:19
RFD20241012118,2021-10-09 08:04:07
RFD20200118409,2021-10-09 11:40:37
RFD20241005012,2021-10-09 13:56:17
RFD20241019135,2021-10-09 15:17:25
RFD20241008231,2021-10-09 15:30:56
RFD20241006101,2021-10-10 06:47:59
RFD20241006168,2021-10-10 08:10:49
RFD20241006095,2021-10-10 11:32:22
RFD20241007043,2021-10-11 06:00:00
RFD20241007090,2021-10-11 13:00:44
RFD20241007190,2021-10-11 13:50:58
RFD20241007081,2021-10-11 15:43:41
RFD20241001114,2021-10-12 14:05:37
RFD20241001058,2021-10-12 14:49:04
RFD20241015048,2021-10-12 15:13:51
RFD20241009093,2021-10-13 09:01:08
RFD20241009227,2021-10-13 11:00:43
RFD20241009108,2021-10-13 11:02:52
RFD20241009107,2021-10-13 13:50:44
RFD20241009150,2021-10-13 14:07:39
RFD20241009045,2021-10-13 14:18:50
RFD20210121417,2021-10-14 12:02:25
RFD20200220408,2021-10-14 12:56:40
RFD20200220415,2021-10-14 13:08:21
RFD20241010109,2021-10-14 14:15:35
RFD20241010022,2021-10-14 14:22:10
RFD20241010074,2021-10-14 16:29:03
RFD20241025029,2021-10-15 08:45:14
RFD20241025196,2021-10-15 11:19:09
RFD20241011121,2021-10-15 13:03:23
RFD20241011182,2021-10-15 14:47:48
RFD20241025075,2021-10-15 16:45:20
RFD20241011004,2021-10-15 18:24:30
RFD20241012052,2021-10-16 15:07:56
RFD20241013046,2021-10-17 06:45:35
RFD20241013030,2021-10-17 07:51:27
RFD20241013172,2021-10-17 09:42:11
RFD20210628440,2021-10-18 07:20:31
RFD20241007126,2021-10-18 07:23:01
RFD20241014024,2021-10-18 13:28:43
RFD20241007193,2021-10-18 13:39:23
RFD20241028173,2021-10-18 14:44:11
RFD20241028163,2021-10-18 17:18:09
RFD20241008171,2021-10-19 06:18:27
RFD20241022136,2021-10-19 08:58:31
RFD20241008155,2021-10-19 12:41:03
RFD20241002049,2021-10-20 07:13:16
RFD20241002131,2021-10-20 09:08:55
RFD20200101436,2021-10-20 09:20:01
RFD20241002105,2021-10-20 09:43:12
RFD20241002094,2021-10-20 13:46:07
RFD20241002184,2021-10-20 14:14:43
RFD20241002078,2021-10-20 14:18:05
RFD20241016234,2021-10-20 14:54:01
RFD20241030037,2021-10-20 15:08:34
RFD20241002229,2021-10-20 15:34:04
RFD20241031097,2021-10-21 08:25:44
RFD20241003127,2021-10-21 13:29:19
RFD20241003138,2021-10-21 13:46:51
RFD20200507431,2021-10-21 14:19:02
RFD20241109214,2021-10-22 10:56:50
RFD20241004177,2021-10-22 14:45:37
RFD20241018010,2021-10-22 15:57:41
RFD20241005012,2021-10-23 13:41:39
RFD20241008231,2021-10-23 15:15:51
RFD20241019135,2021-10-23 15:49:45
RFD20241006101,2021-10-24 07:05:10
RFD20241006168,2021-10-24 08:46:21
RFD20241007043,2021-10-25 06:00:00
RFD20241007142,2021-10-25 08:27:43
RFD20241007190,2021-10-25 12:30:47
RFD20241007090,2021-10-25 12:57:29
RFD20241007081,2021-10-25 14:57:00
RFD20241007120,2021-10-25 16:30:25
RFD20201012421,2021-10-25 16:33:39
RFD20241001103,2021-10-26 08:30:22
RFD20241001114,2021-10-26 14:22:24
RFD20241001158,2021-10-26 14:23:48
RFD20241001058,2021-10-26 15:23:45
RFD20241009093,2021-10-27 09:14:47
RFD20241009150,2021-10-27 14:20:22
RFD20241010069,2021-10-28 16:50:13
RFD20241011132,2021-10-29 07:31:10
RFD20241025087,2021-10-29 13:26:08
RFD20241011182,2021-10-29 15:16:55
RFD20241025031,2021-10-29 15:19:32
RFD20210123432,2021-10-30 11:58:59
RFD20241012082,2021-10-30 13:08:42
RFD20200111433,2021-10-30 14:32:25
RFD20241012052,2021-10-30 15:25:10
RFD20241013030,2021-10-31 09:04:56
RFD20241013172,2021-10-31 09:26:36
RFD20250512016,2021-11-01 08:33:54
RFD20241014117,2021-11-01 09:23:24
RFD20241014024,2021-11-01 13:31:01
RFD20241028173,2021-11-01 16:36:18
RFD20241008171,2021-11-02 06:33:34
RFD20241008026,2021-11-02 08:46:49
RFD20241008155,2021-11-02 13:49:05
RFD20241002105,2021-11-03 09:20:46
RFD20200101436,2021-11-03 09:25:01
RFD20241002073,2021-11-03 10:04:37
RFD20241002183,2021-11-03 10:13:35
RFD20241002088,2021-11-03 11:33:15
RFD20241002184,2021-11-03 14:13:21
RFD20241030037,2021-11-03 14:21:45
RFD20241016234,2021-11-03 14:47:01
RFD20241003141,2021-11-04 08:28:29
RFD20241031097,2021-11-04 08:33:37
RFD20241003096,2021-11-04 08:48:38
RFD20241003035,2021-11-04 09:21:36
RFD20241003164,2021-11-04 16:11:47
RFD20200409441,2021-11-04 16:34:22
RFD20210101405,2021-11-05 11:45:56
RFD20241018010,2021-11-05 15:37:13
RFD20241012118,2021-11-06 07:29:49
RFD20200104444,2021-11-06 09:55:09
RFD20200118409,2021-11-06 12:49:16
RFD20241019135,2021-11-06 14:57:04
RFD20241006101,2021-11-07 07:51:22
RFD20241020036,2021-11-07 09:21:41
RFD20241007113,2021-11-08 08:44:10
RFD20241007039,2021-11-08 13:44:39
RFD20201012421,2021-11-08 16:36:38
RFD20241007120,2021-11-08 17:55:26
RFD20241001103,2021-11-09 07:33:45
RFD20241001122,2021-11-09 12:52:23
RFD20241001158,2021-11-09 14:30:11
RFD20241015048,2021-11-09 15:20:57
RFD20241009227,2021-11-10 10:58:26
RFD20241009107,2021-11-10 14:05:36
RFD20241009150,2021-11-10 14:13:54
RFD20241009140,2021-11-10 15:19:17
RFD20241009205,2021-11-10 15:20:05
RFD20210121417,2021-11-11 11:50:32
RFD20210429403,2021-11-11 12:37:51
RFD20241010195,2021-11-11 14:37:32
RFD20241010154,2021-11-11 14:56:05
RFD20241010074,2021-11-11 16:32:32
RFD20241010069,2021-11-11 16:56:05
RFD20241004065,2021-11-12 06:29:29
RFD20241011132,2021-11-12 06:46:17
RFD20241011223,2021-11-12 08:45:11
RFD20241011176,2021-11-12 10:11:45
RFD20241011019,2021-11-12 15:42:28
RFD20241025075,2021-11-12 16:24:18
RFD20241012082,2021-11-13 12:19:49
RFD20241013129,2021-11-14 07:16:28
RFD20241013130,2021-11-14 07:47:25
RFD20241013172,2021-11-14 09:12:47
RFD20241007126,2021-11-15 06:34:04
RFD20210111420,2021-11-15 10:28:58
RFD20241007193,2021-11-15 13:32:38
RFD20241028173,2021-11-15 15:01:49
RFD20241008023,2021-11-16 12:43:02
RFD20241008005,2021-11-16 15:11:00
RFD20200101436,2021-11-17 09:02:27
RFD20241002105,2021-11-17 09:06:28
RFD20241002073,2021-11-17 09:37:28
RFD20241002229,2021-11-17 14:07:46
RFD20241002184,2021-11-17 14:15:39
RFD20241016234,2021-11-17 14:52:06
RFD20241030037,2021-11-17 15:06:01
RFD20241010068,2021-11-18 07:48:17
RFD20241003141,2021-11-18 07:56:43
RFD20241031097,2021-11-18 08:22:37
RFD20241003096,2021-11-18 09:13:09
RFD20241003138,2021-11-18 13:36:55
RFD20200507431,2021-11-18 14:56:11
RFD20200409441,2021-11-18 16:37:22
RFD20241004137,2021-11-19 10:26:57
RFD20210101405,2021-11-19 11:24:59
RFD20241004044,2021-11-19 13:29:42
RFD20241012118,2021-11-20 08:01:40
RFD20241005012,2021-11-20 13:48:56
RFD20241019135,2021-11-20 14:54:21
RFD20241008231,2021-11-20 15:03:51
RFD20241005169,2021-11-20 15:05:46
RFD20241006101,2021-11-21 07:49:04
RFD20241006168,2021-11-21 09:12:33
RFD20200120445,2021-11-22 07:22:23
RFD20241007190,2021-11-22 12:58:16
RFD20241007039,2021-11-22 13:43:31
RFD20241007081,2021-11-22 15:07:06
RFD20241007120,2021-11-22 17:01:30
RFD20241001072,2021-11-23 09:19:25
RFD20241001122,2021-11-23 13:05:48
RFD20241001158,2021-11-23 13:46:37
RFD20241001114,2021-11-23 13:56:37
RFD20241001058,2021-11-23 15:44:28
RFD20241009093,2021-11-24 08:59:46
RFD20241009108,2021-11-24 11:04:43
RFD20200219407,2021-11-24 13:58:29
RFD20241009045,2021-11-24 14:12:40
RFD20241009107,2021-11-24 14:16:48
RFD20210121417,2021-11-25 12:03:30
RFD20241010154,2021-11-25 15:50:19
RFD20241010074,2021-11-25 16:02:48
RFD20241010069,2021-11-25 16:23:46
RFD20241025029,2021-11-26 07:56:15
RFD20241011223,2021-11-26 08:42:46
RFD20241011176,2021-11-26 10:12:41
RFD20241025196,2021-11-26 11:31:47
RFD20241025031,2021-11-26 14:46:02
RFD20241011019,2021-11-26 16:06:28
RFD20210123432,2021-11-27 11:27:57
RFD20200111433,2021-11-27 12:50:35
RFD20200125435,2021-11-27 13:46:23
RFD20241013046,2021-11-28 07:05:16
RFD20241013030,2021-11-28 08:12:23
RFD20241014011,2021-11-29 08:31:59
RFD20241014117,2021-11-29 09:18:05
RFD20241014024,2021-11-29 12:38:37
RFD20241007193,2021-11-29 13:02:29
RFD20241028173,2021-11-29 15:11:09
RFD20241008171,2021-11-30 06:00:00
RFD20241022136,2021-11-30 08:37:22
RFD20241008026,2021-11-30 09:40:24
RFD20241008005,2021-11-30 15:09:32
RFD20241002105,2021-12-01 09:49:54
RFD20241002078,2021-12-01 13:54:14
RFD20241002203,2021-12-01 13:54:41
RFD20241002229,2021-12-01 14:57:56
RFD20241002184,2021-12-01 15:05:36
RFD20241030037,2021-12-01 15:26:12
RFD20241003035,2021-12-02 08:38:23
RFD20241010068,2021-12-02 08:44:12
RFD20241003096,2021-12-02 09:02:05
RFD20200102414,2021-12-02 16:41:58
RFD20241003164,2021-12-02 16:53:12
RFD20210101405,2021-12-03 10:36:37
RFD20241004137,2021-12-03 11:01:29
RFD20241012118,2021-12-04 07:43:12
RFD20200104444,2021-12-04 09:40:53
RFD20241005169,2021-12-04 15:20:53
RFD20241008231,2021-12-04 15:31:42
RFD20241005064,2021-12-04 17:48:32
RFD20241006168,2021-12-05 08:23:19
RFD20241020036,2021-12-05 09:05:35
RFD20241007043,2021-12-06 06:24:28
RFD20200120445,2021-12-06 06:40:17
RFD20241007142,2021-12-06 08:42:12
RFD20241007090,2021-12-06 12:34:28
RFD20241007190,2021-12-06 12:39:13
RFD20201012421,2021-12-06 16:19:38
RFD20241001103,2021-12-07 07:33:29
RFD20241001072,2021-12-07 09:35:11
RFD20210119404,2021-12-07 10:27:06
RFD20241001114,2021-12-07 14:55:21
RFD20241009093,2021-12-08 09:45:15
RFD20241009227,2021-12-08 11:46:11
RFD20241009045,2021-12-08 13:55:47
RFD20241009150,2021-12-08 14:06:11
RFD20241009205,2021-12-08 14:29:45
RFD20241009107,2021-12-08 14:38:21
RFD20241009140,2021-12-08 15:39:57
RFD20200220415,2021-12-09 12:52:15
RFD20241010022,2021-12-09 13:43:40
RFD20241010154,2021-12-09 14:53:42
RFD20241010069,2021-12-09 17:07:28
RFD20241004065,2021-12-10 06:43:49
RFD20241025029,2021-12-10 08:28:24
RFD20241025196,2021-12-10 12:13:38
RFD20241011182,2021-12-10 14:43:02
RFD20241011019,2021-12-10 16:51:18
RFD20210123432,2021-12-11 11:04:49
RFD20200125435,2021-12-11 13:22:46
RFD20200111433,2021-12-11 14:09:44
RFD20241012052,2021-12-11 15:04:06
RFD20241013130,2021-12-12 08:18:30
RFD20210628440,2021-12-13 08:30:50
RFD20250512016,2021-12-13 08:34:50
RFD20241014011,2021-12-13 09:02:46
RFD20241008026,2021-12-14 09:03:48
RFD20241008062,2021-12-14 11:24:03
RFD20241008023,2021-12-14 13:59:23
RFD20241002049,2021-12-15 06:55:39
RFD20241002071,2021-12-15 07:28:26
RFD20241002131,2021-12-15 08:12:08
RFD20200115428,2021-12-15 08:43:14
RFD20241002105,2021-12-15 09:07:46
RFD20200101436,2021-12-15 10:11:15
RFD20241002183,2021-12-15 10:21:16
RFD20241002073,2021-12-15 10:24:38
RFD20241002184,2021-12-15 15:03:47
RFD20241003141,2021-12-16 08:18:56
RFD20241017034,2021-12-16 08:54:55
RFD20241003127,2021-12-16 14:03:56
RFD20241003138,2021-12-16 14:14:23
RFD20241003164,2021-12-16 16:26:30
RFD20200424419,2021-12-17 09:07:17
RFD20241109214,2021-12-17 10:37:11
RFD20241004137,2021-12-17 10:49:15
RFD20210101405,2021-12-17 11:38:41
RFD20241004177,2021-12-17 14:59:57
RFD20241018010,2021-12-17 15:11:45
RFD20241012118,2021-12-18 08:11:08
RFD20200118409,2021-12-18 12:51:39
RFD20241008231,2021-12-18 14:47:00
RFD20241006147,2021-12-19 07:27:22
RFD20241006101,2021-12-19 07:35:54
RFD20241006168,2021-12-19 08:19:11
RFD20241006095,2021-12-19 11:45:17
RFD20200120445,2021-12-20 06:54:49
RFD20241007090,2021-12-20 12:38:28
RFD20241007190,2021-12-20 13:24:37
RFD20241007039,2021-12-20 13:51:14
RFD20241007120,2021-12-20 16:38:00
RFD20241001103,2021-12-21 08:08:56
RFD20241001040,2021-12-21 08:34:18
RFD20241001072,2021-12-21 08:58:52
RFD20241001158,2021-12-21 14:12:26
RFD20241009108,2021-12-22 11:19:00
RFD20241009227,2021-12-22 11:44:33
RFD20241009107,2021-12-22 13:05:53
RFD20200219407,2021-12-22 13:20:20
RFD20241009045,2021-12-22 13:40:55
RFD20241009205,2021-12-22 15:01:44
RFD20210121417,2021-12-23 11:44:06
RFD20200220415,2021-12-23 13:37:11
RFD20241010022,2021-12-23 14:53:30
RFD20241010154,2021-12-23 15:08:03
RFD20241010079,2021-12-23 15:15:12
RFD20241010109,2021-12-23 15:31:14
RFD20241010195,2021-12-23 15:58:01
RFD20241025196,2021-12-24 12:01:48
RFD20241025031,2021-12-24 15:16:58
RFD20241011004,2021-12-24 17:44:36
RFD20241013046,2021-12-26 07:09:28
RFD20241013130,2021-12-26 08:15:25
RFD20241013172,2021-12-26 08:46:03
RFD20210628440,2021-12-27 07:56:45
RFD20200127434,2021-12-27 09:40:12
RFD20210111420,2021-12-27 10:26:12
RFD20241014024,2021-12-27 12:39:30
RFD20241028173,2021-12-27 14:59:34
RFD20241008171,2021-12-28 06:00:18
RFD20241022136,2021-12-28 08:48:56
RFD20241008023,2021-12-28 13:44:39
RFD20241009151,2021-12-29 07:00:20
RFD20241002131,2021-12-29 08:24:27
RFD20200101436,2021-12-29 09:00:07
RFD20200115428,2021-12-29 09:01:41
RFD20241002105,2021-12-29 09:23:00
RFD20241002073,2021-12-29 10:18:02
RFD20241002183,2021-12-29 10:21:38
RFD20241002088,2021-12-29 11:36:41
RFD20241002078,2021-12-29 13:15:07
RFD20241030037,2021-12-29 14:38:28
RFD20241002184,2021-12-29 15:06:35
RFD20241002229,2021-12-29 15:07:42
RFD20241031097,2021-12-30 08:19:12
RFD20241003141,2021-12-30 08:26:25
RFD20241003035,2021-12-30 09:01:35
RFD20241003096,2021-12-30 09:31:26
RFD20241003157,2021-12-30 10:03:57
RFD20241003127,2021-12-30 14:04:07
RFD20241003138,2021-12-30 14:07:50
RFD20200507431,2021-12-30 14:55:47
RFD20241004137,2021-12-31 10:34:44
RFD20241004159,2021-12-31 10:59:33
RFD20241004177,2021-12-31 14:28:56
RFD20241005012,2022-01-01 14:37:53
RFD20241019135,2022-01-01 15:09:02
RFD20241005169,2022-01-01 15:10:08
RFD20241005064,2022-01-01 17:08:58
RFD20241006101,2022-01-02 06:32:58
RFD20241006147,2022-01-02 06:58:31
RFD20241020036,2022-01-02 08:56:59
RFD20241006168,2022-01-02 09:10:22
RFD20200120445,2022-01-03 06:09:57
RFD20241007043,2022-01-03 06:38:17
RFD20241007113,2022-01-03 07:55:08
RFD20241007039,2022-01-03 12:48:56
RFD20241001103,2022-01-04 08:24:06
RFD20241001152,2022-01-04 09:34:52
RFD20220104439,2022-01-04 13:01:57
RFD20241001158,2022-01-04 14:53:24
RFD20241009108,2022-01-05 10:46:48
RFD20241009107,2022-01-05 13:11:47
RFD20200219407,2022-01-05 13:39:28
RFD20241009150,2022-01-05 14:27:25
RFD20241009045,2022-01-05 14:47:37
RFD20241010194,2022-01-06 09:27:39
RFD20210121417,2022-01-06 11:59:29
RFD20200220408,2022-01-06 12:11:45
RFD20241010022,2022-01-06 14:17:50
RFD20241010195,2022-01-06 14:56:50
RFD20241025029,2022-01-07 08:30:39
RFD20241011019,2022-01-07 16:15:22
RFD20241025075,2022-01-07 16:22:13
RFD20241011004,2022-01-07 17:40:41
RFD20210123432,2022-01-08 11:07:07
RFD20241012052,2022-01-08 15:27:47
RFD20241013030,2022-01-09 07:46:00
RFD20241008208,2022-01-10 06:55:37
RFD20241007126,2022-01-10 07:14:07
RFD20241014011,2022-01-10 09:06:26
RFD20200127434,2022-01-10 10:06:53
RFD20241028173,2022-01-10 14:33:15
RFD20241008171,2022-01-11 06:00:00
RFD20241008026,2022-01-11 08:20:30
RFD20241009151,2022-01-12 07:08:30
RFD20241002071,2022-01-12 07:36:43
RFD20200115428,2022-01-12 09:12:08
RFD20241002105,2022-01-12 09:28:21
RFD20241002203,2022-01-12 13:17:07
RFD20241002094,2022-01-12 13:39:10
RFD20241016234,2022-01-12 14:05:20
RFD20241002229,2022-01-12 14:09:49
RFD20241002184,2022-01-12 14:27:15
RFD20241017034,2022-01-13 08:17:06
RFD20241003141,2022-01-13 08:43:51
RFD20241003157,2022-01-13 11:03:21
RFD20241003127,2022-01-13 12:50:36
RFD20241003138,2022-01-13 13:23:34
RFD20200424419,2022-01-14 09:52:43
RFD20241101042,2022-01-14 12:10:23
RFD20241004044,2022-01-14 13:59:30
RFD20241004177,2022-01-14 14:16:05
RFD20241012118,2022-01-15 07:29:28
RFD20241012047,2022-01-15 14:26:18
RFD20241006101,2022-01-16 07:20:08
RFD20241006147,2022-01-16 07:34:08
RFD20241020036,2022-01-16 08:47:58
RFD20241006180,2022-01-16 09:07:12
RFD20241007113,2022-01-17 08:09:43
RFD20241007090,2022-01-17 12:14:38
RFD20200203442,2022-01-17 12:17:23
RFD20241007190,2022-01-17 12:43:53
RFD20241007039,2022-01-17 13:15:20
RFD20241007054,2022-01-17 15:24:41
RFD20210301418,2022-01-17 16:06:01
RFD20241007120,2022-01-17 17:04:11
RFD20241001103,2022-01-18 07:53:20
RFD20210119404,2022-01-18 11:14:51
RFD20241001114,2022-01-18 14:27:09
RFD20200916424,2022-01-19 08:36:28
RFD20241009093,2022-01-19 10:17:27
RFD20241009227,2022-01-19 10:53:28
RFD20241009045,2022-01-19 13:49:57
RFD20210429403,2022-01-20 13:02:48
RFD20241010195,2022-01-20 14:40:54
RFD20241010119,2022-01-20 15:16:39
RFD20241010079,2022-01-20 15:27:08
RFD20241004065,2022-01-21 06:16:09
RFD20241011132,2022-01-21 07:46:40
RFD20241011139,2022-01-21 09:42:56
RFD20241011176,2022-01-21 10:13:52
RFD20241025175,2022-01-21 13:39:25
RFD20241011121,2022-01-21 13:43:49
RFD20241025087,2022-01-21 13:49:41
RFD20241025031,2022-01-21 15:20:00
RFD20241011004,2022-01-21 17:08:49
RFD20241025075,2022-01-21 17:39:47
RFD20241012082,2022-01-22 12:38:09
RFD20200125435,2022-01-22 13:37:46
RFD20241013046,2022-01-23 06:59:03
RFD20241013129,2022-01-23 08:04:18
RFD20241013083,2022-01-23 08:23:28
RFD20210111420,2022-01-24 10:48:50
RFD20241022136,2022-01-25 09:25:13
RFD20241008023,2022-01-25 13:29:25
RFD20241002105,2022-01-26 10:04:06
RFD20241002203,2022-01-26 13:16:38
RFD20241002094,2022-01-26 14:06:58
RFD20241002078,2022-01-26 14:13:07
RFD20241002184,2022-01-26 14:43:21
RFD20241002229,2022-01-26 15:17:13
RFD20241009085,2022-01-26 15:52:34
RFD20241003035,2022-01-27 09:08:52
RFD20241003157,2022-01-27 09:58:02
RFD20241003127,2022-01-27 13:07:56
RFD20200507431,2022-01-27 14:04:03
RFD20241003138,2022-01-27 14:39:16
RFD20200102414,2022-01-27 15:49:27
RFD20200409441,2022-01-27 17:32:05
RFD20241004123,2022-01-28 08:46:47
RFD20241004003,2022-01-28 08:49:14
RFD20241018161,2022-01-28 09:06:18
RFD20241004197,2022-01-28 09:58:51
RFD20200424419,2022-01-28 10:53:55
RFD20241012118,2022-01-29 07:48:10
RFD20241005091,2022-01-29 12:11:38
RFD20241012047,2022-01-29 13:29:40
RFD20241005012,2022-01-29 14:12:10
RFD20241019135,2022-01-29 14:46:23
RFD20241005169,2022-01-29 15:26:14
RFD20241005064,2022-01-29 18:19:34
RFD20241006147,2022-01-30 06:34:35
RFD20241006101,2022-01-30 07:09:41
RFD20241020036,2022-01-30 08:41:54
RFD20200120445,2022-01-31 06:45:05
RFD20241007043,2022-01-31 06:53:04
RFD20241007090,2022-01-31 12:08:44
RFD20210301418,2022-01-31 14:57:49
RFD20241007081,2022-01-31 15:48:24
RFD20241001103,2022-02-01 07:58:32
RFD20241001152,2022-02-01 09:39:10
RFD20220104439,2022-02-01 13:41:17
RFD20241001158,2022-02-01 13:44:16
RFD20241001058,2022-02-01 14:50:02
RFD20241009093,2022-02-02 09:59:03
RFD20241009107,2022-02-02 14:26:52
RFD20210121417,2022-02-03 12:05:24
RFD20200220408,2022-02-03 12:53:57
RFD20241010119,2022-02-03 15:44:37
RFD20241010074,2022-02-03 16:32:07
RFD20241010069,2022-02-03 16:37:59
RFD20241025196,2022-02-04 11:49:11
RFD20241011121,2022-02-04 13:34:27
RFD20241011182,2022-02-04 14:49:55
RFD20241011019,2022-02-04 16:03:14
RFD20241025075,2022-02-04 17:09:17
RFD20210123432,2022-02-05 10:34:06
RFD20241012082,2022-02-05 12:55:13
RFD20241012052,2022-02-05 16:08:25
RFD20241013129,2022-02-06 07:20:42
RFD20241007126,2022-02-07 07:25:32
RFD20241028173,2022-02-07 14:10:21
RFD20241028163,2022-02-07 15:55:22
RFD20241008171,2022-02-08 06:12:37
RFD20241022136,2022-02-08 09:19:10
RFD20241008062,2022-02-08 11:11:18
RFD20241002071,2022-02-09 07:23:23
RFD20241002105,2022-02-09 09:38:51
RFD20241002183,2022-02-09 10:24:43
RFD20241002203,2022-02-09 13:24:20
RFD20241002229,2022-02-09 14:20:08
RFD20241002094,2022-02-09 14:30:46
RFD20241017034,2022-02-10 08:09:52
RFD20241003127,2022-02-10 14:05:16
RFD20241003138,2022-02-10 14:06:56
RFD20241018161,2022-02-11 08:48:04
RFD20241004197,2022-02-11 10:07:24
RFD20241004044,2022-02-11 13:36:12
RFD20241004177,2022-02-11 15:16:24
RFD20241012118,2022-02-12 07:43:33
RFD20241005091,2022-02-12 12:43:48
RFD20241005012,2022-02-12 14:33:02
RFD20241020036,2022-02-13 09:11:02
RFD20241006134,2022-02-13 10:35:04
RFD20241007043,2022-02-14 06:27:11
RFD20200120445,2022-02-14 06:56:54
RFD20241007142,2022-02-14 08:12:25
RFD20241007039,2022-02-14 12:50:32
RFD20241007090,2022-02-14 12:53:30
RFD20241007076,2022-02-14 15:08:17
RFD20241007054,2022-02-14 15:12:09
RFD20241007081,2022-02-14 15:13:13
RFD20241001040,2022-02-15 08:16:42
RFD20200916424,2022-02-16 08:08:43
RFD20241009111,2022-02-16 09:35:32
RFD20241009093,2022-02-16 09:44:12
RFD20241009108,2022-02-16 11:33:58
RFD20200219407,2022-02-16 13:00:18
RFD20241009107,2022-02-16 14:05:51
RFD20241009150,2022-02-16 14:42:57
RFD20241010194,2022-02-17 10:00:39
RFD20241010022,2022-02-17 13:54:16
RFD20241010178,2022-02-17 13:58:20
RFD20241011132,2022-02-18 07:36:54
RFD20241025087,2022-02-18 13:35:43
RFD20241011121,2022-02-18 13:52:06
RFD20241025175,2022-02-18 14:21:40
RFD20241025060,2022-02-18 15:32:57
RFD20241012116,2022-02-19 08:27:23
RFD20241012082,2022-02-19 12:11:55
RFD20200125435,2022-02-19 13:33:08
RFD20241013129,2022-02-20 06:54:48
RFD20241014011,2022-02-21 09:05:27
RFD20200127434,2022-02-21 09:26:08
RFD20210111420,2022-02-21 10:18:20
RFD20241007193,2022-02-21 12:57:18
RFD20241028173,2022-02-21 14:04:49
RFD20241028163,2022-02-21 16:35:15
RFD20241008171,2022-02-22 06:00:00
RFD20241002105,2022-02-23 09:35:11
RFD20241002094,2022-02-23 13:30:37
RFD20241002203,2022-02-23 13:36:59
RFD20241002184,2022-02-23 14:02:55
RFD20241003141,2022-02-24 08:43:41
RFD20241003035,2022-02-24 08:59:02
RFD20241003127,2022-02-24 13:13:24
RFD20241003138,2022-02-24 13:36:41
RFD20200409441,2022-02-24 17:01:48
RFD20241018161,2022-02-25 08:26:42
RFD20200424419,2022-02-25 09:49:22
RFD20241004197,2022-02-25 09:55:47
RFD20241109214,2022-02-25 09:57:58
RFD20241004044,2022-02-25 13:03:52
RFD20241004177,2022-02-25 14:09:14
RFD20200104444,2022-02-26 09:35:04
RFD20241005091,2022-02-26 12:03:26
RFD20241005169,2022-02-26 15:04:21
RFD20241005064,2022-02-26 18:37:44
RFD20241006168,2022-02-27 08:46:09
RFD20241020036,2022-02-27 09:14:42
RFD20241006134,2022-02-27 11:31:47
RFD20200120445,2022-02-28 06:30:51
RFD20241007043,2022-02-28 07:37:16
RFD20241007113,2022-02-28 08:35:13
RFD20241014191,2022-02-28 09:29:11
RFD20241007039,2022-02-28 13:16:27
RFD20241007190,2022-02-28 13:47:44
RFD20241007054,2022-02-28 15:12:17
RFD20241007076,2022-02-28 15:20:21
RFD20241007081,2022-02-28 16:09:01
RFD20241001103,2022-03-01 07:58:02
RFD20210119404,2022-03-01 11:35:53
RFD20241009111,2022-03-02 09:16:35
RFD20241009227,2022-03-02 11:02:08
RFD20241009107,2022-03-02 13:49:18
RFD20241009150,2022-03-02 14:35:39
RFD20241009045,2022-03-02 14:40:13
RFD20241010178,2022-03-03 13:25:20
RFD20200220408,2022-03-03 13:29:45
RFD20241010074,2022-03-03 16:34:01
RFD20241010069,2022-03-03 16:53:46
RFD20241004065,2022-03-04 06:44:15
RFD20241011132,2022-03-04 07:10:30
RFD20241025029,2022-03-04 07:50:17
RFD20241011121,2022-03-04 13:40:13
RFD20241011004,2022-03-04 17:46:12
RFD20241012052,2022-03-05 15:34:20
RFD20241013030,2022-03-06 07:38:12
RFD20241013129,2022-03-06 07:56:38
RFD20241013046,2022-03-06 07:58:05
RFD20241013083,2022-03-06 08:32:33
RFD20241007126,2022-03-07 06:50:36
RFD20200127434,2022-03-07 09:48:58
RFD20241028173,2022-03-07 15:13:46
RFD20241028163,2022-03-07 15:55:03
RFD20241008026,2022-03-08 08:49:58
RFD20241022136,2022-03-08 09:25:40
RFD20241008023,2022-03-08 13:15:17
RFD20241002073,2022-03-09 09:45:16
RFD20241002105,2022-03-09 10:01:23
RFD20241016234,2022-03-09 14:37:51
RFD20241030037,2022-03-09 14:51:59
RFD20241002229,2022-03-09 14:55:11
RFD20241002184,2022-03-09 14:56:14
RFD20241017034,2022-03-10 08:41:38
RFD20200409441,2022-03-10 16:51:39
RFD20241004003,2022-03-11 08:50:49
RFD20200424419,2022-03-11 10:44:21
RFD20241004177,2022-03-11 15:04:06
RFD20241012118,2022-03-12 07:14:13
RFD20200104444,2022-03-12 10:07:52
RFD20241012047,2022-03-12 13:07:50
RFD20241005169,2022-03-12 15:13:05
RFD20241006101,2022-03-13 07:13:10
RFD20241006147,2022-03-13 07:15:34
RFD20241006168,2022-03-13 08:25:45
RFD20241006134,2022-03-13 10:28:24
RFD20200120445,2022-03-14 06:41:20
RFD20241007113,2022-03-14 08:27:55
RFD20241007142,2022-03-14 08:42:38
RFD20241007090,2022-03-14 11:39:33
RFD20241007190,2022-03-14 12:09:08
RFD20200203442,2022-03-14 12:49:29
RFD20241007076,2022-03-14 14:40:42
RFD20241007054,2022-03-14 14:43:51
RFD20241001040,2022-03-15 08:25:37
RFD20241001152,2022-03-15 09:40:06
RFD20241001058,2022-03-15 15:08:46
RFD20241009227,2022-03-16 11:16:45
RFD20241009045,2022-03-16 14:02:02
RFD20241009150,2022-03-16 14:33:45
RFD20210429403,2022-03-17 13:11:04
RFD20241010079,2022-03-17 14:44:09
RFD20241010069,2022-03-17 17:10:47
RFD20241025087,2022-03-18 13:25:39
RFD20241025031,2022-03-18 14:03:34
RFD20241011182,2022-03-18 15:16:55
RFD20241011019,2022-03-18 15:28:52
RFD20241011004,2022-03-18 17:49:01
RFD20210123432,2022-03-19 11:16:00
RFD20241012082,2022-03-19 11:49:59
RFD20241012052,2022-03-19 15:57:00
RFD20241013046,2022-03-20 07:01:12
RFD20241013030,2022-03-20 07:30:07
RFD20241013130,2022-03-20 08:16:37
RFD20241013129,2022-03-20 08:19:03
RFD20241013172,2022-03-20 09:07:07
RFD20241014011,2022-03-21 08:49:39
RFD20200127434,2022-03-21 09:28:58
RFD20210111420,2022-03-21 09:56:06
RFD20241014033,2022-03-21 14:43:18
RFD20241028173,2022-03-21 15:01:08
RFD20241028163,2022-03-21 16:20:10
RFD20241008171,2022-03-22 06:10:03
RFD20241008026,2022-03-22 08:39:53
RFD20241022136,2022-03-22 09:50:39
RFD20241002183,2022-03-23 10:24:39
RFD20241002203,2022-03-23 12:51:53
RFD20241002078,2022-03-23 13:08:20
RFD20241002094,2022-03-23 13:44:48
RFD20241030027,2022-03-23 17:18:42
RFD20241003141,2022-03-24 08:19:25
RFD20241003035,2022-03-24 09:11:56
RFD20241003127,2022-03-24 13:48:00
RFD20200507431,2022-03-24 14:43:33
RFD20200424419,2022-03-25 10:42:21
RFD20241004137,2022-03-25 11:08:55
RFD20241005091,2022-03-26 13:20:42
RFD20241005012,2022-03-26 13:45:16
RFD20241012047,2022-03-26 14:11:57
RFD20241019135,2022-03-26 14:52:29
RFD20241006101,2022-03-27 06:54:32
RFD20241007043,2022-03-28 06:40:19
RFD20200120445,2022-03-28 06:56:40
RFD20241007054,2022-03-28 14:30:18
RFD20241007076,2022-03-28 15:24:58
RFD20241007081,2022-03-28 16:14:46
RFD20241001040,2022-03-29 08:28:28
RFD20241001152,2022-03-29 09:09:37
RFD20241009111,2022-03-30 09:28:38
RFD20241009108,2022-03-30 11:08:28
RFD20241009227,2022-03-30 11:25:16
RFD20241009150,2022-03-30 13:57:32
RFD20241009107,2022-03-30 14:38:12
RFD20241010194,2022-03-31 09:58:46
RFD20210121417,2022-03-31 12:05:46
RFD20200220408,2022-03-31 12:19:00
RFD20241010022,2022-03-31 14:29:00
RFD20241010195,2022-03-31 15:04:03
RFD20241010119,2022-03-31 16:13:42
RFD20241010069,2022-03-31 16:41:12
RFD20241025029,2022-04-01 07:30:14
RFD20241011139,2022-04-01 09:36:03
RFD20241025075,2022-04-01 16:55:52
RFD20241011004,2022-04-01 18:05:31
RFD20210123432,2022-04-02 10:59:36
RFD20241012082,2022-04-02 12:31:39
RFD20241013046,2022-04-03 08:14:42
RFD20241013030,2022-04-03 08:40:38
RFD20241013172,2022-04-03 09:25:49
RFD20200127434,2022-04-04 09:48:55
RFD20210111420,2022-04-04 10:36:51
RFD20241028173,2022-04-04 14:59:12
RFD20241008171,2022-04-05 06:16:52
RFD20241008062,2022-04-05 10:57:10
RFD20241002183,2022-04-06 09:35:40
RFD20241002229,2022-04-06 14:31:03
RFD20241030153,2022-04-06 14:42:07
RFD20241030027,2022-04-06 17:51:53
RFD20241017034,2022-04-07 08:56:15
RFD20241003157,2022-04-07 10:33:00
RFD20241003127,2022-04-07 13:50:32
RFD20200102414,2022-04-07 15:17:38
RFD20200409441,2022-04-07 16:46:22
RFD20241004197,2022-04-08 09:49:28
RFD20200424419,2022-04-08 10:19:38
RFD20241004137,2022-04-08 10:58:18
RFD20241101042,2022-04-08 12:47:45
RFD20241004044,2022-04-08 13:57:04
RFD20241012118,2022-04-09 07:16:38
RFD20200104444,2022-04-09 10:06:35
RFD20241012047,2022-04-09 14:30:05
RFD20241005169,2022-04-09 14:42:21
RFD20241006147,2022-04-10 07:14:57
RFD20241020036,2022-04-10 08:33:16
RFD20241006180,2022-04-10 09:32:02
RFD20241006134,2022-04-10 10:37:11
RFD20200120445,2022-04-11 07:05:58
RFD20241007142,2022-04-11 08:30:58
RFD20220411413,2022-04-11 08:39:45
RFD20200203442,2022-04-11 12:25:08
RFD20241007190,2022-04-11 12:50:41
RFD20241007039,2022-04-11 13:44:19
RFD20241007054,2022-04-11 14:52:07
RFD20241007076,2022-04-11 15:19:33
RFD20241001158,2022-04-12 14:49:04
RFD20241001058,2022-04-12 15:01:36
RFD20241009093,2022-04-13 09:30:49
RFD20241009108,2022-04-13 09:50:28
RFD20241009227,2022-04-13 11:35:15
RFD20241009107,2022-04-13 13:54:46
RFD20241009150,2022-04-13 14:16:18
RFD20241009045,2022-04-13 14:25:07
RFD20241024149,2022-04-14 08:25:26
RFD20241010178,2022-04-14 13:16:30
RFD20241010079,2022-04-14 15:05:52
RFD20241010069,2022-04-14 16:23:43
RFD20241004065,2022-04-15 06:49:25
RFD20241011132,2022-04-15 07:21:42
RFD20241025029,2022-04-15 08:13:42
RFD20241011176,2022-04-15 09:54:47
RFD20241025175,2022-04-15 13:10:56
RFD20241025087,2022-04-15 13:35:29
RFD20241011121,2022-04-15 14:05:30
RFD20241025031,2022-04-15 14:49:20
RFD20241011182,2022-04-15 15:13:31
RFD20241025060,2022-04-15 15:33:21
RFD20241011019,2022-04-15 16:21:44
RFD20241025075,2022-04-15 16:38:28
RFD20241012116,2022-04-16 08:55:17
RFD20241012082,2022-04-16 12:15:46
RFD20241012052,2022-04-16 16:25:07
RFD20241013083,2022-04-17 07:44:14
RFD20241013130,2022-04-17 08:23:33
RFD20241013030,2022-04-17 08:28:20
RFD20241013129,2022-04-17 08:30:27
RFD20241013172,2022-04-17 09:23:53
RFD20241008208,2022-04-18 06:55:23
RFD20241007126,2022-04-18 06:58:03
RFD20250512016,2022-04-18 07:56:23
RFD20241007193,2022-04-18 12:52:13
RFD20241028173,2022-04-18 15:23:10
RFD20241028163,2022-04-18 16:06:35
RFD20241008171,2022-04-19 06:17:35
RFD20241008026,2022-04-19 08:46:01
RFD20241008062,2022-04-19 11:15:45
RFD20241008023,2022-04-19 13:35:45
RFD20241002105,2022-04-20 09:21:02
RFD20241002183,2022-04-20 10:29:32
RFD20241002229,2022-04-20 14:51:11
RFD20241009085,2022-04-20 16:11:54
RFD20241003127,2022-04-21 13:15:51
RFD20200102414,2022-04-21 15:37:04
RFD20200409441,2022-04-21 17:17:48
RFD20241018161,2022-04-22 09:04:01
RFD20241004137,2022-04-22 10:35:16
RFD20241004044,2022-04-22 13:10:59
RFD20241004177,2022-04-22 14:28:56
RFD20241012118,2022-04-23 07:38:02
RFD20241005091,2022-04-23 12:54:23
RFD20241005012,2022-04-23 14:06:02
RFD20241012047,2022-04-23 14:12:47
RFD20241019135,2022-04-23 15:29:05
RFD20241005169,2022-04-23 15:40:59
RFD20241006168,2022-04-24 08:21:00
RFD20241020036,2022-04-24 09:06:45
RFD20241007043,2022-04-25 06:27:38
RFD20200120445,2022-04-25 06:53:03
RFD20241007113,2022-04-25 07:44:06
RFD20220411413,2022-04-25 08:45:28
RFD20241014191,2022-04-25 09:41:19
RFD20241007190,2022-04-25 13:21:47
RFD20241007054,2022-04-25 14:55:48
RFD20210301418,2022-04-25 16:00:45
RFD20241001040,2022-04-26 09:12:27
RFD20241001152,2022-04-26 09:48:27
RFD20241001058,2022-04-26 16:01:17
RFD20241009108,2022-04-27 10:02:23
RFD20241009227,2022-04-27 11:29:41
RFD20241009107,2022-04-27 14:19:02
RFD20241009045,2022-04-27 14:26:52
RFD20241009150,2022-04-27 14:50:44
RFD20241010178,2022-04-28 13:00:45
RFD20241010195,2022-04-28 14:29:19
RFD20241004065,2022-04-29 06:47:40
RFD20241025029,2022-04-29 08:54:23
RFD20241025170,2022-04-29 09:21:51
RFD20241011182,2022-04-29 14:45:55
RFD20241011019,2022-04-29 16:25:27
RFD20241025075,2022-04-29 16:37:39
RFD20241011004,2022-04-29 18:03:35
RFD20241012082,2022-04-30 12:13:24
RFD20200125435,2022-04-30 13:05:39
RFD20241013030,2022-05-01 07:23:54
RFD20241013083,2022-05-01 08:13:07
RFD20241013172,2022-05-01 09:51:12
RFD20241007193,2022-05-02 13:29:07
RFD20241028173,2022-05-02 15:03:30
RFD20241028163,2022-05-02 15:49:39
RFD20241022136,2022-05-03 08:24:35
RFD20241009151,2022-05-04 06:45:15
RFD20241002071,2022-05-04 08:01:55
RFD20241002073,2022-05-04 09:30:29
RFD20241002203,2022-05-04 12:35:19
RFD20241002094,2022-05-04 13:52:24
RFD20241016234,2022-05-04 14:21:49
RFD20241002229,2022-05-04 14:44:22
RFD20241002184,2022-05-04 15:12:38
RFD20241009085,2022-05-04 16:02:32
RFD20241002198,2022-05-04 16:51:43
RFD20241017034,2022-05-05 08:17:22
RFD20241003127,2022-05-05 12:52:25
RFD20200507431,2022-05-05 13:35:11
RFD20200102414,2022-05-05 15:55:13
RFD20200409441,2022-05-05 16:39:01
RFD20241004123,2022-05-06 08:21:28
RFD20241018161,2022-05-06 08:58:12
RFD20200424419,2022-05-06 10:37:53
RFD20241004137,2022-05-06 11:05:47
RFD20241101042,2022-05-06 11:43:26
RFD20241004044,2022-05-06 14:11:33
RFD20241012118,2022-05-07 07:19:49
RFD20241005091,2022-05-07 12:43:29
RFD20241005012,2022-05-07 13:47:52
RFD20241012047,2022-05-07 14:06:57
RFD20241019135,2022-05-07 14:50:57
RFD20241005064,2022-05-07 16:54:44
RFD20241006168,2022-05-08 08:17:25
RFD20241020036,2022-05-08 09:02:56
RFD20241007043,2022-05-09 06:36:44
RFD20241007142,2022-05-09 08:36:10
RFD20241007090,2022-05-09 11:58:29
RFD20200203442,2022-05-09 12:43:32
RFD20241007190,2022-05-09 13:39:59
RFD20241007039,2022-05-09 14:02:34
RFD20241007081,2022-05-09 15:02:54
RFD20210301418,2022-05-09 15:27:06
RFD20241007054,2022-05-09 15:43:25
RFD20241007120,2022-05-09 17:34:39
RFD20241001040,2022-05-10 09:06:03
RFD20241001152,2022-05-10 09:53:50
RFD20210119404,2022-05-10 11:05:54
RFD20220104439,2022-05-10 13:39:37
RFD20241001058,2022-05-10 15:09:33
RFD20241009111,2022-05-11 09:26:10
RFD20250129179,2022-05-11 10:02:31
RFD20241009108,2022-05-11 10:31:30
RFD20200219407,2022-05-11 13:23:08
RFD20241009150,2022-05-11 14:35:26
RFD20241010194,2022-05-12 10:14:13
RFD20241010195,2022-05-12 14:58:18
RFD20241010154,2022-05-12 15:11:16
RFD20241010074,2022-05-12 16:30:46
RFD20241010069,2022-05-12 16:51:11
RFD20241011132,2022-05-13 07:25:13
RFD20241025175,2022-05-13 13:34:12
RFD20241011019,2022-05-13 16:08:39
RFD20241025075,2022-05-13 17:10:40
RFD20241011004,2022-05-13 18:03:46
RFD20210123432,2022-05-14 11:37:01
RFD20241012082,2022-05-14 12:17:57
RFD20200125435,2022-05-14 13:36:10
RFD20241013046,2022-05-15 07:25:39
RFD20241013083,2022-05-15 08:24:53
RFD20241007126,2022-05-16 06:40:08
RFD20241008208,2022-05-16 07:20:44
RFD20241008026,2022-05-17 08:50:06
RFD20241210020,2022-05-17 10:02:19
RFD20241001181,2022-05-17 14:21:56
RFD20241002105,2022-05-18 08:47:20
RFD20241002131,2022-05-18 08:52:36
RFD20241002183,2022-05-18 10:11:15
RFD20241002078,2022-05-18 13:32:48
RFD20241002094,2022-05-18 14:15:51
RFD20241002184,2022-05-18 14:58:58
RFD20241002229,2022-05-18 15:32:46
RFD20241002198,2022-05-18 16:05:19
RFD20241003157,2022-05-19 10:07:23
RFD20241003127,2022-05-19 13:40:11
RFD20200507431,2022-05-19 15:37:47
RFD20200102414,2022-05-19 16:39:57
RFD20241004123,2022-05-20 09:31:18
RFD20241004044,2022-05-20 13:59:38
RFD20241004177,2022-05-20 14:30:54
RFD20241012118,2022-05-21 07:06:49
RFD20241005091,2022-05-21 12:21:53
RFD20241005012,2022-05-21 13:35:47
RFD20241012047,2022-05-21 13:40:00
RFD20241005169,2022-05-21 15:46:50
RFD20241006101,2022-05-22 07:17:37
RFD20241006147,2022-05-22 07:20:26
RFD20200120445,2022-05-23 07:15:18
RFD20241007090,2022-05-23 12:22:05
RFD20241007076,2022-05-23 14:40:59
RFD20241001103,2022-05-24 08:13:24
RFD20241001152,2022-05-24 09:51:31
RFD20210119404,2022-05-24 10:30:15
RFD20241001114,2022-05-24 14:50:01
RFD20241001058,2022-05-24 16:04:53
RFD20241009108,2022-05-25 11:01:19
RFD20241009227,2022-05-25 11:09:17
RFD20241009107,2022-05-25 13:37:52
RFD20241009150,2022-05-25 14:47:53
RFD20200220408,2022-05-26 13:09:12
RFD20241010178,2022-05-26 14:08:52
RFD20241010022,2022-05-26 14:11:40
RFD20241010195,2022-05-26 14:24:30
RFD20241010074,2022-05-26 16:17:57
RFD20241010069,2022-05-26 17:32:56
RFD20241011182,2022-05-27 14:31:54
RFD20241011019,2022-05-27 16:29:13
RFD20241011004,2022-05-27 17:16:04
RFD20210123432,2022-05-28 11:09:58
RFD20200125435,2022-05-28 13:55:30
RFD20241013130,2022-05-29 07:39:10
RFD20241013030,2022-05-29 07:59:28
RFD20241014011,2022-05-30 09:05:38
RFD20200127434,2022-05-30 09:41:43
RFD20241007193,2022-05-30 12:56:17
RFD20241028173,2022-05-30 14:48:16
RFD20241008026,2022-05-31 08:43:46
RFD20241022136,2022-05-31 09:10:59
RFD20241008062,2022-05-31 10:28:50
RFD20241008023,2022-05-31 12:56:18
RFD20241001181,2022-05-31 15:01:11
RFD20241009151,2022-06-01 07:11:35
RFD20241002073,2022-06-01 09:58:43
RFD20241002183,2022-06-01 09:59:08
RFD20241002078,2022-06-01 13:40:46
RFD20241002203,2022-06-01 14:11:51
RFD20241002229,2022-06-01 14:37:23
RFD20241016234,2022-06-01 14:39:06
RFD20241003127,2022-06-02 13:09:15
RFD20200102414,2022-06-02 16:19:09
RFD20241004003,2022-06-03 08:28:27
RFD20241018161,2022-06-03 10:06:35
RFD20241004177,2022-06-03 15:00:00
RFD20200104444,2022-06-04 09:40:08
RFD20200118409,2022-06-04 12:59:34
RFD20241005091,2022-06-04 13:25:53
RFD20241005169,2022-06-04 15:07:09
RFD20241006180,2022-06-05 09:54:36
RFD20241007043,2022-06-06 06:26:08
RFD20200120445,2022-06-06 06:45:19
RFD20241007142,2022-06-06 07:50:44
RFD20241007113,2022-06-06 08:15:52
RFD20220411413,2022-06-06 08:39:17
RFD20241007190,2022-06-06 13:19:50
RFD20241007054,2022-06-06 15:17:32
RFD20241007120,2022-06-06 17:23:06
RFD20210119404,2022-06-07 11:22:42
RFD20241001158,2022-06-07 14:56:44
RFD20241009045,2022-06-08 14:22:10
RFD20241010194,2022-06-09 10:02:06
RFD20210121417,2022-06-09 12:16:27
RFD20241010178,2022-06-09 13:45:35
RFD20241010195,2022-06-09 14:49:15
RFD20241011132,2022-06-10 07:05:25
RFD20241025029,2022-06-10 07:08:55
RFD20241011139,2022-06-10 09:18:34
RFD20241025031,2022-06-10 15:22:23
RFD20241025060,2022-06-10 15:26:41
RFD20241011004,2022-06-10 17:46:21
RFD20241012082,2022-06-11 12:03:24
RFD20200125435,2022-06-11 13:06:45
RFD20241007126,2022-06-13 07:36:04
RFD20200127434,2022-06-13 09:33:08
RFD20241014033,2022-06-13 14:29:14
RFD20241008171,2022-06-14 06:38:04
RFD20241022136,2022-06-14 09:01:34
RFD20241210020,2022-06-14 11:00:41
RFD20241008062,2022-06-14 11:09:16
RFD20241001181,2022-06-14 14:09:33
RFD20241009151,2022-06-15 06:41:14
RFD20241002094,2022-06-15 14:11:50
RFD20241016234,2022-06-15 14:24:18
RFD20241002229,2022-06-15 15:01:50
RFD20241002184,2022-06-15 15:12:59
RFD20241030027,2022-06-15 17:20:04
RFD20241003035,2022-06-16 09:13:28
RFD20241003141,2022-06-16 09:17:49
RFD20241003157,2022-06-16 10:17:57
RFD20241003138,2022-06-16 14:36:36
RFD20241018161,2022-06-17 08:58:50
RFD20200424419,2022-06-17 10:23:50
RFD20241004137,2022-06-17 10:50:27
RFD20241004044,2022-06-17 13:46:55
RFD20241012118,2022-06-18 08:10:01
RFD20200104444,2022-06-18 09:34:03
RFD20241005091,2022-06-18 12:44:09
RFD20241012047,2022-06-18 14:16:32
RFD20241019135,2022-06-18 14:46:59
RFD20241006147,2022-06-19 06:55:50
RFD20241006101,2022-06-19 06:55:55
RFD20241006180,2022-06-19 09:03:49
RFD20241020036,2022-06-19 09:20:31
RFD20241006134,2022-06-19 10:40:54
RFD20241007043,2022-06-20 06:36:32
RFD20200120445,2022-06-20 06:40:15
RFD20220411413,2022-06-20 08:46:51
RFD20241014191,2022-06-20 09:43:28
RFD20241007090,2022-06-20 11:38:37
RFD20241007081,2022-06-20 15:59:35
RFD20241007120,2022-06-20 17:51:22
RFD20241001040,2022-06-21 08:47:05
RFD20241001158,2022-06-21 13:38:14
RFD20241001058,2022-06-21 15:15:20
RFD20241009093,2022-06-22 08:49:37
RFD20241009108,2022-06-22 10:27:42
RFD20241009107,2022-06-22 13:56:31
RFD20241010119,2022-06-23 15:31:17
RFD20241010074,2022-06-23 16:22:11
RFD20241010069,2022-06-23 17:38:18
RFD20241011182,2022-06-24 15:08:33
RFD20210123432,2022-06-25 11:51:50
RFD20241012052,2022-06-25 15:53:15
RFD20241013046,2022-06-26 07:35:29
RFD20241013083,2022-06-26 08:00:36
RFD20241013030,2022-06-26 08:17:43
RFD20241013172,2022-06-26 09:28:32
RFD20241007126,2022-06-27 06:44:40
RFD20241028163,2022-06-27 16:21:04
RFD20241008171,2022-06-28 06:00:00
RFD20241022136,2022-06-28 09:03:33
RFD20241008062,2022-06-28 10:33:45
RFD20241008023,2022-06-28 13:22:45
RFD20241009041,2022-06-29 07:59:03
RFD20241002078,2022-06-29 13:29:41
RFD20241002203,2022-06-29 13:47:49
RFD20241016234,2022-06-29 14:36:53
RFD20241002184,2022-06-29 14:38:55
RFD20241002094,2022-06-29 14:53:16
RFD20241009085,2022-06-29 15:48:18
RFD20241017034,2022-06-30 08:54:14
RFD20241003127,2022-06-30 12:51:58
RFD20241003138,2022-06-30 14:21:03
RFD20200507431,2022-06-30 14:44:06
RFD20200409441,2022-06-30 16:57:26
RFD20241004044,2022-07-01 14:54:16
RFD20241004177,2022-07-01 14:54:52
RFD20200104444,2022-07-02 09:52:28
RFD20241005091,2022-07-02 12:35:56
RFD20241005012,2022-07-02 13:45:31
RFD20241012047,2022-07-02 14:25:12
RFD20241005169,2022-07-02 14:28:23
RFD20241019135,2022-07-02 15:32:20
RFD20241005064,2022-07-02 17:35:31
RFD20241006101,2022-07-03 07:04:45
RFD20241006147,2022-07-03 07:12:44
RFD20241020036,2022-07-03 09:11:31
RFD20241006180,2022-07-03 09:14:35
RFD20241007113,2022-07-04 08:17:20
RFD20200203442,2022-07-04 12:25:58
RFD20241007190,2022-07-04 12:54:22
RFD20241007039,2022-07-04 13:10:18
RFD20241007076,2022-07-04 15:03:36
RFD20241007081,2022-07-04 15:12:20
RFD20241007054,2022-07-04 15:36:00
RFD20241007120,2022-07-04 16:22:16
RFD20241001103,2022-07-05 08:29:35
RFD20241001152,2022-07-05 09:52:01
RFD20241001058,2022-07-05 14:24:03
RFD20241009111,2022-07-06 10:05:59
RFD20241009108,2022-07-06 10:32:10
RFD20241009227,2022-07-06 10:59:17
RFD20241009045,2022-07-06 14:30:07
RFD20241010194,2022-07-07 09:58:44
RFD20210429403,2022-07-07 12:03:25
RFD20200220408,2022-07-07 13:11:29
RFD20241010074,2022-07-07 17:01:03
RFD20241010069,2022-07-07 17:08:15
RFD20241004065,2022-07-08 06:26:24
RFD20241025029,2022-07-08 07:24:42
RFD20241011132,2022-07-08 08:19:25
RFD20241011176,2022-07-08 09:49:55
RFD20241025170,2022-07-08 09:53:29
RFD20241025087,2022-07-08 13:35:33
RFD20241011182,2022-07-08 14:54:06
RFD20241011019,2022-07-08 16:53:39
RFD20241025075,2022-07-08 17:15:49
RFD20241011004,2022-07-08 18:02:36
RFD20210123432,2022-07-09 10:38:57
RFD20241013129,2022-07-10 07:40:28
RFD20241013172,2022-07-10 08:39:35
RFD20241014011,2022-07-11 09:35:57
RFD20250421112,2022-07-11 13:40:07
RFD20241028163,2022-07-11 16:13:48
RFD20241008171,2022-07-12 06:31:42
RFD20241008023,2022-07-12 13:20:22
RFD20241001181,2022-07-12 14:57:05
RFD20241009041,2022-07-13 07:42:48
RFD20241002105,2022-07-13 09:17:49
RFD20241002073,2022-07-13 09:54:51
RFD20241002094,2022-07-13 14:32:41
RFD20241002184,2022-07-13 15:15:03
RFD20241003141,2022-07-14 08:35:38
RFD20241003035,2022-07-14 09:28:26
RFD20200409441,2022-07-14 17:01:13
RFD20241018161,2022-07-15 09:29:15
RFD20200424419,2022-07-15 10:29:20
RFD20241004137,2022-07-15 10:35:45
RFD20241101042,2022-07-15 12:29:27
RFD20241004177,2022-07-15 14:11:07
RFD20241005012,2022-07-16 14:08:27
RFD20241012047,2022-07-16 14:15:10
RFD20241006101,2022-07-17 06:56:50
RFD20241006147,2022-07-17 07:16:23
RFD20241006168,2022-07-17 08:14:34
RFD20241020036,2022-07-17 08:48:16
RFD20200120445,2022-07-18 06:54:59
RFD20241007113,2022-07-18 08:07:21
RFD20220718410,2022-07-18 12:47:51
RFD20241007039,2022-07-18 14:10:04
RFD20241007081,2022-07-18 15:51:27
RFD20241007120,2022-07-18 16:51:49
RFD20210119404,2022-07-19 11:16:15
RFD20241001158,2022-07-19 14:57:59
RFD20241001058,2022-07-19 15:06:56
RFD20241009111,2022-07-20 08:53:54
RFD20241009093,2022-07-20 09:36:27
RFD20241009108,2022-07-20 10:56:21
RFD20241009107,2022-07-20 13:37:42
RFD20241009045,2022-07-20 13:46:00
RFD20241010194,2022-07-21 10:23:54
RFD20200220408,2022-07-21 13:17:52
RFD20241010178,2022-07-21 14:25:14
RFD20241010069,2022-07-21 17:02:45
RFD20241004065,2022-07-22 07:03:47
RFD20241025029,2022-07-22 08:06:47
RFD20241011176,2022-07-22 10:00:38
RFD20241011121,2022-07-22 14:34:48
RFD20241011182,2022-07-22 14:54:04
RFD20241011019,2022-07-22 16:31:12
RFD20241025075,2022-07-22 16:31:50
RFD20241011004,2022-07-22 17:36:40
RFD20241012116,2022-07-23 09:06:22
RFD20241012052,2022-07-23 16:05:35
RFD20241013129,2022-07-24 07:41:43
RFD20241013030,2022-07-24 07:43:39
RFD20241014011,2022-07-25 10:02:11
RFD20200127434,2022-07-25 10:07:05
RFD20241014033,2022-07-25 14:09:32
RFD20241008026,2022-07-26 08:08:41
RFD20241008023,2022-07-26 13:26:15
RFD20241002071,2022-07-27 07:58:19
RFD20241002105,2022-07-27 08:14:08
RFD20241016234,2022-07-27 14:28:32
RFD20241002094,2022-07-27 14:39:27
RFD20241017034,2022-07-28 08:52:34
RFD20241003157,2022-07-28 10:35:48
RFD20241003127,2022-07-28 13:17:48
RFD20241003138,2022-07-28 14:00:04
RFD20200409441,2022-07-28 15:55:23
RFD20241004123,2022-07-29 08:47:00
RFD20241004137,2022-07-29 10:36:11
RFD20241101042,2022-07-29 12:42:57
RFD20241004044,2022-07-29 13:54:08
RFD20241004177,2022-07-29 14:46:27
RFD20200104444,2022-07-30 10:56:00
RFD20241005012,2022-07-30 14:15:52
RFD20241019135,2022-07-30 15:03:25
RFD20241006101,2022-07-31 07:01:52
RFD20241006180,2022-07-31 08:32:30
RFD20200120445,2022-08-01 06:54:20
RFD20241007054,2022-08-01 14:59:34
RFD20210301418,2022-08-01 15:06:14
RFD20210119404,2022-08-02 10:46:02
RFD20220104439,2022-08-02 13:59:37
RFD20241001058,2022-08-02 15:07:11
RFD20241009093,2022-08-03 09:06:36
RFD20250212021,2022-08-03 17:16:42
RFD20241010194,2022-08-04 10:44:30
RFD20241010178,2022-08-04 14:00:05
RFD20241011132,2022-08-05 07:11:52
RFD20241025029,2022-08-05 08:11:51
RFD20241011223,2022-08-05 08:19:05
RFD20241025175,2022-08-05 13:24:01
RFD20241025031,2022-08-05 14:45:28
RFD20241025060,2022-08-05 15:32:28
RFD20200125435,2022-08-06 13:21:56
RFD20241013129,2022-08-07 07:49:58
RFD20241013030,2022-08-07 08:07:35
RFD20241013083,2022-08-07 08:23:59
RFD20241028173,2022-08-08 15:16:26
RFD20241028163,2022-08-08 16:29:06
RFD20241210020,2022-08-09 10:08:33
RFD20241008023,2022-08-09 13:13:14
RFD20241002105,2022-08-10 09:23:00
RFD20241002183,2022-08-10 10:15:25
RFD20241002073,2022-08-10 10:23:27
RFD20241002094,2022-08-10 13:43:40
RFD20241002184,2022-08-10 14:17:27
RFD20241030037,2022-08-10 15:14:11
RFD20241002229,2022-08-10 15:15:53
RFD20241009085,2022-08-10 15:43:28
RFD20241030027,2022-08-10 17:41:14
RFD20241003138,2022-08-11 13:35:30
RFD20241003127,2022-08-11 13:42:55
RFD20200409441,2022-08-11 17:03:18
RFD20241004123,2022-08-12 08:15:28
RFD20200424419,2022-08-12 10:41:22
RFD20241101042,2022-08-12 11:48:32
RFD20241004044,2022-08-12 14:04:11
RFD20241004177,2022-08-12 14:59:44
RFD20241005091,2022-08-13 12:05:31
RFD20200118409,2022-08-13 12:48:25
RFD20241005169,2022-08-13 15:16:57
RFD20241005064,2022-08-13 17:17:37
RFD20241006101,2022-08-14 07:43:07
RFD20241020036,2022-08-14 09:47:58
RFD20241007043,2022-08-15 07:13:25
RFD20220411413,2022-08-15 08:23:43
RFD20241007142,2022-08-15 08:46:25
RFD20220718410,2022-08-15 12:01:05
RFD20241007090,2022-08-15 12:27:26
RFD20241007039,2022-08-15 13:36:21
RFD20210301418,2022-08-15 15:19:03
RFD20241007120,2022-08-15 16:43:52
RFD20241001058,2022-08-16 15:54:14
RFD20241009108,2022-08-17 11:19:12
RFD20241009045,2022-08-17 13:00:28
RFD20241009107,2022-08-17 13:51:24
RFD20241010194,2022-08-18 09:31:15
RFD20241010195,2022-08-18 15:13:35
RFD20241010074,2022-08-18 16:16:16
RFD20241025029,2022-08-19 08:07:05
RFD20241011182,2022-08-19 15:14:10
RFD20241011019,2022-08-19 16:05:07
RFD20241012116,2022-08-20 08:52:57
RFD20241012052,2022-08-20 15:57:29
RFD20241013030,2022-08-21 08:16:45
RFD20241013172,2022-08-21 09:05:34
RFD20241007126,2022-08-22 06:57:53
RFD20241014011,2022-08-22 08:03:14
RFD20200127434,2022-08-22 09:05:22
RFD20241007193,2022-08-22 13:37:18
RFD20241014033,2022-08-22 14:06:51
RFD20241028173,2022-08-22 15:09:11
RFD20241008171,2022-08-23 06:30:36
RFD20241022136,2022-08-23 09:13:28
RFD20241008062,2022-08-23 10:33:21
RFD20241008023,2022-08-23 13:33:34
RFD20241009151,2022-08-24 06:47:26
RFD20241009041,2022-08-24 06:55:01
RFD20241002105,2022-08-24 09:02:05
RFD20241002073,2022-08-24 10:00:26
RFD20241002183,2022-08-24 10:31:02
RFD20241002094,2022-08-24 13:15:25
RFD20241030037,2022-08-24 14:30:21
RFD20241002229,2022-08-24 14:58:01
RFD20241017034,2022-08-25 08:56:32
RFD20241003157,2022-08-25 10:22:05
RFD20241003127,2022-08-25 13:38:04
RFD20241004003,2022-08-26 08:46:21
RFD20241018161,2022-08-26 09:11:56
RFD20200424419,2022-08-26 09:52:16
RFD20241004137,2022-08-26 10:32:05
RFD20241004044,2022-08-26 14:00:53
RFD20241012118,2022-08-27 07:00:01
RFD20241005012,2022-08-27 13:52:36
RFD20241012047,2022-08-27 13:53:42
RFD20241005169,2022-08-27 15:28:19
RFD20241006101,2022-08-28 07:02:16
RFD20241006168,2022-08-28 08:48:29
RFD20220411413,2022-08-29 08:35:42
RFD20241007076,2022-08-29 14:37:26
RFD20241007054,2022-08-29 15:02:54
RFD20241007081,2022-08-29 15:22:13
RFD20210301418,2022-08-29 16:01:25
RFD20241001103,2022-08-30 07:42:26
RFD20241001152,2022-08-30 09:46:32
RFD20241001058,2022-08-30 15:28:02
RFD20241009108,2022-08-31 10:56:35
RFD20241009227,2022-08-31 10:59:29
RFD20200219407,2022-08-31 13:24:21
RFD20241009045,2022-08-31 14:04:13
RFD20241009107,2022-08-31 14:16:23
RFD20241010119,2022-09-01 16:02:33
RFD20241010069,2022-09-01 17:06:07
RFD20241011132,2022-09-02 07:11:02
RFD20241025029,2022-09-02 07:43:37
RFD20241011139,2022-09-02 08:54:08
RFD20241011121,2022-09-02 13:28:10
RFD20241011182,2022-09-02 14:20:03
RFD20241025060,2022-09-02 14:38:13
RFD20241025031,2022-09-02 15:25:36
RFD20241011004,2022-09-02 18:06:47
RFD20210123432,2022-09-03 11:24:26
RFD20241012082,2022-09-03 11:39:15
RFD20200125435,2022-09-03 14:04:22
RFD20241012052,2022-09-03 16:08:08
RFD20241013030,2022-09-04 08:12:16
RFD20200127434,2022-09-05 09:59:43
RFD20241028173,2022-09-05 15:14:38
RFD20241022136,2022-09-06 09:09:02
RFD20241008062,2022-09-06 11:18:58
RFD20241002203,2022-09-07 13:32:50
RFD20241016234,2022-09-07 14:36:26
RFD20241003157,2022-09-08 10:19:01
RFD20241003127,2022-09-08 13:13:49
RFD20200507431,2022-09-08 14:10:57
RFD20200409441,2022-09-08 17:05:20
RFD20241018161,2022-09-09 09:08:44
RFD20241004123,2022-09-09 09:20:02
RFD20200424419,2022-09-09 10:15:38
RFD20241004044,2022-09-09 13:49:49
RFD20241004177,2022-09-09 14:20:28
RFD20200104444,2022-09-10 09:34:11
RFD20241012047,2022-09-10 13:56:29
RFD20241019135,2022-09-10 15:18:57
RFD20241005064,2022-09-10 17:32:45
RFD20241006101,2022-09-11 06:39:57
RFD20241006134,2022-09-11 10:45:01
RFD20200120445,2022-09-12 06:47:54
RFD20241007113,2022-09-12 08:06:12
RFD20241007142,2022-09-12 08:41:02
RFD20220411413,2022-09-12 09:13:26
RFD20241014191,2022-09-12 09:38:56
RFD20200203442,2022-09-12 12:53:19
RFD20241007076,2022-09-12 15:19:54
RFD20241007081,2022-09-12 15:22:19
RFD20241007054,2022-09-12 15:39:50
RFD20241001103,2022-09-13 07:35:39
RFD20210119404,2022-09-13 11:05:15
RFD20241001158,2022-09-13 13:50:48
RFD20241001058,2022-09-13 15:07:08
RFD20241009093,2022-09-14 09:27:25
RFD20241009108,2022-09-14 10:51:51
RFD20241009227,2022-09-14 11:15:00
RFD20241009107,2022-09-14 14:15:15
RFD20241010194,2022-09-15 10:11:26
RFD20210429403,2022-09-15 12:25:10
RFD20241010178,2022-09-15 12:58:53
RFD20241010022,2022-09-15 14:35:04
RFD20241010069,2022-09-15 16:45:06
RFD20241004065,2022-09-16 06:47:48
RFD20241011019,2022-09-16 16:18:35
RFD20241012116,2022-09-17 09:02:56
RFD20210123432,2022-09-17 11:39:40
RFD20200125435,2022-09-17 13:13:11
RFD20241013046,2022-09-18 07:28:56
RFD20241013130,2022-09-18 07:53:06
RFD20241013030,2022-09-18 08:14:30
RFD20241007126,2022-09-19 07:09:41
RFD20241008208,2022-09-19 07:16:19
RFD20200127434,2022-09-19 09:28:58
RFD20241007193,2022-09-19 13:09:14
RFD20241028173,2022-09-19 15:14:39
RFD20241008171,2022-09-20 06:47:10
RFD20241022136,2022-09-20 07:48:11
RFD20241008023,2022-09-20 12:51:22
RFD20241009151,2022-09-21 06:59:22
RFD20241009041,2022-09-21 07:19:11
RFD20241002071,2022-09-21 07:34:59
RFD20241002073,2022-09-21 10:44:07
RFD20241002184,2022-09-21 14:09:09
RFD20241016234,2022-09-21 14:26:20
RFD20241030027,2022-09-21 17:28:12
RFD20241017034,2022-09-22 08:03:31
RFD20241003141,2022-09-22 08:33:55
RFD20200507431,2022-09-22 15:00:16
RFD20200409441,2022-09-22 16:58:12
RFD20241004003,2022-09-23 08:39:19
RFD20241018161,2022-09-23 09:13:09
RFD20241101042,2022-09-23 11:48:28
RFD20241004177,2022-09-23 15:15:03
RFD20241012118,2022-09-24 07:42:25
RFD20200118409,2022-09-24 12:10:00
RFD20241005091,2022-09-24 12:23:16
RFD20241005012,2022-09-24 13:18:36
RFD20241012047,2022-09-24 14:04:59
RFD20241005169,2022-09-24 14:34:03
RFD20241006101,2022-09-25 07:12:54
RFD20241006134,2022-09-25 12:00:24
RFD20241007142,2022-09-26 08:12:56
RFD20241007090,2022-09-26 12:58:32
RFD20200203442,2022-09-26 12:58:37
RFD20241007039,2022-09-26 13:28:12
RFD20241007081,2022-09-26 14:21:21
RFD20241007076,2022-09-26 14:24:41
RFD20241007120,2022-09-26 17:35:47
RFD20241001103,2022-09-27 07:50:24
RFD20241001040,2022-09-27 08:15:55
RFD20210119404,2022-09-27 10:20:49
RFD20241001058,2022-09-27 15:15:21
RFD20241015224,2022-09-27 15:17:46
RFD20241009111,2022-09-28 09:30:38
RFD20241009108,2022-09-28 11:07:28
RFD20200219407,2022-09-28 13:18:44
RFD20241009107,2022-09-28 14:04:45
RFD20241009045,2022-09-28 14:37:25
RFD20210429403,2022-09-29 12:38:53
RFD20241010178,2022-09-29 13:50:37
RFD20241010154,2022-09-29 14:45:53
RFD20241010119,2022-09-29 15:44:59
RFD20241010074,2022-09-29 16:34:19
RFD20241010069,2022-09-29 16:59:49
RFD20241011132,2022-09-30 07:00:14
RFD20241025029,2022-09-30 08:25:27
RFD20241011176,2022-09-30 09:55:11
RFD20241011121,2022-09-30 13:59:07
RFD20241011124,2022-09-30 14:20:38
RFD20241025060,2022-09-30 14:29:52
RFD20241025075,2022-09-30 16:50:17
RFD20241012052,2022-10-01 16:17:59
RFD20241013046,2022-10-02 07:47:25
RFD20241013030,2022-10-02 08:21:36
RFD20241013083,2022-10-02 08:29:06
RFD20200127434,2022-10-03 09:38:05
RFD20241014033,2022-10-03 14:23:16
RFD20241028163,2022-10-03 16:31:37
RFD20241008171,2022-10-04 06:00:00
RFD20241008062,2022-10-04 10:50:31
RFD20241210020,2022-10-04 10:56:43
RFD20241002105,2022-10-05 10:01:17
RFD20241002078,2022-10-05 13:48:17
RFD20241002229,2022-10-05 15:16:21
RFD20241003127,2022-10-06 13:53:34
RFD20241018161,2022-10-07 08:26:52
RFD20241004123,2022-10-07 08:41:35
RFD20241004044,2022-10-07 14:01:18
RFD20241004177,2022-10-07 14:33:44
RFD20241012118,2022-10-08 06:44:10
RFD20241005091,2022-10-08 12:09:10
RFD20241012047,2022-10-08 14:01:59
RFD20241005169,2022-10-08 14:09:44
RFD20241005012,2022-10-08 15:01:19
RFD20241006134,2022-10-09 11:19:05
RFD20200120445,2022-10-10 06:12:18
RFD20241007043,2022-10-10 06:16:42
RFD20241007142,2022-10-10 08:22:51
RFD20220411413,2022-10-10 08:36:11
RFD20241007113,2022-10-10 08:47:13
RFD20220718410,2022-10-10 11:57:45
RFD20241007090,2022-10-10 12:35:38
RFD20210301418,2022-10-10 15:31:21
RFD20241001040,2022-10-11 08:15:16
RFD20241001103,2022-10-11 08:49:23
RFD20220104439,2022-10-11 13:37:14
RFD20241001058,2022-10-11 15:13:36
RFD20241009093,2022-10-12 09:30:43
RFD20241009108,2022-10-12 10:41:58
RFD20241009227,2022-10-12 11:16:44
RFD20200219407,2022-10-12 13:17:10
RFD20241009045,2022-10-12 13:53:54
RFD20241009107,2022-10-12 14:02:34
RFD20200220408,2022-10-13 12:16:38
RFD20241010195,2022-10-13 14:52:33
RFD20241010079,2022-10-13 15:42:15
RFD20241010069,2022-10-13 17:16:59
RFD20241011132,2022-10-14 06:56:31
RFD20241011182,2022-10-14 14:59:07
RFD20241011124,2022-10-14 15:05:45
RFD20241011019,2022-10-14 16:53:43
RFD20241011004,2022-10-14 17:52:52
RFD20210123432,2022-10-15 11:28:05
RFD20241013129,2022-10-16 07:36:09
RFD20241013046,2022-10-16 08:16:42
RFD20241013172,2022-10-16 08:53:14
RFD20241007126,2022-10-17 07:02:16
RFD20241028163,2022-10-17 16:46:15
RFD20241022136,2022-10-18 09:00:09
RFD20241008062,2022-10-18 11:26:50
RFD20241008023,2022-10-18 13:09:54
RFD20241002183,2022-10-19 09:48:28
RFD20241002073,2022-10-19 10:39:19
RFD20241002203,2022-10-19 13:13:21
RFD20241002229,2022-10-19 14:43:27
RFD20241002184,2022-10-19 14:53:50
RFD20241009085,2022-10-19 15:25:21
RFD20241030027,2022-10-19 16:51:13
RFD20241003141,2022-10-20 08:19:24
RFD20241017034,2022-10-20 08:28:18
RFD20241018161,2022-10-21 08:57:04
RFD20241004197,2022-10-21 10:52:25
RFD20241101042,2022-10-21 12:56:03
RFD20241004177,2022-10-21 14:53:18
RFD20200104444,2022-10-22 11:00:18
RFD20241005091,2022-10-22 11:41:34
RFD20241012047,2022-10-22 13:16:37
RFD20241005169,2022-10-22 14:43:39
RFD20241006147,2022-10-23 07:09:17
RFD20241006180,2022-10-23 09:04:03
RFD20241007043,2022-10-24 06:14:05
RFD20200120445,2022-10-24 07:01:26
RFD20241007142,2022-10-24 08:25:05
RFD20220411413,2022-10-24 09:06:05
RFD20241014191,2022-10-24 09:50:44
RFD20241007090,2022-10-24 12:41:34
RFD20241007190,2022-10-24 13:08:05
RFD20241007054,2022-10-24 14:48:23
RFD20241007120,2022-10-24 17:08:56
RFD20241001103,2022-10-25 07:28:50
RFD20241001040,2022-10-25 08:23:27
RFD20241001152,2022-10-25 09:03:18
RFD20241009093,2022-10-26 09:57:20
RFD20241009045,2022-10-26 13:49:57
RFD20241009150,2022-10-26 13:55:35
RFD20241010194,2022-10-27 09:35:09
RFD20210429403,2022-10-27 12:04:58
RFD20200220408,2022-10-27 12:54:25
RFD20241010195,2022-10-27 14:32:11
RFD20241010079,2022-10-27 14:57:03
RFD20241010074,2022-10-27 16:30:07
RFD20241004065,2022-10-28 06:38:17
RFD20241011132,2022-10-28 07:27:12
RFD20241025029,2022-10-28 07:48:17
RFD20241025175,2022-10-28 13:17:04
RFD20241011121,2022-10-28 14:21:54
RFD20241025075,2022-10-28 17:10:47
RFD20241011004,2022-10-28 17:34:43
RFD20241012116,2022-10-29 08:45:26
RFD20210123432,2022-10-29 11:00:40
RFD20200125435,2022-10-29 13:45:42
RFD20241012052,2022-10-29 15:55:20
RFD20241013030,2022-10-30 08:00:15
RFD20241007126,2022-10-31 07:07:14
RFD20241028173,2022-10-31 15:05:40
RFD20241008023,2022-11-01 12:52:12
RFD20241009151,2022-11-02 06:22:22
RFD20241002183,2022-11-02 09:47:47
RFD20241002184,2022-11-02 14:28:10
RFD20241016234,2022-11-02 15:04:09
RFD20241009085,2022-11-02 15:48:36
RFD20241030027,2022-11-02 17:27:16
RFD20241003141,2022-11-03 08:49:57
RFD20241003035,2022-11-03 09:24:03
RFD20241003157,2022-11-03 10:56:30
RFD20241003127,2022-11-03 13:28:00
RFD20241003061,2022-11-03 14:02:14
RFD20241003138,2022-11-03 14:04:46
RFD20241004003,2022-11-04 08:31:33
RFD20241004123,2022-11-04 08:41:06
RFD20241004197,2022-11-04 09:50:44
RFD20241101042,2022-11-04 12:24:12
RFD20241012118,2022-11-05 07:49:05
RFD20241005091,2022-11-05 13:02:37
RFD20241019135,2022-11-05 14:59:25
RFD20241006101,2022-11-06 07:10:58
RFD20241006147,2022-11-06 07:25:56
RFD20241006134,2022-11-06 10:42:47
RFD20200120445,2022-11-07 06:56:04
RFD20241007113,2022-11-07 08:39:15
RFD20220411413,2022-11-07 08:44:43
RFD20200203442,2022-11-07 12:34:58
RFD20220718410,2022-11-07 12:37:06
RFD20241007076,2022-11-07 14:57:10
RFD20241007054,2022-11-07 15:37:37
RFD20210301418,2022-11-07 16:00:36
RFD20241001103,2022-11-08 07:22:21
RFD20241008059,2022-11-08 10:57:09
RFD20241009093,2022-11-09 09:29:54
RFD20241009108,2022-11-09 11:00:24
RFD20241009227,2022-11-09 11:42:58
RFD20241009045,2022-11-09 13:51:08
RFD20241009107,2022-11-09 13:54:04
RFD20241010194,2022-11-10 09:19:10
RFD20210429403,2022-11-10 12:59:56
RFD20241010178,2022-11-10 13:52:45
RFD20241010022,2022-11-10 13:58:06
RFD20221110406,2022-11-10 15:09:09
RFD20241010119,2022-11-10 15:13:47
RFD20241010154,2022-11-10 15:40:03
RFD20241010074,2022-11-10 16:47:37
RFD20241010069,2022-11-10 16:49:15
RFD20241011132,2022-11-11 07:00:37
RFD20241004065,2022-11-11 07:38:59
RFD20241025029,2022-11-11 08:13:53
RFD20241011019,2022-11-11 16:04:15
RFD20241011004,2022-11-11 17:09:40
RFD20241012116,2022-11-12 08:54:27
RFD20210123432,2022-11-12 11:51:42
RFD20200125435,2022-11-12 13:33:47
RFD20241013030,2022-11-13 07:42:59
RFD20241013130,2022-11-13 07:53:07
RFD20241007126,2022-11-14 07:36:22
RFD20241009151,2022-11-16 06:35:45
RFD20241002105,2022-11-16 09:33:14
RFD20241002073,2022-11-16 09:44:10
RFD20241002183,2022-11-16 10:40:20
RFD20241002203,2022-11-16 13:23:39
RFD20241002184,2022-11-16 14:58:25
RFD20241009085,2022-11-16 15:02:03
RFD20241030037,2022-11-16 15:11:50
RFD20241017034,2022-11-17 08:51:26
RFD20241003138,2022-11-17 14:13:06
RFD20241003061,2022-11-17 14:18:33
RFD20241004137,2022-11-18 10:34:36
RFD20241004197,2022-11-18 10:38:27
RFD20241011025,2022-11-18 13:46:57
RFD20241004177,2022-11-18 14:16:09
RFD20241012118,2022-11-19 07:55:31
RFD20250208143,2022-11-19 08:55:16
RFD20241005091,2022-11-19 11:14:07
RFD20241005012,2022-11-19 13:48:31
RFD20241019135,2022-11-19 15:33:09
RFD20241006101,2022-11-20 06:54:50
RFD20241007043,2022-11-21 06:38:03
RFD20220411413,2022-11-21 08:24:17
RFD20241007090,2022-11-21 12:45:12
RFD20241007039,2022-11-21 14:05:03
RFD20241007076,2022-11-21 14:54:58
RFD20241007081,2022-11-21 15:06:47
RFD20241007054,2022-11-21 15:34:27
RFD20241007120,2022-11-21 17:13:01
RFD20210119404,2022-11-22 11:41:08
RFD20241001158,2022-11-22 14:18:59
RFD20241001058,2022-11-22 15:46:45
RFD20241009108,2022-11-23 10:36:43
RFD20241009227,2022-11-23 11:17:18
RFD20241009150,2022-11-23 13:48:41
RFD20241009045,2022-11-23 14:31:03
RFD20241010079,2022-11-24 15:10:06
RFD20241010074,2022-11-24 15:53:28
RFD20241004065,2022-11-25 06:45:30
RFD20241025029,2022-11-25 07:15:25
RFD20241011132,2022-11-25 07:47:40
RFD20241025031,2022-11-25 15:32:49
RFD20241011019,2022-11-25 16:27:28
RFD20241011004,2022-11-25 17:41:26
RFD20241012052,2022-11-26 15:36:17
RFD20241013046,2022-11-27 07:18:49
RFD20241013172,2022-11-27 09:44:30
RFD20241007126,2022-11-28 07:24:18
RFD20241007193,2022-11-28 13:03:55
RFD20241028173,2022-11-28 14:47:50
RFD20241008171,2022-11-29 06:31:02
RFD20241022136,2022-11-29 08:34:58
RFD20241008026,2022-11-29 09:32:46
RFD20241008062,2022-11-29 10:38:27
RFD20241008023,2022-11-29 12:59:37
RFD20241008005,2022-11-29 15:33:09
RFD20241009041,2022-11-30 07:23:32
RFD20241002071,2022-11-30 08:06:08
RFD20241002105,2022-11-30 09:21:02
RFD20241002203,2022-11-30 13:27:21
RFD20241003141,2022-12-01 08:00:49
RFD20241003035,2022-12-01 08:54:01
RFD20241003157,2022-12-01 10:22:54
RFD20241003138,2022-12-01 14:12:05
RFD20200507431,2022-12-01 14:21:20
RFD20241003061,2022-12-01 15:04:24
RFD20200409441,2022-12-01 16:14:59
RFD20241018161,2022-12-02 09:03:47
RFD20241004123,2022-12-02 09:20:49
RFD20241004137,2022-12-02 09:44:51
RFD20241101042,2022-12-02 12:27:27
RFD20241004177,2022-12-02 14:29:15
RFD20241012118,2022-12-03 08:53:49
RFD20200104444,2022-12-03 09:40:45
RFD20200118409,2022-12-03 12:37:01
RFD20241005091,2022-12-03 12:49:24
RFD20241006147,2022-12-04 06:58:30
RFD20241006101,2022-12-04 07:29:15
RFD20241006168,2022-12-04 08:40:44
RFD20241007043,2022-12-05 06:52:13
RFD20241007113,2022-12-05 08:17:39
RFD20220718410,2022-12-05 12:29:22
RFD20241007039,2022-12-05 13:48:29
RFD20241007081,2022-12-05 15:02:36
RFD20241001103,2022-12-06 07:57:21
RFD20210119404,2022-12-06 10:32:51
RFD20220104439,2022-12-06 12:29:29
RFD20241001058,2022-12-06 15:46:14
RFD20241009111,2022-12-07 09:04:20
RFD20241009107,2022-12-07 14:08:12
RFD20241010194,2022-12-08 09:45:59
RFD20210429403,2022-12-08 12:08:04
RFD20241010022,2022-12-08 13:24:04
RFD20241010195,2022-12-08 15:08:35
RFD20221110406,2022-12-08 15:13:17
RFD20241010079,2022-12-08 15:34:41
RFD20241004065,2022-12-09 06:51:33
RFD20241011139,2022-12-09 09:28:17
RFD20241011121,2022-12-09 14:44:10
RFD20241011182,2022-12-09 14:45:39
RFD20241011124,2022-12-09 15:13:34
RFD20241025075,2022-12-09 17:08:50
RFD20241012052,2022-12-10 16:19:11
RFD20241013030,2022-12-11 08:16:09
RFD20241013083,2022-12-11 08:35:34
RFD20241008208,2022-12-12 06:04:53
RFD20241007126,2022-12-12 07:54:45
RFD20241014011,2022-12-12 08:49:40
RFD20241014033,2022-12-12 13:59:30
RFD20241028173,2022-12-12 14:31:03
RFD20241028163,2022-12-12 16:33:12
RFD20241008171,2022-12-13 06:05:24
RFD20241022136,2022-12-13 08:23:44
RFD20241008102,2022-12-13 13:43:58
RFD20241001181,2022-12-13 14:16:15
RFD20241009041,2022-12-14 07:06:10
RFD20241009151,2022-12-14 07:20:21
RFD20241002071,2022-12-14 07:29:26
RFD20241002105,2022-12-14 09:54:45
RFD20241002203,2022-12-14 13:23:16
RFD20241002078,2022-12-14 14:21:26
RFD20241002229,2022-12-14 14:59:45
RFD20241009085,2022-12-14 15:42:15
RFD20241017034,2022-12-15 08:46:03
RFD20241003157,2022-12-15 10:28:16
RFD20241003127,2022-12-15 14:00:48
RFD20241003061,2022-12-15 14:26:07
RFD20200507431,2022-12-15 14:37:05
RFD20241004123,2022-12-16 08:46:32
RFD20241018161,2022-12-16 09:00:00
RFD20241004197,2022-12-16 10:01:22
RFD20241004137,2022-12-16 11:17:06
RFD20241004044,2022-12-16 14:16:20
RFD20241004177,2022-12-16 15:01:47
RFD20241012118,2022-12-17 07:48:20
RFD20200104444,2022-12-17 10:14:52
RFD20241012047,2022-12-17 14:12:19
RFD20241019135,2022-12-17 15:25:02
RFD20241005064,2022-12-17 17:50:33
RFD20241006147,2022-12-18 06:40:26
RFD20241006101,2022-12-18 07:20:40
RFD20241006168,2022-12-18 09:23:27
RFD20241006134,2022-12-18 10:22:15
RFD20200120445,2022-12-19 06:00:00
RFD20241007043,2022-12-19 06:49:13
RFD20241007142,2022-12-19 08:48:13
RFD20220411413,2022-12-19 08:54:16
RFD20241014191,2022-12-19 09:47:09
RFD20241007190,2022-12-19 12:58:49
RFD20241007039,2022-12-19 13:45:35
RFD20241007054,2022-12-19 15:06:26
RFD20241007120,2022-12-19 17:01:14
RFD20241001103,2022-12-20 07:23:18
RFD20241001040,2022-12-20 08:53:35
RFD20241001152,2022-12-20 09:56:34
RFD20210119404,2022-12-20 11:30:20
RFD20241001058,2022-12-20 15:53:52
RFD20241009093,2022-12-21 09:03:54
RFD20241009108,2022-12-21 10:31:51
RFD20241009107,2022-12-21 13:53:13
RFD20241010069,2022-12-22 17:02:01
RFD20241025087,2022-12-23 14:13:24
RFD20241025031,2022-12-23 14:26:42
RFD20241011019,2022-12-23 16:21:52
RFD20241025075,2022-12-23 16:56:46
RFD20241011004,2022-12-23 18:08:13
RFD20241012082,2022-12-24 12:15:00
RFD20241012052,2022-12-24 15:25:58
RFD20241013046,2022-12-25 07:17:21
RFD20241013129,2022-12-25 08:09:27
RFD20241007193,2022-12-26 13:33:53
RFD20241028173,2022-12-26 15:10:19
RFD20241028163,2022-12-26 16:45:53
RFD20241008102,2022-12-27 13:00:31
RFD20241002105,2022-12-28 08:50:18
RFD20241002094,2022-12-28 13:53:30
RFD20241016234,2022-12-28 14:26:04
RFD20241002184,2022-12-28 14:59:59
RFD20241002053,2022-12-28 15:29:06
RFD20241009085,2022-12-28 15:52:17
RFD20241030027,2022-12-28 17:56:24
RFD20241003157,2022-12-29 10:28:49
RFD20241003127,2022-12-29 13:12:35
RFD20241004197,2022-12-30 10:19:19
RFD20241004044,2022-12-30 13:35:43
RFD20241012118,2022-12-31 07:03:36
RFD20241012047,2022-12-31 14:29:49
RFD20241019135,2022-12-31 15:09:48
RFD20241005169,2022-12-31 15:11:59
RFD20241020036,2023-01-01 09:01:34
RFD20241006180,2023-01-01 09:10:00
RFD20241006095,2023-01-01 10:49:44
RFD20220411413,2023-01-02 09:20:49
RFD20241007090,2023-01-02 12:36:24
RFD20241007076,2023-01-02 14:25:25
RFD20241007081,2023-01-02 15:40:09
RFD20241007120,2023-01-02 17:05:08
RFD20241001103,2023-01-03 07:36:57
RFD20241001040,2023-01-03 08:40:43
RFD20241001152,2023-01-03 09:27:23
RFD20241015048,2023-01-03 15:14:16
RFD20241009093,2023-01-04 10:11:03
RFD20241009107,2023-01-04 14:15:22
RFD20241010178,2023-01-05 13:05:35
RFD20241010109,2023-01-05 14:16:59
RFD20241010074,2023-01-05 16:22:42
RFD20241025029,2023-01-06 08:12:13
RFD20241011223,2023-01-06 08:13:37
RFD20241011176,2023-01-06 09:21:27
RFD20241011182,2023-01-06 15:11:40
RFD20241025075,2023-01-06 16:40:59
RFD20241011004,2023-01-06 18:40:23
RFD20200111433,2023-01-07 14:14:07
RFD20241013046,2023-01-08 06:50:23
RFD20241014024,2023-01-09 13:34:14
RFD20241028173,2023-01-09 14:56:16
RFD20241022136,2023-01-10 09:12:09
RFD20241002049,2023-01-11 06:34:21
RFD20241009041,2023-01-11 07:32:05
RFD20241002105,2023-01-11 09:51:15
RFD20241002183,2023-01-11 10:15:17
RFD20241002088,2023-01-11 12:15:05
RFD20241002229,2023-01-11 14:53:47
RFD20241002184,2023-01-11 14:53:49
RFD20241030037,2023-01-11 15:27:49
RFD20241009085,2023-01-11 16:11:37
RFD20241002053,2023-01-11 16:31:14
RFD20241017034,2023-01-12 08:36:05
RFD20241003127,2023-01-12 13:29:08
RFD20241018161,2023-01-13 09:11:40
RFD20241004123,2023-01-13 09:12:08
RFD20241004159,2023-01-13 10:55:19
RFD20241004044,2023-01-13 13:49:30
RFD20241004177,2023-01-13 14:41:25
RFD20241012118,2023-01-14 07:35:36
RFD20241012047,2023-01-14 14:06:38
RFD20241008231,2023-01-14 14:26:14
RFD20241005169,2023-01-14 15:08:09
RFD20241005064,2023-01-14 17:36:42
RFD20241006147,2023-01-15 07:28:15
RFD20241020036,2023-01-15 09:30:54
RFD20241006095,2023-01-15 11:24:42
RFD20241007090,2023-01-16 11:36:46
RFD20241007081,2023-01-16 15:37:14
RFD20241007054,2023-01-16 15:43:13
RFD20241001072,2023-01-17 09:53:46
RFD20241015048,2023-01-17 14:58:58
RFD20241009093,2023-01-18 10:01:21
RFD20241009205,2023-01-18 14:59:47
RFD20241010109,2023-01-19 14:09:59
RFD20241010074,2023-01-19 15:31:16
RFD20241010069,2023-01-19 16:56:30
RFD20241025029,2023-01-20 07:29:16
RFD20241025196,2023-01-20 11:43:55
RFD20241011019,2023-01-20 15:59:27
RFD20241013130,2023-01-22 08:22:29
RFD20241007126,2023-01-23 07:51:33
RFD20241014117,2023-01-23 08:51:09
RFD20241014011,2023-01-23 09:14:24
RFD20241014024,2023-01-23 13:06:16
RFD20241028145,2023-01-23 15:06:26
RFD20241022136,2023-01-24 09:09:26
RFD20241001181,2023-01-24 13:58:06
RFD20241009151,2023-01-25 06:53:59
RFD20200101436,2023-01-25 08:40:29
RFD20241002105,2023-01-25 09:09:48
RFD20241002183,2023-01-25 10:26:27
RFD20241016234,2023-01-25 14:42:26
RFD20241002229,2023-01-25 15:05:42
RFD20241002184,2023-01-25 15:21:14
RFD20241002053,2023-01-25 16:28:49
RFD20241003035,2023-01-26 09:39:28
RFD20241003061,2023-01-26 14:53:23
RFD20241003164,2023-01-26 16:36:59
RFD20200409441,2023-01-26 17:01:16
RFD20241018161,2023-01-27 09:39:25
RFD20241004159,2023-01-27 10:00:30
RFD20241004177,2023-01-27 14:08:33
RFD20241012118,2023-01-28 07:29:31
RFD20241012047,2023-01-28 15:03:38
RFD20241006147,2023-01-29 07:49:33
RFD20241006168,2023-01-29 08:07:02
RFD20241020036,2023-01-29 08:46:35
RFD20241006134,2023-01-29 11:08:05
RFD20200120445,2023-01-30 07:23:34
RFD20241007090,2023-01-30 12:23:43
RFD20241007076,2023-01-30 15:21:25
RFD20241007054,2023-01-30 15:29:07
RFD20230131443,2023-01-31 10:55:56
RFD20241009093,2023-02-01 08:52:32
RFD20241009227,2023-02-01 11:10:15
RFD20241009107,2023-02-01 13:49:47
RFD20241009205,2023-02-01 14:29:42
RFD20221110406,2023-02-02 15:52:23
RFD20241011132,2023-02-03 06:16:43
RFD20241011182,2023-02-03 15:03:10
RFD20241011124,2023-02-03 15:22:36
RFD20241025075,2023-02-03 16:59:28
RFD20241013030,2023-02-05 08:00:06
RFD20241013172,2023-02-05 09:05:39
RFD20241008208,2023-02-06 07:01:59
RFD20241007126,2023-02-06 07:33:14
RFD20210628440,2023-02-06 07:52:06
RFD20241014117,2023-02-06 09:57:16
RFD20241028173,2023-02-06 15:24:11
RFD20241022136,2023-02-07 09:43:19
RFD20241001181,2023-02-07 14:41:13
RFD20241002105,2023-02-08 09:04:06
RFD20241002078,2023-02-08 13:22:17
RFD20241002184,2023-02-08 14:44:26
RFD20241002053,2023-02-08 16:24:46
RFD20241031097,2023-02-09 08:35:01
RFD20241017034,2023-02-09 09:00:12
RFD20200507431,2023-02-09 13:59:30
RFD20241003138,2023-02-09 14:30:16
RFD20241003164,2023-02-09 16:15:02
RFD20200409441,2023-02-09 17:26:56
RFD20241011025,2023-02-10 13:17:12
RFD20241012118,2023-02-11 07:39:55
RFD20200104444,2023-02-11 09:51:01
RFD20241005012,2023-02-11 14:05:12
RFD20241019135,2023-02-11 14:55:40
RFD20241008231,2023-02-11 16:01:53
RFD20241006147,2023-02-12 07:36:27
RFD20241006180,2023-02-12 09:15:18
RFD20241020036,2023-02-12 09:23:31
RFD20241006134,2023-02-12 10:30:03
RFD20200120445,2023-02-13 06:32:18
RFD20220411413,2023-02-13 08:45:08
RFD20241007081,2023-02-13 14:45:12
RFD20241007076,2023-02-13 15:23:24
RFD20210119404,2023-02-14 11:19:14
RFD20241001158,2023-02-14 14:13:38
RFD20241009093,2023-02-15 09:21:04
RFD20241009227,2023-02-15 11:40:44
RFD20241009107,2023-02-15 14:12:54
RFD20241010022,2023-02-16 14:23:27
RFD20241010074,2023-02-16 15:36:44
RFD20241010079,2023-02-16 15:40:58
RFD20221110406,2023-02-16 15:45:15
RFD20241010069,2023-02-16 17:10:31
RFD20241011132,2023-02-17 06:46:05
RFD20241011176,2023-02-17 10:47:43
RFD20241011182,2023-02-17 15:00:29
RFD20241011125,2023-02-17 15:37:19
RFD20210123432,2023-02-18 11:07:27
RFD20241013046,2023-02-19 07:19:10
RFD20241008208,2023-02-20 07:00:47
RFD20241007126,2023-02-20 07:17:46
RFD20241014011,2023-02-20 09:13:04
RFD20241014117,2023-02-20 10:00:36
RFD20241014024,2023-02-20 13:05:47
RFD20241028173,2023-02-20 14:32:42
RFD20241028163,2023-02-20 16:26:11
RFD20241008026,2023-02-21 08:47:30
RFD20241022136,2023-02-21 09:04:08
RFD20241008102,2023-02-21 13:16:06
RFD20241001181,2023-02-21 14:50:56
RFD20241002183,2023-02-22 09:31:30
RFD20241002105,2023-02-22 10:00:37
RFD20241016234,2023-02-22 14:12:34
RFD20241002184,2023-02-22 14:57:10
RFD20241002229,2023-02-22 15:04:23
RFD20241009085,2023-02-22 15:46:20
RFD20241002053,2023-02-22 16:06:34
RFD20241031097,2023-02-23 08:34:44
RFD20241003035,2023-02-23 08:43:27
RFD20241003138,2023-02-23 13:22:38
RFD20241003061,2023-02-23 14:30:20
RFD20200507431,2023-02-23 14:38:36
RFD20241003164,2023-02-23 16:33:35
RFD20241018161,2023-02-24 09:08:12
RFD20200104444,2023-02-25 10:08:46
RFD20241005012,2023-02-25 14:29:11
RFD20241005169,2023-02-25 14:41:15
RFD20241019135,2023-02-25 14:52:29
RFD20241008231,2023-02-25 15:26:57
RFD20241005064,2023-02-25 17:42:16
RFD20241006180,2023-02-26 10:00:24
RFD20200120445,2023-02-27 06:27:15
RFD20220411413,2023-02-27 08:26:13
RFD20241007090,2023-02-27 12:48:25
RFD20200217438,2023-02-27 14:09:23
RFD20241007076,2023-02-27 15:02:13
RFD20241007120,2023-02-27 17:59:54
RFD20241001103,2023-02-28 07:32:16
RFD20241001152,2023-02-28 10:15:51
RFD20210119404,2023-02-28 11:08:58
RFD20241015048,2023-02-28 15:27:19
RFD20241009189,2023-03-01 08:09:39
RFD20241009093,2023-03-01 09:20:25
RFD20241009108,2023-03-01 10:59:05
RFD20241009227,2023-03-01 11:12:46
RFD20241009205,2023-03-01 15:07:03
RFD20241010109,2023-03-02 14:19:35
RFD20241010079,2023-03-02 15:27:28
RFD20221110406,2023-03-02 15:28:00
RFD20241010069,2023-03-02 16:11:59
RFD20241011132,2023-03-03 07:49:51
RFD20241011223,2023-03-03 08:15:57
RFD20241025196,2023-03-03 11:25:46
RFD20241011124,2023-03-03 15:50:11
RFD20241025075,2023-03-03 16:38:17
RFD20241012116,2023-03-04 08:57:36
RFD20210123432,2023-03-04 11:30:05
RFD20200111433,2023-03-04 13:24:40
RFD20241013046,2023-03-05 06:34:51
RFD20241013030,2023-03-05 08:01:32
RFD20241006066,2023-03-05 09:03:24
RFD20241013172,2023-03-05 09:19:46
RFD20241007126,2023-03-06 06:36:58
RFD20210628440,2023-03-06 08:22:59
RFD20241014011,2023-03-06 09:04:32
RFD20241014117,2023-03-06 09:33:37
RFD20241008155,2023-03-07 13:02:55
RFD20241008102,2023-03-07 13:40:26
RFD20241009041,2023-03-08 06:29:32
RFD20241009151,2023-03-08 06:48:20
RFD20200101436,2023-03-08 09:10:11
RFD20241002105,2023-03-08 09:39:42
RFD20241016234,2023-03-08 14:24:44
RFD20241002184,2023-03-08 15:48:30
RFD20241009085,2023-03-08 15:57:20
RFD20241031097,2023-03-09 08:49:12
RFD20241003127,2023-03-09 14:19:05
RFD20241003164,2023-03-09 16:15:12
RFD20241004159,2023-03-10 10:16:02
RFD20241004197,2023-03-10 10:32:59
RFD20241004137,2023-03-10 10:47:11
RFD20241004028,2023-03-10 10:54:12
RFD20241101042,2023-03-10 11:48:49
RFD20241004177,2023-03-10 15:05:35
RFD20241012118,2023-03-11 07:34:31
RFD20200104444,2023-03-11 10:05:52
RFD20241012047,2023-03-11 13:22:49
RFD20241005012,2023-03-11 14:07:05
RFD20241005169,2023-03-11 14:53:24
RFD20241008231,2023-03-11 15:46:20
RFD20241006168,2023-03-12 08:47:43
RFD20241006180,2023-03-12 09:38:49
RFD20241006095,2023-03-12 10:49:55
RFD20200120445,2023-03-13 07:03:21
RFD20220411413,2023-03-13 08:29:27
RFD20241014191,2023-03-13 09:42:33
RFD20241007090,2023-03-13 13:03:55
RFD20241007076,2023-03-13 13:48:03
RFD20241007081,2023-03-13 15:39:59
RFD20241007120,2023-03-13 17:16:13
RFD20241001103,2023-03-14 07:25:54
RFD20241001152,2023-03-14 09:16:41
RFD20210119404,2023-03-14 10:35:07
RFD20241001122,2023-03-14 13:19:57
RFD20241015048,2023-03-14 14:57:18
RFD20241001058,2023-03-14 15:29:06
RFD20241009093,2023-03-15 08:54:56
RFD20250129179,2023-03-15 09:01:37
RFD20241009107,2023-03-15 14:14:09
RFD20241010154,2023-03-16 14:56:18
RFD20241010109,2023-03-16 15:18:55
RFD20241010079,2023-03-16 15:28:48
RFD20241011132,2023-03-17 06:56:39
RFD20241025029,2023-03-17 08:17:26
RFD20241011176,2023-03-17 10:10:56
RFD20241004185,2023-03-17 16:45:55
RFD20241011004,2023-03-17 18:31:45
RFD20241012116,2023-03-18 08:14:44
RFD20200125435,2023-03-18 13:12:51
RFD20200111433,2023-03-18 14:12:11
RFD20241013030,2023-03-19 07:56:58
RFD20241007126,2023-03-20 07:16:22
RFD20241014011,2023-03-20 08:23:26
RFD20241014117,2023-03-20 09:54:24
RFD20241028163,2023-03-20 16:53:46
RFD20241008171,2023-03-21 06:02:47
RFD20241008026,2023-03-21 08:44:21
RFD20241022136,2023-03-21 09:21:19
RFD20241001181,2023-03-21 14:37:05
RFD20241009151,2023-03-22 06:34:53
RFD20241009041,2023-03-22 07:54:47
RFD20241002203,2023-03-22 12:46:51
RFD20241002094,2023-03-22 13:52:49
RFD20241016234,2023-03-22 14:44:48
RFD20241002053,2023-03-22 17:02:59
RFD20241003157,2023-03-23 11:05:33
RFD20241003164,2023-03-23 16:46:25
RFD20241004123,2023-03-24 08:10:19
RFD20241101042,2023-03-24 12:02:35
RFD20241004044,2023-03-24 13:42:30
RFD20200104444,2023-03-25 10:06:58
RFD20241005012,2023-03-25 14:01:02
RFD20241012047,2023-03-25 14:28:30
RFD20241008231,2023-03-25 15:21:42
RFD20241005144,2023-03-25 15:44:25
RFD20241006147,2023-03-26 07:18:43
RFD20241006168,2023-03-26 08:17:10
RFD20241006180,2023-03-26 09:22:28
RFD20241020036,2023-03-26 09:29:34
RFD20241006095,2023-03-26 11:20:36
RFD20200120445,2023-03-27 07:20:46
RFD20241007090,2023-03-27 11:39:58
RFD20200217438,2023-03-27 14:46:14
RFD20241007076,2023-03-27 14:57:32
RFD20241007054,2023-03-27 15:08:05
RFD20241007081,2023-03-27 15:29:09
RFD20241001103,2023-03-28 08:02:42
RFD20230131443,2023-03-28 11:53:48
RFD20241001158,2023-03-28 14:15:38
RFD20241015048,2023-03-28 15:31:00
RFD20241009189,2023-03-29 09:04:37
RFD20241009093,2023-03-29 09:44:36
RFD20241009107,2023-03-29 13:32:26
RFD20241009205,2023-03-29 14:50:35
RFD20241017188,2023-03-30 07:14:57
RFD20241010022,2023-03-30 14:09:27
RFD20221110406,2023-03-30 14:50:14
RFD20241010069,2023-03-30 17:16:08
RFD20241011132,2023-03-31 06:45:25
RFD20241025029,2023-03-31 07:54:47
RFD20241011124,2023-03-31 15:08:22
RFD20241011125,2023-03-31 15:50:38
RFD20241011004,2023-03-31 17:53:28
RFD20241012116,2023-04-01 08:42:20
RFD20210123432,2023-04-01 11:31:01
RFD20200111433,2023-04-01 14:27:13
RFD20241013129,2023-04-02 08:06:58
RFD20241013172,2023-04-02 09:20:14
RFD20241014011,2023-04-03 08:51:16
RFD20241028173,2023-04-03 14:43:23
RFD20241022136,2023-04-04 09:10:53
RFD20241008026,2023-04-04 09:17:59
RFD20241008102,2023-04-04 13:51:32
RFD20241001181,2023-04-04 14:40:14
RFD20241009041,2023-04-05 06:54:29
RFD20241009151,2023-04-05 07:36:27
RFD20241002105,2023-04-05 09:23:48
RFD20241002183,2023-04-05 10:04:17
RFD20241002078,2023-04-05 13:29:14
RFD20241002184,2023-04-05 13:39:54
RFD20241002094,2023-04-05 14:12:10
RFD20241030037,2023-04-05 15:22:49
RFD20241031097,2023-04-06 08:31:16
RFD20241003157,2023-04-06 10:12:53
RFD20200507431,2023-04-06 14:16:33
RFD20241003061,2023-04-06 14:22:47
RFD20241003164,2023-04-06 15:59:06
RFD20241018161,2023-04-07 08:46:14
RFD20241004137,2023-04-07 10:18:53
RFD20241004159,2023-04-07 10:51:12
RFD20241011025,2023-04-07 13:37:01
RFD20241004177,2023-04-07 14:40:31
RFD20241012118,2023-04-08 06:47:41
RFD20200104444,2023-04-08 09:42:31
RFD20241005012,2023-04-08 13:08:10
RFD20241012047,2023-04-08 13:57:37
RFD20241006147,2023-04-09 07:58:26
RFD20241006134,2023-04-09 10:26:39
RFD20241006095,2023-04-09 10:50:28
RFD20241014191,2023-04-10 09:14:54
RFD20241007081,2023-04-10 15:42:46
RFD20241001122,2023-04-11 12:57:39
RFD20241009093,2023-04-12 09:30:39
RFD20241009218,2023-04-12 10:33:35
RFD20241011132,2023-04-14 06:55:33
RFD20241025029,2023-04-14 08:56:56
RFD20241011124,2023-04-14 14:41:35
RFD20241004185,2023-04-14 16:23:38
RFD20241011019,2023-04-14 16:33:46
RFD20241025075,2023-04-14 17:29:49
RFD20241012116,2023-04-15 09:40:11
RFD20210123432,2023-04-15 11:20:45
RFD20200125435,2023-04-15 13:52:53
RFD20241013046,2023-04-16 06:27:15
RFD20241013030,2023-04-16 07:21:48
RFD20241014011,2023-04-17 08:56:48
RFD20241014117,2023-04-17 09:01:39
RFD20241028173,2023-04-17 14:45:21
RFD20241028163,2023-04-17 16:31:39
RFD20241008026,2023-04-18 09:28:45
RFD20241210020,2023-04-18 10:18:34
RFD20241008102,2023-04-18 14:30:38
RFD20241001181,2023-04-18 14:39:51
RFD20241008099,2023-04-18 16:45:07
RFD20241009151,2023-04-19 06:39:21
RFD20241009041,2023-04-19 07:11:09
RFD20241002078,2023-04-19 13:22:26
RFD20241002053,2023-04-19 16:35:03
RFD20241002198,2023-04-19 16:57:53
RFD20241003061,2023-04-20 13:23:39
RFD20241003127,2023-04-20 13:41:55
RFD20241003164,2023-04-20 16:44:22
RFD20241004123,2023-04-21 08:19:48
RFD20241004137,2023-04-21 10:47:21
RFD20241012118,2023-04-22 07:27:24
RFD20200104444,2023-04-22 10:10:36
RFD20241005144,2023-04-22 15:51:23
RFD20241006168,2023-04-23 08:29:04
RFD20241006007,2023-04-23 08:50:34
RFD20241006180,2023-04-23 08:58:52
RFD20241006095,2023-04-23 10:22:23
RFD20200120445,2023-04-24 06:00:00
RFD20241007043,2023-04-24 06:10:42
RFD20241007113,2023-04-24 08:06:15
RFD20220411413,2023-04-24 08:14:46
RFD20200217438,2023-04-24 14:26:07
RFD20241001103,2023-04-25 07:52:13
RFD20241001072,2023-04-25 09:55:15
RFD20241001058,2023-04-25 16:16:56
RFD20241009093,2023-04-26 09:26:56
RFD20241009106,2023-04-26 09:33:20
RFD20241009111,2023-04-26 10:09:59
RFD20241009227,2023-04-26 10:55:09
RFD20241009108,2023-04-26 11:02:39
RFD20241010178,2023-04-27 14:07:20
RFD20241010154,2023-04-27 14:42:58
RFD20241010069,2023-04-27 16:12:39
RFD20241011132,2023-04-28 07:32:45
RFD20241025029,2023-04-28 08:21:04
RFD20241025075,2023-04-28 16:57:25
RFD20200111433,2023-04-29 13:39:18
RFD20241013046,2023-04-30 07:10:26
RFD20241013030,2023-04-30 07:45:06
RFD20241013129,2023-04-30 08:18:55
RFD20241013172,2023-04-30 08:53:29
RFD20241006066,2023-04-30 10:10:09
RFD20241014011,2023-05-01 08:47:14
RFD20241028173,2023-05-01 14:42:50
RFD20241008099,2023-05-02 16:15:44
RFD20200101436,2023-05-03 08:41:00
RFD20241002203,2023-05-03 13:26:44
RFD20241002184,2023-05-03 14:37:56
RFD20241002229,2023-05-03 14:45:53
RFD20241003127,2023-05-04 14:09:45
RFD20200507431,2023-05-04 14:34:21
RFD20200409441,2023-05-04 16:08:16
RFD20241018161,2023-05-05 08:58:50
RFD20241004028,2023-05-05 11:02:54
RFD20241004197,2023-05-05 11:13:19
RFD20241004044,2023-05-05 14:08:34
RFD20241004177,2023-05-05 15:01:30
RFD20241005012,2023-05-06 13:53:38
RFD20241012047,2023-05-06 14:01:29
RFD20241020036,2023-05-07 09:21:55
RFD20241006180,2023-05-07 09:22:38
RFD20241006134,2023-05-07 10:53:20
RFD20241007043,2023-05-08 06:00:00
RFD20241014191,2023-05-08 09:50:03
RFD20241007081,2023-05-08 15:51:22
RFD20241001103,2023-05-09 07:49:15
RFD20210119404,2023-05-09 11:11:28
RFD20241001122,2023-05-09 13:04:29
RFD20241001058,2023-05-09 15:37:21
RFD20241009093,2023-05-10 09:47:54
RFD20241009106,2023-05-10 10:47:13
RFD20241009107,2023-05-10 13:50:52
RFD20241010022,2023-05-11 13:54:35
RFD20241010178,2023-05-11 13:59:20
RFD20241010109,2023-05-11 14:41:00
RFD20241010079,2023-05-11 14:59:57
RFD20241010154,2023-05-11 15:36:10
RFD20241010074,2023-05-11 16:02:35
RFD20241010069,2023-05-11 16:35:07
RFD20241011132,2023-05-12 07:27:57
RFD20241025029,2023-05-12 08:12:18
RFD20241025031,2023-05-12 14:39:07
RFD20241011019,2023-05-12 16:39:01
RFD20241004185,2023-05-12 16:44:43
RFD20241011004,2023-05-12 17:30:14
RFD20200125435,2023-05-13 13:54:45
RFD20241013046,2023-05-14 06:57:26
RFD20241013030,2023-05-14 08:16:55
RFD20241014117,2023-05-15 09:29:31
RFD20241028163,2023-05-15 16:26:54
RFD20241008171,2023-05-16 06:19:56
RFD20241022136,2023-05-16 09:57:52
RFD20241008077,2023-05-16 12:40:37
RFD20241008155,2023-05-16 12:59:16
RFD20241001181,2023-05-16 14:36:35
RFD20241008099,2023-05-16 16:56:56
RFD20241002088,2023-05-17 11:22:46
RFD20241002203,2023-05-17 12:50:54
RFD20241002078,2023-05-17 13:26:57
RFD20241002229,2023-05-17 14:13:06
RFD20241002184,2023-05-17 14:58:42
RFD20241002053,2023-05-17 16:56:35
RFD20241003035,2023-05-18 09:37:03
RFD20241003157,2023-05-18 10:41:31
RFD20241003127,2023-05-18 13:11:05
RFD20241003061,2023-05-18 14:13:14
RFD20200507431,2023-05-18 14:48:59
RFD20241018161,2023-05-19 09:25:02
RFD20241004197,2023-05-19 10:32:54
RFD20241004159,2023-05-19 11:13:06
RFD20241004044,2023-05-19 13:42:54
RFD20241012118,2023-05-20 07:58:31
RFD20241012047,2023-05-20 14:08:11
RFD20200120445,2023-05-22 07:18:26
RFD20241007090,2023-05-22 12:01:39
RFD20241007081,2023-05-22 15:09:38
RFD20241001103,2023-05-23 07:56:37
RFD20241001122,2023-05-23 12:48:32
RFD20241001158,2023-05-23 13:49:52
RFD20241015048,2023-05-23 14:44:39
RFD20241009093,2023-05-24 09:21:04
RFD20241009111,2023-05-24 10:24:02
RFD20241009106,2023-05-24 10:28:09
RFD20241009108,2023-05-24 11:01:46
RFD20241009218,2023-05-24 11:48:08
RFD20241010178,2023-05-25 13:23:03
RFD20241010022,2023-05-25 14:09:08
RFD20241010109,2023-05-25 14:51:30
RFD20241010074,2023-05-25 17:19:51
RFD20241010069,2023-05-25 17:23:07
RFD20241011132,2023-05-26 07:11:41
RFD20241011124,2023-05-26 15:06:37
RFD20241004185,2023-05-26 16:54:24
RFD20241011004,2023-05-26 18:14:56
RFD20241007126,2023-05-29 07:14:46
RFD20250512016,2023-05-29 08:37:36
RFD20241014024,2023-05-29 13:27:19
RFD20241008171,2023-05-30 06:41:16
RFD20241008026,2023-05-30 08:49:06
RFD20241022136,2023-05-30 09:01:40
RFD20241001181,2023-05-30 14:27:28
RFD20241008099,2023-05-30 17:04:14
RFD20241002049,2023-05-31 06:02:21
RFD20241002088,2023-05-31 11:24:50
RFD20241002203,2023-05-31 12:59:13
RFD20241002094,2023-05-31 14:17:08
RFD20241002184,2023-05-31 14:36:28
RFD20241002053,2023-05-31 17:16:14
RFD20241017034,2023-06-01 08:29:22
RFD20241003157,2023-06-01 10:33:58
RFD20241003127,2023-06-01 13:30:37
RFD20241003138,2023-06-01 13:53:33
RFD20241003164,2023-06-01 15:36:34
RFD20200409441,2023-06-01 16:59:11
RFD20241004123,2023-06-02 09:19:47
RFD20241101042,2023-06-02 12:03:11
RFD20241004044,2023-06-02 14:08:40
RFD20241012118,2023-06-03 07:44:52
RFD20200104444,2023-06-03 09:41:49
RFD20241005169,2023-06-03 14:48:36
RFD20241019135,2023-06-03 15:34:49
RFD20241005144,2023-06-03 15:40:13
RFD20241008231,2023-06-03 15:42:16
RFD20241006147,2023-06-04 06:56:43
RFD20241020036,2023-06-04 09:29:03
RFD20241007113,2023-06-05 07:54:54
RFD20241014191,2023-06-05 10:04:15
RFD20200217438,2023-06-05 14:18:02
RFD20241007076,2023-06-05 15:19:51
RFD20241007081,2023-06-05 15:47:40
RFD20241007120,2023-06-05 16:47:19
RFD20241001122,2023-06-06 13:09:02
RFD20241001158,2023-06-06 13:56:55
RFD20241009106,2023-06-07 09:46:35
RFD20241009108,2023-06-07 10:16:54
RFD20241009227,2023-06-07 10:45:12
RFD20241010022,2023-06-08 14:03:29
RFD20241010109,2023-06-08 14:12:20
RFD20241010074,2023-06-08 16:23:10
RFD20241011132,2023-06-09 06:51:26
RFD20241025196,2023-06-09 12:05:24
RFD20241025175,2023-06-09 13:52:45
RFD20241011125,2023-06-09 14:53:33
RFD20241025031,2023-06-09 15:30:15
RFD20210123432,2023-06-10 11:11:21
RFD20200125435,2023-06-10 13:54:20
RFD20241013046,2023-06-11 07:02:18
RFD20241013129,2023-06-11 08:06:41
RFD20241013030,2023-06-11 08:22:58
RFD20241013172,2023-06-11 09:43:04
RFD20241006066,2023-06-11 09:48:55
RFD20241008208,2023-06-12 07:01:55
RFD20241014011,2023-06-12 09:26:34
RFD20241028145,2023-06-12 14:06:16
RFD20241008171,2023-06-13 06:18:53
RFD20241008026,2023-06-13 08:16:46
RFD20241022136,2023-06-13 08:45:34
RFD20241008155,2023-06-13 12:58:11
RFD20241008102,2023-06-13 13:58:10
RFD20241002049,2023-06-14 06:12:25
RFD20241009151,2023-06-14 06:31:52
RFD20241002105,2023-06-14 08:59:33
RFD20200101436,2023-06-14 09:22:21
RFD20241002183,2023-06-14 09:44:11
RFD20241002203,2023-06-14 13:27:12
RFD20241009085,2023-06-14 15:58:12
RFD20241002053,2023-06-14 16:11:14
RFD20241002198,2023-06-14 16:50:52
RFD20241031097,2023-06-15 08:38:20
RFD20241003035,2023-06-15 09:18:07
RFD20241003157,2023-06-15 10:49:12
RFD20241003127,2023-06-15 13:37:53
RFD20241003061,2023-06-15 13:40:24
RFD20200507431,2023-06-15 14:29:48
RFD20241003164,2023-06-15 16:14:52
RFD20241004137,2023-06-16 10:45:18
RFD20241101042,2023-06-16 12:25:42
RFD20241004177,2023-06-16 14:09:56
RFD20200104444,2023-06-17 10:32:44
RFD20241005012,2023-06-17 13:53:48
RFD20241012047,2023-06-17 14:01:01
RFD20241005169,2023-06-17 15:05:45
RFD20241008231,2023-06-17 15:16:03
RFD20241019135,2023-06-17 15:48:10
RFD20241013167,2023-06-18 07:08:45
RFD20241020036,2023-06-18 09:00:14
RFD20241006180,2023-06-18 09:24:43
RFD20241006095,2023-06-18 10:16:03
RFD20241006134,2023-06-18 10:20:29
RFD20200120445,2023-06-19 06:39:54
RFD20241007043,2023-06-19 07:00:01
RFD20241007113,2023-06-19 08:23:09
RFD20220411413,2023-06-19 08:36:24
RFD20241014191,2023-06-19 10:02:08
RFD20200217438,2023-06-19 14:45:15
RFD20241007081,2023-06-19 15:59:38
RFD20241001040,2023-06-20 08:09:00
RFD20241001103,2023-06-20 08:13:00
RFD20230131443,2023-06-20 11:21:58
RFD20241001158,2023-06-20 14:13:14
RFD20241009189,2023-06-21 08:15:37
RFD20241009106,2023-06-21 10:31:24
RFD20241009108,2023-06-21 11:03:17
RFD20241010178,2023-06-22 13:21:01
RFD20241010109,2023-06-22 15:16:05
RFD20241010069,2023-06-22 16:21:24
RFD20241011176,2023-06-23 09:08:20
RFD20241011182,2023-06-23 14:29:12
RFD20241011125,2023-06-23 15:47:31
RFD20241011019,2023-06-23 16:23:48
RFD20241011004,2023-06-23 17:49:01
RFD20200111433,2023-06-24 14:31:56
RFD20241013030,2023-06-25 07:57:11
RFD20241006066,2023-06-25 10:01:49
RFD20241007126,2023-06-26 07:22:55
RFD20241008208,2023-06-26 07:22:55
RFD20241028173,2023-06-26 14:16:26
RFD20241007148,2023-06-26 15:13:40
RFD20241028163,2023-06-26 16:21:40
RFD20241008171,2023-06-27 06:00:00
RFD20241001181,2023-06-27 14:49:56
RFD20241008099,2023-06-27 17:09:37
RFD20241002105,2023-06-28 10:00:17
RFD20241002183,2023-06-28 10:01:12
RFD20241002088,2023-06-28 12:08:53
RFD20241002078,2023-06-28 13:56:21
RFD20241002229,2023-06-28 14:33:39
RFD20241030037,2023-06-28 14:40:51
RFD20241002053,2023-06-28 16:07:27
RFD20241017034,2023-06-29 08:47:21
RFD20241003157,2023-06-29 10:44:53
RFD20200507431,2023-06-29 13:38:15
RFD20241003061,2023-06-29 14:59:02
RFD20241004159,2023-06-30 10:54:32
RFD20241004044,2023-06-30 14:08:02
RFD20241012118,2023-07-01 07:47:06
RFD20250208143,2023-07-01 08:52:01
RFD20241005169,2023-07-01 14:20:58
RFD20241008231,2023-07-01 14:39:01
RFD20241006147,2023-07-02 07:19:07
RFD20241020036,2023-07-02 08:33:57
RFD20241006095,2023-07-02 10:18:33
RFD20241007113,2023-07-03 07:05:46
RFD20241007054,2023-07-03 14:49:31
RFD20241007120,2023-07-03 17:54:25
RFD20241001072,2023-07-04 08:40:27
RFD20241001040,2023-07-04 08:45:06
RFD20210119404,2023-07-04 11:32:46
RFD20230131443,2023-07-04 11:40:16
RFD20241015048,2023-07-04 15:42:28
RFD20241009106,2023-07-05 09:48:40
RFD20241009227,2023-07-05 11:11:55
RFD20241009107,2023-07-05 13:46:22
RFD20241009205,2023-07-05 14:19:43
RFD20241010178,2023-07-06 12:40:08
RFD20241010109,2023-07-06 15:26:12
RFD20241011132,2023-07-07 07:06:41
RFD20241011176,2023-07-07 10:31:17
RFD20241025196,2023-07-07 11:53:20
RFD20241025175,2023-07-07 14:02:15
RFD20241011124,2023-07-07 15:03:55
RFD20241025031,2023-07-07 15:12:38
RFD20241025060,2023-07-07 15:14:21
RFD20241011182,2023-07-07 15:20:48
RFD20241012116,2023-07-08 08:35:42
RFD20241013129,2023-07-09 07:10:33
RFD20241013130,2023-07-09 08:11:01
RFD20241006066,2023-07-09 10:22:23
RFD20241008208,2023-07-10 06:46:28
RFD20241007126,2023-07-10 07:13:08
RFD20210628440,2023-07-10 08:25:42
RFD20241007148,2023-07-10 15:23:55
RFD20241028163,2023-07-10 16:37:19
RFD20241008171,2023-07-11 06:44:30
RFD20241022136,2023-07-11 09:19:08
RFD20241008102,2023-07-11 13:47:02
RFD20241001181,2023-07-11 14:54:59
RFD20241002049,2023-07-12 06:29:51
RFD20241009151,2023-07-12 07:51:36
RFD20241002105,2023-07-12 09:02:57
RFD20241002183,2023-07-12 10:08:43
RFD20241002094,2023-07-12 13:23:09
RFD20241002078,2023-07-12 13:46:06
RFD20241030037,2023-07-12 14:49:37
RFD20241003127,2023-07-13 13:09:55
RFD20241003164,2023-07-13 15:58:10
RFD20200409441,2023-07-13 16:50:09
RFD20241018161,2023-07-14 09:24:31
RFD20241004028,2023-07-14 10:37:27
RFD20241004137,2023-07-14 10:42:55
RFD20241004159,2023-07-14 10:45:41
RFD20241101042,2023-07-14 12:07:59
RFD20241004044,2023-07-14 14:05:12
RFD20241004177,2023-07-14 14:49:37
RFD20241012118,2023-07-15 07:20:13
RFD20241012047,2023-07-15 13:53:08
RFD20241005144,2023-07-15 15:33:32
RFD20241008231,2023-07-15 15:35:02
RFD20241006168,2023-07-16 08:22:43
RFD20241006134,2023-07-16 10:40:12
RFD20241006095,2023-07-16 11:22:33
RFD20200120445,2023-07-17 06:38:27
RFD20241007113,2023-07-17 08:45:54
RFD20220411413,2023-07-17 09:06:45
RFD20241007076,2023-07-17 15:19:24
RFD20241007081,2023-07-17 15:23:08
RFD20241001103,2023-07-18 07:45:26
RFD20241001158,2023-07-18 14:41:54
RFD20241015048,2023-07-18 15:19:45
RFD20241001058,2023-07-18 15:49:52
RFD20250129179,2023-07-19 09:49:31
RFD20241009108,2023-07-19 10:43:56
RFD20241009107,2023-07-19 14:09:13
RFD20241002015,2023-07-19 15:51:24
RFD20241017188,2023-07-20 07:01:37
RFD20241010022,2023-07-20 14:12:00
RFD20241010109,2023-07-20 14:31:08
RFD20241010069,2023-07-20 16:53:53
RFD20241010074,2023-07-20 17:31:33
RFD20241025029,2023-07-21 08:30:40
RFD20241025075,2023-07-21 17:13:06
RFD20210123432,2023-07-22 11:47:21
RFD20241013172,2023-07-23 09:01:57
RFD20241006192,2023-07-23 09:15:41
RFD20241006066,2023-07-23 09:45:30
RFD20241008208,2023-07-24 06:11:50
RFD20241007126,2023-07-24 06:52:05
RFD20241014011,2023-07-24 09:08:39
RFD20241028173,2023-07-24 15:04:56
RFD20241008026,2023-07-25 08:56:30
RFD20241022136,2023-07-25 09:11:26
RFD20241001181,2023-07-25 14:50:46
RFD20241008099,2023-07-25 16:29:58
RFD20241009041,2023-07-26 07:11:03
RFD20200101436,2023-07-26 09:04:27
RFD20241002183,2023-07-26 10:25:37
RFD20241002203,2023-07-26 13:26:26
RFD20241002229,2023-07-26 14:21:45
RFD20241002078,2023-07-26 14:24:27
RFD20241002094,2023-07-26 14:31:38
RFD20241002184,2023-07-26 15:15:04
RFD20241030037,2023-07-26 15:40:28
RFD20241002053,2023-07-26 16:04:40
RFD20241031097,2023-07-27 08:34:32
RFD20241017034,2023-07-27 08:41:34
RFD20241003138,2023-07-27 14:10:38
RFD20200409441,2023-07-27 16:54:04
RFD20241004028,2023-07-28 11:16:40
RFD20241011025,2023-07-28 12:52:11
RFD20241004044,2023-07-28 14:19:14
RFD20241004177,2023-07-28 15:41:02
RFD20241012118,2023-07-29 07:39:52
RFD20241012047,2023-07-29 13:48:30
RFD20241005012,2023-07-29 14:23:09
RFD20241008231,2023-07-29 15:28:29
RFD20241005064,2023-07-29 16:51:01
RFD20241020036,2023-07-30 09:18:07
RFD20220411413,2023-07-31 08:57:58
RFD20200217438,2023-07-31 14:19:30
RFD20241007054,2023-07-31 14:21:26
RFD20241007081,2023-07-31 15:31:57
RFD20241001040,2023-08-01 08:30:55
RFD20241001122,2023-08-01 13:11:37
RFD20241015048,2023-08-01 14:55:51
RFD20241009108,2023-08-02 11:19:26
RFD20241009107,2023-08-02 13:36:23
RFD20241002015,2023-08-02 16:27:27
RFD20241017188,2023-08-03 07:29:22
RFD20241010178,2023-08-03 13:40:19
RFD20241010069,2023-08-03 16:11:55
RFD20241011176,2023-08-04 09:42:30
RFD20241011125,2023-08-04 16:28:36
RFD20241004185,2023-08-04 17:39:41
RFD20241012116,2023-08-05 09:24:25
RFD20200111433,2023-08-05 13:23:41
RFD20241013046,2023-08-06 07:26:12
RFD20241013030,2023-08-06 08:23:14
RFD20241007126,2023-08-07 07:20:04
RFD20241028173,2023-08-07 14:44:52
RFD20241007148,2023-08-07 16:06:49
RFD20241028163,2023-08-07 16:08:46
RFD20241008026,2023-08-08 08:45:30
RFD20241210020,2023-08-08 09:10:58
RFD20241008102,2023-08-08 13:28:39
RFD20241001181,2023-08-08 15:10:31
RFD20241008099,2023-08-08 15:56:10
RFD20241002105,2023-08-09 08:58:51
RFD20241002088,2023-08-09 11:44:24
RFD20241016234,2023-08-09 14:10:14
RFD20241002229,2023-08-09 14:14:06
RFD20241002053,2023-08-09 16:08:51
RFD20241031097,2023-08-10 08:04:13
RFD20241003035,2023-08-10 09:38:47
RFD20241003127,2023-08-10 14:12:05
RFD20241003061,2023-08-10 14:26:14
RFD20200507431,2023-08-10 14:35:05
RFD20241003164,2023-08-10 17:16:57
RFD20241004028,2023-08-11 11:08:01
RFD20241004044,2023-08-11 13:55:14
RFD20241004177,2023-08-11 14:42:37
RFD20241005012,2023-08-12 14:14:49
RFD20241013167,2023-08-13 06:55:18
RFD20241020036,2023-08-13 09:07:15
RFD20241006134,2023-08-13 10:29:21
RFD20241007043,2023-08-14 06:59:51
RFD20241007090,2023-08-14 12:32:10
RFD20241007076,2023-08-14 14:54:50
RFD20241007054,2023-08-14 15:18:28
RFD20241007081,2023-08-14 16:06:27
RFD20241001040,2023-08-15 08:23:53
RFD20241001152,2023-08-15 10:27:12
RFD20210119404,2023-08-15 10:28:08
RFD20241001122,2023-08-15 13:40:51
RFD20241001158,2023-08-15 14:19:37
RFD20241009189,2023-08-16 08:47:48
RFD20241009111,2023-08-16 09:11:10
RFD20241009108,2023-08-16 10:27:56
RFD20241009106,2023-08-16 10:37:19
RFD20241009227,2023-08-16 10:58:58
RFD20241009107,2023-08-16 13:55:59
RFD20241002015,2023-08-16 16:51:35
RFD20241017188,2023-08-17 06:37:58
RFD20241010178,2023-08-17 13:30:05
RFD20241010069,2023-08-17 16:04:15
RFD20241010074,2023-08-17 16:36:37
RFD20241011223,2023-08-18 08:36:06
RFD20241011125,2023-08-18 14:59:56
RFD20241011182,2023-08-18 15:32:31
RFD20241011019,2023-08-18 16:03:37
RFD20241025075,2023-08-18 17:07:33
RFD20241011004,2023-08-18 17:47:28
RFD20241012116,2023-08-19 07:52:31
RFD20200111433,2023-08-19 14:48:48
RFD20241013130,2023-08-20 08:23:34
RFD20241006192,2023-08-20 09:14:04
RFD20241006066,2023-08-20 10:07:47
RFD20241008208,2023-08-21 06:48:27
RFD20210628440,2023-08-21 08:01:04
RFD20241014011,2023-08-21 09:16:07
RFD20241014117,2023-08-21 09:57:06
RFD20241028173,2023-08-21 14:55:30
RFD20241028163,2023-08-21 16:18:25
RFD20241008171,2023-08-22 06:25:36
RFD20241008026,2023-08-22 07:55:10
RFD20241008102,2023-08-22 13:46:26
RFD20241002049,2023-08-23 06:53:06
RFD20241002105,2023-08-23 08:58:31
RFD20241002183,2023-08-23 10:14:15
RFD20241002088,2023-08-23 11:48:07
RFD20241002078,2023-08-23 12:52:06
RFD20241002203,2023-08-23 13:35:31
RFD20241002094,2023-08-23 13:59:27
RFD20241030037,2023-08-23 14:26:22
RFD20241016234,2023-08-23 14:44:50
RFD20241002229,2023-08-23 14:47:55
RFD20241002184,2023-08-23 15:10:49
RFD20241002053,2023-08-23 15:49:34
RFD20241003061,2023-08-24 14:03:09
RFD20241003138,2023-08-24 14:14:48
RFD20200507431,2023-08-24 14:40:49
RFD20241003164,2023-08-24 15:57:08
RFD20241004159,2023-08-25 10:29:43
RFD20241004044,2023-08-25 13:43:26
RFD20241004177,2023-08-25 14:29:00
RFD20241012118,2023-08-26 06:58:45
RFD20241005012,2023-08-26 13:36:46
RFD20241005169,2023-08-26 14:50:22
RFD20241008231,2023-08-26 15:14:20
RFD20241005144,2023-08-26 15:21:53
RFD20241006180,2023-08-27 08:42:41
RFD20241020036,2023-08-27 08:52:41
RFD20220411413,2023-08-28 08:38:25
RFD20241014191,2023-08-28 09:55:45
RFD20241007090,2023-08-28 12:27:22
RFD20200217438,2023-08-28 14:47:36
RFD20241007081,2023-08-28 14:48:49
RFD20241007120,2023-08-28 17:12:01
RFD20241001072,2023-08-29 09:53:59
RFD20230131443,2023-08-29 11:42:45
RFD20241001122,2023-08-29 13:13:37
RFD20241015048,2023-08-29 14:30:42
RFD20241009107,2023-08-30 13:37:15
RFD20241002015,2023-08-30 16:27:14
RFD20241010178,2023-08-31 13:41:14
RFD20241010109,2023-08-31 14:23:17
RFD20241010074,2023-08-31 16:13:57
RFD20241025029,2023-09-01 07:45:39
RFD20241011223,2023-09-01 08:42:30
RFD20241025175,2023-09-01 13:38:05
RFD20241011124,2023-09-01 15:37:04
RFD20241025075,2023-09-01 17:39:36
RFD20241011004,2023-09-01 17:41:29
RFD20241004185,2023-09-01 17:57:01
RFD20241012089,2023-09-02 15:33:15
RFD20241013030,2023-09-03 08:08:57
RFD20241013130,2023-09-03 08:10:51
RFD20241006192,2023-09-03 09:20:29
RFD20241008208,2023-09-04 06:45:25
RFD20241028173,2023-09-04 15:34:48
RFD20241007148,2023-09-04 15:37:10
RFD20241022136,2023-09-05 08:38:05
RFD20241008077,2023-09-05 12:11:31
RFD20241001181,2023-09-05 14:21:36
RFD20241008099,2023-09-05 17:17:32
RFD20241002105,2023-09-06 09:11:24
RFD20241002183,2023-09-06 10:11:25
RFD20241002088,2023-09-06 11:37:25
RFD20241002203,2023-09-06 12:43:50
RFD20241002078,2023-09-06 12:54:30
RFD20241030037,2023-09-06 14:28:28
RFD20241002184,2023-09-06 14:43:21
RFD20241016234,2023-09-06 14:43:44
RFD20241003035,2023-09-07 09:01:34
RFD20241003138,2023-09-07 14:07:45
RFD20241003164,2023-09-07 16:08:14
RFD20241004123,2023-09-08 08:56:40
RFD20241004197,2023-09-08 09:23:34
RFD20241101042,2023-09-08 12:01:06
RFD20241004177,2023-09-08 13:47:09
RFD20241012118,2023-09-09 07:32:12
RFD20241005012,2023-09-09 14:11:34
RFD20241005169,2023-09-09 15:03:31
RFD20241013167,2023-09-10 08:11:46
RFD20241020036,2023-09-10 09:17:21
RFD20241007043,2023-09-11 06:22:45
RFD20241007113,2023-09-11 07:15:27
RFD20241007090,2023-09-11 13:15:54
RFD20241007076,2023-09-11 15:08:46
RFD20241007081,2023-09-11 15:56:59
RFD20241007120,2023-09-11 16:47:40
RFD20241001122,2023-09-12 13:00:07
RFD20241009189,2023-09-13 08:01:36
RFD20241009106,2023-09-13 09:58:52
RFD20241017188,2023-09-14 06:57:38
RFD20241010154,2023-09-14 15:43:33
RFD20241010074,2023-09-14 15:55:22
RFD20241010079,2023-09-14 16:04:14
RFD20241025029,2023-09-15 08:05:05
RFD20241011223,2023-09-15 09:01:44
RFD20241011125,2023-09-15 15:57:53
RFD20241011019,2023-09-15 16:01:19
RFD20241004185,2023-09-15 17:21:42
RFD20241012116,2023-09-16 08:46:18
RFD20210123432,2023-09-16 11:42:30
RFD20200111433,2023-09-16 14:28:28
RFD20241013046,2023-09-17 07:26:54
RFD20241006192,2023-09-17 09:20:07
RFD20241007126,2023-09-18 07:19:39
RFD20241007148,2023-09-18 14:41:48
RFD20241028145,2023-09-18 14:51:32
RFD20241028173,2023-09-18 14:57:45
RFD20241008171,2023-09-19 06:00:00
RFD20241008026,2023-09-19 08:54:52
RFD20241009151,2023-09-20 07:26:53
RFD20241002131,2023-09-20 09:38:34
RFD20241002078,2023-09-20 14:00:14
RFD20241016234,2023-09-20 14:22:11
RFD20241002229,2023-09-20 14:59:07
RFD20241002184,2023-09-20 15:15:28
RFD20241002198,2023-09-20 16:36:24
RFD20241017034,2023-09-21 08:14:46
RFD20241031097,2023-09-21 08:35:42
RFD20241003127,2023-09-21 13:01:41
RFD20241003164,2023-09-21 16:45:21
RFD20241004123,2023-09-22 08:28:13
RFD20241004197,2023-09-22 11:08:57
RFD20241101042,2023-09-22 11:55:19
RFD20241004028,2023-09-22 12:00:04
RFD20241004044,2023-09-22 13:41:10
RFD20241004177,2023-09-22 14:34:10
RFD20241012118,2023-09-23 07:24:34
RFD20241012047,2023-09-23 14:22:10
RFD20241005169,2023-09-23 14:31:55
RFD20241008231,2023-09-23 15:33:59
RFD20241006147,2023-09-24 06:52:27
RFD20241006134,2023-09-24 10:27:48
RFD20241014191,2023-09-25 09:53:05
RFD20241007081,2023-09-25 15:12:16
RFD20241007076,2023-09-25 15:25:27
RFD20241001103,2023-09-26 07:40:11
RFD20241001040,2023-09-26 08:14:25
RFD20241001072,2023-09-26 09:39:22
RFD20241001122,2023-09-26 13:33:56
RFD20241001158,2023-09-26 14:35:46
RFD20241001058,2023-09-26 15:24:03
RFD20241009106,2023-09-27 10:09:07
RFD20241009108,2023-09-27 10:23:27
RFD20241002015,2023-09-27 16:04:25
RFD20241010109,2023-09-28 14:51:00
RFD20241010154,2023-09-28 15:24:59
RFD20241010069,2023-09-28 17:22:12
RFD20241025196,2023-09-29 11:37:49
RFD20241011124,2023-09-29 15:43:39
RFD20241011019,2023-09-29 15:50:57
RFD20241025075,2023-09-29 17:37:57
RFD20210123432,2023-09-30 11:22:08
RFD20200111433,2023-09-30 15:00:29
RFD20241013030,2023-10-01 08:00:22
RFD20241006192,2023-10-01 08:47:21
RFD20241006066,2023-10-01 10:25:03
RFD20241014117,2023-10-02 09:20:26
RFD20241014024,2023-10-02 13:52:24
RFD20241028173,2023-10-02 14:48:31
RFD20241007148,2023-10-02 15:46:57
RFD20241008171,2023-10-03 06:36:13
RFD20241008077,2023-10-03 13:06:33
RFD20241008102,2023-10-03 14:06:50
RFD20241001181,2023-10-03 14:47:17
RFD20241008099,2023-10-03 16:36:40
RFD20241009151,2023-10-04 07:05:36
RFD20241002078,2023-10-04 13:50:41
RFD20241002094,2023-10-04 14:12:46
RFD20241030037,2023-10-04 14:50:44
RFD20241002184,2023-10-04 15:34:31
RFD20241002053,2023-10-04 15:46:43
RFD20241003035,2023-10-05 09:05:05
RFD20241003157,2023-10-05 10:33:52
RFD20241003127,2023-10-05 14:07:41
RFD20241003164,2023-10-05 16:06:33
RFD20200409441,2023-10-05 17:36:29
RFD20241018161,2023-10-06 09:21:09
RFD20241004028,2023-10-06 11:17:14
RFD20241004177,2023-10-06 14:43:23
RFD20241012118,2023-10-07 07:22:30
RFD20241005012,2023-10-07 13:33:55
RFD20241012047,2023-10-07 13:41:14
RFD20241008231,2023-10-07 15:02:18
RFD20241006168,2023-10-08 08:51:46
RFD20200120445,2023-10-09 06:10:21
RFD20241007043,2023-10-09 06:49:48
RFD20220411413,2023-10-09 08:35:54
RFD20241007090,2023-10-09 11:54:16
RFD20241007081,2023-10-09 15:41:38
RFD20241001072,2023-10-10 09:46:07
RFD20241009093,2023-10-11 09:48:01
RFD20241009108,2023-10-11 10:28:12
RFD20241009227,2023-10-11 11:01:35
RFD20241009218,2023-10-11 12:25:54
RFD20241009205,2023-10-11 13:48:37
RFD20241009107,2023-10-11 14:12:03
RFD20241002015,2023-10-11 17:01:45
RFD20241010022,2023-10-12 14:18:04
RFD20241011132,2023-10-13 06:30:54
RFD20241011125,2023-10-13 17:11:29
RFD20241011004,2023-10-13 18:31:25
RFD20241013030,2023-10-15 08:45:43
RFD20241006066,2023-10-15 09:05:13
RFD20241007126,2023-10-16 07:26:32
RFD20241014011,2023-10-16 09:02:45
RFD20241014024,2023-10-16 13:14:02
RFD20241007148,2023-10-16 15:09:39
RFD20241008026,2023-10-17 08:20:08
RFD20241001181,2023-10-17 14:19:21
RFD20241002105,2023-10-18 09:05:52
RFD20241002131,2023-10-18 09:24:17
RFD20241002183,2023-10-18 10:13:10
RFD20241002094,2023-10-18 13:44:15
RFD20241002184,2023-10-18 13:56:49
RFD20241031097,2023-10-19 08:46:23
RFD20241003157,2023-10-19 09:52:50
RFD20241003138,2023-10-19 13:52:53
RFD20200507431,2023-10-19 14:09:44
RFD20241003061,2023-10-19 14:38:06
RFD20241003164,2023-10-19 15:57:36
RFD20241004123,2023-10-20 08:43:37
RFD20241004137,2023-10-20 10:37:51
RFD20241004028,2023-10-20 10:42:11
RFD20241004197,2023-10-20 10:52:05
RFD20241004044,2023-10-20 13:14:58
RFD20241012118,2023-10-21 07:07:47
RFD20200104444,2023-10-21 10:09:19
RFD20241005012,2023-10-21 13:33:44
RFD20241012047,2023-10-21 14:35:04
RFD20241005169,2023-10-21 14:56:40
RFD20241005144,2023-10-21 15:41:45
RFD20241005064,2023-10-21 17:58:28
RFD20241020036,2023-10-22 08:57:14
RFD20200120445,2023-10-23 06:15:34
RFD20241007043,2023-10-23 06:40:40
RFD20220411413,2023-10-23 09:16:44
RFD20241007090,2023-10-23 12:49:35
RFD20241007054,2023-10-23 14:31:32
RFD20241001103,2023-10-24 07:23:02
RFD20241001072,2023-10-24 09:45:40
RFD20241001158,2023-10-24 14:22:10
RFD20241008187,2023-10-24 16:11:32
RFD20241009189,2023-10-25 08:49:18
RFD20241009093,2023-10-25 09:31:02
RFD20241009106,2023-10-25 09:53:25
RFD20241009227,2023-10-25 11:20:32
RFD20241009218,2023-10-25 11:56:30
RFD20241009107,2023-10-25 14:16:52
RFD20241002015,2023-10-25 16:20:46
RFD20241010109,2023-10-26 14:46:24
RFD20241010074,2023-10-26 16:35:39
RFD20241010069,2023-10-26 17:20:33
RFD20241025029,2023-10-27 07:38:06
RFD20241011176,2023-10-27 09:32:40
RFD20241025175,2023-10-27 13:31:17
RFD20241011124,2023-10-27 15:05:00
RFD20241004185,2023-10-27 17:59:17
RFD20200111433,2023-10-28 14:16:14
RFD20241012089,2023-10-28 15:54:29
RFD20241013129,2023-10-29 08:08:36
RFD20241013030,2023-10-29 08:34:40
RFD20241006192,2023-10-29 09:01:08
RFD20241007126,2023-10-30 07:00:58
RFD20241014011,2023-10-30 09:22:53
RFD20241028145,2023-10-30 14:49:33
RFD20241022136,2023-10-31 08:49:41
RFD20241008102,2023-10-31 13:53:43
RFD20241008099,2023-10-31 17:06:45
RFD20241009151,2023-11-01 06:08:59
RFD20241002203,2023-11-01 12:32:24
RFD20241002078,2023-11-01 13:40:15
RFD20241002184,2023-11-01 14:46:34
RFD20241002229,2023-11-01 15:22:00
RFD20241002053,2023-11-01 16:00:34
RFD20241031097,2023-11-02 08:43:16
RFD20241003035,2023-11-02 08:57:00
RFD20241003138,2023-11-02 13:30:12
RFD20241003127,2023-11-02 13:32:01
RFD20241003164,2023-11-02 16:00:36
RFD20241004123,2023-11-03 08:26:48
RFD20241004197,2023-11-03 10:25:12
RFD20241004044,2023-11-03 14:13:44
RFD20241004177,2023-11-03 14:27:58
RFD20241012118,2023-11-04 07:15:55
RFD20200104444,2023-11-04 11:06:21
RFD20241012047,2023-11-04 14:38:27
RFD20241005169,2023-11-04 14:49:35
RFD20241008231,2023-11-04 15:26:31
RFD20241005144,2023-11-04 15:46:44
RFD20241013167,2023-11-05 07:43:12
RFD20241006168,2023-11-05 08:52:25
RFD20241006134,2023-11-05 11:15:15
RFD20200120445,2023-11-06 06:06:43
RFD20220411413,2023-11-06 08:23:48
RFD20241014191,2023-11-06 10:10:58
RFD20241007090,2023-11-06 12:37:22
RFD20200217438,2023-11-06 14:52:25
RFD20241007076,2023-11-06 14:54:00
RFD20241007054,2023-11-06 15:31:49
RFD20241007120,2023-11-06 16:30:50
RFD20241001103,2023-11-07 07:25:54
RFD20241001072,2023-11-07 09:29:39
RFD20241009189,2023-11-08 08:15:53
RFD20241009227,2023-11-08 10:38:46
RFD20241002015,2023-11-08 16:18:45
RFD20241017188,2023-11-09 06:57:35
RFD20241010022,2023-11-09 14:30:19
RFD20241010109,2023-11-09 14:30:43
RFD20241010154,2023-11-09 15:08:29
RFD20241010069,2023-11-09 16:38:19
RFD20241011132,2023-11-10 07:17:40
RFD20241011139,2023-11-10 09:53:15
RFD20241011182,2023-11-10 15:03:46
RFD20241011125,2023-11-10 16:02:21
RFD20241011019,2023-11-10 16:20:13
RFD20241011004,2023-11-10 17:50:37
RFD20241013130,2023-11-12 08:31:36
RFD20241007126,2023-11-13 07:31:24
RFD20241014011,2023-11-13 09:17:01
RFD20241014117,2023-11-13 09:21:08
RFD20241022136,2023-11-14 09:01:18
RFD20241008102,2023-11-14 13:35:33
RFD20241001181,2023-11-14 14:22:55
RFD20241008099,2023-11-14 16:49:26
RFD20241009151,2023-11-15 06:24:33
RFD20241002131,2023-11-15 08:48:19
RFD20241002105,2023-11-15 09:47:38
RFD20241016234,2023-11-15 14:21:48
RFD20241030037,2023-11-15 15:00:42
RFD20241003127,2023-11-16 13:27:56
RFD20200507431,2023-11-16 13:37:17
RFD20241003061,2023-11-16 14:24:13
RFD20241003164,2023-11-16 16:35:45
RFD20200409441,2023-11-16 17:25:57
RFD20241004123,2023-11-17 08:57:15
RFD20241018161,2023-11-17 09:16:51
RFD20241004137,2023-11-17 10:29:28
RFD20241004028,2023-11-17 11:12:36
RFD20241011025,2023-11-17 13:27:36
RFD20241004177,2023-11-17 15:03:04
RFD20241012047,2023-11-18 14:00:41
RFD20241005012,2023-11-18 14:24:43
RFD20241008231,2023-11-18 15:33:54
RFD20241013167,2023-11-19 07:26:10
RFD20241020036,2023-11-19 08:29:22
RFD20241006095,2023-11-19 10:36:24
RFD20241007113,2023-11-20 08:10:11
RFD20241007120,2023-11-20 18:03:37
RFD20241001103,2023-11-21 07:23:09
RFD20241008187,2023-11-21 16:43:47
RFD20241009093,2023-11-22 10:20:30
RFD20241009108,2023-11-22 10:27:45
RFD20241009106,2023-11-22 10:42:47
RFD20241009205,2023-11-22 15:15:03
RFD20241010154,2023-11-23 15:11:47
RFD20241010109,2023-11-23 15:23:30
RFD20241025175,2023-11-24 14:07:24
RFD20241011182,2023-11-24 14:20:13
RFD20241004185,2023-11-24 16:43:19
RFD20241025075,2023-11-24 16:46:14
RFD20241011019,2023-11-24 16:59:38
RFD20241012116,2023-11-25 08:51:33
RFD20241013030,2023-11-26 07:54:03
RFD20241013130,2023-11-26 08:16:46
RFD20241006192,2023-11-26 09:12:52
RFD20241006066,2023-11-26 09:48:05
RFD20241014117,2023-11-27 09:52:23
RFD20241028173,2023-11-27 15:05:38
RFD20241007148,2023-11-27 15:17:20
RFD20241022136,2023-11-28 08:30:05
RFD20241001181,2023-11-28 14:28:43
RFD20241008099,2023-11-28 16:17:44
RFD20241009151,2023-11-29 06:44:52
RFD20241002131,2023-11-29 09:40:46
RFD20241002105,2023-11-29 10:09:03
RFD20241002183,2023-11-29 10:22:23
RFD20241002094,2023-11-29 13:24:52
RFD20241009085,2023-11-29 15:50:42
RFD20241003035,2023-11-30 08:48:54
RFD20241031097,2023-11-30 08:56:50
RFD20241003138,2023-11-30 13:03:55
RFD20241004137,2023-12-01 10:19:44
RFD20241004159,2023-12-01 10:42:46
RFD20241004177,2023-12-01 14:26:03
RFD20241004115,2023-12-01 17:06:01
RFD20241005012,2023-12-02 13:35:10
RFD20241012047,2023-12-02 13:43:19
RFD20241008231,2023-12-02 15:28:49
RFD20241005144,2023-12-02 15:53:47
RFD20241006095,2023-12-03 10:27:47
RFD20241007043,2023-12-04 06:17:25
RFD20200120445,2023-12-04 06:39:37
RFD20200217438,2023-12-04 14:30:26
RFD20241007076,2023-12-04 14:34:43
RFD20241007081,2023-12-04 15:01:23
RFD20241007054,2023-12-04 15:51:55
RFD20241015048,2023-12-05 14:53:17
RFD20241009093,2023-12-06 09:42:50
RFD20241009106,2023-12-06 10:07:56
RFD20241009227,2023-12-06 11:52:29
RFD20241009107,2023-12-06 13:49:51
RFD20241002015,2023-12-06 16:15:00
RFD20241010178,2023-12-07 14:14:30
RFD20241010154,2023-12-07 15:37:01
RFD20241010074,2023-12-07 16:24:06
RFD20241010069,2023-12-07 17:15:54
RFD20241025029,2023-12-08 07:42:58
RFD20241011139,2023-12-08 09:34:04
RFD20241011176,2023-12-08 09:47:05
RFD20241011182,2023-12-08 14:53:19
RFD20241011125,2023-12-08 15:44:42
RFD20241011019,2023-12-08 16:36:51
RFD20241011004,2023-12-08 17:29:47
RFD20241012116,2023-12-09 08:36:07
RFD20241012089,2023-12-09 15:33:31
RFD20241007126,2023-12-11 07:06:29
RFD20210628440,2023-12-11 08:19:21
RFD20250512016,2023-12-11 08:40:30
RFD20241014117,2023-12-11 09:43:54
RFD20241014024,2023-12-11 13:04:27
RFD20241028173,2023-12-11 15:03:05
RFD20241028163,2023-12-11 16:57:59
RFD20241001181,2023-12-12 15:59:52
RFD20241008099,2023-12-12 16:50:18
RFD20241009151,2023-12-13 06:34:00
RFD20241002105,2023-12-13 09:04:29
RFD20241002131,2023-12-13 09:06:11
RFD20241002088,2023-12-13 11:45:38
RFD20241002184,2023-12-13 14:14:26
RFD20241030037,2023-12-13 14:25:40
RFD20241002053,2023-12-13 16:05:41
RFD20241031097,2023-12-14 08:10:49
RFD20241017034,2023-12-14 09:46:37
RFD20241003157,2023-12-14 10:15:37
RFD20200507431,2023-12-14 14:15:25
RFD20241003061,2023-12-14 14:27:56
RFD20200409441,2023-12-14 16:26:14
RFD20241004137,2023-12-15 11:03:53
RFD20241011025,2023-12-15 13:02:52
RFD20241004044,2023-12-15 14:07:15
RFD20241004177,2023-12-15 14:38:54
RFD20241012118,2023-12-16 07:32:42
RFD20200104444,2023-12-16 09:45:42
RFD20241012047,2023-12-16 14:51:25
RFD20241008231,2023-12-16 15:52:53
RFD20241013167,2023-12-17 07:43:04
RFD20241006180,2023-12-17 08:52:55
RFD20241020036,2023-12-17 09:45:12
RFD20241007043,2023-12-18 06:58:35
RFD20200120445,2023-12-18 07:00:45
RFD20241007090,2023-12-18 12:05:39
RFD20200217438,2023-12-18 14:25:51
RFD20241007067,2023-12-18 14:36:35
RFD20241007081,2023-12-18 15:38:21
RFD20241007120,2023-12-18 16:38:40
RFD20241001103,2023-12-19 07:35:28
RFD20241001152,2023-12-19 09:57:39
RFD20230131443,2023-12-19 11:12:27
RFD20241009189,2023-12-20 08:56:15
RFD20241009093,2023-12-20 09:58:20
RFD20241009108,2023-12-20 10:50:22
RFD20241010178,2023-12-21 14:20:29
RFD20241010109,2023-12-21 15:13:15
RFD20241010069,2023-12-21 16:52:22
RFD20241011132,2023-12-22 06:58:21
RFD20241025031,2023-12-22 15:29:07
RFD20241025060,2023-12-22 15:30:01
RFD20241011019,2023-12-22 16:25:02
RFD20241025075,2023-12-22 16:28:45
RFD20241012089,2023-12-23 16:02:02
RFD20241013046,2023-12-24 06:01:49
RFD20241013030,2023-12-24 07:44:50
RFD20241007126,2023-12-25 08:06:03
RFD20210628440,2023-12-25 08:13:16
RFD20241014011,2023-12-25 08:21:00
RFD20241014117,2023-12-25 10:10:23
RFD20241014024,2023-12-25 13:02:36
RFD20241028173,2023-12-25 14:27:35
RFD20241007148,2023-12-25 15:06:56
RFD20241028163,2023-12-25 16:34:16
RFD20241008171,2023-12-26 06:00:00
RFD20241008026,2023-12-26 08:28:22
RFD20241022136,2023-12-26 08:35:23
RFD20241210020,2023-12-26 10:35:53
RFD20241001181,2023-12-26 14:53:34
RFD20241002049,2023-12-27 06:05:04
RFD20241009151,2023-12-27 07:19:59
RFD20241002131,2023-12-27 08:48:39
RFD20200101436,2023-12-27 09:36:22
RFD20241002088,2023-12-27 10:43:25
RFD20241002094,2023-12-27 14:23:36
RFD20241030037,2023-12-27 14:41:26
RFD20241002229,2023-12-27 14:47:25
RFD20241002184,2023-12-27 15:20:10
RFD20241009085,2023-12-27 15:53:20
RFD20241002053,2023-12-27 15:56:27
RFD20241003157,2023-12-28 10:32:18
RFD20241003127,2023-12-28 14:02:36
RFD20200507431,2023-12-28 14:39:18
RFD20241003164,2023-12-28 16:24:33
RFD20200409441,2023-12-28 17:26:59
RFD20241004159,2023-12-29 10:23:26
RFD20241004137,2023-12-29 11:12:19
RFD20241004177,2023-12-29 14:36:16
RFD20241004115,2023-12-29 16:30:23
RFD20241012118,2023-12-30 08:02:50
RFD20200104444,2023-12-30 10:15:22
RFD20241005012,2023-12-30 13:38:53
RFD20241005169,2023-12-30 14:57:20
RFD20241006180,2023-12-31 09:04:52
RFD20220718410,2024-01-01 12:13:47
RFD20241007090,2024-01-01 12:31:07
RFD20241007039,2024-01-01 13:32:27
RFD20241007054,2024-01-01 14:42:49
RFD20220104439,2024-01-02 13:11:30
RFD20241015048,2024-01-02 15:07:39
RFD20241001058,2024-01-02 15:27:07
RFD20241009093,2024-01-03 09:34:11
RFD20241009150,2024-01-03 14:04:06
RFD20241009107,2024-01-03 14:18:36
RFD20241010194,2024-01-04 09:55:40
RFD20210429403,2024-01-04 12:23:58
RFD20241010022,2024-01-04 13:45:49
RFD20241010154,2024-01-04 14:26:04
RFD20241010109,2024-01-04 14:44:26
RFD20241010119,2024-01-04 16:23:46
RFD20241010069,2024-01-04 16:49:01
RFD20241011132,2024-01-05 06:47:43
RFD20241011139,2024-01-05 09:31:46
RFD20241011182,2024-01-05 14:12:01
RFD20241011124,2024-01-05 15:14:47
RFD20241025075,2024-01-05 17:04:26
RFD20241004185,2024-01-05 18:06:25
RFD20241012082,2024-01-06 12:18:45
RFD20200125435,2024-01-06 14:14:27
RFD20241012089,2024-01-06 15:25:35
RFD20241013046,2024-01-07 07:38:00
RFD20241013030,2024-01-07 07:56:26
RFD20210628440,2024-01-08 08:13:10
RFD20241014117,2024-01-08 09:35:26
RFD20250421112,2024-01-08 14:00:09
RFD20241028145,2024-01-08 14:44:30
RFD20241028173,2024-01-08 14:51:36
RFD20241008171,2024-01-09 06:00:00
RFD20241001181,2024-01-09 14:11:27
RFD20241002049,2024-01-10 06:27:34
RFD20241009151,2024-01-10 07:17:07
RFD20241002131,2024-01-10 09:00:03
RFD20200101436,2024-01-10 09:36:46
RFD20241002203,2024-01-10 13:20:15
RFD20241002229,2024-01-10 14:22:38
RFD20241002078,2024-01-10 14:25:39
RFD20241002184,2024-01-10 15:21:06
RFD20241002053,2024-01-10 16:28:45
RFD20241003141,2024-01-11 08:20:49
RFD20241003096,2024-01-11 08:37:52
RFD20241003127,2024-01-11 13:45:48
RFD20241003061,2024-01-11 14:13:18
RFD20200409441,2024-01-11 16:17:30
RFD20241003164,2024-01-11 16:48:22
RFD20241004123,2024-01-12 08:42:39
RFD20240112437,2024-01-12 09:37:04
RFD20241004177,2024-01-12 14:21:10
RFD20241005091,2024-01-13 13:22:06
RFD20241005012,2024-01-13 13:37:14
RFD20241008231,2024-01-13 15:30:08
RFD20241006174,2024-01-14 07:49:44
RFD20241020036,2024-01-14 08:54:21
RFD20200120445,2024-01-15 06:26:02
RFD20220411413,2024-01-15 09:20:33
RFD20241007067,2024-01-15 13:48:33
RFD20241007081,2024-01-15 15:28:19
RFD20241007076,2024-01-15 15:30:44
RFD20241001103,2024-01-16 07:15:10
RFD20241001072,2024-01-16 09:25:56
RFD20210119404,2024-01-16 10:21:39
RFD20241008059,2024-01-16 10:58:00
RFD20241001122,2024-01-16 13:15:32
RFD20241001058,2024-01-16 15:30:41
RFD20241008187,2024-01-16 16:41:14
RFD20241009108,2024-01-17 09:44:32
RFD20241009093,2024-01-17 10:17:04
RFD20241009218,2024-01-17 11:26:15
RFD20241009107,2024-01-17 13:08:16
RFD20241009205,2024-01-17 14:34:57
RFD20241010194,2024-01-18 10:06:30
RFD20241010079,2024-01-18 15:50:56
RFD20241010069,2024-01-18 17:01:47
RFD20241011132,2024-01-19 06:51:18
RFD20241004065,2024-01-19 07:05:53
RFD20241025029,2024-01-19 07:46:32
RFD20241011176,2024-01-19 10:19:31
RFD20241025031,2024-01-19 14:59:21
RFD20241011125,2024-01-19 15:03:53
RFD20241004185,2024-01-19 17:09:51
RFD20241012082,2024-01-20 12:31:07
RFD20200125435,2024-01-20 13:37:57
RFD20241012052,2024-01-20 15:59:44
RFD20241013172,2024-01-21 08:58:38
RFD20241014117,2024-01-22 08:49:56
RFD20200127434,2024-01-22 10:40:36
RFD20241028173,2024-01-22 15:18:39
RFD20241007148,2024-01-22 15:21:51
RFD20241028163,2024-01-22 16:21:02
RFD20241008171,2024-01-23 07:03:15
RFD20241008023,2024-01-23 13:15:10
RFD20241002183,2024-01-24 09:48:16
RFD20241016234,2024-01-24 14:50:36
RFD20241030037,2024-01-24 15:09:28
RFD20241002053,2024-01-24 16:17:11
RFD20241002198,2024-01-24 16:43:18
RFD20241010068,2024-01-25 07:37:07
RFD20241003141,2024-01-25 08:21:25
RFD20241003157,2024-01-25 10:43:37
RFD20241003127,2024-01-25 13:10:24
RFD20241003138,2024-01-25 13:43:45
RFD20241003061,2024-01-25 14:12:57
RFD20200507431,2024-01-25 14:30:09
RFD20241018161,2024-01-26 09:02:22
RFD20241101042,2024-01-26 12:46:05
RFD20241004044,2024-01-26 12:46:30
RFD20241004177,2024-01-26 14:47:07
RFD20241012118,2024-01-27 07:38:07
RFD20241012047,2024-01-27 14:46:33
RFD20241005169,2024-01-27 16:08:40
RFD20241006101,2024-01-28 06:45:23
RFD20241006168,2024-01-28 08:07:28
RFD20241006174,2024-01-28 08:20:34
RFD20241007043,2024-01-29 06:47:49
RFD20241007090,2024-01-29 12:48:12
RFD20241007067,2024-01-29 13:34:41
RFD20241001040,2024-01-30 08:30:16
RFD20241008059,2024-01-30 10:24:12
RFD20241001152,2024-01-30 10:44:55
RFD20210119404,2024-01-30 10:53:31
RFD20230131443,2024-01-30 11:16:17
RFD20241001122,2024-01-30 12:56:26
RFD20241001058,2024-01-30 14:42:08
RFD20241015048,2024-01-30 15:23:57
RFD20241009189,2024-01-31 08:46:08
RFD20241009093,2024-01-31 08:53:02
RFD20241009045,2024-01-31 13:58:49
RFD20241010119,2024-02-01 14:50:41
RFD20241010069,2024-02-01 17:09:14
RFD20241004065,2024-02-02 06:52:28
RFD20241025029,2024-02-02 07:36:21
RFD20241011139,2024-02-02 08:51:54
RFD20241011125,2024-02-02 15:39:20
RFD20241025075,2024-02-02 16:59:28
RFD20241004185,2024-02-02 17:14:53
RFD20210123432,2024-02-03 11:45:43
RFD20241012052,2024-02-03 15:36:37
RFD20241013030,2024-02-04 08:38:46
RFD20241006192,2024-02-04 09:22:13
RFD20241007193,2024-02-05 12:59:22
RFD20241007148,2024-02-05 15:11:50
RFD20241022136,2024-02-06 09:53:13
RFD20241008077,2024-02-06 13:27:11
RFD20241001181,2024-02-06 15:02:45
RFD20200101436,2024-02-07 08:50:19
RFD20241002105,2024-02-07 09:10:23
RFD20241002078,2024-02-07 13:42:28
RFD20241002229,2024-02-07 15:13:43
RFD20241010068,2024-02-08 08:03:03
RFD20241003141,2024-02-08 08:16:45
RFD20241003157,2024-02-08 10:44:17
RFD20241003127,2024-02-08 13:24:43
RFD20241003138,2024-02-08 13:40:40
RFD20200507431,2024-02-08 14:20:57
RFD20241018161,2024-02-09 09:01:04
RFD20241004137,2024-02-09 11:00:02
RFD20241004177,2024-02-09 14:45:50
RFD20241018010,2024-02-09 15:39:39
RFD20241005091,2024-02-10 12:36:14
RFD20241012047,2024-02-10 14:14:14
RFD20241006147,2024-02-11 07:26:51
RFD20241006168,2024-02-11 08:17:42
RFD20241007043,2024-02-12 06:00:00
RFD20200120445,2024-02-12 07:18:51
RFD20241007113,2024-02-12 08:26:06
RFD20241007190,2024-02-12 12:32:17
RFD20241007090,2024-02-12 12:47:52
RFD20200203442,2024-02-12 12:59:19
RFD20241007067,2024-02-12 13:32:05
RFD20241007076,2024-02-12 14:44:15
RFD20241001122,2024-02-13 13:42:45
RFD20241008187,2024-02-13 16:19:41
RFD20241009128,2024-02-14 08:03:51
RFD20241009189,2024-02-14 08:44:41
RFD20241009108,2024-02-14 10:43:57
RFD20241009150,2024-02-14 13:56:48
RFD20241009140,2024-02-14 16:09:56
RFD20241002015,2024-02-14 16:40:22
RFD20241209202,2024-02-15 09:52:43
RFD20241010178,2024-02-15 13:22:15
RFD20241010022,2024-02-15 14:00:05
RFD20241010069,2024-02-15 16:27:55
RFD20241025087,2024-02-16 14:25:27
RFD20241011124,2024-02-16 14:44:35
RFD20241011182,2024-02-16 14:50:40
RFD20241025031,2024-02-16 15:07:53
RFD20241025075,2024-02-16 16:43:21
RFD20241011004,2024-02-16 18:18:09
RFD20241012116,2024-02-17 08:54:20
RFD20210123432,2024-02-17 11:10:19
RFD20200111433,2024-02-17 13:56:14
RFD20241012052,2024-02-17 16:11:42
RFD20241007126,2024-02-19 06:57:29
RFD20241028173,2024-02-19 15:15:40
RFD20241028163,2024-02-19 16:27:21
RFD20241022136,2024-02-20 09:10:10
RFD20241210020,2024-02-20 10:04:30
RFD20241001181,2024-02-20 14:16:55
RFD20241002049,2024-02-21 06:40:52
RFD20241002105,2024-02-21 09:07:51
RFD20200101436,2024-02-21 09:58:14
RFD20241002073,2024-02-21 10:29:16
RFD20241002088,2024-02-21 11:17:53
RFD20241002078,2024-02-21 13:28:11
RFD20241002203,2024-02-21 14:06:40
RFD20241002229,2024-02-21 14:36:09
RFD20241002184,2024-02-21 15:08:12
RFD20241003035,2024-02-22 08:52:28
RFD20241010013,2024-02-22 09:54:13
RFD20241003127,2024-02-22 13:23:19
RFD20200507431,2024-02-22 13:46:13
RFD20241003061,2024-02-22 14:31:04
RFD20241003164,2024-02-22 16:28:10
RFD20241004003,2024-02-23 07:34:01
RFD20241004177,2024-02-23 14:40:01
RFD20241012118,2024-02-24 07:21:19
RFD20241005091,2024-02-24 12:32:55
RFD20241005012,2024-02-24 13:41:04
RFD20241012047,2024-02-24 14:15:04
RFD20241005169,2024-02-24 15:16:52
RFD20241019135,2024-02-24 15:36:49
RFD20241006101,2024-02-25 06:27:32
RFD20241006174,2024-02-25 07:49:12
RFD20241020036,2024-02-25 09:31:10
RFD20241007043,2024-02-26 06:03:57
RFD20241007142,2024-02-26 08:30:45
RFD20241007146,2024-02-26 09:20:20
RFD20241014191,2024-02-26 09:42:01
RFD20200203442,2024-02-26 12:59:23
RFD20220718410,2024-02-26 13:00:33
RFD20241007190,2024-02-26 13:03:16
RFD20241007039,2024-02-26 13:27:04
RFD20241007054,2024-02-26 15:02:27
RFD20241007076,2024-02-26 15:12:31
RFD20241007081,2024-02-26 15:39:58
RFD20241001040,2024-02-27 08:53:44
RFD20241001122,2024-02-27 13:56:23
RFD20241001058,2024-02-27 15:03:57
RFD20241008187,2024-02-27 16:23:13
RFD20241009107,2024-02-28 13:47:13
RFD20241009150,2024-02-28 14:17:06
RFD20241002015,2024-02-28 16:02:08
RFD20241010178,2024-02-29 13:19:34
RFD20241010109,2024-02-29 14:25:27
RFD20241010079,2024-02-29 15:42:57
RFD20241011132,2024-03-01 06:52:59
RFD20241025029,2024-03-01 08:14:20
RFD20241011139,2024-03-01 09:38:47
RFD20241011182,2024-03-01 15:03:06
RFD20241011124,2024-03-01 15:33:53
RFD20241011125,2024-03-01 15:54:14
RFD20241004185,2024-03-01 17:10:22
RFD20241025075,2024-03-01 17:20:49
RFD20241012116,2024-03-02 09:19:43
RFD20200125435,2024-03-02 13:34:48
RFD20241012052,2024-03-02 15:11:57
RFD20241012089,2024-03-02 15:50:35
RFD20241013083,2024-03-03 08:14:24
RFD20241014117,2024-03-04 09:03:54
RFD20241014033,2024-03-04 13:56:15
RFD20241009151,2024-03-06 06:42:54
RFD20241002049,2024-03-06 06:53:47
RFD20241002131,2024-03-06 08:05:06
RFD20200101436,2024-03-06 10:09:05
RFD20241002078,2024-03-06 13:33:02
RFD20241002094,2024-03-06 14:17:31
RFD20241016234,2024-03-06 14:24:18
RFD20241002053,2024-03-06 16:34:52
RFD20241031097,2024-03-07 07:40:25
RFD20241017034,2024-03-07 08:24:43
RFD20241003141,2024-03-07 08:31:06
RFD20241010013,2024-03-07 10:05:10
RFD20241003061,2024-03-07 14:09:37
RFD20200507431,2024-03-07 14:26:40
RFD20250403104,2024-03-07 14:34:29
RFD20241003164,2024-03-07 16:19:24
RFD20241004123,2024-03-08 08:19:02
RFD20241004044,2024-03-08 13:33:40
RFD20241004177,2024-03-08 14:34:29
RFD20241012118,2024-03-09 07:11:42
RFD20250208143,2024-03-09 08:48:39
RFD20241005012,2024-03-09 14:16:39
RFD20241012047,2024-03-09 14:17:30
RFD20241019135,2024-03-09 15:15:21
RFD20241008231,2024-03-09 16:02:47
RFD20241005064,2024-03-09 17:03:43
RFD20241006168,2024-03-10 08:30:39
RFD20241020036,2024-03-10 08:56:25
RFD20241007043,2024-03-11 06:53:56
RFD20241007113,2024-03-11 07:38:26
RFD20241007142,2024-03-11 08:37:16
RFD20241007090,2024-03-11 12:36:07
RFD20241007054,2024-03-11 14:57:17
RFD20241007076,2024-03-11 15:06:37
RFD20241007081,2024-03-11 15:56:58
RFD20241007120,2024-03-11 17:49:28
RFD20241001103,2024-03-12 07:38:50
RFD20241001072,2024-03-12 09:23:20
RFD20241001122,2024-03-12 13:10:17
RFD20241001114,2024-03-12 14:32:36
RFD20241015048,2024-03-12 15:05:25
RFD20241001058,2024-03-12 15:37:27
RFD20241008187,2024-03-12 16:17:16
RFD20241009128,2024-03-13 08:32:10
RFD20241009093,2024-03-13 09:33:00
RFD20241009111,2024-03-13 09:53:39
RFD20241009108,2024-03-13 10:54:53
RFD20241009227,2024-03-13 11:45:01
RFD20241009107,2024-03-13 13:48:16
RFD20241010194,2024-03-14 10:05:13
RFD20241010109,2024-03-14 14:33:48
RFD20241010154,2024-03-14 15:35:00
RFD20241010069,2024-03-14 16:44:51
RFD20241011132,2024-03-15 07:40:48
RFD20241025031,2024-03-15 14:42:27
RFD20241011182,2024-03-15 15:12:10
RFD20241025075,2024-03-15 16:30:56
RFD20241011004,2024-03-15 17:43:58
RFD20210123432,2024-03-16 11:25:12
RFD20241013046,2024-03-17 06:56:33
RFD20241013030,2024-03-17 08:14:58
RFD20241013083,2024-03-17 08:28:22
RFD20241006192,2024-03-17 08:28:39
RFD20241013172,2024-03-17 08:45:41
RFD20241007126,2024-03-18 07:23:47
RFD20250512016,2024-03-18 08:04:18
RFD20241014117,2024-03-18 10:00:27
RFD20241014033,2024-03-18 14:16:18
RFD20241028173,2024-03-18 15:08:02
RFD20241007148,2024-03-18 15:59:35
RFD20241008026,2024-03-19 08:14:56
RFD20241210020,2024-03-19 10:32:06
RFD20241008032,2024-03-19 15:41:37
RFD20241002105,2024-03-20 09:25:24
RFD20241002094,2024-03-20 13:36:22
RFD20241030037,2024-03-20 14:32:37
RFD20241002184,2024-03-20 15:23:41
RFD20241030027,2024-03-20 16:24:43
RFD20241031097,2024-03-21 08:14:31
RFD20241003141,2024-03-21 08:34:13
RFD20241003035,2024-03-21 09:07:40
RFD20241003157,2024-03-21 11:11:15
RFD20241003164,2024-03-21 16:27:07
RFD20241004003,2024-03-22 08:48:33
RFD20241004137,2024-03-22 10:53:01
RFD20241004028,2024-03-22 10:54:27
RFD20241005091,2024-03-23 12:02:02
RFD20241005169,2024-03-23 14:38:38
RFD20241008231,2024-03-23 14:58:14
RFD20241019135,2024-03-23 15:00:28
RFD20241006174,2024-03-24 06:41:16
RFD20241007043,2024-03-25 06:45:47
RFD20241007113,2024-03-25 07:22:29
RFD20241007146,2024-03-25 10:04:47
RFD20241007090,2024-03-25 12:56:54
RFD20241007039,2024-03-25 13:41:16
RFD20241007067,2024-03-25 14:21:38
RFD20241007076,2024-03-25 14:58:34
RFD20241001072,2024-03-26 09:43:23
RFD20241008059,2024-03-26 10:11:14
RFD20241001152,2024-03-26 10:16:58
RFD20241001122,2024-03-26 12:49:04
RFD20241015048,2024-03-26 14:34:58
RFD20241001058,2024-03-26 15:39:17
RFD20241008187,2024-03-26 16:01:13
RFD20241009189,2024-03-27 07:20:17
RFD20241009128,2024-03-27 07:41:19
RFD20241009093,2024-03-27 09:48:41
RFD20241009227,2024-03-27 11:18:30
RFD20241009045,2024-03-27 14:01:44
RFD20241009107,2024-03-27 14:03:20
RFD20241010194,2024-03-28 09:24:09
RFD20241010022,2024-03-28 13:47:15
RFD20241010109,2024-03-28 15:32:01
RFD20241010069,2024-03-28 16:27:39
RFD20241011132,2024-03-29 07:28:29
RFD20241025196,2024-03-29 11:25:19
RFD20241011125,2024-03-29 15:52:34
RFD20241012082,2024-03-30 12:11:31
RFD20200125435,2024-03-30 13:42:37
RFD20241006192,2024-03-31 08:14:29
RFD20241013030,2024-03-31 08:27:43
RFD20241013172,2024-03-31 08:38:32
RFD20241014033,2024-04-01 14:37:58
RFD20241028163,2024-04-01 16:38:54
RFD20241022136,2024-04-02 08:53:32
RFD20241008077,2024-04-02 12:15:59
RFD20241008155,2024-04-02 13:14:01
RFD20241008023,2024-04-02 13:26:12
RFD20241001181,2024-04-02 14:28:05
RFD20241008032,2024-04-02 15:34:48
RFD20241009151,2024-04-03 07:26:44
RFD20241002105,2024-04-03 09:18:03
RFD20241002078,2024-04-03 12:38:26
RFD20241002203,2024-04-03 13:20:47
RFD20241002184,2024-04-03 14:11:52
RFD20241002094,2024-04-03 14:43:15
RFD20241016234,2024-04-03 15:23:39
RFD20241030037,2024-04-03 15:35:35
RFD20241002053,2024-04-03 16:16:38
RFD20241003141,2024-04-04 08:03:03
RFD20241031097,2024-04-04 08:35:15
RFD20241017034,2024-04-04 08:50:46
RFD20241003096,2024-04-04 09:52:41
RFD20241003127,2024-04-04 13:12:39
RFD20241003061,2024-04-04 13:32:18
RFD20200507431,2024-04-04 14:14:14
RFD20241003164,2024-04-04 16:11:03
RFD20241018161,2024-04-05 08:55:30
RFD20241004177,2024-04-05 14:33:25
RFD20241012118,2024-04-06 07:13:44
RFD20250208143,2024-04-06 08:19:24
RFD20241005012,2024-04-06 13:46:56
RFD20241019135,2024-04-06 14:58:02
RFD20241008231,2024-04-06 15:26:23
RFD20241020036,2024-04-07 08:49:34
RFD20200120445,2024-04-08 07:00:10
RFD20241007146,2024-04-08 09:59:04
RFD20241007090,2024-04-08 11:36:59
RFD20241007067,2024-04-08 13:26:21
RFD20241007054,2024-04-08 14:45:27
RFD20241007081,2024-04-08 15:27:16
RFD20241001103,2024-04-09 08:19:10
RFD20241001122,2024-04-09 13:26:55
RFD20220104439,2024-04-09 13:42:17
RFD20241001058,2024-04-09 16:15:10
RFD20241009111,2024-04-10 09:44:17
RFD20241009227,2024-04-10 10:48:08
RFD20241009108,2024-04-10 11:21:32
RFD20241009107,2024-04-10 13:40:51
RFD20241009045,2024-04-10 14:00:38
RFD20241009150,2024-04-10 14:19:26
RFD20241009205,2024-04-10 15:16:40
RFD20241010178,2024-04-11 12:50:59
RFD20241010022,2024-04-11 14:22:28
RFD20241010109,2024-04-11 14:32:13
RFD20241011176,2024-04-12 09:06:31
RFD20241025196,2024-04-12 10:34:00
RFD20241011124,2024-04-12 15:30:05
RFD20241025031,2024-04-12 15:37:37
RFD20241011125,2024-04-12 16:06:34
RFD20241004185,2024-04-12 17:13:11
RFD20241011004,2024-04-12 17:49:14
RFD20241012089,2024-04-13 16:01:44
RFD20241013046,2024-04-14 07:36:39
RFD20241013030,2024-04-14 07:59:11
RFD20241006192,2024-04-14 08:52:22
RFD20241007126,2024-04-15 06:37:10
RFD20241008208,2024-04-15 07:11:05
RFD20250512016,2024-04-15 08:02:20
RFD20241014117,2024-04-15 09:12:45
RFD20241007193,2024-04-15 12:27:12
RFD20250421112,2024-04-15 13:39:55
RFD20241028145,2024-04-15 14:32:34
RFD20241028173,2024-04-15 14:49:21
RFD20241007148,2024-04-15 14:53:04
RFD20241008171,2024-04-16 06:36:21
RFD20241022136,2024-04-16 09:33:29
RFD20241210020,2024-04-16 10:14:23
RFD20241009151,2024-04-17 06:27:32
RFD20241002049,2024-04-17 07:17:00
RFD20200101436,2024-04-17 08:47:25
RFD20241002203,2024-04-17 12:00:14
RFD20241002078,2024-04-17 13:04:18
RFD20241016234,2024-04-17 14:40:00
RFD20241002053,2024-04-17 15:53:13
RFD20241030027,2024-04-17 17:16:26
RFD20241003035,2024-04-18 08:52:13
RFD20241003096,2024-04-18 09:54:17
RFD20241010013,2024-04-18 09:55:19
RFD20241003127,2024-04-18 13:52:00
RFD20241003164,2024-04-18 16:09:13
RFD20241004003,2024-04-19 08:40:22
RFD20241018161,2024-04-19 08:59:50
RFD20241004137,2024-04-19 10:34:55
RFD20241004028,2024-04-19 10:40:21
RFD20241004177,2024-04-19 14:59:15
RFD20241005012,2024-04-20 13:41:09
RFD20241005169,2024-04-20 14:22:11
RFD20241012047,2024-04-20 14:27:52
RFD20241008231,2024-04-20 15:36:10
RFD20241006174,2024-04-21 08:01:08
RFD20241020036,2024-04-21 09:37:04
RFD20241007043,2024-04-22 06:50:18
RFD20200120445,2024-04-22 07:47:33
RFD20241007113,2024-04-22 07:52:03
RFD20241007146,2024-04-22 09:21:11
RFD20241007090,2024-04-22 12:48:53
RFD20241007076,2024-04-22 15:19:52
RFD20241001103,2024-04-23 08:01:55
RFD20241001040,2024-04-23 08:24:13
RFD20241008187,2024-04-23 15:35:32
RFD20241009128,2024-04-24 07:33:48
RFD20241009111,2024-04-24 08:57:16
RFD20241009108,2024-04-24 11:10:33
RFD20241009227,2024-04-24 12:12:11
RFD20241009045,2024-04-24 14:15:47
RFD20241009150,2024-04-24 14:52:41
RFD20241002015,2024-04-24 16:02:03
RFD20241010194,2024-04-25 10:14:46
RFD20241010178,2024-04-25 13:07:12
RFD20241010154,2024-04-25 15:23:34
RFD20241010069,2024-04-25 16:44:53
RFD20241011132,2024-04-26 07:32:32
RFD20241025170,2024-04-26 09:33:46
RFD20241004185,2024-04-26 17:16:13
RFD20241012089,2024-04-27 15:00:20
RFD20241012052,2024-04-27 16:20:11
RFD20241013046,2024-04-28 07:37:19
RFD20241013030,2024-04-28 07:54:32
RFD20241006192,2024-04-28 08:44:02
RFD20241008208,2024-04-29 07:33:34
RFD20241007193,2024-04-29 12:57:44
RFD20241007148,2024-04-29 15:05:19
RFD20241028173,2024-04-29 15:19:01
RFD20241001181,2024-04-30 13:49:46
RFD20241008032,2024-04-30 16:02:07
RFD20241002049,2024-05-01 06:30:43
RFD20241009151,2024-05-01 06:40:29
RFD20241002073,2024-05-01 09:42:54
RFD20241002105,2024-05-01 10:16:06
RFD20241002094,2024-05-01 13:38:35
RFD20241030037,2024-05-01 13:59:25
RFD20241002198,2024-05-01 16:58:30
RFD20241031097,2024-05-02 07:54:03
RFD20241017034,2024-05-02 08:49:06
RFD20241003096,2024-05-02 09:17:56
RFD20241010013,2024-05-02 09:45:42
RFD20241003138,2024-05-02 13:37:28
RFD20241003164,2024-05-02 15:55:19
RFD20200409441,2024-05-02 17:18:47
RFD20241004003,2024-05-03 07:55:07
RFD20241018161,2024-05-03 09:52:52
RFD20241011025,2024-05-03 12:54:20
RFD20241101042,2024-05-03 12:56:50
RFD20241018010,2024-05-03 15:36:21
RFD20241012118,2024-05-04 07:21:50
RFD20241005012,2024-05-04 13:42:28
RFD20241012047,2024-05-04 14:04:35
RFD20241019135,2024-05-04 16:00:40
RFD20241008231,2024-05-04 16:10:00
RFD20241006101,2024-05-05 06:36:23
RFD20241006147,2024-05-05 06:52:41
RFD20241006168,2024-05-05 08:48:23
RFD20200120445,2024-05-06 06:06:35
RFD20241007142,2024-05-06 08:15:10
RFD20241014191,2024-05-06 09:42:59
RFD20241007090,2024-05-06 11:50:22
RFD20200203442,2024-05-06 12:28:59
RFD20241007067,2024-05-06 13:35:23
RFD20241007081,2024-05-06 15:20:08
RFD20241007076,2024-05-06 15:47:02
RFD20220104439,2024-05-07 12:54:23
RFD20241009128,2024-05-08 07:54:15
RFD20241009108,2024-05-08 10:50:11
RFD20241009107,2024-05-08 13:14:44
RFD20241009150,2024-05-08 14:14:08
RFD20241010109,2024-05-09 14:01:56
RFD20241010154,2024-05-09 15:21:32
RFD20241010119,2024-05-09 15:31:39
RFD20241004065,2024-05-10 06:52:35
RFD20241025170,2024-05-10 09:23:16
RFD20241011125,2024-05-10 16:07:20
RFD20210123432,2024-05-11 11:01:37
RFD20241012082,2024-05-11 11:50:02
RFD20241013030,2024-05-12 07:57:30
RFD20241013083,2024-05-12 08:20:37
RFD20241007126,2024-05-13 07:00:57
RFD20210628440,2024-05-13 07:29:05
RFD20200127434,2024-05-13 08:39:32
RFD20241014117,2024-05-13 09:20:56
RFD20241028145,2024-05-13 14:55:21
RFD20241028163,2024-05-13 17:22:50
RFD20241210020,2024-05-14 09:37:37
RFD20241001181,2024-05-14 14:52:51
RFD20241008032,2024-05-14 15:47:22
RFD20241009151,2024-05-15 06:56:06
RFD20241002073,2024-05-15 10:13:14
RFD20241002094,2024-05-15 14:16:05
RFD20241016234,2024-05-15 14:29:09
RFD20241030037,2024-05-15 14:37:24
RFD20241002184,2024-05-15 14:50:59
RFD20241002053,2024-05-15 16:50:35
RFD20241003141,2024-05-16 07:40:21
RFD20241031097,2024-05-16 08:33:52
RFD20241010068,2024-05-16 08:36:06
RFD20241003035,2024-05-16 08:59:18
RFD20241003157,2024-05-16 10:39:37
RFD20241004003,2024-05-17 08:37:06
RFD20241004177,2024-05-17 14:26:00
RFD20241012118,2024-05-18 07:28:10
RFD20241005091,2024-05-18 12:35:51
RFD20241012047,2024-05-18 13:54:55
RFD20241005064,2024-05-18 18:15:04
RFD20241006174,2024-05-19 08:14:21
RFD20241014191,2024-05-20 09:47:58
RFD20241007190,2024-05-20 13:23:35
RFD20241007054,2024-05-20 14:55:57
RFD20241007081,2024-05-20 16:12:06
RFD20241001152,2024-05-21 09:21:14
RFD20241001072,2024-05-21 09:38:06
RFD20241001058,2024-05-21 14:51:01
RFD20241008187,2024-05-21 15:28:59
RFD20241015048,2024-05-21 15:33:47
RFD20241009189,2024-05-22 07:37:03
RFD20241009108,2024-05-22 10:27:53
RFD20241009227,2024-05-22 11:14:21
RFD20241009045,2024-05-22 14:23:55
RFD20241009150,2024-05-22 14:29:07
RFD20241002015,2024-05-22 15:50:10
RFD20241010154,2024-05-23 14:43:28
RFD20241010109,2024-05-23 15:05:29
RFD20241004065,2024-05-24 07:06:26
RFD20241011182,2024-05-24 14:53:04
RFD20241011124,2024-05-24 15:52:37
RFD20200125435,2024-05-25 13:50:31
RFD20200111433,2024-05-25 13:58:36
RFD20241012052,2024-05-25 15:40:21
RFD20241012089,2024-05-25 16:08:54
RFD20241013172,2024-05-26 09:14:21
RFD20200127434,2024-05-27 10:30:05
RFD20241008171,2024-05-28 07:02:01
RFD20241022136,2024-05-28 08:27:14
RFD20241008026,2024-05-28 09:29:15
RFD20241008102,2024-05-28 13:22:44
RFD20241002105,2024-05-29 09:31:21
RFD20241002073,2024-05-29 09:34:18
RFD20241002088,2024-05-29 11:19:18
RFD20241002203,2024-05-29 13:46:38
RFD20241002094,2024-05-29 13:53:04
RFD20241002184,2024-05-29 15:25:46
RFD20241010068,2024-05-30 07:58:45
RFD20241010013,2024-05-30 10:34:00
RFD20241003127,2024-05-30 12:56:43
RFD20200409441,2024-05-30 16:01:57
RFD20241003164,2024-05-30 16:21:54
RFD20241004003,2024-05-31 08:23:53
RFD20241004123,2024-05-31 09:04:00
RFD20241011025,2024-05-31 13:44:26
RFD20241004044,2024-05-31 13:57:14
RFD20241005091,2024-06-01 12:38:20
RFD20241005012,2024-06-01 13:13:41
RFD20241012047,2024-06-01 14:09:10
RFD20241005169,2024-06-01 15:09:10
RFD20241006101,2024-06-02 06:32:36
RFD20241006147,2024-06-02 07:17:45
RFD20241007043,2024-06-03 06:28:41
RFD20241007190,2024-06-03 12:15:09
RFD20241007076,2024-06-03 14:56:43
RFD20241001072,2024-06-04 09:02:57
RFD20241001152,2024-06-04 09:54:07
RFD20241015048,2024-06-04 14:38:04
RFD20241001058,2024-06-04 15:47:27
RFD20241008187,2024-06-04 16:52:04
RFD20241009108,2024-06-05 10:55:17
RFD20241009107,2024-06-05 14:05:35
RFD20241002015,2024-06-05 16:29:55
RFD20241024149,2024-06-06 07:53:25
RFD20241010178,2024-06-06 14:03:13
RFD20241025029,2024-06-07 07:59:13
RFD20241011139,2024-06-07 09:44:26
RFD20241011124,2024-06-07 15:23:21
RFD20241011125,2024-06-07 15:36:30
RFD20241025075,2024-06-07 16:56:32
RFD20241011004,2024-06-07 18:14:22
RFD20210123432,2024-06-08 11:42:18
RFD20200111433,2024-06-08 13:41:55
RFD20241012052,2024-06-08 15:41:22
RFD20241012089,2024-06-08 16:35:27
RFD20241013046,2024-06-09 07:15:39
RFD20241013030,2024-06-09 07:28:28
RFD20241013083,2024-06-09 08:24:27
RFD20241007126,2024-06-10 07:26:37
RFD20241014117,2024-06-10 09:19:22
RFD20241028173,2024-06-10 14:33:24
RFD20241007148,2024-06-10 15:12:08
RFD20241008155,2024-06-11 13:49:19
RFD20241001181,2024-06-11 14:35:00
RFD20241002049,2024-06-12 06:49:41
RFD20241002203,2024-06-12 13:51:38
RFD20241002229,2024-06-12 15:27:17
RFD20241002198,2024-06-12 16:23:49
RFD20241030027,2024-06-12 17:38:57
RFD20241003096,2024-06-13 08:29:17
RFD20241010013,2024-06-13 09:48:18
RFD20241003157,2024-06-13 10:53:36
RFD20200507431,2024-06-13 14:35:45
RFD20241003164,2024-06-13 16:42:32
RFD20241004137,2024-06-14 10:42:36
RFD20241004028,2024-06-14 11:09:04
RFD20241004044,2024-06-14 14:05:08
RFD20241004177,2024-06-14 14:33:24
RFD20241012118,2024-06-15 07:13:50
RFD20241012047,2024-06-15 14:36:28
RFD20241005169,2024-06-15 15:08:23
RFD20241008231,2024-06-15 15:47:06
RFD20241019135,2024-06-15 15:54:23
RFD20241005064,2024-06-15 16:26:47
RFD20241006101,2024-06-16 06:56:01
RFD20241006147,2024-06-16 07:11:23
RFD20241020036,2024-06-16 09:04:14
RFD20241007043,2024-06-17 06:42:13
RFD20200120445,2024-06-17 06:53:24
RFD20241007146,2024-06-17 09:38:06
RFD20241007090,2024-06-17 11:54:05
RFD20241007039,2024-06-17 13:17:47
RFD20241007076,2024-06-17 14:57:24
RFD20241015048,2024-06-18 15:00:12
RFD20241009128,2024-06-19 07:29:06
RFD20241009111,2024-06-19 09:30:09
RFD20241009108,2024-06-19 10:29:04
RFD20241009218,2024-06-19 10:46:35
RFD20241009107,2024-06-19 12:58:09
RFD20241009150,2024-06-19 14:18:36
RFD20241002015,2024-06-19 15:44:21
RFD20241010194,2024-06-20 09:28:47
RFD20241010178,2024-06-20 13:41:01
RFD20241010109,2024-06-20 14:49:55
RFD20241010119,2024-06-20 15:14:02
RFD20241010069,2024-06-20 17:54:28
RFD20241011132,2024-06-21 07:44:42
RFD20241025170,2024-06-21 09:41:38
RFD20241011176,2024-06-21 09:51:06
RFD20241025196,2024-06-21 10:49:51
RFD20241025075,2024-06-21 17:31:52
RFD20210123432,2024-06-22 11:33:58
RFD20200125435,2024-06-22 13:21:58
RFD20200111433,2024-06-22 14:10:28
RFD20241013046,2024-06-23 07:14:53
RFD20241013083,2024-06-23 08:13:46
RFD20241013030,2024-06-23 08:19:15
RFD20241007126,2024-06-24 07:47:33
RFD20241007193,2024-06-24 12:45:17
RFD20241028145,2024-06-24 14:04:22
RFD20241028173,2024-06-24 15:42:46
RFD20241007148,2024-06-24 16:17:32
RFD20241028163,2024-06-24 16:54:25
RFD20241008102,2024-06-25 13:57:05
RFD20241009151,2024-06-26 07:02:43
RFD20241002073,2024-06-26 09:29:27
RFD20241002105,2024-06-26 09:50:03
RFD20241002183,2024-06-26 10:55:20
RFD20241030153,2024-06-26 13:27:11
RFD20241016234,2024-06-26 14:55:55
RFD20241002053,2024-06-26 16:31:18
RFD20241031097,2024-06-27 07:38:06
RFD20241017034,2024-06-27 08:29:38
RFD20241003141,2024-06-27 08:57:08
RFD20241003096,2024-06-27 09:10:21
RFD20241010013,2024-06-27 10:21:47
RFD20241003127,2024-06-27 13:41:20
RFD20200507431,2024-06-27 14:43:18
RFD20241003164,2024-06-27 15:58:18
RFD20200409441,2024-06-27 17:03:47
RFD20241004123,2024-06-28 08:44:22
RFD20241018161,2024-06-28 09:10:43
RFD20241004137,2024-06-28 11:06:14
RFD20241101042,2024-06-28 12:23:49
RFD20241011025,2024-06-28 13:36:34
RFD20241004044,2024-06-28 13:53:25
RFD20241004177,2024-06-28 14:46:13
RFD20241005012,2024-06-29 14:06:22
RFD20241005169,2024-06-29 14:54:30
RFD20241008231,2024-06-29 14:58:57
RFD20241019135,2024-06-29 15:39:46
RFD20241006101,2024-06-30 07:42:01
RFD20241006168,2024-06-30 08:42:04
RFD20241007142,2024-07-01 08:38:09
RFD20241014191,2024-07-01 10:11:54
RFD20241007090,2024-07-01 12:04:53
RFD20200203442,2024-07-01 12:26:53
RFD20241007039,2024-07-01 13:34:33
RFD20241007067,2024-07-01 13:37:28
RFD20241007076,2024-07-01 15:02:32
RFD20241007054,2024-07-01 15:08:34
RFD20241007081,2024-07-01 15:29:07
RFD20241001072,2024-07-02 09:43:11
RFD20241001152,2024-07-02 10:04:47
RFD20241008059,2024-07-02 11:15:26
RFD20230131443,2024-07-02 12:05:17
RFD20241001122,2024-07-02 12:52:47
RFD20241008187,2024-07-02 16:08:09
RFD20241009093,2024-07-03 09:44:21
RFD20241009218,2024-07-03 10:35:12
RFD20241009108,2024-07-03 11:09:54
RFD20241002015,2024-07-03 16:55:01
RFD20241010194,2024-07-04 10:00:51
RFD20241010154,2024-07-04 15:00:58
RFD20241010069,2024-07-04 16:44:18
RFD20241025029,2024-07-05 08:05:22
RFD20241025196,2024-07-05 12:17:31
RFD20241025031,2024-07-05 15:26:13
RFD20241011125,2024-07-05 15:26:36
RFD20241011004,2024-07-05 18:22:44
RFD20200125435,2024-07-06 13:46:05
RFD20241012089,2024-07-06 16:29:52
RFD20241013046,2024-07-07 07:13:27
RFD20241013172,2024-07-07 09:43:44
RFD20241007126,2024-07-08 07:15:15
RFD20210628440,2024-07-08 08:31:49
RFD20200127434,2024-07-08 10:03:36
RFD20241028173,2024-07-08 14:50:48
RFD20241008171,2024-07-09 06:25:36
RFD20241008026,2024-07-09 08:53:50
RFD20241008032,2024-07-09 16:10:14
RFD20241002049,2024-07-10 06:50:40
RFD20241009151,2024-07-10 07:19:52
RFD20241002105,2024-07-10 09:14:15
RFD20241002183,2024-07-10 10:44:39
RFD20241002088,2024-07-10 11:39:12
RFD20241016234,2024-07-10 13:56:34
RFD20241002184,2024-07-10 14:58:27
RFD20241002053,2024-07-10 16:05:45
RFD20241002198,2024-07-10 17:06:45
RFD20241030027,2024-07-10 18:43:21
RFD20241010068,2024-07-11 08:06:33
RFD20241003096,2024-07-11 08:47:33
RFD20241003035,2024-07-11 09:38:54
RFD20241003061,2024-07-11 13:38:23
RFD20241003127,2024-07-11 13:55:17
RFD20241003138,2024-07-11 14:10:54
RFD20200507431,2024-07-11 15:12:40
RFD20241003164,2024-07-11 16:43:47
RFD20240112437,2024-07-12 09:26:08
RFD20241004028,2024-07-12 10:39:57
RFD20241004137,2024-07-12 11:04:45
RFD20241004044,2024-07-12 14:03:42
RFD20241012118,2024-07-13 07:08:39
RFD20241005012,2024-07-13 13:45:35
RFD20241012047,2024-07-13 14:26:24
RFD20241005169,2024-07-13 15:26:57
RFD20241008231,2024-07-13 15:27:20
RFD20241006168,2024-07-14 08:39:59
RFD20241020036,2024-07-14 08:56:48
RFD20241007043,2024-07-15 06:25:54
RFD20200120445,2024-07-15 07:11:57
RFD20241007039,2024-07-15 13:15:33
RFD20241007067,2024-07-15 13:35:39
RFD20241007076,2024-07-15 14:34:46
RFD20241007054,2024-07-15 14:46:36
RFD20241007081,2024-07-15 15:58:30
RFD20241001152,2024-07-16 09:14:11
RFD20230131443,2024-07-16 11:05:38
RFD20241001122,2024-07-16 12:25:26
RFD20241001058,2024-07-16 15:15:10
RFD20241008187,2024-07-16 16:25:36
RFD20241009128,2024-07-17 07:45:31
RFD20241009227,2024-07-17 10:43:13
RFD20241009045,2024-07-17 14:27:49
RFD20241009107,2024-07-17 14:32:52
RFD20241010194,2024-07-18 10:01:53
RFD20241010178,2024-07-18 13:33:50
RFD20241025029,2024-07-19 07:52:01
RFD20241011139,2024-07-19 08:36:49
RFD20241027216,2024-07-19 16:43:35
RFD20241011004,2024-07-19 17:21:10
RFD20241012082,2024-07-20 12:16:02
RFD20241012089,2024-07-20 16:07:59
RFD20241012052,2024-07-20 16:38:03
RFD20241013046,2024-07-21 07:29:33
RFD20241013030,2024-07-21 07:56:47
RFD20241006192,2024-07-21 09:27:19
RFD20241007126,2024-07-22 06:52:29
RFD20250512016,2024-07-22 08:28:18
RFD20200127434,2024-07-22 09:24:16
RFD20241028173,2024-07-22 15:10:41
RFD20241007148,2024-07-22 15:23:36
RFD20241028163,2024-07-22 16:32:34
RFD20241022136,2024-07-23 08:25:36
RFD20241008077,2024-07-23 13:05:07
RFD20241008155,2024-07-23 14:28:56
RFD20241008032,2024-07-23 15:50:04
RFD20241002073,2024-07-24 10:19:35
RFD20241002203,2024-07-24 13:43:04
RFD20241002078,2024-07-24 14:13:02
RFD20241030037,2024-07-24 14:31:39
RFD20241016234,2024-07-24 14:50:53
RFD20241002184,2024-07-24 15:00:10
RFD20241002053,2024-07-24 16:53:38
RFD20241030027,2024-07-24 17:44:03
RFD20241017034,2024-07-25 08:46:49
RFD20241010013,2024-07-25 10:14:30
RFD20241003127,2024-07-25 12:39:58
RFD20241003164,2024-07-25 16:36:07
RFD20241004123,2024-07-26 09:22:37
RFD20240112437,2024-07-26 10:03:45
RFD20241101042,2024-07-26 12:14:40
RFD20241004177,2024-07-26 14:49:33
RFD20241012047,2024-07-27 14:28:57
RFD20241005012,2024-07-27 14:31:52
RFD20241008231,2024-07-27 15:01:29
RFD20241006101,2024-07-28 07:38:49
RFD20241006168,2024-07-28 09:11:47
RFD20200120445,2024-07-29 07:02:07
RFD20241007113,2024-07-29 08:32:54
RFD20241007146,2024-07-29 09:04:48
RFD20241007190,2024-07-29 14:06:11
RFD20241001040,2024-07-30 08:44:18
RFD20241001152,2024-07-30 10:16:30
RFD20241008059,2024-07-30 10:32:49
RFD20241001122,2024-07-30 13:20:02
RFD20220104439,2024-07-30 13:30:40
RFD20241009189,2024-07-31 08:41:00
RFD20241009093,2024-07-31 09:35:50
RFD20241009108,2024-07-31 10:24:54
RFD20241009107,2024-07-31 14:13:21
RFD20241002015,2024-07-31 16:42:17
RFD20241024149,2024-08-01 08:06:15
RFD20241010194,2024-08-01 09:59:25
RFD20241010178,2024-08-01 13:14:13
RFD20241010154,2024-08-01 14:27:13
RFD20241010109,2024-08-01 15:10:09
RFD20241010079,2024-08-01 15:24:39
RFD20241010119,2024-08-01 15:36:25
RFD20241004065,2024-08-02 06:22:59
RFD20241025029,2024-08-02 07:37:52
RFD20241025087,2024-08-02 13:29:02
RFD20241025031,2024-08-02 15:01:19
RFD20241011004,2024-08-02 17:35:54
RFD20200125435,2024-08-03 12:30:23
RFD20200111433,2024-08-03 14:07:43
RFD20241012052,2024-08-03 15:31:38
RFD20241013030,2024-08-04 07:27:26
RFD20241013083,2024-08-04 07:54:15
RFD20241013172,2024-08-04 09:42:37
RFD20241008208,2024-08-05 06:00:00
RFD20241007126,2024-08-05 07:20:16
RFD20241014117,2024-08-05 10:18:31
RFD20241007193,2024-08-05 13:30:56
RFD20241028173,2024-08-05 14:22:21
RFD20241014033,2024-08-05 14:27:17
RFD20241028145,2024-08-05 15:03:23
RFD20241007148,2024-08-05 15:16:24
RFD20241028163,2024-08-05 16:36:37
RFD20241210020,2024-08-06 09:49:29
RFD20241008077,2024-08-06 13:45:12
RFD20241008102,2024-08-06 14:14:38
RFD20241009151,2024-08-07 06:26:34
RFD20200101436,2024-08-07 09:34:36
RFD20241002105,2024-08-07 09:51:12
RFD20241002088,2024-08-07 11:50:21
RFD20241002078,2024-08-07 13:45:25
RFD20241002203,2024-08-07 13:47:25
RFD20241002094,2024-08-07 14:15:44
RFD20241002184,2024-08-07 14:54:03
RFD20241002229,2024-08-07 15:08:46
RFD20241002198,2024-08-07 16:23:47
RFD20241010068,2024-08-08 07:49:49
RFD20241003127,2024-08-08 13:41:39
RFD20200507431,2024-08-08 14:30:10
RFD20241101042,2024-08-09 12:01:08
RFD20241004177,2024-08-09 15:19:22
RFD20241012118,2024-08-10 07:38:23
RFD20241005012,2024-08-10 13:33:34
RFD20241012047,2024-08-10 14:24:24
RFD20241019135,2024-08-10 14:42:17
RFD20241005169,2024-08-10 15:06:21
RFD20241006101,2024-08-11 08:14:01
RFD20241007146,2024-08-12 10:02:53
RFD20241007090,2024-08-12 12:49:13
RFD20241007039,2024-08-12 12:58:29
RFD20241007076,2024-08-12 15:01:56
RFD20241007054,2024-08-12 15:10:58
RFD20241007120,2024-08-12 17:17:08
RFD20230131443,2024-08-13 10:48:32
RFD20241001122,2024-08-13 12:50:39
RFD20220104439,2024-08-13 13:01:26
RFD20241008187,2024-08-13 16:24:57
RFD20241009111,2024-08-14 09:45:51
RFD20241009218,2024-08-14 10:52:44
RFD20241009108,2024-08-14 11:01:17
RFD20241009107,2024-08-14 14:03:47
RFD20241009205,2024-08-14 15:33:34
RFD20241010194,2024-08-15 10:02:54
RFD20241010178,2024-08-15 13:11:11
RFD20241010109,2024-08-15 14:33:49
RFD20241010069,2024-08-15 16:51:15
RFD20241011176,2024-08-16 09:21:20
RFD20241025196,2024-08-16 11:10:16
RFD20241025075,2024-08-16 17:05:26
RFD20241011004,2024-08-16 18:11:56
RFD20210123432,2024-08-17 11:28:36
RFD20241012089,2024-08-17 15:52:51
RFD20241013046,2024-08-18 08:10:26
RFD20241013030,2024-08-18 08:14:03
RFD20200127434,2024-08-19 09:17:49
RFD20241014033,2024-08-19 13:00:35
RFD20241028173,2024-08-19 14:52:31
RFD20241007148,2024-08-19 15:22:09
RFD20241028163,2024-08-19 16:12:19
RFD20241008171,2024-08-20 06:14:28
RFD20241022136,2024-08-20 09:15:01
RFD20241008023,2024-08-20 12:49:12
RFD20241008102,2024-08-20 13:56:51
RFD20241008032,2024-08-20 16:11:01
RFD20241002049,2024-08-21 06:06:35
RFD20241002105,2024-08-21 08:52:05
RFD20200101436,2024-08-21 09:08:47
RFD20241002088,2024-08-21 11:25:57
RFD20241016234,2024-08-21 14:24:44
RFD20241002184,2024-08-21 14:45:34
RFD20241002229,2024-08-21 15:25:37
RFD20241002053,2024-08-21 16:59:02
RFD20241030027,2024-08-21 18:15:30
RFD20241010068,2024-08-22 07:51:42
RFD20241031097,2024-08-22 08:13:17
RFD20241003141,2024-08-22 08:47:55
RFD20241017034,2024-08-22 09:39:02
RFD20241010013,2024-08-22 10:20:06
RFD20241003157,2024-08-22 10:27:04
RFD20241003138,2024-08-22 13:27:59
RFD20241003061,2024-08-22 14:34:03
RFD20200507431,2024-08-22 14:44:34
RFD20241003164,2024-08-22 16:02:28
RFD20241004003,2024-08-23 08:14:33
RFD20241004123,2024-08-23 08:30:51
RFD20241018161,2024-08-23 09:26:29
RFD20240112437,2024-08-23 09:37:21
RFD20241004137,2024-08-23 11:20:18
RFD20241004044,2024-08-23 13:55:07
RFD20241018010,2024-08-23 15:50:16
RFD20241005091,2024-08-24 12:37:08
RFD20241005012,2024-08-24 13:57:01
RFD20241019135,2024-08-24 15:16:25
RFD20241006147,2024-08-25 06:40:22
RFD20241020036,2024-08-25 08:24:41
RFD20241006174,2024-08-25 08:28:04
RFD20241007113,2024-08-26 07:29:45
RFD20241007090,2024-08-26 12:06:19
RFD20241007039,2024-08-26 13:03:55
RFD20241007067,2024-08-26 13:31:48
RFD20241007054,2024-08-26 15:05:38
RFD20241007081,2024-08-26 15:14:08
RFD20241001072,2024-08-27 10:06:36
RFD20241001058,2024-08-27 15:18:36
RFD20241009128,2024-08-28 07:32:16
RFD20241009093,2024-08-28 09:32:37
RFD20241009140,2024-08-28 15:09:02
RFD20241002015,2024-08-28 16:10:47
RFD20241010194,2024-08-29 08:51:09
RFD20241010109,2024-08-29 14:43:54
RFD20241010154,2024-08-29 14:59:15
RFD20241011132,2024-08-30 07:14:30
RFD20241004065,2024-08-30 07:46:41
RFD20241025029,2024-08-30 08:10:05
RFD20241011176,2024-08-30 09:45:32
RFD20241025196,2024-08-30 11:02:13
RFD20241025087,2024-08-30 13:29:41
RFD20241011182,2024-08-30 15:12:51
RFD20241025031,2024-08-30 15:46:06
RFD20241025075,2024-08-30 16:17:09
RFD20241011125,2024-08-30 16:17:57
RFD20241011004,2024-08-30 17:52:51
RFD20241012082,2024-08-31 11:28:34
RFD20200111433,2024-08-31 14:24:44
RFD20241012052,2024-08-31 15:23:51
RFD20241012089,2024-08-31 16:00:44
RFD20241013046,2024-09-01 07:09:59
RFD20241013030,2024-09-01 07:39:49
RFD20241013172,2024-09-01 08:42:54
RFD20241006192,2024-09-01 08:57:19
RFD20241007126,2024-09-02 06:20:42
RFD20241014117,2024-09-02 09:33:34
RFD20241028145,2024-09-02 15:03:00
RFD20241008077,2024-09-03 12:28:33
RFD20241008023,2024-09-03 13:29:11
RFD20241008102,2024-09-03 13:43:46
RFD20241002049,2024-09-04 06:54:58
RFD20200101436,2024-09-04 09:39:20
RFD20241002073,2024-09-04 09:42:07
RFD20241002078,2024-09-04 13:24:23
RFD20241016234,2024-09-04 14:09:38
RFD20241002229,2024-09-04 15:02:47
RFD20241002053,2024-09-04 16:09:23
RFD20241030027,2024-09-04 17:35:17
RFD20241003096,2024-09-05 08:06:07
RFD20241003141,2024-09-05 08:30:40
RFD20241031097,2024-09-05 08:40:14
RFD20241010013,2024-09-05 10:43:40
RFD20241003127,2024-09-05 13:20:37
RFD20250403104,2024-09-05 14:32:49
RFD20241003164,2024-09-05 16:01:33
RFD20200409441,2024-09-05 17:11:18
RFD20241018161,2024-09-06 08:55:38
RFD20241004028,2024-09-06 11:03:12
RFD20241004177,2024-09-06 14:47:39
RFD20241018010,2024-09-06 15:19:28
RFD20241005091,2024-09-07 13:25:47
RFD20241005012,2024-09-07 13:37:20
RFD20241012047,2024-09-07 13:38:52
RFD20241019135,2024-09-07 15:35:48
RFD20241008231,2024-09-07 16:06:18
RFD20241005064,2024-09-07 17:00:10
RFD20241020036,2024-09-08 08:49:25
RFD20241007113,2024-09-09 07:40:15
RFD20241007090,2024-09-09 11:58:08
RFD20200203442,2024-09-09 12:48:52
RFD20241007067,2024-09-09 13:42:56
RFD20241007076,2024-09-09 14:59:00
RFD20241007081,2024-09-09 16:09:38
RFD20241001040,2024-09-10 09:23:17
RFD20241001152,2024-09-10 09:55:31
RFD20241015048,2024-09-10 15:44:56
RFD20241009189,2024-09-11 07:20:22
RFD20241009128,2024-09-11 07:52:56
RFD20241009111,2024-09-11 09:22:10
RFD20241009093,2024-09-11 09:42:16
RFD20241009045,2024-09-11 14:13:33
RFD20241009205,2024-09-11 14:54:09
RFD20241002015,2024-09-11 15:58:34
RFD20241010109,2024-09-12 14:17:36
RFD20241011132,2024-09-13 07:17:06
RFD20241025029,2024-09-13 08:15:47
RFD20241025170,2024-09-13 08:57:44
RFD20241011139,2024-09-13 09:11:47
RFD20241011004,2024-09-13 18:14:58
RFD20241012052,2024-09-14 15:26:51
RFD20241013046,2024-09-15 06:45:24
RFD20241007126,2024-09-16 07:10:31
RFD20241008208,2024-09-16 07:42:04
RFD20241014117,2024-09-16 10:04:08
RFD20200127434,2024-09-16 10:08:19
RFD20241007193,2024-09-16 13:36:49
RFD20241028173,2024-09-16 14:30:45
RFD20241028145,2024-09-16 14:49:58
RFD20241008171,2024-09-17 06:57:42
RFD20241008077,2024-09-17 12:41:57
RFD20241001181,2024-09-17 14:27:17
RFD20241008032,2024-09-17 15:31:53
RFD20200101436,2024-09-18 09:15:06
RFD20241002105,2024-09-18 09:27:10
RFD20241030153,2024-09-18 13:05:01
RFD20241030037,2024-09-18 14:38:28
RFD20241002229,2024-09-18 14:44:56
RFD20241002184,2024-09-18 14:55:38
RFD20241017034,2024-09-19 08:28:29
RFD20241003141,2024-09-19 09:10:31
RFD20241003096,2024-09-19 09:22:01
RFD20241010013,2024-09-19 09:45:15
RFD20241003127,2024-09-19 13:41:15
RFD20200507431,2024-09-19 15:11:55
RFD20241003164,2024-09-19 16:35:07
RFD20241004123,2024-09-20 08:56:53
RFD20240112437,2024-09-20 09:46:30
RFD20241101042,2024-09-20 12:38:22
RFD20241004177,2024-09-20 14:31:51
RFD20241012118,2024-09-21 08:33:46
RFD20241005091,2024-09-21 12:13:25
RFD20241005012,2024-09-21 14:06:34
RFD20241012047,2024-09-21 14:14:08
RFD20241005169,2024-09-21 15:06:40
RFD20241019135,2024-09-21 15:47:44
RFD20241008231,2024-09-21 16:04:18
RFD20241005064,2024-09-21 17:58:28
RFD20241006101,2024-09-22 06:44:33
RFD20241006174,2024-09-22 08:11:05
RFD20241006168,2024-09-22 08:51:45
RFD20241007043,2024-09-23 06:49:57
RFD20241007113,2024-09-23 07:56:14
RFD20241014191,2024-09-23 10:06:44
RFD20241007067,2024-09-23 13:53:46
RFD20241007054,2024-09-23 15:26:01
RFD20241001103,2024-09-24 07:53:05
RFD20241001040,2024-09-24 08:18:58
RFD20241001122,2024-09-24 12:49:05
RFD20241001058,2024-09-24 15:07:44
RFD20241008187,2024-09-24 16:23:43
RFD20250129179,2024-09-25 09:46:20
RFD20241009093,2024-09-25 10:06:11
RFD20241009108,2024-09-25 10:15:08
RFD20241009150,2024-09-25 14:42:07
RFD20241009140,2024-09-25 15:40:17
RFD20241010194,2024-09-26 09:09:57
RFD20241010178,2024-09-26 13:38:12
RFD20241010109,2024-09-26 14:20:33
RFD20241010069,2024-09-26 17:23:28
RFD20241011132,2024-09-27 07:06:42
RFD20241011223,2024-09-27 08:26:06
RFD20241011176,2024-09-27 09:34:44
RFD20241025087,2024-09-27 13:54:46
RFD20241025031,2024-09-27 15:10:15
RFD20241011124,2024-09-27 15:26:24
RFD20241025075,2024-09-27 16:07:25
RFD20241012089,2024-09-28 15:29:41
RFD20241012052,2024-09-28 16:01:10
RFD20241013030,2024-09-29 07:50:16
RFD20241013083,2024-09-29 08:08:08
RFD20241006192,2024-09-29 09:45:23
RFD20241013172,2024-09-29 10:00:11
RFD20241007126,2024-09-30 07:14:59
RFD20241007193,2024-09-30 12:37:56
RFD20241014033,2024-09-30 14:36:36
RFD20241007148,2024-09-30 15:12:31
RFD20241028163,2024-09-30 16:29:47
